{"last_node_id":253,"last_link_id":376,"nodes":[{"id":110,"type":"VHS_VideoCombine","pos":[3482,1139],"size":[290,310],"flags":{},"order":50,"mode":4,"inputs":[{"link":221,"name":"images","type":"IMAGE","label":"图像"},{"name":"audio","type":"VHS_AUDIO","link":null,"label":"音频"},{"name":"meta_batch","type":"VHS_BatchManager","link":null,"label":"批次管理"},{"name":"vae","type":"VAE","link":null}],"outputs":[{"name":"Filenames","type":"VHS_FILENAMES","links":null,"shape":3,"label":"文件名"}],"properties":{"Node name for S&R":"VHS_VideoCombine"},"widgets_values":{"frame_rate":30,"loop_count":0,"filename_prefix":"fix-face","format":"video/h264-mp4","pix_fmt":"yuv420p","crf":19,"save_metadata":true,"pingpong":false,"save_output":true,"videopreview":{"hidden":false,"paused":false,"params":{"filename":"fix-face_00011.mp4","subfolder":"","type":"output","format":"video/h264-mp4"}}}},{"id":123,"type":"LoadImage","pos":[2756,1514],"size":{"0":320,"1":314.0000305175781},"flags":{},"order":0,"mode":4,"outputs":[{"name":"IMAGE","type":"IMAGE","links":[196],"shape":3,"label":"图像","slot_index":0},{"name":"MASK","type":"MASK","links":null,"shape":3,"label":"遮罩"}],"properties":{"Node name for S&R":"LoadImage"},"widgets_values":["微信截图_20240323121635 (1).png","image"]},{"id":122,"type":"ReActorFaceSwap","pos":[3115,1279],"size":{"0":290,"1":358},"flags":{},"order":48,"mode":4,"inputs":[{"name":"source_image","type":"IMAGE","link":196,"label":"源图像","slot_index":0},{"name":"input_image","type":"IMAGE","link":198,"label":"目标图像","slot_index":1},{"name":"face_model","type":"FACE_MODEL","link":null,"label":"面部模型"},{"name":"face_boost","type":"FACE_BOOST","link":null}],"outputs":[{"name":"IMAGE","type":"IMAGE","links":[220],"shape":3,"label":"图像","slot_index":0},{"name":"FACE_MODEL","type":"FACE_MODEL","links":null,"shape":3,"label":"面部模型"}],"properties":{"Node name for S&R":"ReActorFaceSwap"},"widgets_values":[true,"inswapper_128.onnx","retinaface_resnet50","GFPGANv1.4.pth",1,0.75,"no","no","0","0",1]},{"id":170,"type":"ImageListToImageBatch","pos":[3159,1694],"size":{"0":210,"1":26},"flags":{},"order":49,"mode":4,"inputs":[{"name":"images","type":"IMAGE","link":220,"label":"图像"}],"outputs":[{"name":"IMAGE","type":"IMAGE","links":[221],"shape":3,"slot_index":0,"label":"图像"}],"properties":{"Node name for S&R":"ImageListToImageBatch"}},{"id":190,"type":"Mute / Bypass Repeater (rgthree)","pos":{"0":2425,"1":1782,"2":0,"3":0,"4":0,"5":0,"6":0,"7":0,"8":0,"9":0},"size":{"0":268.79998779296875,"1":26},"flags":{},"order":1,"mode":0,"inputs":[{"name":"","type":"*","link":null,"dir":3,"label":""}],"outputs":[{"name":"OPT_CONNECTION","type":"*","links":[239],"color_on":"#Fc0","color_off":"#a80","dir":4,"slot_index":0,"label":"可选连接"}],"properties":{},"color":"#222","bgcolor":"#000"},{"id":205,"type":"Mute / Bypass Repeater (rgthree)","pos":{"0":3182,"1":1785,"2":0,"3":0,"4":0,"5":0,"6":0,"7":0,"8":0,"9":0},"size":{"0":140,"1":26},"flags":{},"order":2,"mode":4,"inputs":[{"name":"","type":"*","link":null,"dir":3,"label":""}],"outputs":[{"name":"OPT_CONNECTION","type":"*","links":[253],"color_on":"#Fc0","color_off":"#a80","dir":4,"slot_index":0,"label":"可选连接"}],"properties":{},"color":"#222","bgcolor":"#000"},{"id":149,"type":"ImpactImageBatchToImageList","pos":[2800,1285],"size":{"0":210,"1":26},"flags":{},"order":46,"mode":4,"inputs":[{"name":"image","type":"IMAGE","link":197,"label":"图像"}],"outputs":[{"name":"IMAGE","type":"IMAGE","links":[198],"shape":6,"label":"图像","slot_index":0}],"properties":{"Node name for S&R":"ImpactImageBatchToImageList"}},{"id":203,"type":"Mute / Bypass Repeater (rgthree)","pos":{"0":1709,"1":1768,"2":0,"3":0,"4":0,"5":0,"6":0,"7":0,"8":0,"9":0},"size":{"0":140,"1":26},"flags":{},"order":3,"mode":0,"inputs":[{"name":"","type":"*","link":null,"dir":3,"label":""}],"outputs":[{"name":"OPT_CONNECTION","type":"*","links":[247],"color_on":"#Fc0","color_off":"#a80","dir":4,"slot_index":0,"label":"可选连接"}],"properties":{},"color":"#222","bgcolor":"#000"},{"id":129,"type":"CLIPVisionLoader","pos":[903,1275],"size":{"0":364.4164733886719,"1":63.74966812133789},"flags":{},"order":4,"mode":0,"outputs":[{"name":"CLIP_VISION","type":"CLIP_VISION","links":[224,252],"shape":3,"label":"CLIP视觉","slot_index":0}],"properties":{"Node name for S&R":"CLIPVisionLoader"},"widgets_values":["CLIP-ViT-H-14-laion2B-s32B-b79K.safetensors"]},{"id":171,"type":"IPAdapterTiled","pos":[1290,1130],"size":{"0":315,"1":302},"flags":{},"order":29,"mode":0,"inputs":[{"name":"model","type":"MODEL","link":236,"label":"模型"},{"name":"ipadapter","type":"IPADAPTER","link":223,"label":"IPAdapter"},{"name":"image","type":"IMAGE","link":225,"label":"正面图像"},{"name":"image_negative","type":"IMAGE","link":null,"label":"负面图像"},{"name":"attn_mask","type":"MASK","link":null,"label":"关注层遮罩"},{"name":"clip_vision","type":"CLIP_VISION","link":224,"label":"CLIP视觉"}],"outputs":[{"name":"MODEL","type":"MODEL","links":[248],"shape":3,"label":"模型","slot_index":0},{"name":"tiles","type":"IMAGE","links":[226,250],"shape":3,"label":"分块图像","slot_index":1},{"name":"masks","type":"MASK","links":null,"shape":3,"label":"遮罩"}],"properties":{"Node name for S&R":"IPAdapterTiled"},"widgets_values":[1,"linear","concat",0,1,0,"V only"]},{"id":196,"type":"Mute / Bypass Repeater (rgthree)","pos":{"0":1180,"1":1780,"2":0,"3":0,"4":0,"5":0,"6":0,"7":0,"8":0,"9":0},"size":{"0":140,"1":26},"flags":{},"order":5,"mode":0,"inputs":[{"name":"","type":"*","link":null,"dir":3,"label":""}],"outputs":[{"name":"OPT_CONNECTION","type":"*","links":[242],"color_on":"#Fc0","color_off":"#a80","dir":4,"slot_index":0,"label":"可选连接"}],"properties":{},"color":"#222","bgcolor":"#000"},{"id":127,"type":"IPAdapterModelLoader","pos":[900,1146],"size":{"0":365.5919189453125,"1":79.62679290771484},"flags":{},"order":6,"mode":0,"outputs":[{"name":"IPADAPTER","type":"IPADAPTER","links":[223,251],"shape":3,"label":"IPAdapter","slot_index":0}],"properties":{"Node name for S&R":"IPAdapterModelLoader"},"widgets_values":["models/ip-adapter-plus_sd15.safetensors"]},{"id":126,"type":"LoadImage","pos":[915,1382],"size":{"0":217.18824768066406,"1":429.995361328125},"flags":{},"order":7,"mode":0,"outputs":[{"name":"IMAGE","type":"IMAGE","links":[225],"shape":3,"label":"图像","slot_index":0},{"name":"MASK","type":"MASK","links":null,"shape":3,"label":"遮罩"}],"properties":{"Node name for S&R":"LoadImage"},"widgets_values":["341709994876_.pic.jpg","image"]},{"id":202,"type":"PreviewImage","pos":[1650,1470],"size":{"0":334.8689880371094,"1":248.38140869140625},"flags":{},"order":37,"mode":0,"inputs":[{"name":"images","type":"IMAGE","link":246,"label":"图像"}],"properties":{"Node name for S&R":"PreviewImage"}},{"id":175,"type":"PreviewImage","pos":[1180,1460],"size":{"0":366.1007080078125,"1":280.38128662109375},"flags":{},"order":32,"mode":0,"inputs":[{"name":"images","type":"IMAGE","link":226,"label":"图像"}],"properties":{"Node name for S&R":"PreviewImage"}},{"id":221,"type":"Display Int (rgthree)","pos":[2770,2080],"size":{"0":315,"1":76.00009155273438},"flags":{},"order":28,"mode":0,"inputs":[{"name":"input","type":"INT","link":286,"widget":{"name":"input"},"label":"输入","dir":3}],"properties":{"Node name for S&R":"Display Int (rgthree)"},"widgets_values":[0,"90"]},{"id":218,"type":"ImageResize+","pos":[2350,2050],"size":{"0":315,"1":218},"flags":{},"order":27,"mode":0,"inputs":[{"name":"image","type":"IMAGE","link":275,"label":"图像"}],"outputs":[{"name":"IMAGE","type":"IMAGE","links":[276,282],"shape":3,"label":"图像","slot_index":0},{"name":"width","type":"INT","links":[],"shape":3,"label":"宽度","slot_index":1},{"name":"height","type":"INT","links":[],"shape":3,"label":"高度","slot_index":2}],"properties":{"Node name for S&R":"ImageResize+"},"widgets_values":[512,912,"nearest",false,"always",0]},{"id":217,"type":"ImageResize+","pos":[1980,2060],"size":{"0":315,"1":218},"flags":{},"order":26,"mode":0,"inputs":[{"name":"image","type":"IMAGE","link":273,"label":"图像"}],"outputs":[{"name":"IMAGE","type":"IMAGE","links":[274],"shape":3,"label":"图像","slot_index":0},{"name":"width","type":"INT","links":null,"shape":3,"label":"宽度"},{"name":"height","type":"INT","links":null,"shape":3,"label":"高度"}],"properties":{"Node name for S&R":"ImageResize+"},"widgets_values":[512,912,"nearest",false,"always",0]},{"id":194,"type":"Mute / Bypass Repeater (rgthree)","pos":{"0":2091.9208984375,"1":1784.511962890625,"2":0,"3":0,"4":0,"5":0,"6":0,"7":0,"8":0,"9":0},"size":{"0":270,"1":30},"flags":{},"order":8,"mode":0,"inputs":[{"name":"","type":"*","link":null,"dir":3,"label":""}],"outputs":[{"name":"OPT_CONNECTION","type":"*","links":[241],"color_on":"#Fc0","color_off":"#a80","dir":4,"slot_index":0,"label":"可选连接"}],"properties":{},"color":"#222","bgcolor":"#000"},{"id":119,"type":"VHS_LoadImages","pos":[2020,1590],"size":[320,150],"flags":{},"order":23,"mode":0,"inputs":[{"name":"image_load_cap","type":"INT","link":166,"widget":{"name":"image_load_cap"},"label":"图像读取上限","slot_index":0},{"name":"skip_first_images","type":"INT","link":255,"widget":{"name":"skip_first_images"},"label":"跳过前X张"}],"outputs":[{"name":"IMAGE","type":"IMAGE","links":[273],"shape":3,"label":"图像","slot_index":0},{"name":"MASK","type":"MASK","links":null,"shape":3,"label":"遮罩"},{"name":"INT","type":"INT","links":[],"shape":3,"label":"整数"}],"properties":{"Node name for S&R":"VHS_LoadImages"},"widgets_values":{"directory":"pose","image_load_cap":30,"skip_first_images":0,"select_every_nth":1,"choose folder to upload":1,"videopreview":{"hidden":false,"paused":false,"params":{"frame_load_cap":30,"skip_first_images":0,"filename":"pose","type":"input","format":"folder","select_every_nth":1}}}},{"id":197,"type":"Fast Bypasser (rgthree)","pos":{"0":1160,"1":1890,"2":0,"3":0,"4":0,"5":0,"6":0,"7":0,"8":0,"9":0},"size":{"0":210,"1":80},"flags":{},"order":21,"mode":0,"inputs":[{"name":"禁用/忽略节点 (中继)","type":"*","link":242,"dir":3,"label":"开关"},{"name":"","type":"*","link":null,"dir":3,"label":""}],"outputs":[{"name":"OPT_CONNECTION","type":"*","links":null,"dir":4,"slot_index":0,"label":"可选连接"}],"properties":{"toggleRestriction":"default"},"color":"#332922","bgcolor":"#593930"},{"id":204,"type":"Fast Bypasser (rgthree)","pos":{"0":1685,"1":1888,"2":0,"3":0,"4":0,"5":0,"6":0,"7":0,"8":0,"9":0},"size":{"0":210,"1":80},"flags":{},"order":20,"mode":0,"inputs":[{"name":"禁用/忽略节点 (中继)","type":"*","link":247,"dir":3,"label":"开关"},{"name":"","type":"*","link":null,"dir":3,"label":""}],"outputs":[{"name":"OPT_CONNECTION","type":"*","links":null,"dir":4,"slot_index":0,"label":"可选连接"}],"properties":{"toggleRestriction":"default"},"color":"#332922","bgcolor":"#593930"},{"id":138,"type":"VHS_LoadImages","pos":[2370,1590],"size":[320,150],"flags":{},"order":24,"mode":0,"inputs":[{"name":"image_load_cap","type":"INT","link":174,"widget":{"name":"image_load_cap"},"label":"图像读取上限","slot_index":0},{"name":"skip_first_images","type":"INT","link":257,"widget":{"name":"skip_first_images"},"label":"跳过前X张"}],"outputs":[{"name":"IMAGE","type":"IMAGE","links":[275],"shape":3,"label":"图像","slot_index":0},{"name":"MASK","type":"MASK","links":null,"shape":3,"label":"遮罩"},{"name":"INT","type":"INT","links":[280,286],"shape":3,"label":"整数","slot_index":2}],"properties":{"Node name for S&R":"VHS_LoadImages"},"widgets_values":{"directory":"edge","image_load_cap":30,"skip_first_images":0,"select_every_nth":1,"choose folder to upload":1,"videopreview":{"hidden":false,"paused":false,"params":{"frame_load_cap":30,"skip_first_images":0,"filename":"edge","type":"input","format":"folder","select_every_nth":1}}}},{"id":195,"type":"Fast Bypasser (rgthree)","pos":{"0":2050,"1":1910,"2":0,"3":0,"4":0,"5":0,"6":0,"7":0,"8":0,"9":0},"size":{"0":210,"1":80},"flags":{},"order":22,"mode":0,"inputs":[{"name":"禁用/忽略节点 (中继)","type":"*","link":241,"dir":3,"label":"开关"},{"name":"","type":"*","link":null,"dir":3,"label":""}],"outputs":[{"name":"OPT_CONNECTION","type":"*","links":null,"dir":4,"slot_index":0,"label":"可选连接"}],"properties":{"toggleRestriction":"default"},"color":"#332922","bgcolor":"#593930"},{"id":191,"type":"Fast Bypasser (rgthree)","pos":{"0":2410,"1":1920,"2":0,"3":0,"4":0,"5":0,"6":0,"7":0,"8":0,"9":0},"size":{"0":210,"1":80},"flags":{},"order":18,"mode":0,"inputs":[{"name":"禁用/忽略节点 (中继)","type":"*","link":239,"dir":3,"label":"开关"},{"name":"","type":"*","link":null,"dir":3,"label":""}],"outputs":[{"name":"OPT_CONNECTION","type":"*","links":null,"dir":4,"slot_index":0,"label":"可选连接"}],"properties":{"toggleRestriction":"default"},"color":"#332922","bgcolor":"#593930"},{"id":220,"type":"Get resolution [Crystools]","pos":[2770,1910],"size":{"0":210,"1":100},"flags":{},"order":31,"mode":0,"inputs":[{"name":"image","type":"IMAGE","link":282,"label":"图像"}],"outputs":[{"name":"width","type":"INT","links":[319],"shape":3,"label":"宽度","slot_index":0},{"name":"height","type":"INT","links":[292],"shape":3,"label":"高度","slot_index":1}],"properties":{"Node name for S&R":"Get resolution [Crystools]"}},{"id":206,"type":"Fast Bypasser (rgthree)","pos":{"0":3170,"1":1900,"2":0,"3":0,"4":0,"5":0,"6":0,"7":0,"8":0,"9":0},"size":{"0":210,"1":80},"flags":{},"order":19,"mode":0,"inputs":[{"name":"禁用/忽略节点 (中继)","type":"*","link":253,"dir":3,"label":"开关"},{"name":"","type":"*","link":null,"dir":3,"label":""}],"outputs":[{"name":"OPT_CONNECTION","type":"*","links":null,"dir":4,"slot_index":0,"label":"可选连接"}],"properties":{"toggleRestriction":"default"},"color":"#332922","bgcolor":"#593930"},{"id":121,"type":"ControlNetLoaderAdvanced","pos":[2010,1460],"size":{"0":330,"1":80},"flags":{},"order":9,"mode":0,"inputs":[{"name":"timestep_keyframe","type":"TIMESTEP_KEYFRAME","link":null,"label":"帧间隔","slot_index":0}],"outputs":[{"name":"CONTROL_NET","type":"CONTROL_NET","links":[145],"shape":3,"label":"ControlNet","slot_index":0}],"properties":{"Node name for S&R":"ControlNetLoaderAdvanced"},"widgets_values":["sd1.5/control_v11p_sd15_openpose.safetensors"]},{"id":120,"type":"ControlNetApplyAdvanced","pos":[2010,1240],"size":{"0":315,"1":166},"flags":{},"order":38,"mode":0,"inputs":[{"name":"positive","type":"CONDITIONING","link":143,"label":"正面条件","slot_index":0},{"name":"negative","type":"CONDITIONING","link":144,"label":"负面条件"},{"name":"control_net","type":"CONTROL_NET","link":145,"label":"ControlNet","slot_index":2},{"name":"image","type":"IMAGE","link":274,"label":"图像"}],"outputs":[{"name":"positive","type":"CONDITIONING","links":[170],"shape":3,"label":"正面条件","slot_index":0},{"name":"negative","type":"CONDITIONING","links":[171],"shape":3,"label":"负面条件","slot_index":1}],"properties":{"Node name for S&R":"ControlNetApplyAdvanced"},"widgets_values":[0.8,0,1]},{"id":137,"type":"ControlNetLoaderAdvanced","pos":[2370,1450],"size":{"0":330,"1":80},"flags":{},"order":10,"mode":0,"inputs":[{"name":"timestep_keyframe","type":"TIMESTEP_KEYFRAME","link":null,"label":"帧间隔"}],"outputs":[{"name":"CONTROL_NET","type":"CONTROL_NET","links":[169],"shape":3,"label":"ControlNet","slot_index":0}],"properties":{"Node name for S&R":"ControlNetLoaderAdvanced"},"widgets_values":["sd1.5/control_v11p_sd15_lineart.safetensors"]},{"id":134,"type":"Int Literal","pos":[2360,1100],"size":{"0":315,"1":58},"flags":{},"order":11,"mode":0,"outputs":[{"name":"INT","type":"FLOAT,INT,NUMBER,STRING","links":[255,257],"shape":3,"label":"INT","slot_index":0}],"title":"跳过第一张图","properties":{"Node name for S&R":"Int Literal"},"widgets_values":[0]},{"id":109,"type":"VAEDecode","pos":[3040,880],"size":{"0":210,"1":46},"flags":{},"order":44,"mode":0,"inputs":[{"link":375,"name":"samples","type":"LATENT","label":"Latent"},{"link":183,"name":"vae","slot_index":1,"type":"VAE","label":"VAE"}],"outputs":[{"links":[178,197,336],"name":"IMAGE","shape":3,"slot_index":0,"type":"IMAGE","label":"图像"}],"properties":{"Node name for S&R":"VAEDecode"}},{"id":118,"type":"CLIPTextEncode","pos":[1330,840],"size":{"0":400,"1":200},"flags":{},"order":35,"mode":0,"inputs":[{"name":"clip","type":"CLIP","link":363,"label":"CLIP","slot_index":0}],"outputs":[{"name":"CONDITIONING","type":"CONDITIONING","links":[144],"shape":3,"label":"条件","slot_index":0}],"properties":{"Node name for S&R":"CLIPTextEncode"},"widgets_values":["(worst quality, low quality, ugly:1.4), poorly drawn hands, poorly drawn feet, poorly drawn face, out of frame, mutation, mutated, extra limbs, extra legs, extra arms, disfigured, deformed, cross-eye, blurry, (bad art, bad anatomy:1.4), blurred, text, watermark"],"color":"#322","bgcolor":"#533"},{"id":201,"type":"IPAdapterTiled","pos":[1640,1130],"size":{"0":315,"1":302},"flags":{},"order":33,"mode":0,"inputs":[{"name":"model","type":"MODEL","link":248,"label":"模型"},{"name":"ipadapter","type":"IPADAPTER","link":251,"label":"IPAdapter"},{"name":"image","type":"IMAGE","link":250,"label":"正面图像"},{"name":"image_negative","type":"IMAGE","link":null,"label":"负面图像"},{"name":"attn_mask","type":"MASK","link":null,"label":"关注层遮罩"},{"name":"clip_vision","type":"CLIP_VISION","link":252,"label":"CLIP视觉"}],"outputs":[{"name":"MODEL","type":"MODEL","links":[249],"shape":3,"label":"模型","slot_index":0},{"name":"tiles","type":"IMAGE","links":[246],"shape":3,"label":"分块图像","slot_index":1},{"name":"masks","type":"MASK","links":null,"shape":3,"label":"遮罩"}],"properties":{"Node name for S&R":"IPAdapterTiled"},"widgets_values":[1,"linear","concat",0,1,0,"V only"]},{"id":124,"type":"VHS_VideoCombine","pos":[3370,170],"size":[340,890],"flags":{},"order":47,"mode":0,"inputs":[{"link":336,"name":"images","type":"IMAGE","label":"图像"},{"name":"audio","type":"VHS_AUDIO","link":null,"label":"音频"},{"name":"meta_batch","type":"VHS_BatchManager","link":null,"label":"批次管理"},{"name":"vae","type":"VAE","link":null}],"outputs":[{"name":"Filenames","type":"VHS_FILENAMES","links":null,"shape":3,"label":"文件名"}],"properties":{"Node name for S&R":"VHS_VideoCombine"},"widgets_values":{"frame_rate":30,"loop_count":0,"filename_prefix":"0710-woman-dance-style","format":"video/h264-mp4","pix_fmt":"yuv420p","crf":19,"save_metadata":false,"pingpong":false,"save_output":true,"videopreview":{"hidden":false,"paused":false,"params":{"filename":"0710-woman-dance-style_00031.mp4","subfolder":"","type":"output","format":"video/h264-mp4","frame_rate":30}}}},{"id":184,"type":"CR Apply LoRA Stack","pos":[970,710],"size":{"0":254.40000915527344,"1":66},"flags":{},"order":25,"mode":0,"inputs":[{"name":"model","type":"MODEL","link":232,"label":"模型"},{"name":"clip","type":"CLIP","link":233,"label":"CLIP"},{"name":"lora_stack","type":"LORA_STACK","link":231,"label":"LoRA堆"}],"outputs":[{"name":"MODEL","type":"MODEL","links":[236],"shape":3,"label":"模型","slot_index":0},{"name":"CLIP","type":"CLIP","links":[361],"shape":3,"label":"CLIP","slot_index":1},{"name":"show_help","type":"STRING","links":[],"shape":3,"slot_index":2}],"properties":{"Node name for S&R":"CR Apply LoRA Stack"}},{"id":248,"type":"CLIPSetLastLayer","pos":[1390,720],"size":{"0":315,"1":58},"flags":{},"order":30,"mode":0,"inputs":[{"name":"clip","type":"CLIP","link":361,"label":"CLIP"}],"outputs":[{"name":"CLIP","type":"CLIP","links":[362,363],"shape":3,"label":"CLIP","slot_index":0}],"properties":{"Node name for S&R":"CLIPSetLastLayer"},"widgets_values":[-2]},{"id":182,"type":"easy loraStack","pos":[1340,480],"size":{"0":380,"1":180},"flags":{},"order":12,"mode":0,"inputs":[{"name":"optional_lora_stack","type":"LORA_STACK","link":null,"label":"LoRA堆（可选）","slot_index":0}],"outputs":[{"name":"lora_stack","type":"LORA_STACK","links":[231],"shape":3,"label":"LoRA堆","slot_index":0}],"properties":{"Node name for S&R":"easy loraStack"},"widgets_values":[true,"advanced",1,"animate/AnimateLCM_sd15_i2v_lora.safetensors",1,1,1,"None",1,1,1,"SDv1-5\\neg4all_bdsqlsz_V3.5.safetensors",1,1,1,"AI摄影\\生物发光.safetensors",1,1,1,"None",1,1,1,"None",1,1,1,"None",1,1,1,"None",1,1,1,"None",1,1,1,"None",1,1,1]},{"id":250,"type":"SamplerLCMCycle","pos":[2570,490],"size":{"0":315,"1":130},"flags":{},"order":13,"mode":0,"outputs":[{"links":[364],"name":"SAMPLER","shape":3,"type":"SAMPLER","label":"SAMPLER"}],"properties":{"Node name for S&R":"SamplerLCMCycle"},"widgets_values":[2,2,false,0]},{"id":104,"type":"ADE_LoadAnimateDiffModel","pos":[1820,520],"size":{"0":322.80255126953125,"1":63.258026123046875},"flags":{},"order":14,"mode":0,"inputs":[{"link":null,"name":"ad_settings","type":"AD_SETTINGS","label":"AD设置"}],"outputs":[{"links":[368],"name":"MOTION_MODEL","shape":3,"slot_index":0,"type":"MOTION_MODEL_ADE","label":"动态模型"}],"properties":{"Node name for S&R":"ADE_LoadAnimateDiffModel"},"widgets_values":["AnimateLCM_sd15_i2v.ckpt"]},{"id":108,"type":"ADE_StandardUniformContextOptions","pos":[2180,690],"size":{"0":327.6000061035156,"1":222},"flags":{},"order":15,"mode":0,"inputs":[{"link":null,"name":"prev_context","type":"CONTEXT_OPTIONS","label":"前上下文"},{"link":null,"name":"view_opts","type":"VIEW_OPTS","label":"视图设置"}],"outputs":[{"links":[127],"name":"CONTEXT_OPTS","shape":3,"type":"CONTEXT_OPTIONS","label":"上下文设置"}],"properties":{"Node name for S&R":"ADE_StandardUniformContextOptions"},"widgets_values":[16,1,8,"pyramid",false,0,1]},{"id":253,"type":"ADE_ApplyAnimateLCMI2VModel","pos":[1820,660],"size":{"0":315,"1":250},"flags":{},"order":39,"mode":0,"inputs":[{"name":"motion_model","type":"MOTION_MODEL_ADE","link":368,"label":"动态模型"},{"name":"ref_latent","type":"LATENT","link":370,"label":"参考Latent"},{"name":"motion_lora","type":"MOTION_LORA","link":null,"label":"动态LoRA"},{"name":"scale_multival","type":"MULTIVAL","link":null,"label":"缩放多值"},{"name":"effect_multival","type":"MULTIVAL","link":null,"label":"效果多值"},{"name":"ad_keyframes","type":"AD_KEYFRAMES","link":null,"label":"AD关键帧"},{"name":"prev_m_models","type":"M_MODELS","link":null,"label":"前动态模型组"}],"outputs":[{"name":"M_MODELS","type":"M_MODELS","links":[369],"shape":3,"label":"动态模型组","slot_index":0}],"properties":{"Node name for S&R":"ADE_ApplyAnimateLCMI2VModel"},"widgets_values":[0,false,0,1]},{"id":135,"type":"EmptyLatentImage","pos":[2600,860],"size":{"0":320,"1":110},"flags":{},"order":36,"mode":0,"inputs":[{"name":"batch_size","type":"INT","link":280,"widget":{"name":"batch_size"},"label":"批次大小"},{"name":"width","type":"INT","link":319,"widget":{"name":"width"},"label":"宽度"},{"name":"height","type":"INT","link":292,"widget":{"name":"height"},"label":"高度"}],"outputs":[{"name":"LATENT","type":"LATENT","links":[370,371],"shape":3,"label":"Latent","slot_index":0}],"properties":{"Node name for S&R":"EmptyLatentImage"},"widgets_values":[512,768,30]},{"id":136,"type":"ControlNetApplyAdvanced","pos":[2370,1240],"size":{"0":315,"1":166},"flags":{},"order":40,"mode":0,"inputs":[{"name":"positive","type":"CONDITIONING","link":170,"label":"正面条件","slot_index":0},{"name":"negative","type":"CONDITIONING","link":171,"label":"负面条件"},{"name":"control_net","type":"CONTROL_NET","link":169,"label":"ControlNet","slot_index":2},{"name":"image","type":"IMAGE","link":276,"label":"图像"}],"outputs":[{"name":"positive","type":"CONDITIONING","links":[373],"shape":3,"label":"正面条件","slot_index":0},{"name":"negative","type":"CONDITIONING","links":[374],"shape":3,"label":"负面条件","slot_index":1}],"properties":{"Node name for S&R":"ControlNetApplyAdvanced"},"widgets_values":[0.55,0,1]},{"id":133,"type":"Int Literal","pos":[2000,1100],"size":{"0":315,"1":58},"flags":{},"order":16,"mode":0,"outputs":[{"name":"INT","type":"FLOAT,INT,NUMBER,STRING","links":[166,174],"shape":3,"label":"INT","slot_index":0}],"title":"图像读取上限","properties":{"Node name for S&R":"Int Literal"},"widgets_values":[90]},{"id":107,"type":"CheckpointLoaderSimple","pos":[914,562],"size":{"0":395.4880065917969,"1":98},"flags":{},"order":17,"mode":0,"outputs":[{"links":[232],"name":"MODEL","shape":3,"slot_index":0,"type":"MODEL","label":"模型"},{"links":[233],"name":"CLIP","shape":3,"slot_index":1,"type":"CLIP","label":"CLIP"},{"links":[183],"name":"VAE","shape":3,"type":"VAE","label":"VAE","slot_index":2}],"properties":{"Node name for S&R":"CheckpointLoaderSimple"},"widgets_values":["sd1.5/AingDiffusion_v2.0.safetensors"]},{"id":117,"type":"CLIPTextEncode","pos":[900,830],"size":{"0":400,"1":200},"flags":{},"order":34,"mode":0,"inputs":[{"name":"clip","type":"CLIP","link":362,"label":"CLIP","slot_index":0}],"outputs":[{"name":"CONDITIONING","type":"CONDITIONING","links":[143],"shape":3,"label":"条件","slot_index":0}],"properties":{"Node name for S&R":"CLIPTextEncode"},"widgets_values":["1 girl,red hair,4k,solo,(best quality:1.3)"],"color":"#232","bgcolor":"#353"},{"id":139,"type":"PreviewImage","pos":[3790,460],"size":{"0":358.5457458496094,"1":552.5291748046875},"flags":{},"order":45,"mode":0,"inputs":[{"name":"images","type":"IMAGE","link":178,"label":"图像"}],"properties":{"Node name for S&R":"PreviewImage"}},{"id":249,"type":"SamplerCustom","pos":[2930,500],"size":[350,300],"flags":{},"order":43,"mode":0,"inputs":[{"link":372,"name":"model","type":"MODEL","label":"模型"},{"link":373,"name":"positive","slot_index":1,"type":"CONDITIONING","label":"正面条件"},{"link":374,"name":"negative","slot_index":2,"type":"CONDITIONING","label":"负面条件"},{"link":364,"name":"sampler","slot_index":3,"type":"SAMPLER","label":"采样器"},{"link":365,"name":"sigmas","slot_index":4,"type":"SIGMAS","label":"Sigmas"},{"link":371,"name":"latent_image","slot_index":5,"type":"LATENT","label":"Latent"}],"outputs":[{"links":[],"name":"output","shape":3,"slot_index":0,"type":"LATENT","label":"输出"},{"links":[375],"name":"denoised_output","shape":3,"slot_index":1,"type":"LATENT","label":"降噪输出"}],"properties":{"Node name for S&R":"SamplerCustom"},"widgets_values":[true,71745315419175,"randomize",1.8]},{"id":251,"type":"LCMScheduler","pos":[2570,690],"size":{"0":315,"1":82},"flags":{},"order":42,"mode":0,"inputs":[{"link":376,"name":"model","slot_index":0,"type":"MODEL","label":"model"}],"outputs":[{"links":[365],"name":"SIGMAS","shape":3,"type":"SIGMAS","label":"SIGMAS"}],"properties":{"Node name for S&R":"LCMScheduler"},"widgets_values":[16,1]},{"id":106,"type":"ADE_UseEvolvedSampling","pos":[2190,510],"size":{"0":315,"1":118},"flags":{},"order":41,"mode":0,"inputs":[{"link":249,"name":"model","slot_index":0,"type":"MODEL","label":"模型"},{"link":369,"name":"m_models","slot_index":1,"type":"M_MODELS","label":"动态模型组"},{"link":127,"name":"context_options","slot_index":2,"type":"CONTEXT_OPTIONS","label":"上下文设置"},{"link":null,"name":"sample_settings","type":"SAMPLE_SETTINGS","label":"采样设置","slot_index":3}],"outputs":[{"links":[372,376],"name":"MODEL","shape":3,"slot_index":0,"type":"MODEL","label":"模型"}],"properties":{"Node name for S&R":"ADE_UseEvolvedSampling"},"widgets_values":["autoselect"]}],"links":[[127,108,0,106,2,"CONTEXT_OPTIONS"],[143,117,0,120,0,"CONDITIONING"],[144,118,0,120,1,"CONDITIONING"],[145,121,0,120,2,"CONTROL_NET"],[166,133,0,119,0,"INT"],[169,137,0,136,2,"CONTROL_NET"],[170,120,0,136,0,"CONDITIONING"],[171,120,1,136,1,"CONDITIONING"],[174,133,0,138,0,"INT"],[178,109,0,139,0,"IMAGE"],[183,107,2,109,1,"VAE"],[196,123,0,122,0,"IMAGE"],[197,109,0,149,0,"IMAGE"],[198,149,0,122,1,"IMAGE"],[220,122,0,170,0,"IMAGE"],[221,170,0,110,0,"IMAGE"],[223,127,0,171,1,"IPADAPTER"],[224,129,0,171,5,"CLIP_VISION"],[225,126,0,171,2,"IMAGE"],[226,171,1,175,0,"IMAGE"],[231,182,0,184,2,"LORA_STACK"],[232,107,0,184,0,"MODEL"],[233,107,1,184,1,"CLIP"],[236,184,0,171,0,"MODEL"],[239,190,0,191,0,"*"],[241,194,0,195,0,"*"],[242,196,0,197,0,"*"],[246,201,1,202,0,"IMAGE"],[247,203,0,204,0,"*"],[248,171,0,201,0,"MODEL"],[249,201,0,106,0,"MODEL"],[250,171,1,201,2,"IMAGE"],[251,127,0,201,1,"IPADAPTER"],[252,129,0,201,5,"CLIP_VISION"],[253,205,0,206,0,"*"],[255,134,0,119,1,"INT"],[257,134,0,138,1,"INT"],[273,119,0,217,0,"IMAGE"],[274,217,0,120,3,"IMAGE"],[275,138,0,218,0,"IMAGE"],[276,218,0,136,3,"IMAGE"],[280,138,2,135,0,"INT"],[282,218,0,220,0,"IMAGE"],[286,138,2,221,0,"INT"],[292,220,1,135,2,"INT"],[319,220,0,135,1,"INT"],[336,109,0,124,0,"IMAGE"],[361,184,1,248,0,"CLIP"],[362,248,0,117,0,"CLIP"],[363,248,0,118,0,"CLIP"],[364,250,0,249,3,"SAMPLER"],[365,251,0,249,4,"SIGMAS"],[368,104,0,253,0,"MOTION_MODEL_ADE"],[369,253,0,106,1,"M_MODELS"],[370,135,0,253,1,"LATENT"],[371,135,0,249,5,"LATENT"],[372,106,0,249,0,"MODEL"],[373,136,0,249,1,"CONDITIONING"],[374,136,1,249,2,"CONDITIONING"],[375,249,1,109,0,"LATENT"],[376,106,0,251,0,"MODEL"]],"groups":[{"title":"Controlnet 线稿","bounding":[2354,1163,349,676],"color":"#3f789e","font_size":24,"locked":false},{"title":"Controlnet Openpose","bounding":[1999,1166,347,674],"color":"#3f789e","font_size":24,"locked":false},{"title":"IP-Adapter采样","bounding":[889,1061,725,784],"color":"#3f789e","font_size":24,"locked":false},{"title":"IP-Adapter双重采样","bounding":[1620,1060,362,784],"color":"#3f789e","font_size":24,"locked":false},{"title":"模型加载","bounding":[887,429,898,622],"color":"#3f789e","font_size":24,"locked":false},{"title":"AnimateDiff","bounding":[1795,430,736,620],"color":"#3f789e","font_size":24,"locked":false},{"title":"采样","bounding":[2543,431,772,613],"color":"#3f789e","font_size":24,"locked":false},{"title":"ReActor换脸","bounding":[2712,1054,1083,802],"color":"#3f789e","font_size":24,"locked":false}],"config":{},"extra":{"workspace_info":{"id":"pouwZKMxNidJYvIfmSINl","saveLock":false,"cloudID":null,"coverMediaPath":null},"ds":{"scale":0.6588450000000003,"offset":{"0":-2145.331012422381,"1":-260.12638472959884}}},"version":0.4}