{"last_node_id":103,"last_link_id":142,"nodes":[{"id":82,"type":"PreviewImage","pos":[2130,850],"size":{"0":210,"1":250},"flags":{},"order":13,"mode":4,"inputs":[{"name":"images","type":"IMAGE","link":106,"label":"图像"}],"properties":{"Node name for S&R":"PreviewImage"}},{"id":100,"type":"Display Any (rgthree)","pos":[2930,520],"size":{"0":210,"1":76.00000762939453},"flags":{},"order":16,"mode":0,"inputs":[{"name":"source","type":"*","link":140,"label":"输入","dir":3}],"properties":{"Node name for S&R":"Display Any (rgthree)"},"widgets_values":[""]},{"id":67,"type":"PreviewImage","pos":[1010,130],"size":{"0":210,"1":246},"flags":{},"order":7,"mode":4,"inputs":[{"name":"images","type":"IMAGE","link":83,"label":"图像"}],"properties":{"Node name for S&R":"PreviewImage"}},{"id":87,"type":"ImageListToImageBatch","pos":[2390,520],"size":{"0":210,"1":26},"flags":{},"order":14,"mode":0,"inputs":[{"name":"images","type":"IMAGE","link":122,"label":"图像"}],"outputs":[{"name":"IMAGE","type":"IMAGE","links":[124],"shape":3,"slot_index":0,"label":"图像"}],"properties":{"Node name for S&R":"ImageListToImageBatch"}},{"id":81,"type":"Image Overlay","pos":[1980,510],"size":{"0":320,"1":290},"flags":{},"order":12,"mode":0,"inputs":[{"name":"base_image","type":"IMAGE","link":120,"label":"基础图像"},{"name":"overlay_image","type":"IMAGE","link":121,"label":"覆盖图像"},{"name":"optional_mask","type":"MASK","link":108,"label":"遮罩(可选)"},{"name":"width","type":"INT","link":136,"widget":{"name":"width"},"label":"宽度"},{"name":"height","type":"INT","link":137,"widget":{"name":"height"},"label":"高度"}],"outputs":[{"name":"IMAGE","type":"IMAGE","links":[106,122],"shape":3,"slot_index":0,"label":"图像"}],"properties":{"Node name for S&R":"Image Overlay"},"widgets_values":["None","nearest-exact",1,512,512,0,0,0,43],"color":"#332222","bgcolor":"#553355","shape":1},{"id":89,"type":"VHS_VideoCombine","pos":[2630,520],"size":[240,290],"flags":{},"order":15,"mode":0,"inputs":[{"name":"images","type":"IMAGE","link":124,"label":"图像"},{"name":"audio","type":"VHS_AUDIO","link":129,"slot_index":1,"label":"音频"},{"name":"meta_batch","type":"VHS_BatchManager","link":null,"label":"批次管理"},{"name":"frame_rate","type":"FLOAT","link":141,"widget":{"name":"frame_rate"},"label":"帧率"}],"outputs":[{"name":"Filenames","type":"VHS_FILENAMES","links":[140],"shape":3,"slot_index":0,"label":"文件名"}],"properties":{"Node name for S&R":"VHS_VideoCombine"},"widgets_values":{"frame_rate":30,"loop_count":0,"filename_prefix":"0710-dancehat","format":"video/h264-mp4","pix_fmt":"yuv420p","crf":19,"save_metadata":true,"pingpong":false,"save_output":true,"videopreview":{"hidden":false,"paused":false,"params":{"filename":"AnimateDiff_00004-audio.mp4","subfolder":"","type":"output","format":"video/h264-mp4"}}}},{"id":62,"type":"PreviewImage","pos":[1340,940],"size":{"0":210,"1":246},"flags":{},"order":10,"mode":4,"inputs":[{"name":"images","type":"IMAGE","link":73,"label":"图像"}],"properties":{"Node name for S&R":"PreviewImage"}},{"id":95,"type":"Reroute","pos":[1640,1130],"size":[75,26],"flags":{},"order":6,"mode":0,"inputs":[{"name":"","type":"*","link":134,"widget":{"name":"value"}}],"outputs":[{"name":"","type":"FLOAT","links":[141],"slot_index":0}],"properties":{"showOutputText":false,"horizontal":false}},{"id":91,"type":"Reroute","pos":[1640,1170],"size":[75,26],"flags":{},"order":2,"mode":0,"inputs":[{"name":"","type":"*","link":128,"slot_index":0}],"outputs":[{"name":"","type":"VHS_AUDIO","links":[129],"slot_index":0}],"properties":{"showOutputText":false,"horizontal":false}},{"id":94,"type":"VHS_VideoInfo","pos":[600,750],"size":{"0":262,"1":210},"flags":{},"order":3,"mode":0,"inputs":[{"name":"video_info","type":"VHS_VIDEOINFO","link":132,"label":"视频信息"}],"outputs":[{"name":"source_fps🟨","type":"FLOAT","links":[134],"shape":3,"slot_index":0,"label":"初始FPS🟨"},{"name":"source_frame_count🟨","type":"INT","links":null,"shape":3,"label":"初始帧数🟨"},{"name":"source_duration🟨","type":"FLOAT","links":null,"shape":3,"label":"初始时长🟨"},{"name":"source_width🟨","type":"INT","links":[136],"shape":3,"slot_index":3,"label":"初始宽度🟨"},{"name":"source_height🟨","type":"INT","links":[137],"shape":3,"slot_index":4,"label":"初始高度🟨"},{"name":"loaded_fps🟦","type":"FLOAT","links":null,"shape":3,"label":"选中FPS🟦"},{"name":"loaded_frame_count🟦","type":"INT","links":null,"shape":3,"label":"选中帧数🟦"},{"name":"loaded_duration🟦","type":"FLOAT","links":null,"shape":3,"label":"选中时长🟦"},{"name":"loaded_width🟦","type":"INT","links":null,"shape":3,"label":"选中宽度🟦"},{"name":"loaded_height🟦","type":"INT","links":null,"shape":3,"label":"选中高度🟦"}],"properties":{"Node name for S&R":"VHS_VideoInfo"},"widgets_values":{}},{"id":44,"type":"DWPreprocessor","pos":[920,620],"size":{"0":315,"1":198},"flags":{},"order":5,"mode":0,"inputs":[{"name":"image","type":"IMAGE","link":119,"label":"图像"}],"outputs":[{"name":"IMAGE","type":"IMAGE","links":[57,72,120],"shape":3,"slot_index":0,"label":"图像"},{"name":"POSE_KEYPOINT","type":"POSE_KEYPOINT","links":null,"shape":3,"label":"姿态关键点"}],"properties":{"Node name for S&R":"DWPreprocessor"},"widgets_values":["enable","enable","enable",1024,"yolox_l.onnx","dw-ll_ucoco_384.onnx"]},{"id":66,"type":"PiDiNetPreprocessor","pos":[920,480],"size":{"0":315,"1":82},"flags":{},"order":4,"mode":0,"inputs":[{"name":"image","type":"IMAGE","link":118,"label":"图像"}],"outputs":[{"name":"IMAGE","type":"IMAGE","links":[83,121],"shape":3,"slot_index":0,"label":"图像"}],"properties":{"Node name for S&R":"PiDiNetPreprocessor"},"widgets_values":["enable",1024]},{"id":59,"type":"Image Remove Background (Alpha)","pos":[1280,710],"size":{"0":315,"1":106},"flags":{},"order":9,"mode":0,"inputs":[{"name":"images","type":"IMAGE","link":72,"label":"图像"}],"outputs":[{"name":"images","type":"IMAGE","links":[73,79],"shape":3,"slot_index":0,"label":"图像"}],"properties":{"Node name for S&R":"Image Remove Background (Alpha)"},"widgets_values":["background",0,1]},{"id":65,"type":"ImageToMask","pos":[1630,730],"size":{"0":315,"1":58},"flags":{},"order":11,"mode":0,"inputs":[{"name":"image","type":"IMAGE","link":79,"label":"图像"}],"outputs":[{"name":"MASK","type":"MASK","links":[108],"shape":3,"slot_index":0,"label":"遮罩"}],"properties":{"Node name for S&R":"ImageToMask"},"widgets_values":["alpha"]},{"id":37,"type":"ImpactImageBatchToImageList","pos":[600,580],"size":{"0":260,"1":30},"flags":{},"order":1,"mode":0,"inputs":[{"name":"image","type":"IMAGE","link":117,"label":"图像"}],"outputs":[{"name":"IMAGE","type":"IMAGE","links":[118,119],"shape":6,"slot_index":0,"label":"图像"}],"properties":{"Node name for S&R":"ImpactImageBatchToImageList"}},{"id":83,"type":"VHS_LoadVideo","pos":[310,580],"size":[240,670],"flags":{},"order":0,"mode":0,"inputs":[{"name":"meta_batch","type":"VHS_BatchManager","link":null,"label":"批次管理"},{"name":"vae","type":"VAE","link":null}],"outputs":[{"name":"IMAGE","type":"IMAGE","links":[117],"shape":3,"slot_index":0,"label":"图像"},{"name":"frame_count","type":"INT","links":[],"shape":3,"label":"帧计数"},{"name":"audio","type":"VHS_AUDIO","links":[128],"shape":3,"slot_index":2,"label":"音频"},{"name":"video_info","type":"VHS_VIDEOINFO","links":[132],"shape":3,"slot_index":3,"label":"视频信息"}],"properties":{"Node name for S&R":"VHS_LoadVideo"},"widgets_values":{"video":"video-0710-woman-dance-hat.mp4","force_rate":0,"force_size":"Disabled","custom_width":512,"custom_height":512,"frame_load_cap":0,"skip_first_frames":0,"select_every_nth":1,"choose video to upload":"image","videopreview":{"hidden":false,"paused":false,"params":{"frame_load_cap":0,"skip_first_frames":0,"force_rate":0,"filename":"video-0710-woman-dance-hat.mp4","type":"input","format":"video/mp4","select_every_nth":1}}}},{"id":48,"type":"PreviewImage","pos":[930,920],"size":{"0":210,"1":246},"flags":{},"order":8,"mode":4,"inputs":[{"name":"images","type":"IMAGE","link":57,"label":"图像"}],"properties":{"Node name for S&R":"PreviewImage"}}],"links":[[57,44,0,48,0,"IMAGE"],[72,44,0,59,0,"IMAGE"],[73,59,0,62,0,"IMAGE"],[79,59,0,65,0,"IMAGE"],[83,66,0,67,0,"IMAGE"],[106,81,0,82,0,"IMAGE"],[108,65,0,81,2,"MASK"],[117,83,0,37,0,"IMAGE"],[118,37,0,66,0,"IMAGE"],[119,37,0,44,0,"IMAGE"],[120,44,0,81,0,"IMAGE"],[121,66,0,81,1,"IMAGE"],[122,81,0,87,0,"IMAGE"],[124,87,0,89,0,"IMAGE"],[128,83,2,91,0,"*"],[129,91,0,89,1,"VHS_AUDIO"],[132,83,3,94,0,"VHS_VIDEOINFO"],[134,94,0,95,0,"*"],[136,94,3,81,3,"INT"],[137,94,4,81,4,"INT"],[140,89,0,100,0,"*"],[141,95,0,89,3,"FLOAT"]],"groups":[],"config":{},"extra":{"ds":{"scale":0.49500000000000116,"offset":{"0":-774.6938664496441,"1":19.5412542198187}},"workspace_info":{"id":"mGRIMWD26x78yjxu-MPZ4","saveLock":false,"cloudID":null,"coverMediaPath":null}},"version":0.4}