{"last_node_id":105,"last_link_id":144,"nodes":[{"id":67,"type":"PreviewImage","pos":[1010,130],"size":{"0":210,"1":246},"flags":{},"order":4,"mode":4,"inputs":[{"name":"images","type":"IMAGE","link":83,"label":"图像"}],"properties":{"Node name for S&R":"PreviewImage"}},{"id":83,"type":"VHS_LoadVideo","pos":[310,580],"size":[240,670],"flags":{},"order":0,"mode":0,"inputs":[{"name":"meta_batch","type":"VHS_BatchManager","link":null,"label":"批次管理"},{"name":"vae","type":"VAE","link":null}],"outputs":[{"name":"IMAGE","type":"IMAGE","links":[117],"shape":3,"slot_index":0,"label":"图像"},{"name":"frame_count","type":"INT","links":[],"shape":3,"label":"帧计数"},{"name":"audio","type":"VHS_AUDIO","links":[],"shape":3,"slot_index":2,"label":"音频"},{"name":"video_info","type":"VHS_VIDEOINFO","links":[],"shape":3,"slot_index":3,"label":"视频信息"}],"properties":{"Node name for S&R":"VHS_LoadVideo"},"widgets_values":{"video":"video-0710-woman-dance-hat.mp4","force_rate":0,"force_size":"Disabled","custom_width":512,"custom_height":512,"frame_load_cap":0,"skip_first_frames":0,"select_every_nth":1,"choose video to upload":"image","videopreview":{"hidden":false,"paused":false,"params":{"frame_load_cap":0,"skip_first_frames":0,"force_rate":0,"filename":"video-0710-woman-dance-hat.mp4","type":"input","format":"video/mp4","select_every_nth":1}}}},{"id":37,"type":"ImpactImageBatchToImageList","pos":[600,580],"size":{"0":260,"1":30},"flags":{},"order":1,"mode":0,"inputs":[{"name":"image","type":"IMAGE","link":117,"label":"图像"}],"outputs":[{"name":"IMAGE","type":"IMAGE","links":[118,119],"shape":6,"slot_index":0,"label":"图像"}],"properties":{"Node name for S&R":"ImpactImageBatchToImageList"}},{"id":48,"type":"PreviewImage","pos":[980,930],"size":{"0":210,"1":246},"flags":{},"order":6,"mode":4,"inputs":[{"name":"images","type":"IMAGE","link":57,"label":"图像"}],"properties":{"Node name for S&R":"PreviewImage"}},{"id":66,"type":"PiDiNetPreprocessor","pos":[920,480],"size":{"0":315,"1":82},"flags":{},"order":2,"mode":0,"inputs":[{"name":"image","type":"IMAGE","link":118,"label":"图像"}],"outputs":[{"name":"IMAGE","type":"IMAGE","links":[83,143],"shape":3,"slot_index":0,"label":"图像"}],"properties":{"Node name for S&R":"PiDiNetPreprocessor"},"widgets_values":["enable",1024]},{"id":44,"type":"DWPreprocessor","pos":[920,620],"size":{"0":315,"1":198},"flags":{},"order":3,"mode":0,"inputs":[{"name":"image","type":"IMAGE","link":119,"label":"图像"}],"outputs":[{"name":"IMAGE","type":"IMAGE","links":[57,144],"shape":3,"slot_index":0,"label":"图像"},{"name":"POSE_KEYPOINT","type":"POSE_KEYPOINT","links":null,"shape":3,"label":"姿态关键点"}],"properties":{"Node name for S&R":"DWPreprocessor"},"widgets_values":["enable","enable","enable",1024,"yolox_l.onnx","dw-ll_ucoco_384.onnx"]},{"id":105,"type":"SaveImage","pos":[1457.8606641447009,709.4666993407449],"size":{"0":315,"1":58},"flags":{},"order":7,"mode":0,"inputs":[{"name":"images","type":"IMAGE","link":144,"label":"图像"}],"properties":{"Node name for S&R":"SaveImage"},"widgets_values":["animate/womandance/pose"]},{"id":104,"type":"SaveImage","pos":[1460,520],"size":{"0":315,"1":58},"flags":{},"order":5,"mode":0,"inputs":[{"name":"images","type":"IMAGE","link":143,"label":"图像"}],"properties":{"Node name for S&R":"SaveImage"},"widgets_values":["animate/womandance/edge"]}],"links":[[57,44,0,48,0,"IMAGE"],[83,66,0,67,0,"IMAGE"],[117,83,0,37,0,"IMAGE"],[118,37,0,66,0,"IMAGE"],[119,37,0,44,0,"IMAGE"],[143,66,0,104,0,"IMAGE"],[144,44,0,105,0,"IMAGE"]],"groups":[],"config":{},"extra":{"ds":{"scale":0.7972024500000005,"offset":{"0":-120.69616570520932,"1":-94.64960048490799}},"workspace_info":{"id":"6hOjmSyLyLLOmEFrpbT1D"}},"version":0.4}