{"last_node_id":411,"last_link_id":749,"nodes":[{"id":246,"type":"Text _O","pos":{"0":-5380,"1":-2230},"size":{"0":210,"1":81},"flags":{},"order":0,"mode":0,"inputs":[],"outputs":[{"name":"STRING","type":"STRING","links":[432],"slot_index":0,"shape":3,"label":"STRING"}],"title":"Female","properties":{"Node name for S&R":"Text _O"},"widgets_values":["Female",true]},{"id":354,"type":"Text Input Switch","pos":{"0":-4880,"1":-2540},"size":{"0":210,"1":74},"flags":{},"order":30,"mode":0,"inputs":[{"name":"text_a","type":"STRING","link":593,"widget":{"name":"text_a"},"label":"text_a"},{"name":"text_b","type":"STRING","link":594,"widget":{"name":"text_b"},"label":"text_b"},{"name":"boolean","type":"BOOLEAN","link":588,"widget":{"name":"boolean"},"label":"boolean"}],"outputs":[{"name":"STRING","type":"STRING","links":[595],"slot_index":0,"shape":3,"label":"STRING"}],"properties":{"Node name for S&R":"Text Input Switch"},"widgets_values":["","",false]},{"id":238,"type":"Text _O","pos":{"0":-6160,"1":-2300},"size":{"0":390,"1":150},"flags":{},"order":1,"mode":0,"inputs":[],"outputs":[{"name":"STRING","type":"STRING","links":[594],"slot_index":0,"shape":3,"label":"STRING"}],"title":"Male","properties":{"Node name for S&R":"Text _O"},"widgets_values":["\"0\" :\"Three months old,litte boy，baby:2,kawaii,short hair\",\n\"1\" :\"5-year-old,cute boy,short hair\",\n\"2\" :\"16-year-old,handsome man\",\n\"3\" :\"26-year-old,handsome man\",\n\"4\" :\"44-year-old,old man\",\n\"5\" :\"64-year-old,old man,gray hair\",\n\"6\" :\"84-year-old,old man,wrinkles,white hair\",\n\"7\" :\"104-year-old,very old man,wrinkles:2,bald,white hair\",",true]},{"id":239,"type":"Text _O","pos":{"0":-6170,"1":-2600},"size":{"0":390,"1":160},"flags":{},"order":2,"mode":0,"inputs":[],"outputs":[{"name":"STRING","type":"STRING","links":[593],"slot_index":0,"shape":3,"label":"STRING"}],"title":"Female","properties":{"Node name for S&R":"Text _O"},"widgets_values":["\"0\" :\"Three months old,litte girl，baby:2，kawaii,short hair \",\n\"1\" :\"5-year-old,cute kid,girl \",\n\"2\" :\"16-year-old,young girl,long hair \",\n\"3\" :\"26-year-old,woman,long hair \",\n\"4\" :\"44-year-old,old woman\",\n\"5\" :\"64-year-old,old woman,gray hair\",\n\"6\" :\"84-year-old,old woman,wrinkles,white hair\",\n\"7\" :\"104-year-old,very old woman,wrinkles:2,white hair\",",true]},{"id":391,"type":"easy showAnything","pos":{"0":-4490,"1":-2310},"size":{"0":310,"1":90},"flags":{},"order":29,"mode":0,"inputs":[{"name":"anything","type":"*","link":693,"label":"anything"}],"outputs":[],"properties":{"Node name for S&R":"easy showAnything"},"widgets_values":["Smiling character in a White Shirt，Smile，looking at viewer , White Female ,Male "]},{"id":216,"type":"ControlNetLoader","pos":{"0":-3660,"1":-2670},"size":{"0":400,"1":60},"flags":{},"order":3,"mode":0,"inputs":[],"outputs":[{"name":"CONTROL_NET","type":"CONTROL_NET","links":[390],"shape":3,"label":"CONTROL_NET"}],"properties":{"Node name for S&R":"ControlNetLoader"},"widgets_values":["thibaud_xl_openpose_256lora.safetensors"]},{"id":384,"type":"PreviewImage","pos":{"0":-5710,"1":-1110},"size":{"0":290,"1":320},"flags":{},"order":31,"mode":0,"inputs":[{"name":"images","type":"IMAGE","link":637,"label":"images"}],"outputs":[],"properties":{"Node name for S&R":"PreviewImage"},"widgets_values":[]},{"id":378,"type":"ImageScaleToTotalPixels","pos":{"0":-2900,"1":-1650},"size":{"0":210,"1":82},"flags":{},"order":24,"mode":0,"inputs":[{"name":"image","type":"IMAGE","link":621,"label":"image"}],"outputs":[{"name":"IMAGE","type":"IMAGE","links":[735,741],"slot_index":0,"shape":3,"label":"IMAGE"}],"properties":{"Node name for S&R":"ImageScaleToTotalPixels"},"widgets_values":["lanczos",1]},{"id":290,"type":"LoadImage","pos":{"0":-6490,"1":-1640},"size":{"0":710,"1":820},"flags":{},"order":4,"mode":0,"inputs":[],"outputs":[{"name":"IMAGE","type":"IMAGE","links":[685],"slot_index":0,"shape":3,"label":"IMAGE"},{"name":"MASK","type":"MASK","links":null,"shape":3,"label":"MASK"}],"properties":{"Node name for S&R":"LoadImage"},"widgets_values":["0-封面.png","image"]},{"id":397,"type":"ImageScaleToTotalPixels","pos":{"0":-5690,"1":-1620},"size":{"0":210,"1":82},"flags":{},"order":17,"mode":0,"inputs":[{"name":"image","type":"IMAGE","link":685,"label":"image"}],"outputs":[{"name":"IMAGE","type":"IMAGE","links":[687],"slot_index":0,"shape":3,"label":"IMAGE"}],"properties":{"Node name for S&R":"ImageScaleToTotalPixels"},"widgets_values":["lanczos",1]},{"id":400,"type":"List of strings [Crystools]","pos":{"0":-5010,"1":-3280},"size":{"0":320,"1":270},"flags":{},"order":22,"mode":0,"inputs":[{"name":"string_1","type":"STRING","link":689,"widget":{"name":"string_1"},"label":"string_1"},{"name":"string_2","type":"STRING","link":690,"widget":{"name":"string_2"},"label":"string_2"}],"outputs":[{"name":"concatenated","type":"STRING","links":[692,693],"slot_index":0,"shape":3,"label":"concatenated"},{"name":"list_string","type":"ListString","links":null,"shape":6,"label":"list_string"}],"properties":{"Node name for S&R":"List of strings [Crystools]"},"widgets_values":["","","","","","","","",","]},{"id":226,"type":"EmptyLatentImage","pos":{"0":-3420,"1":-2190},"size":{"0":210,"1":78},"flags":{},"order":32,"mode":0,"inputs":[{"name":"width","type":"INT","link":670,"slot_index":0,"widget":{"name":"width"},"label":"width"},{"name":"height","type":"INT","link":671,"widget":{"name":"height"},"label":"height"}],"outputs":[{"name":"LATENT","type":"LATENT","links":[701],"slot_index":0,"shape":3,"label":"LATENT"}],"properties":{"Node name for S&R":"EmptyLatentImage"},"widgets_values":[512,512,8]},{"id":401,"type":"Reroute","pos":{"0":-3180,"1":-3420},"size":[75,26],"flags":{},"order":33,"mode":0,"inputs":[{"name":"","type":"*","link":729,"label":""}],"outputs":[{"name":"","type":"MODEL","links":[732,742],"slot_index":0,"label":""}],"properties":{"showOutputText":false,"horizontal":false}},{"id":247,"type":"ShowText|pysssss","pos":{"0":-4500,"1":-2540},"size":{"0":320,"1":170},"flags":{},"order":35,"mode":0,"inputs":[{"name":"text","type":"STRING","link":595,"widget":{"name":"text"},"label":"text"}],"outputs":[{"name":"STRING","type":"STRING","links":[549],"slot_index":0,"shape":6,"label":"STRING"}],"properties":{"Node name for S&R":"ShowText|pysssss"},"widgets_values":["","\"0\" :\"Three months old,litte boy，baby:2,kawaii,short hair\",\n\"1\" :\"5-year-old,cute boy,short hair\",\n\"2\" :\"16-year-old,handsome man\",\n\"3\" :\"26-year-old,handsome man\",\n\"4\" :\"44-year-old,old man\",\n\"5\" :\"64-year-old,old man,gray hair\",\n\"6\" :\"84-year-old,old man,wrinkles,white hair\",\n\"7\" :\"104-year-old,very old man,wrinkles:2,bald,white hair\", "]},{"id":405,"type":"LoadImage","pos":{"0":-5270,"1":-1770},"size":{"0":320,"1":310},"flags":{},"order":6,"mode":0,"inputs":[],"outputs":[{"name":"IMAGE","type":"IMAGE","links":[712],"slot_index":0,"shape":3,"label":"IMAGE"},{"name":"MASK","type":"MASK","links":null,"shape":3,"label":"MASK"}],"properties":{"Node name for S&R":"LoadImage"},"widgets_values":["pose_0924.png","image"]},{"id":383,"type":"DWPreprocessor","pos":{"0":-5720,"1":-1390},"size":{"0":315,"1":222},"flags":{},"order":25,"mode":0,"inputs":[{"name":"image","type":"IMAGE","link":687,"label":"image"}],"outputs":[{"name":"IMAGE","type":"IMAGE","links":[637],"slot_index":0,"shape":3,"label":"IMAGE"},{"name":"POSE_KEYPOINT","type":"POSE_KEYPOINT","links":null,"shape":3,"label":"POSE_KEYPOINT"}],"properties":{"Node name for S&R":"DWPreprocessor"},"widgets_values":["enable","enable","enable",512,"yolox_l.torchscript.pt","dw-ll_ucoco_384_bs5.torchscript.pt","disable"]},{"id":406,"type":"Reroute","pos":{"0":-3673.859130859375,"1":-1965.912353515625},"size":[75,26],"flags":{},"order":18,"mode":0,"inputs":[{"name":"","type":"*","link":712,"label":""}],"outputs":[{"name":"","type":"IMAGE","links":[713,714],"slot_index":0,"label":""}],"properties":{"showOutputText":false,"horizontal":false}},{"id":364,"type":"RIFE VFI","pos":{"0":800,"1":-2770},"size":{"0":319.20001220703125,"1":200},"flags":{},"order":19,"mode":0,"inputs":[{"name":"frames","type":"IMAGE","link":721,"label":"frames"},{"name":"optional_interpolation_states","type":"INTERPOLATION_STATES","link":null,"label":"optional_interpolation_states"}],"outputs":[{"name":"IMAGE","type":"IMAGE","links":[737],"slot_index":0,"shape":3,"label":"IMAGE"}],"properties":{"Node name for S&R":"RIFE VFI"},"widgets_values":["rife47.pth",10,24,true,true,1]},{"id":402,"type":"Reroute","pos":{"0":-3710,"1":-3390},"size":[75,26],"flags":{},"order":34,"mode":0,"inputs":[{"name":"","type":"*","link":728,"label":""}],"outputs":[{"name":"","type":"CLIP","links":[700],"slot_index":0,"label":""}],"properties":{"showOutputText":false,"horizontal":false}},{"id":245,"type":"easy compare","pos":{"0":-5030,"1":-2250},"size":{"0":210,"1":80},"flags":{},"order":23,"mode":0,"inputs":[{"name":"a","type":"*","link":730,"slot_index":0,"label":"a"},{"name":"b","type":"*","link":432,"label":"b"}],"outputs":[{"name":"boolean","type":"BOOLEAN","links":[588],"slot_index":0,"shape":3,"label":"boolean"}],"properties":{"Node name for S&R":"easy compare"},"widgets_values":["a <= b"]},{"id":224,"type":"BatchPromptSchedule","pos":{"0":-4110,"1":-2560},"size":{"0":250,"1":360},"flags":{},"order":37,"mode":0,"inputs":[{"name":"clip","type":"CLIP","link":700,"label":"clip"},{"name":"text","type":"STRING","link":549,"widget":{"name":"text"},"label":"text"},{"name":"app_text","type":"STRING","link":692,"widget":{"name":"app_text"},"label":"app_text"}],"outputs":[{"name":"POS","type":"CONDITIONING","links":[420,743],"slot_index":0,"shape":3,"label":"POS"},{"name":"NEG","type":"CONDITIONING","links":[389,744],"slot_index":1,"shape":3,"label":"NEG"}],"properties":{"Node name for S&R":"BatchPromptSchedule"},"widgets_values":["\"0\" :\"4-year-old,litte baby，kawaii,short hair \",\n\"1\" :\"14-year-old,cute kid,short hair \",\n\"2\" :\"24-year-old,young girl,long hair \",\n\"3\" :\"34-year-old,woman,long hair \",\n\"4\" :\"44-year-old,old woman\",\n\"5\" :\"64-year-old,old woman,gray hair\",\n\"6\" :\"84-year-old,old woman,white hair\",\n\"7\" :\"94-year-old,old woman,white hair\",",8,false,"professional portrait, realistic photography, perfect details, highest quality, master's masterpiece . 35mm photograph, film, bokeh, professional, 4k,","Portrait of a ",0,0,0,0,0,0,true,true,true]},{"id":387,"type":"PulidEvaClipLoader","pos":{"0":-2940,"1":-2930},"size":{"0":300,"1":30},"flags":{},"order":7,"mode":0,"inputs":[],"outputs":[{"name":"EVA_CLIP","type":"EVA_CLIP","links":[733],"slot_index":0,"shape":3,"label":"EVA_CLIP"}],"properties":{"Node name for S&R":"PulidEvaClipLoader"},"widgets_values":[]},{"id":386,"type":"PulidModelLoader","pos":{"0":-2950,"1":-3040},"size":{"0":315,"1":58},"flags":{},"order":8,"mode":0,"inputs":[],"outputs":[{"name":"PULID","type":"PULID","links":[731],"slot_index":0,"shape":3,"label":"PULID"}],"properties":{"Node name for S&R":"PulidModelLoader"},"widgets_values":["ip-adapter_pulid_sdxl_fp16.safetensors"]},{"id":225,"type":"VHS_VideoCombine","pos":{"0":-60,"1":-1670},"size":[1320,2060],"flags":{},"order":27,"mode":0,"inputs":[{"name":"images","type":"IMAGE","link":737,"label":"images"},{"name":"audio","type":"AUDIO","link":null,"label":"audio"},{"name":"meta_batch","type":"VHS_BatchManager","link":null,"label":"meta_batch"},{"name":"vae","type":"VAE","link":null,"label":"vae"}],"outputs":[{"name":"Filenames","type":"VHS_FILENAMES","links":null,"shape":3,"label":"Filenames"}],"properties":{"Node name for S&R":"VHS_VideoCombine"},"widgets_values":{"frame_rate":12,"loop_count":0,"filename_prefix":"Age/Age","format":"video/h264-mp4","pix_fmt":"yuv420p","crf":19,"save_metadata":true,"pingpong":false,"save_output":true,"videopreview":{"hidden":false,"paused":false,"params":{"filename":"test_092301_00065.mp4","subfolder":"","type":"output","format":"video/h264-mp4","frame_rate":12}}}},{"id":361,"type":"Image Filter Adjustments","pos":{"0":310,"1":-2770},"size":{"0":210,"1":240},"flags":{},"order":9,"mode":0,"inputs":[{"name":"image","type":"IMAGE","link":null,"label":"image"}],"outputs":[{"name":"IMAGE","type":"IMAGE","links":[721],"slot_index":0,"shape":3,"label":"IMAGE"}],"properties":{"Node name for S&R":"Image Filter Adjustments"},"widgets_values":[-0.05,1.1,0.5,1.2,0,0,0.3,"false"],"color":"rgba(0,0,0,.8)"},{"id":206,"type":"CheckpointLoaderSimple","pos":{"0":-3710,"1":-3950},"size":{"0":480,"1":100},"flags":{},"order":10,"mode":0,"inputs":[],"outputs":[{"name":"MODEL","type":"MODEL","links":[398],"slot_index":0,"label":"MODEL"},{"name":"CLIP","type":"CLIP","links":[727],"slot_index":1,"label":"CLIP"},{"name":"VAE","type":"VAE","links":[697],"slot_index":2,"label":"VAE"}],"properties":{"Node name for S&R":"CheckpointLoaderSimple"},"widgets_values":["juggernautXL_v9-Lightning_4S_V9_RDPhoto2.safetensors"]},{"id":399,"type":"Text _O","pos":{"0":-4800,"1":-1630},"size":{"0":340,"1":81},"flags":{},"order":11,"mode":0,"inputs":[],"outputs":[{"name":"STRING","type":"STRING","links":[690,730],"slot_index":0,"shape":3,"label":"STRING"}],"title":"Prompt","properties":{"Node name for S&R":"Text _O"},"widgets_values":["Male",true]},{"id":213,"type":"LoadImage","pos":{"0":-4300,"1":-1700},"size":{"0":1360,"1":1440},"flags":{},"order":12,"mode":0,"inputs":[],"outputs":[{"name":"IMAGE","type":"IMAGE","links":[621],"slot_index":0,"shape":3,"label":"IMAGE"},{"name":"MASK","type":"MASK","links":null,"shape":3,"label":"MASK"}],"properties":{"Node name for S&R":"LoadImage"},"widgets_values":["文海.jpg","image"]},{"id":407,"type":"PreviewImage","pos":{"0":-2170,"1":-1850},"size":{"0":1820,"1":1160},"flags":{},"order":42,"mode":0,"inputs":[{"name":"images","type":"IMAGE","link":723,"label":"images"}],"outputs":[],"properties":{"Node name for S&R":"PreviewImage"},"widgets_values":[]},{"id":209,"type":"InstantIDModelLoader","pos":{"0":-770,"1":-3030},"size":{"0":240,"1":60},"flags":{},"order":13,"mode":0,"inputs":[],"outputs":[{"name":"INSTANTID","type":"INSTANTID","links":[738],"slot_index":0,"shape":3,"label":"INSTANTID"}],"properties":{"Node name for S&R":"InstantIDModelLoader"},"widgets_values":["ip-adapter_instant_id_sdxl.bin"]},{"id":211,"type":"InstantIDFaceAnalysis","pos":{"0":-750,"1":-2910},"size":{"0":210,"1":58},"flags":{},"order":14,"mode":0,"inputs":[],"outputs":[{"name":"FACEANALYSIS","type":"FACEANALYSIS","links":[739],"slot_index":0,"shape":3,"label":"FACEANALYSIS"}],"properties":{"Node name for S&R":"InstantIDFaceAnalysis"},"widgets_values":["CUDA"]},{"id":210,"type":"ControlNetLoader","pos":{"0":-920,"1":-2790},"size":{"0":445.3599853515625,"1":58},"flags":{},"order":15,"mode":0,"inputs":[],"outputs":[{"name":"CONTROL_NET","type":"CONTROL_NET","links":[740],"slot_index":0,"shape":3,"label":"CONTROL_NET"}],"properties":{"Node name for S&R":"ControlNetLoader"},"widgets_values":["control_instant_id_sdxl.safetensors"]},{"id":205,"type":"KSampler (Efficient)","pos":{"0":-80,"1":-3030},"size":{"0":230,"1":680},"flags":{},"order":41,"mode":0,"inputs":[{"name":"model","type":"MODEL","link":746,"label":"model"},{"name":"positive","type":"CONDITIONING","link":747,"label":"positive"},{"name":"negative","type":"CONDITIONING","link":748,"label":"negative"},{"name":"latent_image","type":"LATENT","link":719,"slot_index":3,"label":"latent_image"},{"name":"optional_vae","type":"VAE","link":699,"label":"optional_vae"},{"name":"script","type":"SCRIPT","link":null,"label":"script"}],"outputs":[{"name":"MODEL","type":"MODEL","links":[],"slot_index":0,"shape":3,"label":"MODEL"},{"name":"CONDITIONING+","type":"CONDITIONING","links":[],"slot_index":1,"shape":3,"label":"CONDITIONING+"},{"name":"CONDITIONING-","type":"CONDITIONING","links":[],"slot_index":2,"shape":3,"label":"CONDITIONING-"},{"name":"LATENT","type":"LATENT","links":null,"shape":3,"label":"LATENT"},{"name":"VAE","type":"VAE","links":[],"slot_index":4,"shape":3,"label":"VAE"},{"name":"IMAGE","type":"IMAGE","links":[723],"slot_index":5,"shape":3,"label":"IMAGE"}],"properties":{"Node name for S&R":"KSampler (Efficient)"},"widgets_values":[1,null,8,2,"dpmpp_sde","karras",0.3,"none","true"],"color":"#223322","bgcolor":"#335533","shape":1},{"id":215,"type":"ControlNetApplyAdvanced","pos":{"0":-3600,"1":-2490},"size":{"0":330,"1":186},"flags":{},"order":38,"mode":0,"inputs":[{"name":"positive","type":"CONDITIONING","link":420,"label":"positive"},{"name":"negative","type":"CONDITIONING","link":389,"label":"negative"},{"name":"control_net","type":"CONTROL_NET","link":390,"slot_index":2,"label":"control_net"},{"name":"image","type":"IMAGE","link":714,"label":"image"},{"name":"vae","type":"VAE","link":749,"label":"vae"}],"outputs":[{"name":"positive","type":"CONDITIONING","links":[644],"slot_index":0,"shape":3,"label":"positive"},{"name":"negative","type":"CONDITIONING","links":[645],"slot_index":1,"shape":3,"label":"negative"}],"properties":{"Node name for S&R":"ControlNetApplyAdvanced"},"widgets_values":[0.7000000000000001,0,0.4]},{"id":395,"type":"easy imageSize","pos":{"0":-3690,"1":-2200},"size":{"0":210,"1":100},"flags":{},"order":26,"mode":0,"inputs":[{"name":"image","type":"IMAGE","link":713,"label":"image"}],"outputs":[{"name":"width_int","type":"INT","links":[670],"slot_index":0,"shape":3,"label":"width_int"},{"name":"height_int","type":"INT","links":[671],"slot_index":1,"shape":3,"label":"height_int"}],"properties":{"Node name for S&R":"easy imageSize"},"widgets_values":["Width: 768 , Height: 1024"]},{"id":410,"type":"ApplyPulid","pos":{"0":-2570,"1":-3060},"size":{"0":315,"1":230},"flags":{},"order":36,"mode":0,"inputs":[{"name":"model","type":"MODEL","link":732,"label":"model"},{"name":"pulid","type":"PULID","link":731,"label":"pulid"},{"name":"eva_clip","type":"EVA_CLIP","link":733,"label":"eva_clip"},{"name":"face_analysis","type":"FACEANALYSIS","link":734,"label":"face_analysis"},{"name":"image","type":"IMAGE","link":735,"label":"image"},{"name":"attn_mask","type":"MASK","link":null,"label":"attn_mask"}],"outputs":[{"name":"MODEL","type":"MODEL","links":[736],"slot_index":0,"shape":3,"label":"MODEL"}],"properties":{"Node name for S&R":"ApplyPulid"},"widgets_values":["fidelity",1,0,0.6]},{"id":388,"type":"InstantIDFaceAnalysis","pos":{"0":-2940,"1":-2840},"size":{"0":290,"1":60},"flags":{},"order":16,"mode":0,"inputs":[],"outputs":[{"name":"FACEANALYSIS","type":"FACEANALYSIS","links":[734],"shape":3,"label":"FACEANALYSIS"}],"properties":{"Node name for S&R":"InstantIDFaceAnalysis"},"widgets_values":["CPU"]},{"id":223,"type":"StyleAlignedBatchAlign","pos":{"0":-3700,"1":-3780},"size":[480,110],"flags":{},"order":20,"mode":0,"inputs":[{"name":"model","type":"MODEL","link":398,"label":"model"}],"outputs":[{"name":"MODEL","type":"MODEL","links":[726],"slot_index":0,"shape":3,"label":"MODEL"}],"properties":{"Node name for S&R":"StyleAlignedBatchAlign"},"widgets_values":["both","q+k",1]},{"id":409,"type":"LoraLoader","pos":{"0":-3700,"1":-3590},"size":[460,130],"flags":{},"order":28,"mode":0,"inputs":[{"name":"model","type":"MODEL","link":726,"label":"model"},{"name":"clip","type":"CLIP","link":727,"label":"clip"}],"outputs":[{"name":"MODEL","type":"MODEL","links":[729],"slot_index":0,"shape":3,"label":"MODEL"},{"name":"CLIP","type":"CLIP","links":[728],"slot_index":1,"shape":3,"label":"CLIP"}],"properties":{"Node name for S&R":"LoraLoader"},"widgets_values":["sdxl/Professional_Portrait.safetensors",1,1]},{"id":389,"type":"KSampler (Efficient)","pos":{"0":-2210,"1":-3100},"size":{"0":1150,"1":910},"flags":{},"order":39,"mode":0,"inputs":[{"name":"model","type":"MODEL","link":736,"label":"model"},{"name":"positive","type":"CONDITIONING","link":644,"label":"positive"},{"name":"negative","type":"CONDITIONING","link":645,"label":"negative"},{"name":"latent_image","type":"LATENT","link":701,"slot_index":3,"label":"latent_image"},{"name":"optional_vae","type":"VAE","link":698,"label":"optional_vae"},{"name":"script","type":"SCRIPT","link":null,"label":"script"}],"outputs":[{"name":"MODEL","type":"MODEL","links":[],"slot_index":0,"shape":3,"label":"MODEL"},{"name":"CONDITIONING+","type":"CONDITIONING","links":[],"slot_index":1,"shape":3,"label":"CONDITIONING+"},{"name":"CONDITIONING-","type":"CONDITIONING","links":[],"slot_index":2,"shape":3,"label":"CONDITIONING-"},{"name":"LATENT","type":"LATENT","links":[719],"slot_index":3,"shape":3,"label":"LATENT"},{"name":"VAE","type":"VAE","links":[],"slot_index":4,"shape":3,"label":"VAE"},{"name":"IMAGE","type":"IMAGE","links":[745],"slot_index":5,"shape":3,"label":"IMAGE"}],"properties":{"Node name for S&R":"KSampler (Efficient)"},"widgets_values":[19341259546222,null,8,2,"dpmpp_sde","karras",1,"auto","true"],"color":"#223322","bgcolor":"#335533","shape":1},{"id":411,"type":"ApplyInstantIDAdvanced","pos":{"0":-430,"1":-3040},"size":{"0":315,"1":338},"flags":{},"order":40,"mode":0,"inputs":[{"name":"instantid","type":"INSTANTID","link":738,"label":"instantid"},{"name":"insightface","type":"FACEANALYSIS","link":739,"label":"insightface"},{"name":"control_net","type":"CONTROL_NET","link":740,"label":"control_net"},{"name":"image","type":"IMAGE","link":741,"label":"image"},{"name":"model","type":"MODEL","link":742,"label":"model"},{"name":"positive","type":"CONDITIONING","link":743,"label":"positive"},{"name":"negative","type":"CONDITIONING","link":744,"label":"negative"},{"name":"image_kps","type":"IMAGE","link":745,"label":"image_kps"},{"name":"mask","type":"MASK","link":null,"label":"mask"}],"outputs":[{"name":"MODEL","type":"MODEL","links":[746],"slot_index":0,"shape":3,"label":"MODEL"},{"name":"positive","type":"CONDITIONING","links":[747],"slot_index":1,"shape":3,"label":"positive"},{"name":"negative","type":"CONDITIONING","links":[748],"slot_index":2,"shape":3,"label":"negative"}],"properties":{"Node name for S&R":"ApplyInstantIDAdvanced"},"widgets_values":[1,1,0,1,0,"average"]},{"id":403,"type":"Reroute","pos":{"0":-3180,"1":-3550},"size":[75,26],"flags":{},"order":21,"mode":0,"inputs":[{"name":"","type":"*","link":697,"label":""}],"outputs":[{"name":"","type":"VAE","links":[698,699,749],"slot_index":0,"label":""}],"properties":{"showOutputText":false,"horizontal":false}},{"id":398,"type":"Text _O","pos":{"0":-5452.5947265625,"1":-3287.48388671875},"size":{"0":340,"1":81},"flags":{},"order":5,"mode":0,"inputs":[],"outputs":[{"name":"STRING","type":"STRING","links":[689],"slot_index":0,"shape":3,"label":"STRING"}],"title":"Prompt","properties":{"Node name for S&R":"Text _O"},"widgets_values":["Smiling character in a White Shirt，Smile，looking at viewer",true]}],"links":[[389,224,1,215,1,"CONDITIONING"],[390,216,0,215,2,"CONTROL_NET"],[398,206,0,223,0,"MODEL"],[420,224,0,215,0,"CONDITIONING"],[432,246,0,245,1,"*"],[549,247,0,224,1,"STRING"],[588,245,0,354,2,"BOOLEAN"],[593,239,0,354,0,"STRING"],[594,238,0,354,1,"STRING"],[595,354,0,247,0,"STRING"],[621,213,0,378,0,"IMAGE"],[637,383,0,384,0,"IMAGE"],[644,215,0,389,1,"CONDITIONING"],[645,215,1,389,2,"CONDITIONING"],[650,206,2,225,3,"VAE"],[651,360,0,385,0,"MODEL"],[652,360,0,212,4,"MODEL"],[653,206,2,205,4,"VAE"],[654,206,1,224,0,"CLIP"],[655,226,0,389,3,"LATENT"],[656,206,2,389,4,"VAE"],[670,395,0,226,0,"INT"],[671,395,1,226,1,"INT"],[674,206,2,225,3,"VAE"],[675,206,1,224,0,"CLIP"],[676,360,0,212,4,"MODEL"],[677,360,0,385,0,"MODEL"],[678,206,2,205,4,"VAE"],[679,226,0,389,3,"LATENT"],[680,206,2,389,4,"VAE"],[685,290,0,397,0,"IMAGE"],[687,397,0,383,0,"IMAGE"],[689,398,0,400,0,"STRING"],[690,399,0,400,1,"STRING"],[692,400,0,224,2,"STRING"],[693,400,0,391,0,"*"],[697,206,2,403,0,"*"],[698,403,0,389,4,"VAE"],[699,403,0,205,4,"VAE"],[700,402,0,224,0,"CLIP"],[701,226,0,389,3,"LATENT"],[712,405,0,406,0,"*"],[713,406,0,395,0,"IMAGE"],[714,406,0,215,3,"IMAGE"],[719,389,3,205,3,"LATENT"],[721,361,0,364,0,"IMAGE"],[723,205,5,407,0,"IMAGE"],[726,223,0,409,0,"MODEL"],[727,206,1,409,1,"CLIP"],[728,409,1,402,0,"*"],[729,409,0,401,0,"*"],[730,399,0,245,0,"*"],[731,386,0,410,1,"PULID"],[732,401,0,410,0,"MODEL"],[733,387,0,410,2,"EVA_CLIP"],[734,388,0,410,3,"FACEANALYSIS"],[735,378,0,410,4,"IMAGE"],[736,410,0,389,0,"MODEL"],[737,364,0,225,0,"IMAGE"],[738,209,0,411,0,"INSTANTID"],[739,211,0,411,1,"FACEANALYSIS"],[740,210,0,411,2,"CONTROL_NET"],[741,378,0,411,3,"IMAGE"],[742,401,0,411,4,"MODEL"],[743,224,0,411,5,"CONDITIONING"],[744,224,1,411,6,"CONDITIONING"],[745,389,5,411,7,"IMAGE"],[746,411,0,205,0,"MODEL"],[747,411,1,205,1,"CONDITIONING"],[748,411,2,205,2,"CONDITIONING"],[749,403,0,215,4,"VAE"]],"groups":[{"title":"pulid","bounding":[-2990,-3290,2000,1150],"color":"#3f789e","font_size":100,"flags":{}},{"title":"姿态Pose+Resize","bounding":[-6550,-1850,1175,1063],"color":"#3f789e","font_size":100,"flags":{}},{"title":"输入面部","bounding":[-4370,-1900,1708,1716],"color":"#3f789e","font_size":100,"flags":{}},{"title":"视频合成","bounding":[-150,-1910,1491,1926],"color":"#3f789e","font_size":100,"flags":{}},{"title":"提示词-Prompt","bounding":[-6270,-2860,675,777],"color":"#3f789e","font_size":100,"flags":{}},{"title":"性别判定-Gender","bounding":[-5490,-2860,878,787],"color":"#3f789e","font_size":100,"flags":{}},{"title":"模型-Model","bounding":[-3740,-4130,587,789],"color":"#3f789e","font_size":100,"flags":{}},{"title":"Fizz提示词调度","bounding":[-4520,-2860,719,782],"color":"#3f789e","font_size":100,"flags":{}},{"title":"ControlNet","bounding":[-3710,-2850,542,779],"color":"#3f789e","font_size":100,"flags":{}},{"title":"InstantID","bounding":[-960,-3290,1160,1140],"color":"#3f789e","font_size":100,"flags":{}},{"title":"补间生成","bounding":[260,-3090,428,771],"color":"#3f789e","font_size":100,"flags":{}},{"title":"后处理","bounding":[720,-3080,520,760],"color":"#3f789e","font_size":100,"flags":{}}],"config":{},"extra":{"ds":{"scale":0.7247295000000027,"offset":[6192.447508951602,3483.786838802496]},"0246.VERSION":[0,0,4],"groupNodes":{},"workspace_info":{"id":"CW0cWymfghV6DW_EA1ENj","saveLock":false,"cloudID":null,"coverMediaPath":null}},"version":0.4}