{"last_node_id": 362, "last_link_id": 610, "nodes": [{"id": 210, "type": "ControlNetLoader", "pos": [-3096.2021201380444, -2397.7771624985553], "size": {"0": 445.3599853515625, "1": 58}, "flags": {}, "order": 0, "mode": 0, "outputs": [{"name": "CONTROL_NET", "type": "CONTROL_NET", "links": [381], "shape": 3, "slot_index": 0, "label": "ControlNet"}], "properties": {"Node name for S&R": "ControlNetLoader"}, "widgets_values": ["InstantID\\diffusion_pytorch_model.safetensors"]}, {"id": 266, "type": "GetNode", "pos": [-2846.2021201380444, -2207.7771624985553], "size": {"0": 210, "1": 58}, "flags": {}, "order": 1, "mode": 0, "outputs": [{"name": "IMAGE", "type": "IMAGE", "links": [470], "slot_index": 0}], "properties": {}, "widgets_values": ["Pose-IN"]}, {"id": 209, "type": "InstantIDModelLoader", "pos": [-3006.2021201380444, -2657.7771624985553], "size": {"0": 240, "1": 60}, "flags": {}, "order": 2, "mode": 0, "outputs": [{"name": "INSTANTID", "type": "INSTANTID", "links": [379], "shape": 3, "slot_index": 0, "label": "INSTANTID"}], "properties": {"Node name for S&R": "InstantIDModelLoader"}, "widgets_values": ["ip-adapter.bin"]}, {"id": 255, "type": "SetNode", "pos": [-5943.164817477258, -860.0149108259086], "size": {"0": 210, "1": 58}, "flags": {}, "order": 40, "mode": 0, "inputs": [{"name": "IMAGE", "type": "IMAGE", "link": 507}], "outputs": [{"name": "*", "type": "*", "links": null, "label": "\u8f93\u51fa"}], "properties": {"previousName": "Pose-IN"}, "widgets_values": ["Pose-IN"]}, {"id": 318, "type": "ShowText|pysssss", "pos": [-5376.978720212851, -2469.362502312712], "size": {"0": 210, "1": 80}, "flags": {}, "order": 41, "mode": 0, "inputs": [{"name": "text", "type": "STRING", "link": 539, "widget": {"name": "text"}, "label": "\u6587\u672c"}], "outputs": [{"name": "STRING", "type": "STRING", "links": [537], "shape": 6, "label": "\u5b57\u7b26\u4e32", "slot_index": 0}], "properties": {"Node name for S&R": "ShowText|pysssss"}, "widgets_values": ["", "Female"]}, {"id": 211, "type": "InstantIDFaceAnalysis", "pos": [-2996.2021201380444, -2517.7771624985553], "size": {"0": 210, "1": 58}, "flags": {}, "order": 3, "mode": 0, "outputs": [{"name": "FACEANALYSIS", "type": "FACEANALYSIS", "links": [380], "shape": 3, "slot_index": 0, "label": "\u9762\u90e8\u5206\u6790"}], "properties": {"Node name for S&R": "InstantIDFaceAnalysis"}, "widgets_values": ["CPU"]}, {"id": 286, "type": "Text _O", "pos": [-5474.589543628288, -3311.6355260574496], "size": {"0": 340, "1": 76.00003051757812}, "flags": {}, "order": 4, "mode": 0, "outputs": [{"name": "STRING", "type": "STRING", "links": [497], "shape": 3, "label": "STRING", "slot_index": 0}], "title": "Prompt", "properties": {"Node name for S&R": "Text _O"}, "widgets_values": ["Smiling character in a White Shirt\uff0cSmile\uff0clooking at viewer"]}, {"id": 296, "type": "GetNode", "pos": [-6534.58954362829, -3331.6355260574496], "size": {"0": 210, "1": 58}, "flags": {}, "order": 5, "mode": 0, "outputs": [{"name": "IMAGE", "type": "IMAGE", "links": [527, 529], "slot_index": 0}], "properties": {}, "widgets_values": ["Face-IN"]}, {"id": 306, "type": "LlavaClipLoader", "pos": [-6894.58954362829, -3191.635526057449], "size": {"0": 290, "1": 60}, "flags": {}, "order": 6, "mode": 0, "outputs": [{"name": "clip", "type": "CUSTOM", "links": [519], "shape": 3, "label": "clip"}], "properties": {"Node name for S&R": "LlavaClipLoader"}, "widgets_values": ["mmproj-model-f16.gguf"]}, {"id": 305, "type": "LLava Loader Simple", "pos": [-6554.589543628291, -3191.635526057449], "size": {"0": 270, "1": 130}, "flags": {}, "order": 24, "mode": 0, "inputs": [{"name": "clip", "type": "CUSTOM", "link": 519, "slot_index": 0, "label": "CLIP"}], "outputs": [{"name": "model", "type": "CUSTOM", "links": [517, 528], "shape": 3, "label": "\u6a21\u578b", "slot_index": 0}], "properties": {"Node name for S&R": "LLava Loader Simple"}, "widgets_values": ["ggml-model-q4_k.gguf", 2048, 27, 8]}, {"id": 314, "type": "LLavaSamplerSimple", "pos": [-6104.589543628287, -3171.635526057449], "size": {"0": 210, "1": 100}, "flags": {}, "order": 31, "mode": 0, "inputs": [{"name": "image", "type": "IMAGE", "link": 529, "slot_index": 0, "label": "\u56fe\u50cf"}, {"name": "model", "type": "CUSTOM", "link": 528, "slot_index": 1, "label": "\u6a21\u578b"}, {"name": "prompt", "type": "STRING", "link": 530, "widget": {"name": "prompt"}, "slot_index": 2, "label": "\u63d0\u793a\u8bcd"}], "outputs": [{"name": "STRING", "type": "STRING", "links": [538], "shape": 3, "slot_index": 0, "label": "\u5b57\u7b26\u4e32"}], "properties": {"Node name for S&R": "LLavaSamplerSimple"}, "widgets_values": ["", 0.1]}, {"id": 307, "type": "SimpleText", "pos": [-5864.589543628288, -3331.6355260574496], "size": {"0": 210, "1": 76.00003814697266}, "flags": {}, "order": 7, "mode": 0, "outputs": [{"name": "STRING", "type": "STRING", "links": [518], "shape": 3, "label": "\u5b57\u7b26\u4e32"}], "properties": {"Node name for S&R": "SimpleText"}, "widgets_values": ["what Race?"]}, {"id": 315, "type": "SimpleText", "pos": [-6104.589543628287, -3331.6355260574496], "size": {"0": 210, "1": 76.00003051757812}, "flags": {}, "order": 8, "mode": 0, "outputs": [{"name": "STRING", "type": "STRING", "links": [530], "shape": 3, "label": "\u5b57\u7b26\u4e32", "slot_index": 0}], "properties": {"Node name for S&R": "SimpleText"}, "widgets_values": ["Male or Female?"]}, {"id": 304, "type": "LLavaSamplerSimple", "pos": [-5864.589543628288, -3171.635526057449], "size": {"0": 210, "1": 100}, "flags": {}, "order": 30, "mode": 0, "inputs": [{"name": "image", "type": "IMAGE", "link": 527, "slot_index": 0, "label": "\u56fe\u50cf"}, {"name": "model", "type": "CUSTOM", "link": 517, "slot_index": 1, "label": "\u6a21\u578b"}, {"name": "prompt", "type": "STRING", "link": 518, "widget": {"name": "prompt"}, "slot_index": 2, "label": "\u63d0\u793a\u8bcd"}], "outputs": [{"name": "STRING", "type": "STRING", "links": [520], "shape": 3, "slot_index": 0, "label": "\u5b57\u7b26\u4e32"}], "properties": {"Node name for S&R": "LLavaSamplerSimple"}, "widgets_values": ["", 0.1]}, {"id": 308, "type": "ViewText", "pos": [-5474.589543628288, -3171.635526057449], "size": {"0": 210, "1": 80}, "flags": {}, "order": 36, "mode": 0, "inputs": [{"name": "text", "type": "STRING", "link": 520, "widget": {"name": "text"}, "label": "\u6587\u672c"}], "outputs": [{"name": "STRING", "type": "STRING", "links": [552], "shape": 3, "label": "\u5b57\u7b26\u4e32", "slot_index": 0}], "properties": {"Node name for S&R": "ViewText"}, "widgets_values": ["", " White"]}, {"id": 287, "type": "Concat Text _O", "pos": [-4944.589543628288, -3141.635526057449], "size": {"0": 210, "1": 90.0000991821289}, "flags": {"collapsed": true}, "order": 44, "mode": 0, "inputs": [{"name": "text1", "type": "STRING", "link": 497, "widget": {"name": "text1"}, "label": "text1"}, {"name": "text2", "type": "STRING", "link": 546, "widget": {"name": "text2"}, "label": "text2"}], "outputs": [{"name": "STRING", "type": "STRING", "links": [547], "shape": 3, "label": "STRING", "slot_index": 0}], "properties": {"Node name for S&R": "Concat Text _O"}, "widgets_values": ["", "", ","]}, {"id": 322, "type": "ShowText|pysssss", "pos": [-5274.589543628288, -3031.635526057449], "size": {"0": 490, "1": 80}, "flags": {}, "order": 47, "mode": 0, "inputs": [{"name": "text", "type": "STRING", "link": 547, "widget": {"name": "text"}, "label": "\u6587\u672c"}], "outputs": [{"name": "STRING", "type": "STRING", "links": [550], "shape": 6, "label": "\u5b57\u7b26\u4e32", "slot_index": 0}], "properties": {"Node name for S&R": "ShowText|pysssss"}, "widgets_values": ["", "Smiling character in a White Shirt\uff0cSmile\uff0clooking at viewer , White Female"]}, {"id": 267, "type": "GetNode", "pos": [-3096.2021201380444, -2207.7771624985553], "size": {"0": 210, "1": 58}, "flags": {}, "order": 9, "mode": 0, "outputs": [{"name": "IMAGE", "type": "IMAGE", "links": [471], "slot_index": 0}], "properties": {}, "widgets_values": ["Face-IN"]}, {"id": 319, "type": "Replace Text _O", "pos": [-5824.589543628288, -2981.635526057449], "size": {"0": 210, "1": 120}, "flags": {"collapsed": true}, "order": 37, "mode": 0, "inputs": [{"name": "text", "type": "STRING", "link": 538, "widget": {"name": "text"}, "label": "text"}], "outputs": [{"name": "STRING", "type": "STRING", "links": [539, 553], "shape": 3, "label": "STRING", "slot_index": 0}], "properties": {"Node name for S&R": "Replace Text _O"}, "widgets_values": ["", " ", ""]}, {"id": 246, "type": "Text _O", "pos": [-5376.978720212851, -2229.362502312712], "size": {"0": 210, "1": 76}, "flags": {}, "order": 10, "mode": 0, "outputs": [{"name": "STRING", "type": "STRING", "links": [432], "shape": 3, "label": "STRING", "slot_index": 0}], "title": "Female", "properties": {"Node name for S&R": "Text _O"}, "widgets_values": ["Female"]}, {"id": 277, "type": "Display Any (rgthree)", "pos": [-4876.978720212851, -2269.362502312712], "size": {"0": 210, "1": 76.0000991821289}, "flags": {}, "order": 45, "mode": 0, "inputs": [{"name": "source", "type": "*", "link": 479, "label": "\u8f93\u5165", "dir": 3}], "properties": {"Node name for S&R": "Display Any (rgthree)"}, "widgets_values": ["true"]}, {"id": 321, "type": "Concat Text _O", "pos": [-5214.589543628288, -3141.635526057449], "size": {"0": 210, "1": 80}, "flags": {"collapsed": true}, "order": 42, "mode": 0, "inputs": [{"name": "text1", "type": "STRING", "link": 552, "widget": {"name": "text1"}, "label": "text1"}, {"name": "text2", "type": "STRING", "link": 553, "widget": {"name": "text2"}, "label": "text2"}], "outputs": [{"name": "STRING", "type": "STRING", "links": [546], "shape": 3, "label": "STRING", "slot_index": 0}], "properties": {"Node name for S&R": "Concat Text _O"}, "widgets_values": ["", "", " "]}, {"id": 212, "type": "ApplyInstantID", "pos": [-2536.2021201380444, -2657.7771624985553], "size": {"0": 234.5703887939453, "1": 266}, "flags": {}, "order": 51, "mode": 0, "inputs": [{"name": "instantid", "type": "INSTANTID", "link": 379, "label": "InstantID"}, {"name": "insightface", "type": "FACEANALYSIS", "link": 380, "label": "InsightFace"}, {"name": "control_net", "type": "CONTROL_NET", "link": 381, "label": "ControlNet"}, {"name": "image", "type": "IMAGE", "link": 471, "label": "\u56fe\u50cf", "slot_index": 3}, {"name": "model", "type": "MODEL", "link": null, "label": "\u6a21\u578b"}, {"name": "positive", "type": "CONDITIONING", "link": 384, "label": "\u6b63\u9762\u6761\u4ef6"}, {"name": "negative", "type": "CONDITIONING", "link": 385, "label": "\u8d1f\u9762\u6761\u4ef6"}, {"name": "image_kps", "type": "IMAGE", "link": 470, "label": "\u56fe\u50cf_kps", "slot_index": 7}, {"name": "mask", "type": "MASK", "link": null, "label": "\u906e\u7f69"}], "outputs": [{"name": "MODEL", "type": "MODEL", "links": [372], "shape": 3, "slot_index": 0, "label": "\u6a21\u578b"}, {"name": "POSITIVE", "type": "CONDITIONING", "links": [373], "shape": 3, "slot_index": 1, "label": "POSITIVE"}, {"name": "NEGATIVE", "type": "CONDITIONING", "links": [374], "shape": 3, "slot_index": 2, "label": "NEGATIVE"}], "properties": {"Node name for S&R": "ApplyInstantID"}, "widgets_values": [0.8, 0.2, 0.9]}, {"id": 207, "type": "PreviewImage", "pos": [218.50080545610828, -976.2753905485465], "size": {"0": 3310, "1": 1660}, "flags": {}, "order": 11, "mode": 0, "inputs": [{"name": "images", "type": "IMAGE", "link": null, "label": "\u56fe\u50cf"}], "properties": {"Node name for S&R": "PreviewImage"}}, {"id": 214, "type": "Image scale to side", "pos": [-5330, -1020], "size": {"0": 210, "1": 130}, "flags": {"collapsed": true}, "order": 25, "mode": 0, "inputs": [{"name": "image", "type": "IMAGE", "link": 500, "label": "\u56fe\u50cf"}], "outputs": [{"name": "IMAGE", "type": "IMAGE", "links": [468], "shape": 3, "label": "\u56fe\u50cf", "slot_index": 0}], "properties": {"Node name for S&R": "Image scale to side"}, "widgets_values": [1024, "Longest", "nearest-exact", "disabled"]}, {"id": 264, "type": "SetNode", "pos": [-5380, -960], "size": {"0": 210, "1": 58}, "flags": {"collapsed": false}, "order": 32, "mode": 0, "inputs": [{"name": "IMAGE", "type": "IMAGE", "link": 468}], "outputs": [{"name": "*", "type": "*", "links": null, "label": "\u8f93\u51fa"}], "properties": {"previousName": "Face-IN"}, "widgets_values": ["Face-IN"]}, {"id": 213, "type": "LoadImage", "pos": [-5120, -1030], "size": {"0": 1360, "1": 1440}, "flags": {}, "order": 12, "mode": 0, "outputs": [{"name": "IMAGE", "type": "IMAGE", "links": [500], "shape": 3, "slot_index": 0, "label": "\u56fe\u50cf"}, {"name": "MASK", "type": "MASK", "links": null, "shape": 3, "label": "\u906e\u7f69"}], "properties": {"Node name for S&R": "LoadImage"}, "widgets_values": ["269057-frederika (1).jpg", "image"]}, {"id": 219, "type": "Image scale to side", "pos": [-5953.164817477258, -1050.0149108259097], "size": {"0": 261.3327941894531, "1": 130}, "flags": {}, "order": 35, "mode": 0, "inputs": [{"name": "image", "type": "IMAGE", "link": 597, "label": "\u56fe\u50cf"}], "outputs": [{"name": "IMAGE", "type": "IMAGE", "links": [507], "shape": 3, "label": "\u56fe\u50cf", "slot_index": 0}], "properties": {"Node name for S&R": "Image scale to side"}, "widgets_values": [1024, "Longest", "nearest-exact", "disabled"], "color": "#232", "bgcolor": "#353"}, {"id": 206, "type": "CheckpointLoaderSimple", "pos": [-6920, -2640], "size": {"0": 480, "1": 100}, "flags": {}, "order": 13, "mode": 0, "outputs": [{"name": "MODEL", "type": "MODEL", "links": [398], "slot_index": 0, "label": "\u6a21\u578b"}, {"name": "CLIP", "type": "CLIP", "links": [457], "slot_index": 1, "label": "CLIP"}, {"name": "VAE", "type": "VAE", "links": [458], "slot_index": 2, "label": "VAE"}], "properties": {"Node name for S&R": "CheckpointLoaderSimple"}, "widgets_values": ["SDXL\\juggernautXL_v9Rdphoto2Lightning.safetensors"]}, {"id": 232, "type": "LoraLoaderModelOnly", "pos": [-6850, -2200], "size": {"0": 320, "1": 82}, "flags": {}, "order": 33, "mode": 0, "inputs": [{"name": "model", "type": "MODEL", "link": 411, "label": "\u6a21\u578b"}], "outputs": [{"name": "MODEL", "type": "MODEL", "links": [456], "shape": 3, "label": "\u6a21\u578b", "slot_index": 0}], "properties": {"Node name for S&R": "LoraLoaderModelOnly"}, "widgets_values": ["PT\u6ed1\u5757\\professional\u4e13\u4e1a\u611f.pt", 1]}, {"id": 223, "type": "StyleAlignedBatchAlign", "pos": [-6890, -2430], "size": {"0": 210, "1": 110}, "flags": {}, "order": 26, "mode": 0, "inputs": [{"name": "model", "type": "MODEL", "link": 398, "label": "model"}], "outputs": [{"name": "MODEL", "type": "MODEL", "links": [411], "shape": 3, "label": "MODEL", "slot_index": 0}], "properties": {"Node name for S&R": "StyleAlignedBatchAlign"}, "widgets_values": ["both", "q+k", 1]}, {"id": 261, "type": "Anything Everywhere3", "pos": [-6640, -2420], "size": {"0": 210, "1": 66}, "flags": {}, "order": 38, "mode": 0, "inputs": [{"name": "MODEL", "type": "*", "link": 456, "label": "\u8f93\u5165", "color_on": "#8978a7"}, {"name": "CLIP", "type": "*", "link": 457, "label": "\u8f93\u51652", "color_on": "#eacb8b"}, {"name": "VAE", "type": "*", "link": 458, "label": "\u8f93\u51653", "color_on": "#be616b"}], "properties": {"Node name for S&R": "Anything Everywhere3", "group_restricted": 0, "color_restricted": 0}, "widgets_values": []}, {"id": 327, "type": "LoadImage", "pos": [-1207.5562201605912, -2659.887559678818], "size": {"0": 230, "1": 320}, "flags": {}, "order": 14, "mode": 0, "outputs": [{"name": "IMAGE", "type": "IMAGE", "links": [559], "shape": 3, "label": "\u56fe\u50cf", "slot_index": 0}, {"name": "MASK", "type": "MASK", "links": [560], "shape": 3, "label": "\u906e\u7f69", "slot_index": 1}], "properties": {"Node name for S&R": "LoadImage"}, "widgets_values": ["mask.png", "image"]}, {"id": 216, "type": "ControlNetLoader", "pos": [-3660, -2670], "size": {"0": 400, "1": 60}, "flags": {}, "order": 15, "mode": 0, "outputs": [{"name": "CONTROL_NET", "type": "CONTROL_NET", "links": [390], "shape": 3, "label": "ControlNet"}], "properties": {"Node name for S&R": "ControlNetLoader"}, "widgets_values": ["thibaud_xl_openpose_256lora.safetensors"]}, {"id": 215, "type": "ControlNetApplyAdvanced", "pos": [-3640, -2560], "size": {"0": 330, "1": 180}, "flags": {}, "order": 50, "mode": 0, "inputs": [{"name": "positive", "type": "CONDITIONING", "link": 420, "label": "\u6b63\u9762\u6761\u4ef6"}, {"name": "negative", "type": "CONDITIONING", "link": 389, "label": "\u8d1f\u9762\u6761\u4ef6"}, {"name": "control_net", "type": "CONTROL_NET", "link": 390, "slot_index": 2, "label": "ControlNet"}, {"name": "image", "type": "IMAGE", "link": 508, "label": "\u56fe\u50cf"}], "outputs": [{"name": "positive", "type": "CONDITIONING", "links": [384], "shape": 3, "slot_index": 0, "label": "\u6b63\u9762\u6761\u4ef6"}, {"name": "negative", "type": "CONDITIONING", "links": [385], "shape": 3, "slot_index": 1, "label": "\u8d1f\u9762\u6761\u4ef6"}], "properties": {"Node name for S&R": "ControlNetApplyAdvanced"}, "widgets_values": [1, 0, 1]}, {"id": 221, "type": "ImageGenResolutionFromImage", "pos": [-3650, -2190], "size": {"0": 140, "1": 46}, "flags": {}, "order": 27, "mode": 0, "inputs": [{"name": "image", "type": "IMAGE", "link": 509, "label": "\u56fe\u50cf"}], "outputs": [{"name": "IMAGE_GEN_WIDTH (INT)", "type": "INT", "links": [401], "shape": 3, "label": "\u5bbd\u5ea6(\u6574\u6570)", "slot_index": 0}, {"name": "IMAGE_GEN_HEIGHT (INT)", "type": "INT", "links": [402], "shape": 3, "label": "\u9ad8\u5ea6(\u6574\u6570)", "slot_index": 1}], "properties": {"Node name for S&R": "ImageGenResolutionFromImage"}}, {"id": 292, "type": "GetNode", "pos": [-3670, -2320], "size": {"0": 210, "1": 58}, "flags": {}, "order": 16, "mode": 0, "outputs": [{"name": "IMAGE", "type": "IMAGE", "links": [508, 509], "slot_index": 0}], "properties": {}, "widgets_values": ["Pose-IN"]}, {"id": 226, "type": "EmptyLatentImage", "pos": [-3470, -2190], "size": {"0": 210, "1": 78}, "flags": {}, "order": 34, "mode": 0, "inputs": [{"name": "width", "type": "INT", "link": 401, "widget": {"name": "width"}, "label": "\u5bbd\u5ea6", "slot_index": 0}, {"name": "height", "type": "INT", "link": 402, "widget": {"name": "height"}, "label": "\u9ad8\u5ea6"}], "outputs": [{"name": "LATENT", "type": "LATENT", "links": [463], "shape": 3, "label": "Latent", "slot_index": 0}], "properties": {"Node name for S&R": "EmptyLatentImage"}, "widgets_values": [512, 512, 8]}, {"id": 262, "type": "Anything Everywhere", "pos": [-3440, -2290], "size": {"0": 210, "1": 26}, "flags": {}, "order": 39, "mode": 0, "inputs": [{"name": "LATENT", "type": "*", "link": 463, "label": "\u8f93\u5165", "color_on": "#b38ead"}], "properties": {"Node name for S&R": "Anything Everywhere", "group_restricted": 0, "color_restricted": 0}, "widgets_values": []}, {"id": 224, "type": "BatchPromptSchedule", "pos": [-4110.342534504955, -2559.658197916918], "size": {"0": 250, "1": 360}, "flags": {}, "order": 49, "mode": 0, "inputs": [{"name": "clip", "type": "CLIP", "link": null, "label": "CLIP"}, {"name": "text", "type": "STRING", "link": 549, "widget": {"name": "text"}, "label": "\u6587\u672c"}, {"name": "app_text", "type": "STRING", "link": 550, "widget": {"name": "app_text"}, "label": "\u9644\u52a0\u6587\u672c"}], "outputs": [{"name": "POS", "type": "CONDITIONING", "links": [420], "shape": 3, "slot_index": 0, "label": "POS"}, {"name": "NEG", "type": "CONDITIONING", "links": [389], "shape": 3, "slot_index": 1, "label": "NEG"}], "properties": {"Node name for S&R": "BatchPromptSchedule"}, "widgets_values": ["\"0\" :\"4-year-old,litte baby\uff0ckawaii,short hair \",\n\"1\" :\"14-year-old,cute kid,short hair \",\n\"2\" :\"24-year-old,young girl,long hair \",\n\"3\" :\"34-year-old,woman,long hair \",\n\"4\" :\"44-year-old,old woman\",\n\"5\" :\"64-year-old,old woman,gray hair\",\n\"6\" :\"84-year-old,old woman,white hair\",\n\"7\" :\"94-year-old,old woman,white hair\",", 8, false, "professional portrait, realistic photography, perfect details, highest quality, master's masterpiece . 35mm photograph, film, bokeh, professional, 4k,", "Portrait of a ", 0, 0, 0, 0, 0]}, {"id": 247, "type": "ShowText|pysssss", "pos": [-4500.342534504955, -2539.658197916918], "size": {"0": 320, "1": 170}, "flags": {}, "order": 48, "mode": 0, "inputs": [{"name": "text", "type": "STRING", "link": 595, "widget": {"name": "text"}, "label": "\u6587\u672c"}], "outputs": [{"name": "STRING", "type": "STRING", "links": [549], "shape": 6, "label": "\u5b57\u7b26\u4e32", "slot_index": 0}], "properties": {"Node name for S&R": "ShowText|pysssss"}, "widgets_values": ["", "\"0\" :\"4-year-old,litte girl\uff0cbaby:2\uff0ckawaii,short hair \",\n\"1\" :\"14-year-old,cute kid,girl \",\n\"2\" :\"24-year-old,young girl,long hair \",\n\"3\" :\"34-year-old,woman,long hair \",\n\"4\" :\"44-year-old,old woman\",\n\"5\" :\"64-year-old,old woman,gray hair\",\n\"6\" :\"84-year-old,old woman,wrinkles,white hair\",\n\"7\" :\"104-year-old,old woman,wrinkles:2,white hair\", "]}, {"id": 239, "type": "Text _O", "pos": [-6167.7805699769515, -2604.348043381745], "size": {"0": 390, "1": 160}, "flags": {}, "order": 17, "mode": 0, "outputs": [{"name": "STRING", "type": "STRING", "links": [593], "shape": 3, "label": "STRING", "slot_index": 0}], "title": "Female", "properties": {"Node name for S&R": "Text _O"}, "widgets_values": ["\"0\" :\"4-year-old,litte girl\uff0cbaby:2\uff0ckawaii,short hair \",\n\"1\" :\"14-year-old,cute kid,girl \",\n\"2\" :\"24-year-old,young girl,long hair \",\n\"3\" :\"34-year-old,woman,long hair \",\n\"4\" :\"44-year-old,old woman\",\n\"5\" :\"64-year-old,old woman,gray hair\",\n\"6\" :\"84-year-old,old woman,wrinkles,white hair\",\n\"7\" :\"104-year-old,old woman,wrinkles:2,white hair\","]}, {"id": 238, "type": "Text _O", "pos": [-6157.7805699769515, -2304.348043381745], "size": {"0": 390, "1": 150}, "flags": {}, "order": 18, "mode": 0, "outputs": [{"name": "STRING", "type": "STRING", "links": [594], "shape": 3, "label": "STRING", "slot_index": 0}], "title": "Male", "properties": {"Node name for S&R": "Text _O"}, "widgets_values": ["\"0\" :\"4-year-old,litte boy\uff0cbaby:2,kawaii,short hair\",\n\"1\" :\"14-year-old,cute boy,short hair\",\n\"2\" :\"24-year-old,handsome man\",\n\"3\" :\"34-year-old,handsome man\",\n\"4\" :\"44-year-old,old man\",\n\"5\" :\"64-year-old,old man,gray hair\",\n\"6\" :\"84-year-old,old man,wrinkles,white hair\",\n\"7\" :\"104-year-old,old man,wrinkles:2,bald,white hair\","]}, {"id": 245, "type": "easy compare", "pos": [-5136.978720212851, -2379.362502312712], "size": {"0": 210, "1": 80}, "flags": {}, "order": 43, "mode": 0, "inputs": [{"name": "a", "type": "*", "link": 537, "label": "A", "slot_index": 0}, {"name": "b", "type": "*", "link": 432, "label": "B"}], "outputs": [{"name": "boolean", "type": "BOOLEAN", "links": [479, 588], "shape": 3, "label": "\u5e03\u5c14", "slot_index": 0}], "properties": {"Node name for S&R": "easy compare"}, "widgets_values": ["a <= b"]}, {"id": 354, "type": "Text Input Switch", "pos": [-4880, -2540], "size": {"0": 210, "1": 74}, "flags": {}, "order": 46, "mode": 0, "inputs": [{"name": "text_a", "type": "STRING", "link": 593, "widget": {"name": "text_a"}, "label": "\u6587\u672c_A"}, {"name": "text_b", "type": "STRING", "link": 594, "widget": {"name": "text_b"}, "label": "\u6587\u672c_B"}, {"name": "boolean", "type": "BOOLEAN", "link": 588, "widget": {"name": "boolean"}}], "outputs": [{"name": "STRING", "type": "STRING", "links": [595], "shape": 3, "label": "\u5b57\u7b26\u4e32", "slot_index": 0}], "properties": {"Node name for S&R": "Text Input Switch"}, "widgets_values": ["", "", false]}, {"id": 290, "type": "LoadImage", "pos": [-6751.842108887017, -1050.0152770368472], "size": {"0": 710, "1": 820}, "flags": {}, "order": 19, "mode": 0, "outputs": [{"name": "IMAGE", "type": "IMAGE", "links": [596], "shape": 3, "label": "\u56fe\u50cf", "slot_index": 0}, {"name": "MASK", "type": "MASK", "links": null, "shape": 3, "label": "\u906e\u7f69"}], "properties": {"Node name for S&R": "LoadImage"}, "widgets_values": ["pasted/image (159).png", "image"]}, {"id": 358, "type": "AIO_Preprocessor", "pos": [-5960, -710], "size": {"0": 315, "1": 82}, "flags": {}, "order": 28, "mode": 4, "inputs": [{"name": "image", "type": "IMAGE", "link": 596, "label": "\u56fe\u50cf"}], "outputs": [{"name": "IMAGE", "type": "IMAGE", "links": [597], "shape": 3, "label": "\u56fe\u50cf", "slot_index": 0}], "properties": {"Node name for S&R": "AIO_Preprocessor"}, "widgets_values": ["MediaPipe-FaceMeshPreprocessor", 1024]}, {"id": 353, "type": "Note", "pos": [-7360, -2680], "size": {"0": 340, "1": 330}, "flags": {}, "order": 20, "mode": 0, "properties": {"text": ""}, "widgets_values": ["CKPT\uff1a\nhttps://civitai.com/models/133005?modelVersionId=357609\n\nStyleAligned\uff1a\nhttps://github.com/brianfitzgerald/style_aligned_comfy\n\nPT-Lora\uff1a\nhttps://sliders.baulab.info/weights/xl_sliders/professional.pt\n\nVLM\uff1a\nhttps://github.com/gokayfem/ComfyUI_VLM_nodes\n\nOpenpose-ControlNet\uff1a\nhttps://huggingface.co/thibaud/controlnet-openpose-sdxl-1.0/resolve/main/control-lora-openposeXL2-rank256.safetensors\n\nInstantID:\nhttps://github.com/cubiq/ComfyUI_InstantID\n\nBGMusic\uff1a\nForeverYoung\n\n"], "color": "#432", "bgcolor": "#653"}, {"id": 225, "type": "VHS_VideoCombine", "pos": [-2813.470921753019, -1003.2624302436277], "size": [1320, 1600], "flags": {}, "order": 29, "mode": 0, "inputs": [{"name": "images", "type": "IMAGE", "link": 610, "label": "\u56fe\u50cf"}, {"name": "audio", "type": "VHS_AUDIO", "link": 601, "label": "\u97f3\u9891"}, {"name": "batch_manager", "type": "VHS_BatchManager", "link": null, "label": "\u6279\u6b21\u7ba1\u7406"}], "outputs": [{"name": "Filenames", "type": "VHS_FILENAMES", "links": null, "shape": 3, "label": "\u6587\u4ef6\u540d"}], "properties": {"Node name for S&R": "VHS_VideoCombine"}, "widgets_values": {"frame_rate": 12, "loop_count": 0, "filename_prefix": "Age/Age", "format": "video/h264-mp4", "pix_fmt": "yuv420p", "crf": 19, "save_metadata": true, "pingpong": false, "save_output": true, "videopreview": {"hidden": false, "paused": false, "params": {"filename": "Age_00048-audio.mp4", "subfolder": "Age", "type": "output", "format": "video/h264-mp4"}}}}, {"id": 336, "type": "LoadImage", "pos": [-917.5562201605909, -2649.887559678818], "size": {"0": 210, "1": 320}, "flags": {}, "order": 21, "mode": 0, "outputs": [{"name": "IMAGE", "type": "IMAGE", "links": [566], "shape": 3, "label": "\u56fe\u50cf", "slot_index": 0}, {"name": "MASK", "type": "MASK", "links": [567], "shape": 3, "label": "\u906e\u7f69", "slot_index": 1}], "properties": {"Node name for S&R": "LoadImage"}, "widgets_values": ["logo.png", "image"]}, {"id": 331, "type": "LayerUtility: ImageBlend", "pos": [-1207.5562201605912, -2259.887559678818], "size": {"0": 210, "1": 150}, "flags": {}, "order": 55, "mode": 0, "inputs": [{"name": "background_image", "type": "IMAGE", "link": 607, "label": "\u80cc\u666f\u56fe\u50cf"}, {"name": "layer_image", "type": "IMAGE", "link": 559, "label": "\u56fe\u50cf\u5c42"}, {"name": "layer_mask", "type": "MASK", "link": 560, "label": "\u906e\u7f69\u5c42"}], "outputs": [{"name": "image", "type": "IMAGE", "links": [605], "shape": 3, "label": "\u56fe\u50cf", "slot_index": 0}], "properties": {"Node name for S&R": "LayerUtility: ImageBlend"}, "widgets_values": [true, "multply", 100]}, {"id": 227, "type": "RIFE VFI", "pos": [-1650, -2550], "size": {"0": 210, "1": 200}, "flags": {}, "order": 53, "mode": 0, "inputs": [{"name": "frames", "type": "IMAGE", "link": 606, "label": "\u56fe\u50cf"}, {"name": "optional_interpolation_states", "type": "INTERPOLATION_STATES", "link": null, "label": "\u63d2\u503c\u89c4\u5219(\u53ef\u9009)"}], "outputs": [{"name": "IMAGE", "type": "IMAGE", "links": [607], "shape": 3, "label": "\u56fe\u50cf", "slot_index": 0}], "properties": {"Node name for S&R": "RIFE VFI"}, "widgets_values": ["rife47.pth", 10, 24, true, true, 1]}, {"id": 205, "type": "KSampler (Efficient)", "pos": [-2154.1282452852965, -2653.838472856004], "size": [240, 560], "flags": {}, "order": 52, "mode": 0, "inputs": [{"name": "model", "type": "MODEL", "link": 372, "label": "\u6a21\u578b"}, {"name": "positive", "type": "CONDITIONING", "link": 373, "label": "\u6b63\u9762\u6761\u4ef6"}, {"name": "negative", "type": "CONDITIONING", "link": 374, "label": "\u8d1f\u9762\u6761\u4ef6"}, {"name": "latent_image", "type": "LATENT", "link": null, "label": "Latent", "slot_index": 3}, {"name": "optional_vae", "type": "VAE", "link": null, "label": "VAE(\u53ef\u9009)"}, {"name": "script", "type": "SCRIPT", "link": null, "label": "\u811a\u672c"}], "outputs": [{"name": "MODEL", "type": "MODEL", "links": [], "shape": 3, "label": "\u6a21\u578b", "slot_index": 0}, {"name": "CONDITIONING+", "type": "CONDITIONING", "links": [], "shape": 3, "label": "\u6b63\u9762\u6761\u4ef6", "slot_index": 1}, {"name": "CONDITIONING-", "type": "CONDITIONING", "links": [], "shape": 3, "label": "\u8d1f\u9762\u6761\u4ef6", "slot_index": 2}, {"name": "LATENT", "type": "LATENT", "links": null, "shape": 3, "label": "Latent"}, {"name": "VAE", "type": "VAE", "links": [], "shape": 3, "label": "VAE", "slot_index": 4}, {"name": "IMAGE", "type": "IMAGE", "links": [606, 608], "shape": 3, "slot_index": 5, "label": "\u56fe\u50cf"}], "properties": {"Node name for S&R": "KSampler (Efficient)"}, "widgets_values": [1, null, 8, 2, "dpmpp_sde", "karras", 1, "auto", "true"], "color": "#223322", "bgcolor": "#335533", "shape": 1}, {"id": 360, "type": "Anything Everywhere", "pos": [-1610, -2230], "size": {"0": 140, "1": 30}, "flags": {}, "order": 54, "mode": 0, "inputs": [{"name": "IMAGE", "type": "*", "link": 608, "label": "\u8f93\u5165", "color_on": "#80a1c0"}], "properties": {"Node name for S&R": "Anything Everywhere", "group_restricted": 0, "color_restricted": 0}, "widgets_values": []}, {"id": 335, "type": "LayerUtility: ImageBlend", "pos": [-917.5562201605909, -2259.887559678818], "size": {"0": 210, "1": 150}, "flags": {}, "order": 56, "mode": 0, "inputs": [{"name": "background_image", "type": "IMAGE", "link": 605, "label": "\u80cc\u666f\u56fe\u50cf"}, {"name": "layer_image", "type": "IMAGE", "link": 566, "label": "\u56fe\u50cf\u5c42"}, {"name": "layer_mask", "type": "MASK", "link": 567, "label": "\u906e\u7f69\u5c42"}], "outputs": [{"name": "image", "type": "IMAGE", "links": [609], "shape": 3, "label": "\u56fe\u50cf", "slot_index": 0}], "properties": {"Node name for S&R": "LayerUtility: ImageBlend"}, "widgets_values": [true, "normal", 100]}, {"id": 361, "type": "SetNode", "pos": [-680, -2260], "size": [210, 60], "flags": {}, "order": 57, "mode": 0, "inputs": [{"name": "IMAGE", "type": "IMAGE", "link": 609}], "outputs": [{"name": "*", "type": "*", "links": null, "label": "\u8f93\u51fa"}], "title": "Set_IMG-Output", "properties": {"previousName": ""}, "widgets_values": ["IMG-Output"]}, {"id": 362, "type": "GetNode", "pos": [-3390, -1000], "size": {"0": 210, "1": 58}, "flags": {}, "order": 22, "mode": 0, "outputs": [{"name": "IMAGE", "type": "IMAGE", "links": [610], "slot_index": 0}], "title": "Get_IMG-Output", "properties": {}, "widgets_values": ["IMG-Output"]}, {"id": 229, "type": "VHS_LoadAudio", "pos": [-3430, -840], "size": {"0": 315, "1": 82}, "flags": {}, "order": 23, "mode": 0, "outputs": [{"name": "audio", "type": "VHS_AUDIO", "links": [601], "shape": 3, "label": "\u97f3\u9891", "slot_index": 0}], "properties": {"Node name for S&R": "VHS_LoadAudio"}, "widgets_values": {"audio_file": "D:\\ComfyUI_K\\ComfyUI\\input\\ForeverYoung.MP3", "seek_seconds": 0}}], "links": [[372, 212, 0, 205, 0, "MODEL"], [373, 212, 1, 205, 1, "CONDITIONING"], [374, 212, 2, 205, 2, "CONDITIONING"], [379, 209, 0, 212, 0, "INSTANTID"], [380, 211, 0, 212, 1, "FACEANALYSIS"], [381, 210, 0, 212, 2, "CONTROL_NET"], [384, 215, 0, 212, 5, "CONDITIONING"], [385, 215, 1, 212, 6, "CONDITIONING"], [389, 224, 1, 215, 1, "CONDITIONING"], [390, 216, 0, 215, 2, "CONTROL_NET"], [398, 206, 0, 223, 0, "MODEL"], [401, 221, 0, 226, 0, "INT"], [402, 221, 1, 226, 1, "INT"], [411, 223, 0, 232, 0, "MODEL"], [420, 224, 0, 215, 0, "CONDITIONING"], [432, 246, 0, 245, 1, "*"], [456, 232, 0, 261, 0, "MODEL"], [457, 206, 1, 261, 1, "CLIP"], [458, 206, 2, 261, 2, "VAE"], [463, 226, 0, 262, 0, "LATENT"], [468, 214, 0, 264, 0, "*"], [470, 266, 0, 212, 7, "IMAGE"], [471, 267, 0, 212, 3, "IMAGE"], [479, 245, 0, 277, 0, "*"], [497, 286, 0, 287, 0, "STRING"], [500, 213, 0, 214, 0, "IMAGE"], [507, 219, 0, 255, 0, "IMAGE"], [508, 292, 0, 215, 3, "IMAGE"], [509, 292, 0, 221, 0, "IMAGE"], [517, 305, 0, 304, 1, "CUSTOM"], [518, 307, 0, 304, 2, "STRING"], [519, 306, 0, 305, 0, "CUSTOM"], [520, 304, 0, 308, 0, "STRING"], [527, 296, 0, 304, 0, "IMAGE"], [528, 305, 0, 314, 1, "CUSTOM"], [529, 296, 0, 314, 0, "IMAGE"], [530, 315, 0, 314, 2, "STRING"], [537, 318, 0, 245, 0, "*"], [538, 314, 0, 319, 0, "STRING"], [539, 319, 0, 318, 0, "STRING"], [546, 321, 0, 287, 1, "STRING"], [547, 287, 0, 322, 0, "STRING"], [549, 247, 0, 224, 1, "STRING"], [550, 322, 0, 224, 2, "STRING"], [552, 308, 0, 321, 0, "STRING"], [553, 319, 0, 321, 1, "STRING"], [559, 327, 0, 331, 1, "IMAGE"], [560, 327, 1, 331, 2, "MASK"], [566, 336, 0, 335, 1, "IMAGE"], [567, 336, 1, 335, 2, "MASK"], [588, 245, 0, 354, 2, "BOOLEAN"], [593, 239, 0, 354, 0, "STRING"], [594, 238, 0, 354, 1, "STRING"], [595, 354, 0, 247, 0, "STRING"], [596, 290, 0, 358, 0, "IMAGE"], [597, 358, 0, 219, 0, "IMAGE"], [601, 229, 0, 225, 1, "VHS_AUDIO"], [605, 331, 0, 335, 0, "IMAGE"], [606, 205, 5, 227, 0, "IMAGE"], [607, 227, 0, 331, 0, "IMAGE"], [608, 205, 5, 360, 0, "IMAGE"], [609, 335, 0, 361, 0, "*"], [610, 362, 0, 225, 0, "IMAGE"]], "groups": [{"title": "\u59ff\u6001Pose+Resize", "bounding": [-6796, -1268, 1175, 1063], "color": "#3f789e", "font_size": 100, "locked": false}, {"title": "\u8f93\u5165\u9762\u90e8", "bounding": [-5423, -1257, 1708, 1716], "color": "#3f789e", "font_size": 100, "locked": false}, {"title": "\u56fe\u7247\u751f\u6210", "bounding": [157, -1190, 3401, 1948], "color": "#3f789e", "font_size": 100, "locked": false}, {"title": "\u89c6\u9891\u5408\u6210", "bounding": [-2911, -1247, 1491, 1926], "color": "#3f789e", "font_size": 100, "locked": false}, {"title": "      All Your Life - \u4f60\u4e00\u751f\u7684\u6545\u4e8b - By Rui           ", "bounding": [-6928, -1966, 5921, 415], "color": "#3f789e", "font_size": 300, "locked": false}, {"title": "\u80cc\u666f\u97f3\u4e50", "bounding": [-3521, -1217, 497, 536], "color": "#3f789e", "font_size": 100, "locked": false}, {"title": "\u63d0\u793a\u8bcd-Prompt", "bounding": [-6267, -2857, 675, 777], "color": "#3f789e", "font_size": 100, "locked": false}, {"title": "\u6027\u522b\u5224\u5b9a-Gender", "bounding": [-5486, -2861, 878, 787], "color": "#3f789e", "font_size": 100, "locked": false}, {"title": "\u6a21\u578b-Model", "bounding": [-6946, -2862, 587, 789], "color": "#3f789e", "font_size": 100, "locked": false}, {"title": "Fizz\u63d0\u793a\u8bcd\u8c03\u5ea6", "bounding": [-4522, -2858, 719, 782], "color": "#3f789e", "font_size": 100, "locked": false}, {"title": "ControlNet", "bounding": [-3710, -2854, 542, 779], "color": "#3f789e", "font_size": 100, "locked": false}, {"title": "InstantID", "bounding": [-3120, -2854, 861, 782], "color": "#3f789e", "font_size": 100, "locked": false}, {"title": "\u8865\u95f4\u751f\u6210", "bounding": [-1749, -2847, 443, 782], "color": "#3f789e", "font_size": 100, "locked": false}, {"title": "Ksampler", "bounding": [-2228, -2847, 450, 781], "color": "#3f789e", "font_size": 100, "locked": false}, {"title": "\u53cd\u63a8\u89d2\u8272\u63cf\u8ff0-VLM Prompt", "bounding": [-6942, -3532, 2338, 621], "color": "#3f789e", "font_size": 100, "locked": false}, {"title": "Add Logo", "bounding": [-1281, -2847, 842, 785], "color": "#3f789e", "font_size": 100, "locked": false}], "config": {}, "extra": {"0246.VERSION": [0, 0, 4], "groupNodes": {}, "ds": {"scale": 0.40909090909090967, "offset": [4914.410462314908, 2482.1432070004694]}, "workspace_info": {"id": "e05966c2-6f4a-4858-91d7-7753a7442e36"}}, "version": 0.4}