{"last_node_id":405,"last_link_id":705,"nodes":[{"id":211,"type":"InstantIDFaceAnalysis","pos":{"0":-3000,"1":-2520},"size":{"0":210,"1":58},"flags":{},"order":0,"mode":0,"inputs":[],"outputs":[{"name":"FACEANALYSIS","type":"FACEANALYSIS","links":[380],"slot_index":0,"shape":3,"label":"FACEANALYSIS"}],"properties":{"Node name for S&R":"InstantIDFaceAnalysis"},"widgets_values":["CUDA"]},{"id":209,"type":"InstantIDModelLoader","pos":{"0":-3010,"1":-2660},"size":{"0":240,"1":60},"flags":{},"order":1,"mode":0,"inputs":[],"outputs":[{"name":"INSTANTID","type":"INSTANTID","links":[379],"slot_index":0,"shape":3,"label":"INSTANTID"}],"properties":{"Node name for S&R":"InstantIDModelLoader"},"widgets_values":["ip-adapter_instant_id_sdxl.bin"]},{"id":216,"type":"ControlNetLoader","pos":{"0":-3660,"1":-2670},"size":{"0":400,"1":60},"flags":{},"order":2,"mode":0,"inputs":[],"outputs":[{"name":"CONTROL_NET","type":"CONTROL_NET","links":[390],"shape":3,"label":"CONTROL_NET"}],"properties":{"Node name for S&R":"ControlNetLoader"},"widgets_values":["thibaud_xl_openpose_256lora.safetensors"]},{"id":385,"type":"Reroute","pos":{"0":-880,"1":-2640},"size":[75,26],"flags":{},"order":27,"mode":0,"inputs":[{"name":"","type":"*","link":684,"label":""}],"outputs":[{"name":"","type":"IMAGE","links":[655],"slot_index":0,"label":""}],"properties":{"showOutputText":false,"horizontal":false}},{"id":215,"type":"ControlNetApplyAdvanced","pos":{"0":-3620,"1":-2550},"size":{"0":330,"1":186},"flags":{},"order":22,"mode":0,"inputs":[{"name":"positive","type":"CONDITIONING","link":420,"label":"positive"},{"name":"negative","type":"CONDITIONING","link":389,"label":"negative"},{"name":"control_net","type":"CONTROL_NET","link":390,"slot_index":2,"label":"control_net"},{"name":"image","type":"IMAGE","link":648,"label":"image"},{"name":"vae","type":"VAE","link":null,"label":"vae"}],"outputs":[{"name":"positive","type":"CONDITIONING","links":[384],"slot_index":0,"shape":3,"label":"positive"},{"name":"negative","type":"CONDITIONING","links":[385],"slot_index":1,"shape":3,"label":"negative"}],"properties":{"Node name for S&R":"ControlNetApplyAdvanced"},"widgets_values":[1,0,1]},{"id":212,"type":"ApplyInstantID","pos":{"0":-2560,"1":-2650},"size":{"0":234.5703887939453,"1":266},"flags":{},"order":23,"mode":0,"inputs":[{"name":"instantid","type":"INSTANTID","link":379,"label":"instantid"},{"name":"insightface","type":"FACEANALYSIS","link":380,"label":"insightface"},{"name":"control_net","type":"CONTROL_NET","link":381,"label":"control_net"},{"name":"image","type":"IMAGE","link":690,"slot_index":3,"label":"image"},{"name":"model","type":"MODEL","link":659,"label":"model"},{"name":"positive","type":"CONDITIONING","link":384,"label":"positive"},{"name":"negative","type":"CONDITIONING","link":385,"label":"negative"},{"name":"image_kps","type":"IMAGE","link":649,"slot_index":7,"label":"image_kps"},{"name":"mask","type":"MASK","link":null,"label":"mask"}],"outputs":[{"name":"MODEL","type":"MODEL","links":[671],"slot_index":0,"shape":3,"label":"MODEL"},{"name":"POSITIVE","type":"CONDITIONING","links":[373],"slot_index":1,"shape":3,"label":"POSITIVE"},{"name":"NEGATIVE","type":"CONDITIONING","links":[374],"slot_index":2,"shape":3,"label":"NEGATIVE"}],"properties":{"Node name for S&R":"ApplyInstantID"},"widgets_values":[0.8,0.2,0.9]},{"id":210,"type":"ControlNetLoader","pos":{"0":-3090,"1":-2400},"size":{"0":445.3599853515625,"1":58},"flags":{},"order":3,"mode":0,"inputs":[],"outputs":[{"name":"CONTROL_NET","type":"CONTROL_NET","links":[381],"slot_index":0,"shape":3,"label":"CONTROL_NET"}],"properties":{"Node name for S&R":"ControlNetLoader"},"widgets_values":["control_instant_id_sdxl.safetensors"]},{"id":224,"type":"BatchPromptSchedule","pos":{"0":-4070,"1":-2630},"size":{"0":250,"1":360},"flags":{},"order":21,"mode":0,"inputs":[{"name":"clip","type":"CLIP","link":661,"label":"clip"},{"name":"text","type":"STRING","link":705,"widget":{"name":"text"},"label":"text"},{"name":"app_text","type":"STRING","link":620,"widget":{"name":"app_text"},"label":"app_text"}],"outputs":[{"name":"POS","type":"CONDITIONING","links":[420],"slot_index":0,"shape":3,"label":"POS"},{"name":"NEG","type":"CONDITIONING","links":[389],"slot_index":1,"shape":3,"label":"NEG"}],"properties":{"Node name for S&R":"BatchPromptSchedule"},"widgets_values":["\"0\" :\"4-year-old,litte baby，kawaii,short hair \",\n\"1\" :\"14-year-old,cute kid,short hair \",\n\"2\" :\"24-year-old,young girl,long hair \",\n\"3\" :\"34-year-old,woman,long hair \",\n\"4\" :\"44-year-old,old woman\",\n\"5\" :\"64-year-old,old woman,gray hair\",\n\"6\" :\"84-year-old,old woman,white hair\",\n\"7\" :\"94-year-old,old woman,white hair\",",8,false,"professional portrait, realistic photography, perfect details, highest quality, master's masterpiece . 35mm photograph, film, bokeh, professional, 4k,","Portrait of a ",0,0,0,0,0,0,true,true,true]},{"id":394,"type":"Image Filter Adjustments","pos":{"0":-1670,"1":-2560},"size":{"0":210,"1":240},"flags":{},"order":25,"mode":0,"inputs":[{"name":"image","type":"IMAGE","link":682,"label":"image"}],"outputs":[{"name":"IMAGE","type":"IMAGE","links":[683],"slot_index":0,"shape":3,"label":"IMAGE"}],"properties":{"Node name for S&R":"Image Filter Adjustments"},"widgets_values":[-0.05,1.1,0.5,1.2,0,0,0.3,"false"],"color":"rgba(0,0,0,.8)"},{"id":227,"type":"RIFE VFI","pos":{"0":-1360,"1":-2550},"size":{"0":319.20001220703125,"1":200},"flags":{},"order":26,"mode":0,"inputs":[{"name":"frames","type":"IMAGE","link":683,"label":"frames"},{"name":"optional_interpolation_states","type":"INTERPOLATION_STATES","link":null,"label":"optional_interpolation_states"}],"outputs":[{"name":"IMAGE","type":"IMAGE","links":[684],"slot_index":0,"shape":3,"label":"IMAGE"}],"properties":{"Node name for S&R":"RIFE VFI"},"widgets_values":["rife47.pth",10,24,true,true,1]},{"id":225,"type":"VHS_VideoCombine","pos":{"0":-750,"1":-2600},"size":[1280,2000],"flags":{},"order":28,"mode":0,"inputs":[{"name":"images","type":"IMAGE","link":655,"label":"images"},{"name":"audio","type":"AUDIO","link":694,"label":"audio"},{"name":"meta_batch","type":"VHS_BatchManager","link":null,"label":"meta_batch"},{"name":"vae","type":"VAE","link":null,"label":"vae"}],"outputs":[{"name":"Filenames","type":"VHS_FILENAMES","links":[685],"slot_index":0,"shape":3,"label":"Filenames"}],"properties":{"Node name for S&R":"VHS_VideoCombine"},"widgets_values":{"frame_rate":12,"loop_count":0,"filename_prefix":"test_092301","format":"video/h264-mp4","pix_fmt":"yuv420p","crf":19,"save_metadata":true,"pingpong":false,"save_output":true,"videopreview":{"hidden":false,"paused":false,"params":{"filename":"Age_00021.mp4","subfolder":"Age","type":"output","format":"video/h264-mp4","frame_rate":12}}}},{"id":395,"type":"Load Image From Url","pos":{"0":-4660,"1":-1890},"size":{"0":400,"1":200},"flags":{},"order":4,"mode":0,"inputs":[],"outputs":[{"name":"IMAGE","type":"IMAGE","links":[680],"slot_index":0,"shape":3,"label":"IMAGE"},{"name":"MASK","type":"MASK","links":null,"shape":3,"label":"MASK"}],"properties":{"Node name for S&R":"Load Image From Url"},"widgets_values":["openpose",true]},{"id":223,"type":"StyleAlignedBatchAlign","pos":{"0":-4210,"1":-3280},"size":{"0":480,"1":110},"flags":{},"order":13,"mode":0,"inputs":[{"name":"model","type":"MODEL","link":398,"label":"model"}],"outputs":[{"name":"MODEL","type":"MODEL","links":[701],"slot_index":0,"shape":3,"label":"MODEL"}],"properties":{"Node name for S&R":"StyleAlignedBatchAlign"},"widgets_values":["both","q+k",1]},{"id":398,"type":"Load Image From Url","pos":{"0":-4180,"1":-1900},"size":{"0":400,"1":200},"flags":{},"order":5,"mode":0,"inputs":[],"outputs":[{"name":"IMAGE","type":"IMAGE","links":[689],"slot_index":0,"shape":3,"label":"IMAGE"},{"name":"MASK","type":"MASK","links":[],"slot_index":1,"shape":3,"label":"MASK"}],"properties":{"Node name for S&R":"Load Image From Url"},"widgets_values":["face",true]},{"id":381,"type":"Reroute","pos":{"0":-3660,"1":-2020},"size":[75,26],"flags":{},"order":11,"mode":0,"inputs":[{"name":"","type":"*","link":680,"label":""}],"outputs":[{"name":"","type":"IMAGE","links":[647,648,649],"slot_index":0,"label":""}],"properties":{"showOutputText":false,"horizontal":false}},{"id":382,"type":"Reroute","pos":{"0":-3660,"1":-1950},"size":[75,26],"flags":{},"order":12,"mode":0,"inputs":[{"name":"","type":"*","link":689,"label":""}],"outputs":[{"name":"","type":"IMAGE","links":[690],"slot_index":0,"label":""}],"properties":{"showOutputText":false,"horizontal":false}},{"id":221,"type":"ImageGenResolutionFromImage","pos":{"0":-3690,"1":-2210},"size":{"0":270,"1":80},"flags":{},"order":16,"mode":0,"inputs":[{"name":"image","type":"IMAGE","link":647,"label":"image"}],"outputs":[{"name":"IMAGE_GEN_WIDTH (INT)","type":"INT","links":[401],"slot_index":0,"shape":3,"label":"IMAGE_GEN_WIDTH (INT)"},{"name":"IMAGE_GEN_HEIGHT (INT)","type":"INT","links":[402],"slot_index":1,"shape":3,"label":"IMAGE_GEN_HEIGHT (INT)"}],"properties":{"Node name for S&R":"ImageGenResolutionFromImage"},"widgets_values":[]},{"id":226,"type":"EmptyLatentImage","pos":{"0":-3400,"1":-2210},"size":{"0":210,"1":78},"flags":{},"order":18,"mode":0,"inputs":[{"name":"width","type":"INT","link":401,"slot_index":0,"widget":{"name":"width"},"label":"width"},{"name":"height","type":"INT","link":402,"widget":{"name":"height"},"label":"height"}],"outputs":[{"name":"LATENT","type":"LATENT","links":[674],"slot_index":0,"shape":3,"label":"LATENT"}],"properties":{"Node name for S&R":"EmptyLatentImage"},"widgets_values":[512,512,8]},{"id":400,"type":"VHS_LoadAudio","pos":{"0":-1230,"1":-1970},"size":{"0":232.8544921875,"1":82},"flags":{},"order":6,"mode":0,"inputs":[],"outputs":[{"name":"audio","type":"AUDIO","links":[694],"slot_index":0,"shape":3,"label":"audio"}],"properties":{"Node name for S&R":"VHS_LoadAudio"},"widgets_values":{"audio_file":"input/voice3.mp3","seek_seconds":0}},{"id":397,"type":"Show any to JSON [Crystools]","pos":{"0":850,"1":-2600},"size":{"0":260,"1":140},"flags":{},"order":29,"mode":0,"inputs":[{"name":"any_value","type":"*","link":685,"label":"any_value"}],"outputs":[{"name":"string","type":"STRING","links":[686],"slot_index":0,"shape":3,"label":"string"}],"properties":{"Node name for S&R":"Show any to JSON [Crystools]"},"widgets_values":[]},{"id":396,"type":"SaveVideoToOssAndDisplay","pos":{"0":1300,"1":-2590},"size":{"0":320,"1":80},"flags":{},"order":30,"mode":0,"inputs":[{"name":"input_path","type":"STRING","link":686,"widget":{"name":"input_path"},"label":"input_path"}],"outputs":[{"name":"STRING","type":"STRING","links":null,"shape":3,"label":"STRING"}],"properties":{"Node name for S&R":"SaveVideoToOssAndDisplay"},"widgets_values":["","comfyui"]},{"id":369,"type":"List of strings [Crystools]","pos":{"0":-4570,"1":-2680},"size":{"0":320,"1":270},"flags":{},"order":15,"mode":0,"inputs":[{"name":"string_1","type":"STRING","link":618,"widget":{"name":"string_1"},"label":"string_1"},{"name":"string_2","type":"STRING","link":619,"widget":{"name":"string_2"},"label":"string_2"}],"outputs":[{"name":"concatenated","type":"STRING","links":[620],"slot_index":0,"shape":3,"label":"concatenated"},{"name":"list_string","type":"ListString","links":null,"shape":6,"label":"list_string"}],"properties":{"Node name for S&R":"List of strings [Crystools]"},"widgets_values":["","","","","","","","",","]},{"id":286,"type":"Text _O","pos":{"0":-5050,"1":-2650},"size":{"0":340,"1":81},"flags":{},"order":7,"mode":0,"inputs":[],"outputs":[{"name":"STRING","type":"STRING","links":[618],"slot_index":0,"shape":3,"label":"STRING"}],"title":"Prompt","properties":{"Node name for S&R":"Text _O"},"widgets_values":["Smiling character in a White Shirt，Smile，looking at viewer",true]},{"id":386,"type":"Reroute","pos":{"0":-3620,"1":-2990},"size":[75,26],"flags":{},"order":19,"mode":0,"inputs":[{"name":"","type":"*","link":704,"label":""}],"outputs":[{"name":"","type":"MODEL","links":[659],"slot_index":0,"label":""}],"properties":{"showOutputText":false,"horizontal":false}},{"id":388,"type":"Reroute","pos":{"0":-3610,"1":-3050},"size":[75,26],"flags":{},"order":14,"mode":0,"inputs":[{"name":"","type":"*","link":658,"label":""}],"outputs":[{"name":"","type":"VAE","links":[660],"slot_index":0,"label":""}],"properties":{"showOutputText":false,"horizontal":false}},{"id":387,"type":"Reroute","pos":{"0":-4180,"1":-2930},"size":[75,26],"flags":{},"order":20,"mode":0,"inputs":[{"name":"","type":"*","link":703,"label":""}],"outputs":[{"name":"","type":"CLIP","links":[661],"slot_index":0,"label":""}],"properties":{"showOutputText":false,"horizontal":false}},{"id":405,"type":"LoraLoader","pos":{"0":-4210,"1":-3120},"size":{"0":480,"1":130},"flags":{},"order":17,"mode":0,"inputs":[{"name":"model","type":"MODEL","link":701,"label":"model"},{"name":"clip","type":"CLIP","link":702,"label":"clip"}],"outputs":[{"name":"MODEL","type":"MODEL","links":[704],"slot_index":0,"shape":3,"label":"MODEL"},{"name":"CLIP","type":"CLIP","links":[703],"slot_index":1,"shape":3,"label":"CLIP"}],"properties":{"Node name for S&R":"LoraLoader"},"widgets_values":["sdxl/Professional_Portrait.safetensors",1,1]},{"id":206,"type":"CheckpointLoaderSimple","pos":{"0":-4210,"1":-3450},"size":{"0":480,"1":100},"flags":{},"order":8,"mode":0,"inputs":[],"outputs":[{"name":"MODEL","type":"MODEL","links":[398],"slot_index":0,"label":"MODEL"},{"name":"CLIP","type":"CLIP","links":[702],"slot_index":1,"label":"CLIP"},{"name":"VAE","type":"VAE","links":[658],"slot_index":2,"label":"VAE"}],"properties":{"Node name for S&R":"CheckpointLoaderSimple"},"widgets_values":["sdxl/realvisxlV50_v50LightningBakedvae.safetensors"]},{"id":205,"type":"KSampler (Efficient)","pos":{"0":-2150,"1":-2650},"size":{"0":280,"1":560},"flags":{},"order":24,"mode":0,"inputs":[{"name":"model","type":"MODEL","link":671,"label":"model"},{"name":"positive","type":"CONDITIONING","link":373,"label":"positive"},{"name":"negative","type":"CONDITIONING","link":374,"label":"negative"},{"name":"latent_image","type":"LATENT","link":674,"slot_index":3,"label":"latent_image"},{"name":"optional_vae","type":"VAE","link":660,"label":"optional_vae"},{"name":"script","type":"SCRIPT","link":null,"label":"script"}],"outputs":[{"name":"MODEL","type":"MODEL","links":[],"slot_index":0,"shape":3,"label":"MODEL"},{"name":"CONDITIONING+","type":"CONDITIONING","links":[],"slot_index":1,"shape":3,"label":"CONDITIONING+"},{"name":"CONDITIONING-","type":"CONDITIONING","links":[],"slot_index":2,"shape":3,"label":"CONDITIONING-"},{"name":"LATENT","type":"LATENT","links":null,"shape":3,"label":"LATENT"},{"name":"VAE","type":"VAE","links":[],"slot_index":4,"shape":3,"label":"VAE"},{"name":"IMAGE","type":"IMAGE","links":[682],"slot_index":5,"shape":3,"label":"IMAGE"}],"properties":{"Node name for S&R":"KSampler (Efficient)"},"widgets_values":[593322295703096,null,6,2,"dpmpp_sde","karras",1,"none","true"],"color":"#223322","bgcolor":"#335533","shape":1},{"id":366,"type":"Text _O","pos":{"0":-5470,"1":-2570},"size":{"0":360,"1":81},"flags":{},"order":9,"mode":0,"inputs":[],"outputs":[{"name":"STRING","type":"STRING","links":[619],"slot_index":0,"shape":3,"label":"STRING"}],"title":"Prompt","properties":{"Node name for S&R":"Text _O"},"widgets_values":["Female",true]},{"id":239,"type":"Text _O","pos":{"0":-5070,"1":-2340},"size":{"0":390,"1":160},"flags":{},"order":10,"mode":0,"inputs":[],"outputs":[{"name":"STRING","type":"STRING","links":[705],"slot_index":0,"shape":3,"label":"STRING"}],"title":"Female","properties":{"Node name for S&R":"Text _O"},"widgets_values":["fizz_prompt",true]}],"links":[[373,212,1,205,1,"CONDITIONING"],[374,212,2,205,2,"CONDITIONING"],[379,209,0,212,0,"INSTANTID"],[380,211,0,212,1,"FACEANALYSIS"],[381,210,0,212,2,"CONTROL_NET"],[384,215,0,212,5,"CONDITIONING"],[385,215,1,212,6,"CONDITIONING"],[389,224,1,215,1,"CONDITIONING"],[390,216,0,215,2,"CONTROL_NET"],[398,206,0,223,0,"MODEL"],[401,221,0,226,0,"INT"],[402,221,1,226,1,"INT"],[420,224,0,215,0,"CONDITIONING"],[618,286,0,369,0,"STRING"],[619,366,0,369,1,"STRING"],[620,369,0,224,2,"STRING"],[647,381,0,221,0,"IMAGE"],[648,381,0,215,3,"IMAGE"],[649,381,0,212,7,"IMAGE"],[655,385,0,225,0,"IMAGE"],[658,206,2,388,0,"*"],[659,386,0,212,4,"MODEL"],[660,388,0,205,4,"VAE"],[661,387,0,224,0,"CLIP"],[671,212,0,205,0,"MODEL"],[674,226,0,205,3,"LATENT"],[680,395,0,381,0,"*"],[682,205,5,394,0,"IMAGE"],[683,394,0,227,0,"IMAGE"],[684,227,0,385,0,"*"],[685,225,0,397,0,"*"],[686,397,0,396,0,"STRING"],[689,398,0,382,0,"*"],[690,382,0,212,3,"IMAGE"],[694,400,0,225,1,"AUDIO"],[701,223,0,405,0,"MODEL"],[702,206,1,405,1,"CLIP"],[703,405,1,387,0,"*"],[704,405,0,386,0,"*"],[705,239,0,224,1,"STRING"]],"groups":[{"title":"视频合成","bounding":[-850,-2850,1650,2480],"color":"#3f789e","font_size":100,"flags":{}},{"title":"补间生成","bounding":[-1750,-2850,790,810],"color":"#3f789e","font_size":100,"flags":{}},{"title":"Ksampler","bounding":[-2230,-2850,450,781],"color":"#3f789e","font_size":100,"flags":{}},{"title":"InstantID","bounding":[-3120,-2850,861,782],"color":"#3f789e","font_size":100,"flags":{}},{"title":"ControlNet","bounding":[-3710,-2850,542,779],"color":"#3f789e","font_size":100,"flags":{}},{"title":"Fizz提示词调度","bounding":[-4180,-2850,441,788],"color":"#3f789e","font_size":100,"flags":{}},{"title":"提示词-Prompt","bounding":[-5650,-2850,1450,790],"color":"#3f789e","font_size":100,"flags":{}},{"title":"模型-Model","bounding":[-4240,-3670,660,750],"color":"#3f789e","font_size":100,"flags":{}}],"config":{},"extra":{"ds":{"scale":0.4090909090909094,"offset":[6231.518106863595,3706.6625039624146]},"0246.VERSION":[0,0,4],"groupNodes":{},"workspace_info":{"id":"fi0H47uEb1pudrYjtZS7_","saveLock":false,"cloudID":null,"coverMediaPath":null}},"version":0.4}