{"last_node_id":423,"last_link_id":775,"nodes":[{"id":245,"type":"easy compare","pos":{"0":-4750,"1":-2370},"size":{"0":210,"1":80},"flags":{},"order":22,"mode":0,"inputs":[{"name":"a","type":"*","link":617,"slot_index":0,"label":"a"},{"name":"b","type":"*","link":432,"label":"b"}],"outputs":[{"name":"boolean","type":"BOOLEAN","links":[588],"slot_index":0,"shape":3,"label":"boolean"}],"properties":{"Node name for S&R":"easy compare"},"widgets_values":["a <= b"]},{"id":209,"type":"InstantIDModelLoader","pos":{"0":-3010,"1":-2660},"size":{"0":240,"1":60},"flags":{},"order":0,"mode":0,"inputs":[],"outputs":[{"name":"INSTANTID","type":"INSTANTID","links":[719],"slot_index":0,"shape":3,"label":"INSTANTID"}],"properties":{"Node name for S&R":"InstantIDModelLoader"},"widgets_values":["ip-adapter_instant_id_sdxl.bin"]},{"id":385,"type":"Reroute","pos":{"0":-920,"1":-2710},"size":[75,26],"flags":{},"order":28,"mode":0,"inputs":[{"name":"","type":"*","link":682,"label":""}],"outputs":[{"name":"","type":"IMAGE","links":[655],"slot_index":0,"label":""}],"properties":{"showOutputText":false,"horizontal":false}},{"id":238,"type":"Text _O","pos":{"0":-5720,"1":-2370},"size":{"0":390,"1":150},"flags":{},"order":1,"mode":0,"inputs":[],"outputs":[{"name":"STRING","type":"STRING","links":[594],"slot_index":0,"shape":3,"label":"STRING"}],"title":"Male","properties":{"Node name for S&R":"Text _O"},"widgets_values":["\"0\" :\"4-year-old,litte boy，baby:2,kawaii,short hair\",\n\"1\" :\"14-year-old,cute boy,short hair\",\n\"2\" :\"24-year-old,handsome man\",\n\"3\" :\"34-year-old,handsome man\",\n\"4\" :\"44-year-old,old man\",\n\"5\" :\"64-year-old,old man,gray hair\",\n\"6\" :\"84-year-old,old man,wrinkles,white hair\",\n\"7\" :\"104-year-old,old man,wrinkles:2,bald,white hair\",",true]},{"id":387,"type":"Reroute","pos":{"0":-3250,"1":-3430},"size":[75,26],"flags":{},"order":33,"mode":0,"inputs":[{"name":"","type":"*","link":687,"label":""}],"outputs":[{"name":"","type":"CLIP","links":[661],"slot_index":0,"label":""}],"properties":{"showOutputText":false,"horizontal":false}},{"id":354,"type":"Text Input Switch","pos":{"0":-4490,"1":-2530},"size":{"0":210,"1":74},"flags":{},"order":29,"mode":0,"inputs":[{"name":"text_a","type":"STRING","link":593,"widget":{"name":"text_a"},"label":"text_a"},{"name":"text_b","type":"STRING","link":594,"widget":{"name":"text_b"},"label":"text_b"},{"name":"boolean","type":"BOOLEAN","link":588,"widget":{"name":"boolean"},"label":"boolean"}],"outputs":[{"name":"STRING","type":"STRING","links":[662],"slot_index":0,"shape":3,"label":"STRING"}],"properties":{"Node name for S&R":"Text Input Switch"},"widgets_values":["","",false]},{"id":246,"type":"Text _O","pos":{"0":-4990,"1":-2180},"size":{"0":210,"1":81},"flags":{},"order":2,"mode":0,"inputs":[],"outputs":[{"name":"STRING","type":"STRING","links":[432],"slot_index":0,"shape":3,"label":"STRING"}],"title":"Female","properties":{"Node name for S&R":"Text _O"},"widgets_values":["Female",true]},{"id":290,"type":"LoadImage","pos":{"0":-5640,"1":-1630},"size":{"0":710,"1":820},"flags":{},"order":3,"mode":0,"inputs":[],"outputs":[{"name":"IMAGE","type":"IMAGE","links":[676],"slot_index":0,"shape":3,"label":"IMAGE"},{"name":"MASK","type":"MASK","links":null,"shape":3,"label":"MASK"}],"properties":{"Node name for S&R":"LoadImage"},"widgets_values":["0-封面.png","image"]},{"id":225,"type":"VHS_VideoCombine","pos":{"0":-790,"1":-2670},"size":[1280,2000],"flags":{},"order":35,"mode":0,"inputs":[{"name":"images","type":"IMAGE","link":655,"label":"images"},{"name":"audio","type":"AUDIO","link":null,"label":"audio"},{"name":"meta_batch","type":"VHS_BatchManager","link":null,"label":"meta_batch"},{"name":"vae","type":"VAE","link":null,"label":"vae"}],"outputs":[{"name":"Filenames","type":"VHS_FILENAMES","links":[684],"slot_index":0,"shape":3,"label":"Filenames"}],"properties":{"Node name for S&R":"VHS_VideoCombine"},"widgets_values":{"frame_rate":12,"loop_count":0,"filename_prefix":"test_092301","format":"video/h264-mp4","pix_fmt":"yuv420p","crf":19,"save_metadata":true,"pingpong":false,"save_output":true,"videopreview":{"hidden":false,"paused":false,"params":{"filename":"test_092301_00065.mp4","subfolder":"","type":"output","format":"video/h264-mp4","frame_rate":12}}}},{"id":223,"type":"StyleAlignedBatchAlign","pos":{"0":-3780,"1":-3340},"size":{"0":460,"1":110},"flags":{},"order":18,"mode":0,"inputs":[{"name":"model","type":"MODEL","link":398,"label":"model"}],"outputs":[{"name":"MODEL","type":"MODEL","links":[685],"slot_index":0,"shape":3,"label":"MODEL"}],"properties":{"Node name for S&R":"StyleAlignedBatchAlign"},"widgets_values":["both","q+k",1]},{"id":397,"type":"LoraLoader","pos":{"0":-3770,"1":-3150},"size":{"0":420,"1":130},"flags":{},"order":26,"mode":0,"inputs":[{"name":"model","type":"MODEL","link":685,"label":"model"},{"name":"clip","type":"CLIP","link":686,"label":"clip"}],"outputs":[{"name":"MODEL","type":"MODEL","links":[688],"slot_index":0,"shape":3,"label":"MODEL"},{"name":"CLIP","type":"CLIP","links":[687],"slot_index":1,"shape":3,"label":"CLIP"}],"properties":{"Node name for S&R":"LoraLoader"},"widgets_values":["sdxl/Professional_Portrait.safetensors",1,1]},{"id":227,"type":"RIFE VFI","pos":{"0":-1320,"1":-2560},"size":{"0":319.20001220703125,"1":200},"flags":{},"order":21,"mode":0,"inputs":[{"name":"frames","type":"IMAGE","link":681,"label":"frames"},{"name":"optional_interpolation_states","type":"INTERPOLATION_STATES","link":null,"label":"optional_interpolation_states"}],"outputs":[{"name":"IMAGE","type":"IMAGE","links":[682],"slot_index":0,"shape":3,"label":"IMAGE"}],"properties":{"Node name for S&R":"RIFE VFI"},"widgets_values":["rife47.pth",10,24,true,true,1]},{"id":393,"type":"DWPreprocessor","pos":{"0":-4790,"1":-1620},"size":{"0":315,"1":222},"flags":{},"order":17,"mode":0,"inputs":[{"name":"image","type":"IMAGE","link":676,"label":"image"}],"outputs":[{"name":"IMAGE","type":"IMAGE","links":[677],"slot_index":0,"shape":3,"label":"IMAGE"},{"name":"POSE_KEYPOINT","type":"POSE_KEYPOINT","links":null,"shape":3,"label":"POSE_KEYPOINT"}],"properties":{"Node name for S&R":"DWPreprocessor"},"widgets_values":["enable","enable","enable",512,"yolox_l.onnx","dw-ll_ucoco_384_bs5.torchscript.pt","disable"]},{"id":377,"type":"ImageResize+","pos":{"0":-4410,"1":-1220},"size":{"0":315,"1":218},"flags":{},"order":25,"mode":0,"inputs":[{"name":"image","type":"IMAGE","link":677,"label":"image"}],"outputs":[{"name":"IMAGE","type":"IMAGE","links":[640,643],"slot_index":0,"shape":3,"label":"IMAGE"},{"name":"width","type":"INT","links":null,"shape":3,"label":"width"},{"name":"height","type":"INT","links":null,"shape":3,"label":"height"}],"properties":{"Node name for S&R":"ImageResize+"},"widgets_values":[768,1024,"nearest","keep proportion","always",0]},{"id":376,"type":"Get resolution [Crystools]","pos":{"0":-4770,"1":-1290},"size":{"0":210,"1":100},"flags":{},"order":30,"mode":0,"inputs":[{"name":"image","type":"IMAGE","link":640,"label":"image"}],"outputs":[{"name":"width","type":"INT","links":null,"shape":3,"label":"width"},{"name":"height","type":"INT","links":null,"shape":3,"label":"height"}],"properties":{"Node name for S&R":"Get resolution [Crystools]"}},{"id":380,"type":"PreviewImage","pos":{"0":-4750,"1":-1080},"size":{"0":210,"1":250},"flags":{},"order":31,"mode":0,"inputs":[{"name":"images","type":"IMAGE","link":643,"label":"images"}],"outputs":[],"properties":{"Node name for S&R":"PreviewImage"},"widgets_values":[]},{"id":396,"type":"Show any to JSON [Crystools]","pos":{"0":660,"1":-2660},"size":{"0":450,"1":150},"flags":{},"order":37,"mode":0,"inputs":[{"name":"any_value","type":"*","link":684,"label":"any_value"}],"outputs":[{"name":"string","type":"STRING","links":null,"shape":3,"label":"string"}],"properties":{"Node name for S&R":"Show any to JSON [Crystools]"},"widgets_values":[]},{"id":221,"type":"ImageGenResolutionFromImage","pos":{"0":-3700,"1":-2200},"size":{"0":268.79998779296875,"1":46},"flags":{},"order":27,"mode":0,"inputs":[{"name":"image","type":"IMAGE","link":647,"label":"image"}],"outputs":[{"name":"IMAGE_GEN_WIDTH (INT)","type":"INT","links":[401],"slot_index":0,"shape":3,"label":"IMAGE_GEN_WIDTH (INT)"},{"name":"IMAGE_GEN_HEIGHT (INT)","type":"INT","links":[402],"slot_index":1,"shape":3,"label":"IMAGE_GEN_HEIGHT (INT)"}],"properties":{"Node name for S&R":"ImageGenResolutionFromImage"},"widgets_values":[]},{"id":381,"type":"Reroute","pos":{"0":-3660,"1":-2000},"size":[75,26],"flags":{},"order":20,"mode":0,"inputs":[{"name":"","type":"*","link":696,"label":""}],"outputs":[{"name":"","type":"IMAGE","links":[647,648],"slot_index":0,"label":""}],"properties":{"showOutputText":false,"horizontal":false}},{"id":239,"type":"Text _O","pos":{"0":-5710,"1":-2590},"size":{"0":390,"1":160},"flags":{},"order":4,"mode":0,"inputs":[],"outputs":[{"name":"STRING","type":"STRING","links":[593],"slot_index":0,"shape":3,"label":"STRING"}],"title":"Female","properties":{"Node name for S&R":"Text _O"},"widgets_values":["\"0\" :\"4-year-old,litte girl，baby:2，kawaii,short hair \",\n\"1\" :\"14-year-old,cute kid,girl \",\n\"2\" :\"24-year-old,young girl,long hair \",\n\"3\" :\"34-year-old,woman,long hair \",\n\"4\" :\"44-year-old,old woman\",\n\"5\" :\"64-year-old,old woman,gray hair\",\n\"6\" :\"84-year-old,old woman,wrinkles,white hair\",\n\"7\" :\"104-year-old,old woman,wrinkles:2,white hair\",",true]},{"id":216,"type":"ControlNetLoader","pos":{"0":-3660,"1":-2670},"size":{"0":400,"1":60},"flags":{},"order":5,"mode":0,"inputs":[],"outputs":[{"name":"CONTROL_NET","type":"CONTROL_NET","links":[390],"shape":3,"label":"CONTROL_NET"}],"properties":{"Node name for S&R":"ControlNetLoader"},"widgets_values":["thibaud_xl_openpose_256lora.safetensors"]},{"id":206,"type":"CheckpointLoaderSimple","pos":{"0":-3790,"1":-3530},"size":{"0":480,"1":100},"flags":{},"order":6,"mode":0,"inputs":[],"outputs":[{"name":"MODEL","type":"MODEL","links":[398],"slot_index":0,"label":"MODEL"},{"name":"CLIP","type":"CLIP","links":[686],"slot_index":1,"label":"CLIP"},{"name":"VAE","type":"VAE","links":[658],"slot_index":2,"label":"VAE"}],"properties":{"Node name for S&R":"CheckpointLoaderSimple"},"widgets_values":["sdxl/realvisxlV50_v50LightningBakedvae.safetensors"]},{"id":369,"type":"List of strings [Crystools]","pos":{"0":-4670,"1":-3310},"size":{"0":400,"1":270},"flags":{},"order":23,"mode":0,"inputs":[{"name":"string_1","type":"STRING","link":618,"widget":{"name":"string_1"},"label":"string_1"},{"name":"string_2","type":"STRING","link":619,"widget":{"name":"string_2"},"label":"string_2"}],"outputs":[{"name":"concatenated","type":"STRING","links":[620],"slot_index":0,"shape":3,"label":"concatenated"},{"name":"list_string","type":"ListString","links":null,"shape":6,"label":"list_string"}],"properties":{"Node name for S&R":"List of strings [Crystools]"},"widgets_values":["","","","","","","","",","]},{"id":211,"type":"InstantIDFaceAnalysis","pos":{"0":-3000,"1":-2520},"size":{"0":210,"1":58},"flags":{},"order":7,"mode":0,"inputs":[],"outputs":[{"name":"FACEANALYSIS","type":"FACEANALYSIS","links":[720],"slot_index":0,"shape":3,"label":"FACEANALYSIS"}],"properties":{"Node name for S&R":"InstantIDFaceAnalysis"},"widgets_values":["CUDA"]},{"id":210,"type":"ControlNetLoader","pos":{"0":-3090,"1":-2400},"size":{"0":445.3599853515625,"1":58},"flags":{},"order":8,"mode":0,"inputs":[],"outputs":[{"name":"CONTROL_NET","type":"CONTROL_NET","links":[721],"slot_index":0,"shape":3,"label":"CONTROL_NET"}],"properties":{"Node name for S&R":"ControlNetLoader"},"widgets_values":["control_instant_id_sdxl.safetensors"]},{"id":402,"type":"LoadImage","pos":{"0":-4420,"1":-1610},"size":[320,310],"flags":{},"order":9,"mode":0,"inputs":[],"outputs":[{"name":"IMAGE","type":"IMAGE","links":[696],"slot_index":0,"shape":3,"label":"IMAGE"},{"name":"MASK","type":"MASK","links":null,"shape":3,"label":"MASK"}],"properties":{"Node name for S&R":"LoadImage"},"widgets_values":["pose_0924.png","image"]},{"id":394,"type":"Image Filter Adjustments","pos":{"0":-1640,"1":-2560},"size":{"0":210,"1":240},"flags":{},"order":10,"mode":0,"inputs":[{"name":"image","type":"IMAGE","link":null,"label":"image"}],"outputs":[{"name":"IMAGE","type":"IMAGE","links":[681],"slot_index":0,"shape":3,"label":"IMAGE"}],"properties":{"Node name for S&R":"Image Filter Adjustments"},"widgets_values":[-0.05,1.1,0.5,1.2,0,0,0.3,"false"],"color":"rgba(0,0,0,.8)"},{"id":366,"type":"Text _O","pos":{"0":-3700,"1":-1270},"size":{"0":340,"1":81},"flags":{},"order":11,"mode":0,"inputs":[],"outputs":[{"name":"STRING","type":"STRING","links":[617,619],"slot_index":0,"shape":3,"label":"STRING"}],"title":"Prompt","properties":{"Node name for S&R":"Text _O"},"widgets_values":["Male",true]},{"id":286,"type":"Text _O","pos":{"0":-5200,"1":-3240},"size":{"0":340,"1":81},"flags":{},"order":12,"mode":0,"inputs":[],"outputs":[{"name":"STRING","type":"STRING","links":[618],"slot_index":0,"shape":3,"label":"STRING"}],"title":"Prompt","properties":{"Node name for S&R":"Text _O"},"widgets_values":["Smiling character in a White Shirt，Smile，looking at viewer ,Asia",true]},{"id":382,"type":"Reroute","pos":{"0":-3300,"1":-2010},"size":[75,26],"flags":{},"order":24,"mode":0,"inputs":[{"name":"","type":"*","link":748,"label":""}],"outputs":[{"name":"","type":"IMAGE","links":[722,744],"slot_index":0,"label":""}],"properties":{"showOutputText":false,"horizontal":false}},{"id":388,"type":"Reroute","pos":{"0":-3260,"1":-3380},"size":[75,26],"flags":{},"order":19,"mode":0,"inputs":[{"name":"","type":"*","link":658,"label":""}],"outputs":[{"name":"","type":"VAE","links":[660],"slot_index":0,"label":""}],"properties":{"showOutputText":false,"horizontal":false}},{"id":224,"type":"BatchPromptSchedule","pos":{"0":-4070,"1":-2630},"size":{"0":250,"1":360},"flags":{},"order":36,"mode":0,"inputs":[{"name":"clip","type":"CLIP","link":661,"label":"clip"},{"name":"text","type":"STRING","link":662,"widget":{"name":"text"},"label":"text"},{"name":"app_text","type":"STRING","link":620,"widget":{"name":"app_text"},"label":"app_text"}],"outputs":[{"name":"POS","type":"CONDITIONING","links":[420],"slot_index":0,"shape":3,"label":"POS"},{"name":"NEG","type":"CONDITIONING","links":[389],"slot_index":1,"shape":3,"label":"NEG"}],"properties":{"Node name for S&R":"BatchPromptSchedule"},"widgets_values":["\"0\" :\"4-year-old,litte baby，kawaii,short hair \",\n\"1\" :\"14-year-old,cute kid,short hair \",\n\"2\" :\"24-year-old,young girl,long hair \",\n\"3\" :\"34-year-old,woman,long hair \",\n\"4\" :\"44-year-old,old woman\",\n\"5\" :\"64-year-old,old woman,gray hair\",\n\"6\" :\"84-year-old,old woman,white hair\",\n\"7\" :\"94-year-old,old woman,white hair\",",8,false,"professional portrait, realistic photography, perfect details, highest quality, master's masterpiece . 35mm photograph, film, bokeh, professional, 4k,","Portrait of a ",0,0,0,0,0,0,true,true,true]},{"id":386,"type":"Reroute","pos":{"0":-3280,"1":-3110},"size":[75,26],"flags":{},"order":32,"mode":0,"inputs":[{"name":"","type":"*","link":688,"label":""}],"outputs":[{"name":"","type":"MODEL","links":[723],"slot_index":0,"label":""}],"properties":{"showOutputText":false,"horizontal":false}},{"id":215,"type":"ControlNetApplyAdvanced","pos":{"0":-3620,"1":-2550},"size":{"0":330,"1":186},"flags":{},"order":38,"mode":0,"inputs":[{"name":"positive","type":"CONDITIONING","link":420,"label":"positive"},{"name":"negative","type":"CONDITIONING","link":389,"label":"negative"},{"name":"control_net","type":"CONTROL_NET","link":390,"slot_index":2,"label":"control_net"},{"name":"image","type":"IMAGE","link":648,"label":"image"},{"name":"vae","type":"VAE","link":null,"label":"vae"}],"outputs":[{"name":"positive","type":"CONDITIONING","links":[772],"slot_index":0,"shape":3,"label":"positive"},{"name":"negative","type":"CONDITIONING","links":[769],"slot_index":1,"shape":3,"label":"negative"}],"properties":{"Node name for S&R":"ControlNetApplyAdvanced"},"widgets_values":[1,0,1]},{"id":226,"type":"EmptyLatentImage","pos":{"0":-3380,"1":-2220},"size":{"0":210,"1":78},"flags":{},"order":34,"mode":0,"inputs":[{"name":"width","type":"INT","link":401,"slot_index":0,"widget":{"name":"width"},"label":"width"},{"name":"height","type":"INT","link":402,"widget":{"name":"height"},"label":"height"}],"outputs":[{"name":"LATENT","type":"LATENT","links":[770],"slot_index":0,"shape":3,"label":"LATENT"}],"properties":{"Node name for S&R":"EmptyLatentImage"},"widgets_values":[512,512,8]},{"id":419,"type":"IPAdapterInsightFaceLoader","pos":{"0":-3130,"1":-1640},"size":{"0":352.79998779296875,"1":82},"flags":{},"order":13,"mode":0,"inputs":[],"outputs":[{"name":"INSIGHTFACE","type":"INSIGHTFACE","links":[745],"shape":3,"label":"INSIGHTFACE"}],"properties":{"Node name for S&R":"IPAdapterInsightFaceLoader"},"widgets_values":["CUDA","buffalo_l"]},{"id":205,"type":"KSampler (Efficient)","pos":{"0":-2120,"1":-2660},"size":{"0":280,"1":560},"flags":{},"order":41,"mode":0,"inputs":[{"name":"model","type":"MODEL","link":775,"label":"model"},{"name":"positive","type":"CONDITIONING","link":771,"label":"positive"},{"name":"negative","type":"CONDITIONING","link":759,"label":"negative"},{"name":"latent_image","type":"LATENT","link":770,"slot_index":3,"label":"latent_image"},{"name":"optional_vae","type":"VAE","link":660,"label":"optional_vae"},{"name":"script","type":"SCRIPT","link":null,"label":"script"}],"outputs":[{"name":"MODEL","type":"MODEL","links":[],"slot_index":0,"shape":3,"label":"MODEL"},{"name":"CONDITIONING+","type":"CONDITIONING","links":[],"slot_index":1,"shape":3,"label":"CONDITIONING+"},{"name":"CONDITIONING-","type":"CONDITIONING","links":[],"slot_index":2,"shape":3,"label":"CONDITIONING-"},{"name":"LATENT","type":"LATENT","links":null,"shape":3,"label":"LATENT"},{"name":"VAE","type":"VAE","links":[],"slot_index":4,"shape":3,"label":"VAE"},{"name":"IMAGE","type":"IMAGE","links":[701],"slot_index":5,"shape":3,"label":"IMAGE"}],"properties":{"Node name for S&R":"KSampler (Efficient)"},"widgets_values":[593322295703096,null,6,2,"dpmpp_sde","karras",1,"none","true"],"color":"#223322","bgcolor":"#335533","shape":1},{"id":417,"type":"IPAdapterModelLoader","pos":{"0":-3090,"1":-1890},"size":{"0":315,"1":58},"flags":{},"order":14,"mode":0,"inputs":[],"outputs":[{"name":"IPADAPTER","type":"IPADAPTER","links":[741],"slot_index":0,"shape":3,"label":"IPADAPTER"}],"properties":{"Node name for S&R":"IPAdapterModelLoader"},"widgets_values":["ip-adapter-faceid-plusv2_sdxl.bin"]},{"id":379,"type":"LoadImage","pos":{"0":-3690,"1":-1820},"size":{"0":340,"1":460},"flags":{},"order":15,"mode":0,"inputs":[],"outputs":[{"name":"IMAGE","type":"IMAGE","links":[748],"slot_index":0,"shape":3,"label":"IMAGE"},{"name":"MASK","type":"MASK","links":null,"shape":3,"label":"MASK"}],"properties":{"Node name for S&R":"LoadImage"},"widgets_values":["小孩.jpg","image"]},{"id":404,"type":"PreviewImage","pos":{"0":-2770,"1":-1510},"size":{"0":1780,"1":1040},"flags":{},"order":42,"mode":0,"inputs":[{"name":"images","type":"IMAGE","link":701,"label":"images"}],"outputs":[],"properties":{"Node name for S&R":"PreviewImage"},"widgets_values":[]},{"id":420,"type":"CLIPVisionLoader","pos":{"0":-3090,"1":-1770},"size":{"0":315,"1":58},"flags":{},"order":16,"mode":0,"inputs":[],"outputs":[{"name":"CLIP_VISION","type":"CLIP_VISION","links":[746],"shape":3,"label":"CLIP_VISION"}],"properties":{"Node name for S&R":"CLIPVisionLoader"},"widgets_values":["CLIP-ViT-H-14-laion2B-s32B-b79K.safetensors"]},{"id":418,"type":"IPAdapterFaceID","pos":{"0":-2630,"1":-1910},"size":{"0":317.4000244140625,"1":322},"flags":{},"order":40,"mode":0,"inputs":[{"name":"model","type":"MODEL","link":766,"label":"model"},{"name":"ipadapter","type":"IPADAPTER","link":741,"label":"ipadapter"},{"name":"image","type":"IMAGE","link":744,"label":"image"},{"name":"image_negative","type":"IMAGE","link":null,"label":"image_negative"},{"name":"attn_mask","type":"MASK","link":null,"label":"attn_mask"},{"name":"clip_vision","type":"CLIP_VISION","link":746,"label":"clip_vision"},{"name":"insightface","type":"INSIGHTFACE","link":745,"label":"insightface"}],"outputs":[{"name":"MODEL","type":"MODEL","links":[],"slot_index":0,"shape":3,"label":"MODEL"},{"name":"face_image","type":"IMAGE","links":[],"slot_index":1,"shape":3,"label":"face_image"}],"properties":{"Node name for S&R":"IPAdapterFaceID"},"widgets_values":[0.3,0.3,"composition","concat",0,1,"V only"]},{"id":411,"type":"ApplyInstantIDAdvanced","pos":{"0":-2600,"1":-2660},"size":{"0":315,"1":338},"flags":{},"order":39,"mode":0,"inputs":[{"name":"instantid","type":"INSTANTID","link":719,"label":"instantid"},{"name":"insightface","type":"FACEANALYSIS","link":720,"label":"insightface"},{"name":"control_net","type":"CONTROL_NET","link":721,"label":"control_net"},{"name":"image","type":"IMAGE","link":722,"label":"image"},{"name":"model","type":"MODEL","link":723,"label":"model"},{"name":"positive","type":"CONDITIONING","link":772,"label":"positive"},{"name":"negative","type":"CONDITIONING","link":769,"label":"negative"},{"name":"image_kps","type":"IMAGE","link":null,"label":"image_kps"},{"name":"mask","type":"MASK","link":null,"label":"mask"}],"outputs":[{"name":"MODEL","type":"MODEL","links":[766,775],"slot_index":0,"shape":3,"label":"MODEL"},{"name":"positive","type":"CONDITIONING","links":[771],"slot_index":1,"shape":3,"label":"positive"},{"name":"negative","type":"CONDITIONING","links":[759],"slot_index":2,"shape":3,"label":"negative"}],"properties":{"Node name for S&R":"ApplyInstantIDAdvanced"},"widgets_values":[0.8,0.6,0.2,0.9,0.30000000000000004,"average"]}],"links":[[389,224,1,215,1,"CONDITIONING"],[390,216,0,215,2,"CONTROL_NET"],[398,206,0,223,0,"MODEL"],[401,221,0,226,0,"INT"],[402,221,1,226,1,"INT"],[420,224,0,215,0,"CONDITIONING"],[432,246,0,245,1,"*"],[588,245,0,354,2,"BOOLEAN"],[593,239,0,354,0,"STRING"],[594,238,0,354,1,"STRING"],[617,366,0,245,0,"*"],[618,286,0,369,0,"STRING"],[619,366,0,369,1,"STRING"],[620,369,0,224,2,"STRING"],[640,377,0,376,0,"IMAGE"],[643,377,0,380,0,"IMAGE"],[647,381,0,221,0,"IMAGE"],[648,381,0,215,3,"IMAGE"],[655,385,0,225,0,"IMAGE"],[658,206,2,388,0,"*"],[660,388,0,205,4,"VAE"],[661,387,0,224,0,"CLIP"],[662,354,0,224,1,"STRING"],[676,290,0,393,0,"IMAGE"],[677,393,0,377,0,"IMAGE"],[681,394,0,227,0,"IMAGE"],[682,227,0,385,0,"*"],[684,225,0,396,0,"*"],[685,223,0,397,0,"MODEL"],[686,206,1,397,1,"CLIP"],[687,397,1,387,0,"*"],[688,397,0,386,0,"*"],[696,402,0,381,0,"*"],[701,205,5,404,0,"IMAGE"],[719,209,0,411,0,"INSTANTID"],[720,211,0,411,1,"FACEANALYSIS"],[721,210,0,411,2,"CONTROL_NET"],[722,382,0,411,3,"IMAGE"],[723,386,0,411,4,"MODEL"],[741,417,0,418,1,"IPADAPTER"],[744,382,0,418,2,"IMAGE"],[745,419,0,418,6,"INSIGHTFACE"],[746,420,0,418,5,"CLIP_VISION"],[748,379,0,382,0,"*"],[759,411,2,205,2,"CONDITIONING"],[766,411,0,418,0,"MODEL"],[769,215,1,411,6,"CONDITIONING"],[770,226,0,205,3,"LATENT"],[771,411,1,205,1,"CONDITIONING"],[772,215,0,411,5,"CONDITIONING"],[775,411,0,205,0,"MODEL"]],"groups":[{"title":"模型-Model","bounding":[-3820,-3750,587,789],"color":"#3f789e","font_size":100,"flags":{}},{"title":"性别判定-Gender","bounding":[-5090,-2860,878,787],"color":"#3f789e","font_size":100,"flags":{}},{"title":"提示词-Prompt","bounding":[-5810,-2850,675,777],"color":"#3f789e","font_size":100,"flags":{}},{"title":"Fizz提示词调度","bounding":[-4180,-2850,441,788],"color":"#3f789e","font_size":100,"flags":{}},{"title":"ControlNet","bounding":[-3710,-2850,542,779],"color":"#3f789e","font_size":100,"flags":{}},{"title":"InstantID","bounding":[-3120,-2850,861,782],"color":"#3f789e","font_size":100,"flags":{}},{"title":"Ksampler","bounding":[-2230,-2850,450,780],"color":"#3f789e","font_size":100,"flags":{}},{"title":"补间生成","bounding":[-1750,-2850,790,770],"color":"#3f789e","font_size":100,"flags":{}},{"title":"视频合成","bounding":[-890,-2920,1650,2480],"color":"#3f789e","font_size":100,"flags":{}},{"title":"姿态Pose+Resize","bounding":[-5800,-1840,1820,1070],"color":"#3f789e","font_size":100,"flags":{}}],"config":{},"extra":{"ds":{"scale":0.6588450000000108,"offset":[3557.149547919675,2773.492211198682]},"0246.VERSION":[0,0,4],"groupNodes":{},"workspace_info":{"id":"kIWhkV8IcHJ2s_6Ul4CtN","saveLock":false,"cloudID":null,"coverMediaPath":null}},"version":0.4}