{"last_node_id":69,"last_link_id":150,"nodes":[{"id":12,"type":"ImageResizeKJ","pos":{"0":338,"1":202},"size":{"0":315,"1":242},"flags":{},"order":7,"mode":0,"inputs":[{"name":"image","type":"IMAGE","link":38,"label":"图像"},{"name":"get_image_size","type":"IMAGE","link":33,"label":"参考图像大小"},{"name":"width_input","type":"INT","link":null,"widget":{"name":"width_input"},"label":"宽度"},{"name":"height_input","type":"INT","link":null,"widget":{"name":"height_input"},"label":"高度"}],"outputs":[{"name":"IMAGE","type":"IMAGE","links":[41],"slot_index":0,"shape":3,"label":"图像"},{"name":"width","type":"INT","links":[],"shape":3,"label":"宽度"},{"name":"height","type":"INT","links":[],"shape":3,"label":"高度"}],"properties":{"Node name for S&R":"ImageResizeKJ"},"widgets_values":[512,768,"lanczos",false,8,0,0,"disabled"]},{"id":53,"type":"ADE_StandardStaticContextOptions","pos":{"0":1096,"1":-883},"size":{"0":319.20001220703125,"1":198},"flags":{},"order":0,"mode":0,"inputs":[{"name":"prev_context","type":"CONTEXT_OPTIONS","link":null,"label":"前上下文"},{"name":"view_opts","type":"VIEW_OPTS","link":null,"label":"视图设置"}],"outputs":[{"name":"CONTEXT_OPTS","type":"CONTEXT_OPTIONS","links":[122],"slot_index":0,"shape":3,"label":"上下文设置"}],"properties":{"Node name for S&R":"ADE_StandardStaticContextOptions"},"widgets_values":[24,6,"relative",false,0,1]},{"id":52,"type":"ADE_UseEvolvedSampling","pos":{"0":1097,"1":-629},"size":{"0":315,"1":118},"flags":{},"order":13,"mode":0,"inputs":[{"name":"model","type":"MODEL","link":150,"label":"模型"},{"name":"m_models","type":"M_MODELS","link":null,"label":"动态模型组"},{"name":"context_options","type":"CONTEXT_OPTIONS","link":122,"slot_index":2,"label":"上下文设置"},{"name":"sample_settings","type":"SAMPLE_SETTINGS","link":null,"label":"采样设置"}],"outputs":[{"name":"MODEL","type":"MODEL","links":[107],"slot_index":0,"shape":3,"label":"模型"}],"properties":{"Node name for S&R":"ADE_UseEvolvedSampling"},"widgets_values":["autoselect"]},{"id":29,"type":"SVD_img2vid_Conditioning","pos":{"0":666,"1":-620},"size":{"0":315,"1":218},"flags":{},"order":12,"mode":0,"inputs":[{"name":"clip_vision","type":"CLIP_VISION","link":60,"slot_index":0,"label":"CLIP视觉"},{"name":"init_image","type":"IMAGE","link":81,"label":"图像"},{"name":"vae","type":"VAE","link":66,"slot_index":2},{"name":"video_frames","type":"INT","link":140,"slot_index":3,"widget":{"name":"video_frames"},"label":"帧数"},{"name":"width","type":"INT","link":139,"widget":{"name":"width"},"label":"宽度"},{"name":"height","type":"INT","link":141,"widget":{"name":"height"},"label":"高度"}],"outputs":[{"name":"positive","type":"CONDITIONING","links":[76],"slot_index":0,"shape":3,"label":"正面条件"},{"name":"negative","type":"CONDITIONING","links":[77],"slot_index":1,"shape":3,"label":"负面条件"},{"name":"latent","type":"LATENT","links":[74],"slot_index":2,"shape":3,"label":"Latent"}],"properties":{"Node name for S&R":"SVD_img2vid_Conditioning"},"widgets_values":[576,1024,25,127,7,0]},{"id":38,"type":"ImageScale","pos":{"0":30,"1":-192},"size":{"0":315,"1":130},"flags":{},"order":5,"mode":0,"inputs":[{"name":"image","type":"IMAGE","link":79,"label":"图像"}],"outputs":[{"name":"IMAGE","type":"IMAGE","links":[81,85],"slot_index":0,"shape":3,"label":"图像"}],"properties":{"Node name for S&R":"ImageScale"},"widgets_values":["nearest-exact",576,1024,"center"]},{"id":16,"type":"GetImageSizeAndCount","pos":{"0":403,"1":-2},"size":{"0":210,"1":86},"flags":{},"order":6,"mode":0,"inputs":[{"name":"image","type":"IMAGE","link":85,"label":"图像"}],"outputs":[{"name":"image","type":"IMAGE","links":[33,87],"slot_index":0,"shape":3,"label":"图像"},{"name":"576 width","type":"INT","links":null,"shape":3},{"name":"1024 height","type":"INT","links":null,"shape":3},{"name":"1 count","type":"INT","links":null,"shape":3}],"properties":{"Node name for S&R":"GetImageSizeAndCount"}},{"id":64,"type":"GetImageSizeAndCount","pos":{"0":675,"1":-335},"size":{"0":210,"1":86},"flags":{},"order":9,"mode":0,"inputs":[{"name":"image","type":"IMAGE","link":135,"label":"图像"}],"outputs":[{"name":"image","type":"IMAGE","links":[],"slot_index":0,"shape":3,"label":"图像"},{"name":"576 width","type":"INT","links":[139],"slot_index":1,"shape":3},{"name":"1024 height","type":"INT","links":[141],"slot_index":2,"shape":3},{"name":"32 count","type":"INT","links":[140],"slot_index":3,"shape":3}],"properties":{"Node name for S&R":"GetImageSizeAndCount"}},{"id":20,"type":"ControlNextGetPoses","pos":{"0":671,"1":-183},"size":{"0":330,"1":126},"flags":{},"order":8,"mode":0,"inputs":[{"name":"ref_image","type":"IMAGE","link":87,"label":"ref_image"},{"name":"pose_images","type":"IMAGE","link":41,"label":"pose_images"}],"outputs":[{"name":"poses_with_ref","type":"IMAGE","links":[135,149],"slot_index":0,"shape":3,"label":"poses_with_ref"},{"name":"pose_images","type":"IMAGE","links":[142],"slot_index":1,"shape":3,"label":"pose_images"}],"properties":{"Node name for S&R":"ControlNextGetPoses"},"widgets_values":[true,true,true]},{"id":31,"type":"KSampler","pos":{"0":1120,"1":-438},"size":{"0":315,"1":262},"flags":{},"order":14,"mode":0,"inputs":[{"name":"model","type":"MODEL","link":107,"label":"模型"},{"name":"positive","type":"CONDITIONING","link":76,"label":"正面条件"},{"name":"negative","type":"CONDITIONING","link":77,"slot_index":2,"label":"负面条件"},{"name":"latent_image","type":"LATENT","link":74,"label":"Latent"}],"outputs":[{"name":"LATENT","type":"LATENT","links":[145],"slot_index":0,"shape":3,"label":"Latent"}],"properties":{"Node name for S&R":"KSampler"},"widgets_values":[0,"fixed",10,2.5,"euler","karras",1]},{"id":65,"type":"VHS_VideoCombine","pos":{"0":705,"1":-6},"size":[310,840],"flags":{},"order":11,"mode":0,"inputs":[{"name":"images","type":"IMAGE","link":142,"label":"图像"},{"name":"audio","type":"AUDIO","link":null,"label":"音频"},{"name":"meta_batch","type":"VHS_BatchManager","link":null,"label":"批次管理"},{"name":"vae","type":"VAE","link":null}],"outputs":[{"name":"Filenames","type":"VHS_FILENAMES","links":null,"shape":3,"label":"文件名"}],"properties":{"Node name for S&R":"VHS_VideoCombine"},"widgets_values":{"frame_rate":16,"loop_count":0,"filename_prefix":"AnimateDiff","format":"video/h264-mp4","pix_fmt":"yuv420p","crf":19,"save_metadata":true,"pingpong":false,"save_output":false,"videopreview":{"hidden":false,"paused":false,"params":{"filename":"AnimateDiff_00002.mp4","subfolder":"","type":"temp","format":"video/h264-mp4","frame_rate":16},"muted":false}}},{"id":55,"type":"VHS_VideoCombine","pos":{"0":1528,"1":-867},"size":[490,310],"flags":{},"order":17,"mode":0,"inputs":[{"name":"images","type":"IMAGE","link":147,"label":"图像"},{"name":"audio","type":"AUDIO","link":null,"label":"音频"},{"name":"meta_batch","type":"VHS_BatchManager","link":null,"label":"批次管理"},{"name":"vae","type":"VAE","link":null}],"outputs":[{"name":"Filenames","type":"VHS_FILENAMES","links":null,"shape":3,"label":"文件名"}],"properties":{"Node name for S&R":"VHS_VideoCombine"},"widgets_values":{"frame_rate":16,"loop_count":0,"filename_prefix":"ControlNeXt_SVD_v2_Comfy","format":"video/h264-mp4","pix_fmt":"yuv420p","crf":19,"save_metadata":true,"pingpong":false,"save_output":false,"videopreview":{"hidden":false,"paused":false,"params":{"filename":"ControlNeXt_SVD_v2_Comfy_00002.mp4","subfolder":"","type":"temp","format":"video/h264-mp4","frame_rate":16},"muted":false}}},{"id":69,"type":"ControlNextSVDApply","pos":{"0":675,"1":-811},"size":{"0":328.613525390625,"1":126},"flags":{},"order":10,"mode":0,"inputs":[{"name":"model","type":"MODEL","link":148,"label":"model"},{"name":"pose_images","type":"IMAGE","link":149,"label":"pose_images"}],"outputs":[{"name":"model","type":"MODEL","links":[150],"shape":3,"label":"model"}],"properties":{"Node name for S&R":"ControlNextSVDApply"},"widgets_values":[1,"3",true]},{"id":30,"type":"ImageOnlyCheckpointLoader","pos":{"0":-239,"1":-549},"size":{"0":369.6000061035156,"1":98},"flags":{},"order":1,"mode":0,"inputs":[],"outputs":[{"name":"MODEL","type":"MODEL","links":[],"slot_index":0,"shape":3,"label":"模型"},{"name":"CLIP_VISION","type":"CLIP_VISION","links":[60],"shape":3,"label":"CLIP视觉"},{"name":"VAE","type":"VAE","links":[66,69],"shape":3,"label":"VAE"}],"properties":{"Node name for S&R":"ImageOnlyCheckpointLoader"},"widgets_values":["svd_xt_1_1.safetensors"]},{"id":34,"type":"UNETLoader","pos":{"0":-257,"1":-770},"size":{"0":444.33935546875,"1":82},"flags":{},"order":2,"mode":0,"inputs":[],"outputs":[{"name":"MODEL","type":"MODEL","links":[148],"slot_index":0,"shape":3,"label":"模型"}],"properties":{"Node name for S&R":"UNETLoader"},"widgets_values":["controlnext-svd_v2-unet-fp16_converted.safetensors","default"]},{"id":18,"type":"LoadImage","pos":{"0":-227,"1":-278},"size":{"0":219.66668701171875,"1":399.3333740234375},"flags":{},"order":3,"mode":0,"inputs":[],"outputs":[{"name":"IMAGE","type":"IMAGE","links":[79],"slot_index":0,"shape":3,"label":"图像"},{"name":"MASK","type":"MASK","links":null,"shape":3,"label":"遮罩"}],"properties":{"Node name for S&R":"LoadImage"},"widgets_values":["1 (6).png","image"]},{"id":11,"type":"VHS_LoadVideo","pos":{"0":44,"1":54},"size":[240,400],"flags":{},"order":4,"mode":0,"inputs":[{"name":"meta_batch","type":"VHS_BatchManager","link":null,"label":"批次管理"},{"name":"vae","type":"VAE","link":null}],"outputs":[{"name":"IMAGE","type":"IMAGE","links":[38],"slot_index":0,"shape":3,"label":"图像"},{"name":"frame_count","type":"INT","links":[],"shape":3,"label":"帧计数"},{"name":"audio","type":"AUDIO","links":null,"shape":3,"label":"音频"},{"name":"video_info","type":"VHS_VIDEOINFO","links":null,"shape":3,"label":"视频信息"}],"properties":{"Node name for S&R":"VHS_LoadVideo"},"widgets_values":{"video":"test3.mp4","force_rate":0,"force_size":"Disabled","custom_width":512,"custom_height":512,"frame_load_cap":47,"skip_first_frames":0,"select_every_nth":2,"choose video to upload":"image","videopreview":{"hidden":false,"paused":false,"params":{"frame_load_cap":47,"skip_first_frames":0,"force_rate":0,"filename":"test3.mp4","type":"input","format":"video/mp4","select_every_nth":2},"muted":true}}},{"id":68,"type":"VHS_SplitLatents","pos":{"0":1220,"1":-120},"size":{"0":315,"1":118},"flags":{"collapsed":true},"order":15,"mode":0,"inputs":[{"name":"latents","type":"LATENT","link":145,"label":"Latent"}],"outputs":[{"name":"LATENT_A","type":"LATENT","links":null,"shape":3,"label":"Latent_A"},{"name":"A_count","type":"INT","links":null,"shape":3,"label":"A组计数"},{"name":"LATENT_B","type":"LATENT","links":[146],"slot_index":2,"shape":3,"label":"Latent_B"},{"name":"B_count","type":"INT","links":null,"shape":3,"label":"B组计数"}],"properties":{"Node name for S&R":"VHS_SplitLatents"},"widgets_values":{"split_index":2}},{"id":32,"type":"VAEDecode","pos":{"0":1200,"1":-40},"size":{"0":210,"1":46},"flags":{},"order":16,"mode":0,"inputs":[{"name":"samples","type":"LATENT","link":146,"label":"Latent"},{"name":"vae","type":"VAE","link":69,"slot_index":1,"label":"VAE"}],"outputs":[{"name":"IMAGE","type":"IMAGE","links":[147],"slot_index":0,"shape":3,"label":"图像"}],"properties":{"Node name for S&R":"VAEDecode"}}],"links":[[33,16,0,12,1,"IMAGE"],[38,11,0,12,0,"IMAGE"],[41,12,0,20,1,"IMAGE"],[60,30,1,29,0,"CLIP_VISION"],[66,30,2,29,2,"VAE"],[69,30,2,32,1,"VAE"],[74,29,2,31,3,"LATENT"],[76,29,0,31,1,"CONDITIONING"],[77,29,1,31,2,"CONDITIONING"],[79,18,0,38,0,"IMAGE"],[81,38,0,29,1,"IMAGE"],[85,38,0,16,0,"IMAGE"],[87,16,0,20,0,"IMAGE"],[107,52,0,31,0,"MODEL"],[122,53,0,52,2,"CONTEXT_OPTIONS"],[135,20,0,64,0,"IMAGE"],[139,64,1,29,4,"INT"],[140,64,3,29,3,"INT"],[141,64,2,29,5,"INT"],[142,20,1,65,0,"IMAGE"],[145,31,0,68,0,"LATENT"],[146,68,2,32,0,"LATENT"],[147,32,0,55,0,"IMAGE"],[148,34,0,69,0,"MODEL"],[149,20,0,69,1,"IMAGE"],[150,69,0,52,0,"MODEL"]],"groups":[],"config":{},"extra":{"ds":{"scale":0.8264462809917359,"offset":[-124.38926290383313,831.4470041663458]},"workspace_info":{"id":"aBpTdnvdxFnvFaOtSdyh-","saveLock":false,"cloudID":null,"coverMediaPath":null}},"version":0.4}