{"last_node_id":69,"last_link_id":161,"nodes":[{"id":23,"type":"ControlNextDiffusersScheduler","pos":{"0":1199,"1":180},"size":{"0":315.11505126953125,"1":106},"flags":{},"order":0,"mode":0,"inputs":[],"outputs":[{"name":"scheduler","type":"DIFFUSERS_SCHEDULER","links":[49],"shape":3,"label":"scheduler"}],"properties":{"Node name for S&R":"ControlNextDiffusersScheduler"},"widgets_values":["EulerDiscreteSchedulerKarras",0.002,700]},{"id":16,"type":"GetImageSizeAndCount","pos":{"0":426,"1":544},"size":{"0":210,"1":86},"flags":{},"order":8,"mode":0,"inputs":[{"name":"image","type":"IMAGE","link":85,"label":"图像"}],"outputs":[{"name":"image","type":"IMAGE","links":[87],"slot_index":0,"shape":3,"label":"图像"},{"name":"576 width","type":"INT","links":[141],"shape":3},{"name":"1024 height","type":"INT","links":[142],"shape":3},{"name":"1 count","type":"INT","links":null,"shape":3}],"properties":{"Node name for S&R":"GetImageSizeAndCount"}},{"id":54,"type":"GetImageSizeAndCount","pos":{"0":820,"1":385},"size":{"0":210,"1":86},"flags":{},"order":11,"mode":0,"inputs":[{"name":"image","type":"IMAGE","link":110,"label":"图像"}],"outputs":[{"name":"image","type":"IMAGE","links":[135],"slot_index":0,"shape":3,"label":"图像"},{"name":"576 width","type":"INT","links":null,"shape":3},{"name":"1024 height","type":"INT","links":null,"shape":3},{"name":"33 count","type":"INT","links":[],"slot_index":3,"shape":3}],"properties":{"Node name for S&R":"GetImageSizeAndCount"}},{"id":38,"type":"ImageScale","pos":{"0":364,"1":212},"size":{"0":315,"1":130},"flags":{},"order":5,"mode":0,"inputs":[{"name":"image","type":"IMAGE","link":79,"label":"图像"}],"outputs":[{"name":"IMAGE","type":"IMAGE","links":[85,86],"slot_index":0,"shape":3,"label":"图像"}],"properties":{"Node name for S&R":"ImageScale"},"widgets_values":["lanczos",576,1024,"center"]},{"id":20,"type":"ControlNextGetPoses","pos":{"0":785,"1":534},"size":{"0":330,"1":126},"flags":{},"order":10,"mode":0,"inputs":[{"name":"ref_image","type":"IMAGE","link":87,"label":"ref_image"},{"name":"pose_images","type":"IMAGE","link":145,"label":"pose_images"}],"outputs":[{"name":"poses_with_ref","type":"IMAGE","links":[110],"slot_index":0,"shape":3,"label":"poses_with_ref"},{"name":"pose_images","type":"IMAGE","links":[134],"slot_index":1,"shape":3,"label":"pose_images"}],"properties":{"Node name for S&R":"ControlNextGetPoses"},"widgets_values":[true,true,true]},{"id":66,"type":"ImageScale","pos":{"0":397,"1":705},"size":{"0":315,"1":130},"flags":{},"order":9,"mode":0,"inputs":[{"name":"image","type":"IMAGE","link":144,"label":"图像"},{"name":"width","type":"INT","link":141,"slot_index":1,"widget":{"name":"width"},"label":"宽度"},{"name":"height","type":"INT","link":142,"slot_index":2,"widget":{"name":"height"},"label":"高度"}],"outputs":[{"name":"IMAGE","type":"IMAGE","links":[145],"slot_index":0,"shape":3,"label":"图像"}],"properties":{"Node name for S&R":"ImageScale"},"widgets_values":["lanczos",576,1024,"center"]},{"id":64,"type":"VHS_VideoCombine","pos":{"0":900,"1":750},"size":[230,310],"flags":{},"order":12,"mode":0,"inputs":[{"name":"images","type":"IMAGE","link":134,"label":"图像"},{"name":"audio","type":"AUDIO","link":null,"label":"音频"},{"name":"meta_batch","type":"VHS_BatchManager","link":null,"label":"批次管理"},{"name":"vae","type":"VAE","link":null},{"name":"frame_rate","type":"FLOAT","link":158,"widget":{"name":"frame_rate"},"label":"帧率"}],"outputs":[{"name":"Filenames","type":"VHS_FILENAMES","links":null,"shape":3,"label":"文件名"}],"properties":{"Node name for S&R":"VHS_VideoCombine"},"widgets_values":{"frame_rate":16,"loop_count":0,"filename_prefix":"AnimateDiff","format":"video/h264-mp4","pix_fmt":"yuv420p","crf":19,"save_metadata":true,"pingpong":false,"save_output":false,"videopreview":{"hidden":false,"paused":false,"params":{"filename":"AnimateDiff_00006.mp4","subfolder":"","type":"temp","format":"video/h264-mp4","frame_rate":7},"muted":false}}},{"id":27,"type":"ImageConcatMulti","pos":{"0":1290,"1":880},"size":{"0":210,"1":150},"flags":{},"order":1,"mode":0,"inputs":[{"name":"image_1","type":"IMAGE","link":null,"label":"image_1"},{"name":"image_2","type":"IMAGE","link":null,"label":"image_2"}],"outputs":[{"name":"images","type":"IMAGE","links":[],"slot_index":0,"shape":3,"label":"images"}],"properties":{"Node name for S&R":"ImageConcatMulti"},"widgets_values":[2,"right",false,null]},{"id":41,"type":"VHS_VideoCombine","pos":{"0":1970,"1":320},"size":[750,310],"flags":{},"order":16,"mode":0,"inputs":[{"name":"images","type":"IMAGE","link":154,"label":"图像"},{"name":"audio","type":"AUDIO","link":null,"label":"音频"},{"name":"meta_batch","type":"VHS_BatchManager","link":null,"label":"批次管理"},{"name":"vae","type":"VAE","link":null},{"name":"frame_rate","type":"FLOAT","link":159,"widget":{"name":"frame_rate"},"label":"帧率"}],"outputs":[{"name":"Filenames","type":"VHS_FILENAMES","links":null,"shape":3,"label":"文件名"}],"properties":{"Node name for S&R":"VHS_VideoCombine"},"widgets_values":{"frame_rate":16,"loop_count":0,"filename_prefix":"ControlNextSVD_diffusers","format":"video/h264-mp4","pix_fmt":"yuv420p","crf":19,"save_metadata":true,"pingpong":false,"save_output":true,"videopreview":{"hidden":false,"paused":false,"params":{"filename":"ControlNextSVD_diffusers_00006.mp4","subfolder":"","type":"output","format":"video/h264-mp4","frame_rate":7},"muted":false}}},{"id":65,"type":"GetImageSizeAndCount","pos":{"0":1650,"1":390},"size":{"0":210,"1":86},"flags":{},"order":15,"mode":0,"inputs":[{"name":"image","type":"IMAGE","link":137,"label":"图像"}],"outputs":[{"name":"image","type":"IMAGE","links":[154],"slot_index":0,"shape":3,"label":"图像"},{"name":"576 width","type":"INT","links":null,"shape":3},{"name":"1024 height","type":"INT","links":null,"shape":3},{"name":"32 count","type":"INT","links":[],"slot_index":3,"shape":3}],"properties":{"Node name for S&R":"GetImageSizeAndCount"}},{"id":15,"type":"ControlNextDecode","pos":{"0":1580,"1":200},"size":{"0":342.5999755859375,"1":78},"flags":{},"order":14,"mode":0,"inputs":[{"name":"controlnext_pipeline","type":"CONTROLNEXT_PIPE","link":30,"slot_index":0,"label":"controlnext_pipeline"},{"name":"samples","type":"LATENT","link":28,"label":"samples"}],"outputs":[{"name":"images","type":"IMAGE","links":[137],"slot_index":0,"shape":3,"label":"images"}],"properties":{"Node name for S&R":"ControlNextDecode"},"widgets_values":[4]},{"id":1,"type":"DownloadAndLoadControlNeXt","pos":{"0":780,"1":210},"size":{"0":315,"1":58},"flags":{},"order":2,"mode":0,"inputs":[],"outputs":[{"name":"controlnext_pipeline","type":"CONTROLNEXT_PIPE","links":[30,160],"slot_index":0,"shape":3,"label":"controlnext_pipeline"}],"properties":{"Node name for S&R":"DownloadAndLoadControlNeXt"},"widgets_values":["fp16"]},{"id":69,"type":"Display Any (rgthree)","pos":{"0":470,"1":1160},"size":{"0":210,"1":76.0000228881836},"flags":{},"order":6,"mode":0,"inputs":[{"name":"source","type":"*","link":161,"label":"输入","dir":3}],"outputs":[],"properties":{"Node name for S&R":"Display Any (rgthree)"},"widgets_values":["31"]},{"id":7,"type":"ControlNextSampler","pos":{"0":1223,"1":373},"size":{"0":345.4573974609375,"1":382},"flags":{},"order":13,"mode":0,"inputs":[{"name":"controlnext_pipeline","type":"CONTROLNEXT_PIPE","link":160,"label":"controlnext_pipeline"},{"name":"ref_image","type":"IMAGE","link":86,"label":"ref_image"},{"name":"pose_images","type":"IMAGE","link":135,"label":"pose_images"},{"name":"optional_scheduler","type":"DIFFUSERS_SCHEDULER","link":49,"slot_index":3,"label":"optional_scheduler"}],"outputs":[{"name":"samples","type":"LATENT","links":[28],"slot_index":0,"shape":3,"label":"samples"}],"properties":{"Node name for S&R":"ControlNextSampler"},"widgets_values":[25,127,2.5,2.5,0,"fixed",7,1,0.02,24,6,false]},{"id":18,"type":"LoadImage","pos":{"0":100,"1":210},"size":{"0":219.66668701171875,"1":399.3333740234375},"flags":{},"order":3,"mode":0,"inputs":[],"outputs":[{"name":"IMAGE","type":"IMAGE","links":[79],"slot_index":0,"shape":3,"label":"图像"},{"name":"MASK","type":"MASK","links":null,"shape":3,"label":"遮罩"}],"properties":{"Node name for S&R":"LoadImage"},"widgets_values":["1 (2).jpg","image"]},{"id":11,"type":"VHS_LoadVideo","pos":{"0":100,"1":710},"size":[240,400],"flags":{},"order":4,"mode":0,"inputs":[{"name":"meta_batch","type":"VHS_BatchManager","link":null,"label":"批次管理"},{"name":"vae","type":"VAE","link":null}],"outputs":[{"name":"IMAGE","type":"IMAGE","links":[144],"slot_index":0,"shape":3,"label":"图像"},{"name":"frame_count","type":"INT","links":[161],"slot_index":1,"shape":3,"label":"帧计数"},{"name":"audio","type":"AUDIO","links":null,"shape":3,"label":"音频"},{"name":"video_info","type":"VHS_VIDEOINFO","links":[146],"slot_index":3,"shape":3,"label":"视频信息"}],"properties":{"Node name for S&R":"VHS_LoadVideo"},"widgets_values":{"video":"test3.mp4","force_rate":0,"force_size":"Disabled","custom_width":512,"custom_height":512,"frame_load_cap":300,"skip_first_frames":0,"select_every_nth":2,"choose video to upload":"image","videopreview":{"hidden":false,"paused":false,"params":{"frame_load_cap":300,"skip_first_frames":0,"force_rate":0,"filename":"test3.mp4","type":"input","format":"video/mp4","select_every_nth":2},"muted":true}}},{"id":67,"type":"VHS_VideoInfo","pos":{"0":380,"1":890},"size":{"0":393,"1":206},"flags":{},"order":7,"mode":0,"inputs":[{"name":"video_info","type":"VHS_VIDEOINFO","link":146,"label":"视频信息"}],"outputs":[{"name":"source_fps🟨","type":"FLOAT","links":[],"slot_index":0,"shape":3,"label":"初始FPS🟨"},{"name":"source_frame_count🟨","type":"INT","links":[],"slot_index":1,"shape":3,"label":"初始帧数🟨"},{"name":"source_duration🟨","type":"FLOAT","links":null,"shape":3,"label":"初始时长🟨"},{"name":"source_width🟨","type":"INT","links":null,"shape":3,"label":"初始宽度🟨"},{"name":"source_height🟨","type":"INT","links":null,"shape":3,"label":"初始高度🟨"},{"name":"loaded_fps🟦","type":"FLOAT","links":[158,159],"slot_index":5,"shape":3,"label":"选中FPS🟦"},{"name":"loaded_frame_count🟦","type":"INT","links":[],"slot_index":6,"shape":3,"label":"选中帧数🟦"},{"name":"loaded_duration🟦","type":"FLOAT","links":null,"shape":3,"label":"选中时长🟦"},{"name":"loaded_width🟦","type":"INT","links":null,"shape":3,"label":"选中宽度🟦"},{"name":"loaded_height🟦","type":"INT","links":null,"shape":3,"label":"选中高度🟦"}],"properties":{"Node name for S&R":"VHS_VideoInfo"},"widgets_values":{}}],"links":[[28,7,0,15,1,"LATENT"],[30,1,0,15,0,"CONTROLNEXT_PIPE"],[49,23,0,7,3,"DIFFUSERS_SCHEDULER"],[79,18,0,38,0,"IMAGE"],[85,38,0,16,0,"IMAGE"],[86,38,0,7,1,"IMAGE"],[87,16,0,20,0,"IMAGE"],[110,20,0,54,0,"IMAGE"],[134,20,1,64,0,"IMAGE"],[135,54,0,7,2,"IMAGE"],[137,15,0,65,0,"IMAGE"],[141,16,1,66,1,"INT"],[142,16,2,66,2,"INT"],[144,11,0,66,0,"IMAGE"],[145,66,0,20,1,"IMAGE"],[146,11,3,67,0,"VHS_VIDEOINFO"],[154,65,0,41,0,"IMAGE"],[158,67,5,64,4,"FLOAT"],[159,67,5,41,4,"FLOAT"],[160,1,0,7,0,"CONTROLNEXT_PIPE"],[161,11,1,69,0,"*"]],"groups":[],"config":{},"extra":{"ds":{"scale":0.620921323059155,"offset":[221.43647752171657,-25.583399655891427]},"workspace_info":{"id":"lmYeATmacwGsziLfNE5v0","saveLock":false,"cloudID":null,"coverMediaPath":null}},"version":0.4}