{"last_node_id":25,"last_link_id":38,"nodes":[{"id":19,"type":"CLIPTextEncodeFlux","pos":[-80,110],"size":{"0":400,"1":200},"flags":{},"order":5,"mode":0,"inputs":[{"name":"clip","type":"CLIP","link":27,"slot_index":0,"label":"CLIP"}],"outputs":[{"name":"CONDITIONING","type":"CONDITIONING","links":[26],"slot_index":0,"shape":3,"label":"条件"}],"properties":{"Node name for S&R":"CLIPTextEncodeFlux"},"widgets_values":["","",4,true,true]},{"id":21,"type":"PreviewImage","pos":[1710,120],"size":{"0":210,"1":246},"flags":{},"order":9,"mode":0,"inputs":[{"name":"images","type":"IMAGE","link":31,"slot_index":0,"label":"图像"}],"properties":{"Node name for S&R":"PreviewImage"}},{"id":7,"type":"VAEDecode","pos":[1410,150],"size":{"0":210,"1":46},"flags":{},"order":8,"mode":0,"inputs":[{"name":"samples","type":"LATENT","link":6,"slot_index":0,"label":"Latent"},{"name":"vae","type":"VAE","link":7,"label":"VAE"}],"outputs":[{"name":"IMAGE","type":"IMAGE","links":[31,38],"slot_index":0,"shape":3,"label":"图像"}],"properties":{"Node name for S&R":"VAEDecode"}},{"id":25,"type":"Get resolution [Crystools]","pos":[1390,450],"size":{"0":210,"1":46},"flags":{},"order":10,"mode":0,"inputs":[{"name":"image","type":"IMAGE","link":38,"label":"图像"}],"outputs":[{"name":"width","type":"INT","links":null,"shape":3,"label":"宽度"},{"name":"height","type":"INT","links":null,"shape":3,"label":"高度"}],"properties":{"Node name for S&R":"Get resolution [Crystools]"}},{"id":8,"type":"VAELoader","pos":[1010,40],"size":{"0":315,"1":58},"flags":{},"order":2,"mode":0,"outputs":[{"name":"VAE","type":"VAE","links":[7],"slot_index":0,"shape":3}],"properties":{"Node name for S&R":"VAELoader"},"widgets_values":["flux/ae.sft"]},{"id":4,"type":"DualCLIPLoader","pos":[-176,-93],"size":{"0":315,"1":106},"flags":{},"order":0,"mode":0,"outputs":[{"name":"CLIP","type":"CLIP","links":[2,27],"slot_index":0,"shape":3,"label":"CLIP"}],"properties":{"Node name for S&R":"DualCLIPLoader"},"widgets_values":["clip_l.safetensors","sd3/t5xxl_fp16.safetensors","flux"]},{"id":10,"type":"UNETLoader","pos":[20,390],"size":{"0":315,"1":82},"flags":{},"order":1,"mode":0,"outputs":[{"name":"MODEL","type":"MODEL","links":[36],"slot_index":0,"shape":3,"label":"模型"}],"properties":{"Node name for S&R":"UNETLoader"},"widgets_values":["flux/flux1-dev-fp8.safetensors","fp8_e4m3fn"]},{"id":5,"type":"CLIPTextEncodeFlux","pos":[510,-100],"size":{"0":400,"1":200},"flags":{},"order":4,"mode":0,"inputs":[{"name":"clip","type":"CLIP","link":2,"slot_index":0,"label":"CLIP"}],"outputs":[{"name":"CONDITIONING","type":"CONDITIONING","links":[18],"slot_index":0,"shape":3,"label":"条件"}],"properties":{"Node name for S&R":"CLIPTextEncodeFlux"},"widgets_values":["Maiden, chestnut curls, deep soulful eyes, ancient structure, weathered stones, black cloak, billowing gently, arms close to body, secret object, soft enigmatic smile, pale skin, fresh snow, setting sun, rosy cheeks, slightly parted mouth, whispering, wind, serene warmth, peace, wonder, nature.","In this breathtaking scene, a solitary valkyrie stands in all her glory, her form outlined against a cloudy sky. The valkyrie, a majestic figure, is dressed in a gorgeous set of armor that shines like polished silver, each plate intricately designed and fitting her form perfectly. She holds a long, gleaming spear in one hand, its tip pointed downward, exuding an aura of both power and grace. Adorning her head is a golden laurel wreath, a symbol of her divine status and valorous deeds.\n\nHer pale skin contrasts beautifully with the metallic tones of her armor, while her face is a vision of serene beauty, with delicate features and an expression that suggests both wisdom and compassion. The armor itself is not merely protective but also ornamental, resembling a dress that drapes elegantly over her form. Behind her, a pair of magnificent wings unfurls, their feathers shimmering with hues of gold and silver, adding to her ethereal presence.\n\nShe turns her gaze toward the viewer, her eyes meeting ours with a mix of curiosity and understanding. The cloudy sky above her is illuminated by a soft, holy light that seems to emanate from the heavens themselves, casting a gentle glow upon her and emphasizing her otherworldly nature. The light from the clouds above bathes the scene in a warm, mystical ambiance, enhancing the fantasy theme and the sense of being in the presence of a true goddess.",3.5,true,true]},{"id":6,"type":"EmptyLatentImage","pos":[570,420],"size":{"0":315,"1":106},"flags":{},"order":3,"mode":0,"outputs":[{"name":"LATENT","type":"LATENT","links":[5],"slot_index":0,"shape":3,"label":"Latent"}],"properties":{"Node name for S&R":"EmptyLatentImage"},"widgets_values":[768,1024,1]},{"id":23,"type":"FluxLoraLoader","pos":[570,250],"size":{"0":315,"1":82},"flags":{},"order":6,"mode":0,"inputs":[{"name":"model","type":"MODEL","link":36,"label":"model"}],"outputs":[{"name":"MODEL","type":"MODEL","links":[37],"slot_index":0,"shape":3,"label":"MODEL"}],"properties":{"Node name for S&R":"FluxLoraLoader"},"widgets_values":["xlabs_flux_realism_lora_comfui.safetensors",0.9]},{"id":3,"type":"XlabsSampler","pos":[1013,169],"size":{"0":342.5999755859375,"1":258},"flags":{},"order":7,"mode":0,"inputs":[{"name":"model","type":"MODEL","link":37,"slot_index":0,"label":"model"},{"name":"conditioning","type":"CONDITIONING","link":18,"label":"conditioning"},{"name":"neg_conditioning","type":"CONDITIONING","link":26,"label":"neg_conditioning"},{"name":"latent_image","type":"LATENT","link":5,"label":"latent_image"},{"name":"controlnet_condition","type":"ControlNetCondition","link":null,"label":"controlnet_condition"}],"outputs":[{"name":"latent","type":"LATENT","links":[6],"shape":3,"label":"latent"}],"properties":{"Node name for S&R":"XlabsSampler"},"widgets_values":[482601813077598,"randomize",4,1,3.5,0]}],"links":[[2,4,0,5,0,"CLIP"],[5,6,0,3,3,"LATENT"],[6,3,0,7,0,"LATENT"],[7,8,0,7,1,"VAE"],[18,5,0,3,1,"CONDITIONING"],[26,19,0,3,2,"CONDITIONING"],[27,4,0,19,0,"CLIP"],[31,7,0,21,0,"IMAGE"],[36,10,0,23,0,"MODEL"],[37,23,0,3,0,"MODEL"],[38,7,0,25,0,"IMAGE"]],"groups":[],"config":{},"extra":{"ds":{"scale":0.6934334949441341,"offset":[182.99459003987602,255.46501217971786]},"workspace_info":{"id":"y752_LHAQukqp6s7r-9UO","saveLock":false,"cloudID":null,"coverMediaPath":null}},"version":0.4}