{"last_node_id":16,"last_link_id":20,"nodes":[{"id":3,"type":"FL_LoadImagesFromDirectoryPath","pos":{"0":651,"1":614},"size":{"0":315,"1":102},"flags":{},"order":2,"mode":0,"inputs":[],"outputs":[{"name":"images","type":"IMAGE","links":[2],"slot_index":0,"shape":3,"label":"images"},{"name":"captions","type":"STRING","links":[3],"slot_index":1,"shape":3,"label":"captions"}],"properties":{"Node name for S&R":"FL_LoadImagesFromDirectoryPath"},"widgets_values":["/home/star/ssd/ssd_1/ComfyUI/input/datatset/test",".txt"],"color":"#16727c","bgcolor":"#4F0074"},{"id":12,"type":"FL_KohyaSSInitWorkspace","pos":{"0":660,"1":410},"size":{"0":315,"1":154},"flags":{},"order":1,"mode":0,"inputs":[],"outputs":[{"name":"workspace_config","type":"FL_TT_SS_WorkspaceConfig","links":[12,17],"shape":3,"label":"workspace_config"}],"properties":{"Node name for S&R":"FL_KohyaSSInitWorkspace"},"widgets_values":["test-102601","71e2c91330a9d866ec05cdd10584bbb962896a99","github",1373,"randomize"],"color":"#16727c","bgcolor":"#4F0074"},{"id":11,"type":"FL_KohyaSSAdvConfig","pos":{"0":650,"1":820},"size":{"0":315,"1":634},"flags":{},"order":0,"mode":0,"inputs":[],"outputs":[{"name":"advanced_config","type":"FL_TT_SS_AdvConfig","links":[18],"shape":3,"label":"advanced_config"}],"properties":{"Node name for S&R":"FL_KohyaSSAdvConfig"},"widgets_values":["enable","disable","disable","bf16",1,"enable","enable","enable",32,16,"networks.lora","enable","cosine_with_restarts",1,"Lion",0,"0.00005","0.000005","disable","bf16","enable","enable",0.1,"enable","disable"],"color":"#16727c","bgcolor":"#4F0074"},{"id":15,"type":"FL_KohyaSSTrain","pos":{"0":1080,"1":850},"size":[437.47393798828125,374.8033752441406],"flags":{},"order":4,"mode":0,"inputs":[{"name":"workspace_config","type":"FL_TT_SS_WorkspaceConfig","link":17,"label":"workspace_config"},{"name":"advanced_config","type":"FL_TT_SS_AdvConfig","link":18,"label":"advanced_config"},{"name":"caption_completed_flag","type":"*","link":19,"shape":7,"label":"caption_completed_flag"}],"outputs":[{"name":"done?","type":"STRING","links":null,"label":"done?","slot_index":0}],"properties":{"Node name for S&R":"FL_KohyaSSTrain"},"widgets_values":["lora_sdxl","sdxl/sd_xl_base_1.0.safetensors",2000,10,10,"0.0001","latest",""],"color":"#16727c","bgcolor":"#4F0074"},{"id":2,"type":"FL_KohyaSSDatasetConfig","pos":{"0":1100,"1":430},"size":{"0":384.95928955078125,"1":310},"flags":{},"order":3,"mode":0,"inputs":[{"name":"workspace_config","type":"FL_TT_SS_WorkspaceConfig","link":12,"slot_index":0,"label":"workspace_config"},{"name":"images","type":"IMAGE","link":2,"label":"images"},{"name":"conditioning_images","type":"IMAGE","link":null,"label":"conditioning_images","shape":7},{"name":"captions","type":"STRING","link":3,"slot_index":3,"widget":{"name":"captions"},"label":"captions"}],"outputs":[{"name":"workspace_images_dir","type":"STRING","links":[19],"slot_index":0,"shape":3,"label":"workspace_images_dir"}],"properties":{"Node name for S&R":"FL_KohyaSSDatasetConfig"},"widgets_values":["","enable",1024,15,".txt",6,"disable","disable","jpg",".json"],"color":"#16727c","bgcolor":"#4F0074"}],"links":[[2,3,0,2,1,"IMAGE"],[3,3,1,2,3,"STRING"],[12,12,0,2,0,"FL_TT_SS_WorkspaceConfig"],[17,12,0,15,0,"FL_TT_SS_WorkspaceConfig"],[18,11,0,15,1,"FL_TT_SS_AdvConfig"],[19,2,0,15,2,"*"]],"groups":[],"config":{},"extra":{"ds":{"scale":0.6588450000000011,"offset":[33.40058874594079,-166.10709038013093]},"workspace_info":{"id":"QDHc_vMHi4LaTSkZwzfks","saveLock":false,"cloudID":null,"coverMediaPath":null}},"version":0.4}