{"last_node_id":230,"last_link_id":443,"nodes":[{"id":61,"type":"Reroute","pos":[-1558,-805],"size":[82,26],"flags":{},"order":14,"mode":0,"inputs":[{"name":"","type":"*","link":94}],"outputs":[{"name":"MODEL","type":"MODEL","links":[96],"slot_index":0}],"properties":{"showOutputText":true,"horizontal":false}},{"id":29,"type":"Reroute","pos":[-1394,-803],"size":[75,26],"flags":{},"order":9,"mode":0,"inputs":[{"name":"","type":"*","link":93}],"outputs":[{"name":"VAE","type":"VAE","links":[47,103,125],"slot_index":0}],"properties":{"showOutputText":true,"horizontal":false}},{"id":83,"type":"Reroute","pos":[-494.5482746050707,-711.7251676589235],"size":[75,26],"flags":{},"order":39,"mode":0,"inputs":[{"name":"","type":"*","link":131}],"outputs":[{"name":"CLIP","type":"CLIP","links":[132],"slot_index":0}],"properties":{"showOutputText":true,"horizontal":false}},{"id":80,"type":"Reroute","pos":[533.4517253949296,-713.7251676589235],"size":[75,26],"flags":{},"order":13,"mode":0,"inputs":[{"name":"","type":"*","link":125}],"outputs":[{"name":"VAE","type":"VAE","links":[126,135],"slot_index":0}],"properties":{"showOutputText":true,"horizontal":false}},{"id":58,"type":"Reroute","pos":[-2894,-816],"size":[75,26],"flags":{},"order":18,"mode":0,"inputs":[{"name":"","type":"*","link":86}],"outputs":[{"name":"CLIP","type":"CLIP","links":[87,88,131],"slot_index":0}],"properties":{"showOutputText":true,"horizontal":false}},{"id":57,"type":"CLIPTextEncode","pos":[-2432,-602],"size":{"0":240,"1":60},"flags":{},"order":37,"mode":0,"inputs":[{"name":"clip","type":"CLIP","link":87,"label":"CLIP"},{"name":"text","type":"STRING","link":85,"widget":{"name":"text"},"label":"文本"}],"outputs":[{"name":"CONDITIONING","type":"CONDITIONING","links":[90],"slot_index":0,"label":"条件"}],"properties":{"Node name for S&R":"CLIPTextEncode"},"widgets_values":["clay character"]},{"id":46,"type":"CR Apply LoRA Stack","pos":[-3566,-319],"size":{"0":380,"1":80},"flags":{},"order":10,"mode":0,"inputs":[{"name":"model","type":"MODEL","link":67,"label":"模型"},{"name":"clip","type":"CLIP","link":68,"label":"CLIP"},{"name":"lora_stack","type":"LORA_STACK","link":69,"label":"LoRA堆"}],"outputs":[{"name":"MODEL","type":"MODEL","links":[94],"shape":3,"label":"模型","slot_index":0},{"name":"CLIP","type":"CLIP","links":[70],"shape":3,"label":"CLIP","slot_index":1},{"name":"show_help","type":"STRING","links":null,"shape":3,"label":"show_help"}],"properties":{"Node name for S&R":"CR Apply LoRA Stack"}},{"id":47,"type":"CLIPSetLastLayer","pos":[-3534.695196786028,-670.793953761571],"size":{"0":315,"1":58},"flags":{},"order":15,"mode":0,"inputs":[{"name":"clip","type":"CLIP","link":70,"label":"CLIP"}],"outputs":[{"name":"CLIP","type":"CLIP","links":[86],"shape":3,"label":"CLIP","slot_index":0}],"properties":{"Node name for S&R":"CLIPSetLastLayer"},"widgets_values":[-1]},{"id":9,"type":"VAEEncode","pos":[-1337,-565],"size":{"0":210,"1":46},"flags":{},"order":41,"mode":0,"inputs":[{"name":"pixels","type":"IMAGE","link":400,"label":"图像"},{"name":"vae","type":"VAE","link":47,"label":"VAE"}],"outputs":[{"name":"LATENT","type":"LATENT","links":[12],"shape":3,"label":"Latent","slot_index":0}],"properties":{"Node name for S&R":"VAEEncode"}},{"id":71,"type":"CLIPTextEncode","pos":[151,-571],"size":{"0":240,"1":60},"flags":{},"order":48,"mode":0,"inputs":[{"name":"clip","type":"CLIP","link":132,"label":"CLIP"},{"name":"text","type":"STRING","link":109,"widget":{"name":"text"},"label":"文本"}],"outputs":[{"name":"CONDITIONING","type":"CONDITIONING","links":[388],"slot_index":0,"label":"条件"}],"properties":{"Node name for S&R":"CLIPTextEncode"},"widgets_values":["clay character"]},{"id":65,"type":"VAEEncode","pos":[1213.4517253949296,-612.7251676589235],"size":{"0":210,"1":46},"flags":{},"order":64,"mode":0,"inputs":[{"name":"pixels","type":"IMAGE","link":285,"label":"图像"},{"name":"vae","type":"VAE","link":126,"label":"VAE"}],"outputs":[{"name":"LATENT","type":"LATENT","links":[105],"shape":3,"label":"Latent","slot_index":0}],"properties":{"Node name for S&R":"VAEEncode"}},{"id":81,"type":"Reroute","pos":[715.4517253949296,-710.7251676589235],"size":[82,26],"flags":{},"order":61,"mode":0,"inputs":[{"name":"","type":"*","link":287}],"outputs":[{"name":"IMAGE","type":"IMAGE","links":[285],"slot_index":0}],"properties":{"showOutputText":true,"horizontal":false}},{"id":170,"type":"Reroute","pos":[-1337,289],"size":[75,26],"flags":{},"order":50,"mode":0,"inputs":[{"name":"","type":"*","link":302}],"outputs":[{"name":"","type":"MASK","links":[],"slot_index":0}],"properties":{"showOutputText":false,"horizontal":false}},{"id":182,"type":"Reroute","pos":[-561,225],"size":[75,26],"flags":{},"order":23,"mode":0,"inputs":[{"name":"","type":"*","link":337}],"outputs":[{"name":"","type":"IMAGE","links":[338,341],"slot_index":0}],"properties":{"showOutputText":false,"horizontal":false}},{"id":185,"type":"Reroute","pos":[210,-15],"size":[75,26],"flags":{},"order":66,"mode":0,"inputs":[{"name":"","type":"*","link":367}],"outputs":[{"name":"","type":"IMAGE","links":[346,348],"slot_index":0}],"properties":{"showOutputText":false,"horizontal":false}},{"id":63,"type":"VAEDecode","pos":[-977,-556],"size":{"0":210,"1":46},"flags":{},"order":58,"mode":0,"inputs":[{"name":"samples","type":"LATENT","link":102,"label":"Latent"},{"name":"vae","type":"VAE","link":103,"label":"VAE"}],"outputs":[{"name":"IMAGE","type":"IMAGE","links":[104,243,287,352],"shape":3,"label":"图像","slot_index":0}],"properties":{"Node name for S&R":"VAEDecode"}},{"id":177,"type":"Reroute","pos":[-484,567],"size":[75,26],"flags":{},"order":33,"mode":0,"inputs":[{"name":"","type":"*","link":326}],"outputs":[{"name":"","type":"IMAGE","links":[364],"slot_index":0}],"properties":{"showOutputText":false,"horizontal":false}},{"id":143,"type":"Reroute","pos":[-569,297],"size":[82,26],"flags":{},"order":60,"mode":0,"inputs":[{"name":"","type":"*","link":243}],"outputs":[{"name":"IMAGE","type":"IMAGE","links":[365],"slot_index":0}],"properties":{"showOutputText":true,"horizontal":false}},{"id":183,"type":"PreviewImage","pos":[-244,-9],"size":{"0":210,"1":246},"flags":{},"order":42,"mode":0,"inputs":[{"name":"images","type":"IMAGE","link":341,"label":"图像"}],"properties":{"Node name for S&R":"PreviewImage"}},{"id":195,"type":"Reroute","pos":[-465,620],"size":[75,26],"flags":{},"order":34,"mode":0,"inputs":[{"name":"","type":"*","link":361,"widget":{"name":"value"}}],"outputs":[{"name":"","type":"FLOAT","links":[363,380],"slot_index":0}],"properties":{"showOutputText":false,"horizontal":false}},{"id":201,"type":"Reroute","pos":[1371,651],"size":[75,26],"flags":{},"order":47,"mode":0,"inputs":[{"name":"","type":"*","link":380,"widget":{"name":"value"}}],"outputs":[{"name":"","type":"FLOAT","links":[381],"slot_index":0}],"properties":{"showOutputText":false,"horizontal":false}},{"id":203,"type":"Reroute","pos":[356,-1566],"size":[75,26],"flags":{},"order":0,"mode":0,"inputs":[{"name":"","type":"*","link":null}],"outputs":[{"name":"","type":"*","links":null}],"properties":{"showOutputText":false,"horizontal":false}},{"id":204,"type":"Reroute","pos":[451,-1294],"size":[75,26],"flags":{},"order":83,"mode":0,"inputs":[{"name":"","type":"*","link":386}],"outputs":[{"name":"","type":"IMAGE","links":[387],"slot_index":0}],"properties":{"showOutputText":false,"horizontal":false}},{"id":70,"type":"CR Apply Multi-ControlNet","pos":[610.6057146005534,-534.0666691598913],"size":{"0":330,"1":98},"flags":{},"order":74,"mode":0,"inputs":[{"name":"base_positive","type":"CONDITIONING","link":388,"label":"正面条件"},{"name":"base_negative","type":"CONDITIONING","link":273,"label":"负面条件"},{"name":"controlnet_stack","type":"CONTROL_NET_STACK","link":108,"label":"ControlNet堆"}],"outputs":[{"name":"base_pos","type":"CONDITIONING","links":[111],"shape":3,"label":"正面条件","slot_index":0},{"name":"base_neg","type":"CONDITIONING","links":[112],"shape":3,"label":"负面条件","slot_index":1},{"name":"show_help","type":"STRING","links":null,"shape":3}],"properties":{"Node name for S&R":"CR Apply Multi-ControlNet"},"widgets_values":["On"]},{"id":50,"type":"CR Apply Multi-ControlNet","pos":[-1981,-546],"size":{"0":330,"1":98},"flags":{},"order":56,"mode":0,"inputs":[{"name":"base_positive","type":"CONDITIONING","link":90,"label":"正面条件"},{"name":"base_negative","type":"CONDITIONING","link":91,"label":"负面条件"},{"name":"controlnet_stack","type":"CONTROL_NET_STACK","link":71,"label":"ControlNet堆"}],"outputs":[{"name":"base_pos","type":"CONDITIONING","links":[100],"shape":3,"label":"正面条件","slot_index":0},{"name":"base_neg","type":"CONDITIONING","links":[101],"shape":3,"label":"负面条件","slot_index":1},{"name":"show_help","type":"STRING","links":null,"shape":3}],"properties":{"Node name for S&R":"CR Apply Multi-ControlNet"},"widgets_values":["On"]},{"id":188,"type":"Reroute","pos":[419,-1436],"size":[75,26],"flags":{},"order":62,"mode":0,"inputs":[{"name":"","type":"*","link":352}],"outputs":[{"name":"","type":"IMAGE","links":[389],"slot_index":0}],"properties":{"showOutputText":false,"horizontal":false}},{"id":206,"type":"Reroute","pos":[-2752,448],"size":[75,26],"flags":{},"order":11,"mode":0,"inputs":[{"name":"","type":"*","link":401}],"outputs":[{"name":"","type":"IMAGE","links":[392],"slot_index":0}],"properties":{"showOutputText":false,"horizontal":false}},{"id":209,"type":"Reroute","pos":[-1521,-607],"size":[75,26],"flags":{},"order":21,"mode":0,"inputs":[{"name":"","type":"*","link":399}],"outputs":[{"name":"","type":"IMAGE","links":[400],"slot_index":0}],"properties":{"showOutputText":false,"horizontal":false}},{"id":74,"type":"VAEDecode","pos":[1706,-572],"size":{"0":210,"1":46},"flags":{},"order":77,"mode":0,"inputs":[{"name":"samples","type":"LATENT","link":398,"label":"Latent"},{"name":"vae","type":"VAE","link":135,"label":"VAE"}],"outputs":[{"name":"IMAGE","type":"IMAGE","links":[349,369],"shape":3,"label":"图像","slot_index":0}],"properties":{"Node name for S&R":"VAEDecode"}},{"id":39,"type":"String Literal","pos":[-3005,-139],"size":{"0":400,"1":200},"flags":{},"order":1,"mode":0,"outputs":[{"name":"STRING","type":"STRING","links":[89,319],"shape":3,"label":"STRING","slot_index":0}],"properties":{"Node name for S&R":"String Literal"},"widgets_values":["embedding:negativeXL_D.safetensors, NSFW, worst quality, low quality, illustration, 3d, 2d, cartoon, painting, cartoons, sketch, open mouth, long neck, watermark, text, extra fingers, inverted nipple, busty, large breasts, ugly, disgusting"]},{"id":184,"type":"Reroute","pos":[196,-63],"size":[75,26],"flags":{},"order":65,"mode":0,"inputs":[{"name":"","type":"*","link":366}],"outputs":[{"name":"","type":"IMAGE","links":[344,347,402],"slot_index":0}],"properties":{"showOutputText":false,"horizontal":false}},{"id":66,"type":"SetLatentNoiseMask","pos":[1204,-376],"size":{"0":210,"1":46},"flags":{},"order":75,"mode":0,"inputs":[{"name":"samples","type":"LATENT","link":105,"label":"Latent"},{"name":"mask","type":"MASK","link":416,"label":"遮罩"}],"outputs":[{"name":"LATENT","type":"LATENT","links":[284],"shape":3,"label":"Latent","slot_index":0}],"properties":{"Node name for S&R":"SetLatentNoiseMask"}},{"id":139,"type":"ImageToMask","pos":[-1623,438],"size":{"0":315,"1":58},"flags":{},"order":30,"mode":0,"inputs":[{"name":"image","type":"IMAGE","link":316,"label":"图像"}],"outputs":[{"name":"MASK","type":"MASK","links":[301],"shape":3,"label":"遮罩","slot_index":0}],"properties":{"Node name for S&R":"ImageToMask"},"widgets_values":["red"]},{"id":168,"type":"InvertMask","pos":[-1383,362],"size":{"0":210,"1":26},"flags":{},"order":45,"mode":0,"inputs":[{"name":"mask","type":"MASK","link":301,"label":"遮罩"}],"outputs":[{"name":"MASK","type":"MASK","links":[302,409],"shape":3,"label":"遮罩","slot_index":0}],"properties":{"Node name for S&R":"InvertMask"}},{"id":173,"type":"PreviewImage","pos":[-2165,1139],"size":{"0":210,"1":246},"flags":{},"order":32,"mode":0,"inputs":[{"name":"images","type":"IMAGE","link":311,"label":"图像","slot_index":0}],"properties":{"Node name for S&R":"PreviewImage"}},{"id":159,"type":"PreviewImage","pos":[162,136],"size":{"0":210,"1":246},"flags":{},"order":68,"mode":0,"inputs":[{"name":"images","type":"IMAGE","link":347,"label":"图像"}],"properties":{"Node name for S&R":"PreviewImage"}},{"id":160,"type":"PreviewImage","pos":[410,147],"size":{"0":210,"1":246},"flags":{},"order":71,"mode":0,"inputs":[{"name":"images","type":"IMAGE","link":348,"label":"图像"}],"properties":{"Node name for S&R":"PreviewImage"}},{"id":197,"type":"Reroute","pos":[1362,459],"size":[75,26],"flags":{},"order":79,"mode":0,"inputs":[{"name":"","type":"*","link":369}],"outputs":[{"name":"","type":"IMAGE","links":[370,411],"slot_index":0}],"properties":{"showOutputText":false,"horizontal":false}},{"id":198,"type":"Reroute","pos":[1362,517],"size":[75,26],"flags":{},"order":27,"mode":0,"inputs":[{"name":"","type":"*","link":372}],"outputs":[{"name":"","type":"IMAGE","links":[373,412],"slot_index":0}],"properties":{"showOutputText":false,"horizontal":false}},{"id":199,"type":"Reroute","pos":[1367,565],"size":[75,26],"flags":{},"order":31,"mode":0,"inputs":[{"name":"","type":"*","link":375}],"outputs":[{"name":"","type":"IMAGE","links":[376,413],"slot_index":0}],"properties":{"showOutputText":false,"horizontal":false}},{"id":200,"type":"Reroute","pos":[1365,606],"size":[75,26],"flags":{},"order":20,"mode":0,"inputs":[{"name":"","type":"*","link":377}],"outputs":[{"name":"","type":"IMAGE","links":[378,414],"slot_index":0}],"properties":{"showOutputText":false,"horizontal":false}},{"id":196,"type":"Snapme ImgProcess Step2","pos":[-280,351],"size":{"0":330,"1":122},"flags":{},"order":63,"mode":0,"inputs":[{"name":"image_res_0","type":"IMAGE","link":365,"label":"image_res_0"},{"name":"seg_body_mask_ori","type":"IMAGE","link":364,"label":"seg_body_mask_ori"},{"name":"dilate_iter","type":"FLOAT","link":363,"widget":{"name":"dilate_iter"},"slot_index":2,"label":"dilate_iter"}],"outputs":[{"name":"depth图","type":"IMAGE","links":[366],"shape":3,"label":"depth图","slot_index":0},{"name":"canny图","type":"IMAGE","links":[367],"shape":3,"label":"canny图","slot_index":1},{"name":"人体mask取反","type":"IMAGE","links":[368],"shape":3,"label":"人体mask取反","slot_index":2}],"properties":{"Node name for S&R":"Snapme ImgProcess Step2"},"widgets_values":[0.5,false]},{"id":181,"type":"ImageToMask","pos":[694,384],"size":{"0":315,"1":58},"flags":{},"order":67,"mode":0,"inputs":[{"name":"image","type":"IMAGE","link":368,"label":"图像"}],"outputs":[{"name":"MASK","type":"MASK","links":[407,415],"shape":3,"label":"遮罩","slot_index":0}],"properties":{"Node name for S&R":"ImageToMask"},"widgets_values":["red"]},{"id":142,"type":"Reroute","pos":[1103,-272],"size":[75,26],"flags":{},"order":72,"mode":0,"inputs":[{"name":"","type":"*","link":407}],"outputs":[{"name":"","type":"MASK","links":[],"slot_index":0}],"properties":{"showOutputText":false,"horizontal":false}},{"id":217,"type":"GrowMaskWithBlur","pos":[1064,-100],"size":{"0":315,"1":246},"flags":{},"order":73,"mode":0,"inputs":[{"name":"mask","type":"MASK","link":415,"label":"遮罩"}],"outputs":[{"name":"mask","type":"MASK","links":[416],"shape":3,"label":"遮罩","slot_index":0},{"name":"mask_inverted","type":"MASK","links":null,"shape":3,"label":"反转遮罩"}],"properties":{"Node name for S&R":"GrowMaskWithBlur"},"widgets_values":[10,1,true,false,1,0.5,0.5,false]},{"id":216,"type":"PreviewImage","pos":[1445,1273],"size":{"0":210,"1":246},"flags":{},"order":40,"mode":0,"inputs":[{"name":"images","type":"IMAGE","link":414,"label":"图像"}],"properties":{"Node name for S&R":"PreviewImage"}},{"id":215,"type":"PreviewImage","pos":[1043,982],"size":{"0":210,"1":246},"flags":{},"order":46,"mode":0,"inputs":[{"name":"images","type":"IMAGE","link":413,"label":"图像"}],"properties":{"Node name for S&R":"PreviewImage"}},{"id":214,"type":"PreviewImage","pos":[1365,984],"size":{"0":210,"1":246},"flags":{},"order":43,"mode":0,"inputs":[{"name":"images","type":"IMAGE","link":412,"label":"图像"}],"properties":{"Node name for S&R":"PreviewImage"}},{"id":213,"type":"PreviewImage","pos":[1567,689],"size":{"0":210,"1":246},"flags":{},"order":81,"mode":0,"inputs":[{"name":"images","type":"IMAGE","link":411,"label":"图像"}],"properties":{"Node name for S&R":"PreviewImage"}},{"id":228,"type":"ImageResize+","pos":[-3102,690],"size":{"0":315,"1":218},"flags":{"collapsed":true},"order":36,"mode":0,"inputs":[{"name":"image","type":"IMAGE","link":429,"label":"图像"}],"outputs":[{"name":"IMAGE","type":"IMAGE","links":[430],"shape":3,"label":"图像","slot_index":0},{"name":"width","type":"INT","links":null,"shape":3,"label":"宽度"},{"name":"height","type":"INT","links":null,"shape":3,"label":"高度"}],"properties":{"Node name for S&R":"ImageResize+"},"widgets_values":[768,1024,"nearest",false,"always",0]},{"id":64,"type":"PreviewImage","pos":[-1445,-1489],"size":{"0":495.60675048828125,"1":655.3035278320312},"flags":{},"order":59,"mode":0,"inputs":[{"name":"images","type":"IMAGE","link":104,"label":"图像"}],"properties":{"Node name for S&R":"PreviewImage"}},{"id":79,"type":"PreviewImage","pos":[-903,-1494],"size":{"0":484.20904541015625,"1":643.6837158203125},"flags":{},"order":78,"mode":0,"inputs":[{"name":"images","type":"IMAGE","link":349,"label":"图像"}],"properties":{"Node name for S&R":"PreviewImage"}},{"id":202,"type":"PreviewImage","pos":[-396,-1490],"size":{"0":530.0192260742188,"1":649.2664184570312},"flags":{},"order":82,"mode":0,"inputs":[{"name":"images","type":"IMAGE","link":382,"label":"图像"}],"properties":{"Node name for S&R":"PreviewImage"}},{"id":73,"type":"KSampler","pos":[1464,-441],"size":{"0":315,"1":262},"flags":{},"order":76,"mode":0,"inputs":[{"name":"model","type":"MODEL","link":433,"label":"模型"},{"name":"positive","type":"CONDITIONING","link":111,"label":"正面条件"},{"name":"negative","type":"CONDITIONING","link":112,"label":"负面条件"},{"name":"latent_image","type":"LATENT","link":284,"label":"Latent"}],"outputs":[{"name":"LATENT","type":"LATENT","links":[398],"shape":3,"label":"Latent","slot_index":0}],"properties":{"Node name for S&R":"KSampler"},"widgets_values":[489982730344864,"randomize",7,2,"dpmpp_sde","karras",1]},{"id":62,"type":"Reroute","pos":[-72.54827460507045,-716.7251676589235],"size":[82,26],"flags":{},"order":8,"mode":0,"inputs":[{"name":"","type":"*","link":434}],"outputs":[{"name":"MODEL","type":"MODEL","links":[433],"slot_index":0}],"properties":{"showOutputText":true,"horizontal":false}},{"id":44,"type":"CheckpointLoaderSimple","pos":[-3527,-533],"size":{"0":380,"1":100},"flags":{},"order":2,"mode":0,"outputs":[{"name":"MODEL","type":"MODEL","links":[67,434],"slot_index":0,"label":"模型"},{"name":"CLIP","type":"CLIP","links":[68],"slot_index":1,"label":"CLIP"},{"name":"VAE","type":"VAE","links":[93],"slot_index":2,"label":"VAE"}],"properties":{"Node name for S&R":"CheckpointLoaderSimple"},"widgets_values":["sdxl/dreamshaperXL_v21TurboDPMSDE.safetensors"],"color":"#fff065","bgcolor":"#ffdc51"},{"id":190,"type":"Image Comparer (rgthree)","pos":{"0":193,"1":-1503,"2":0,"3":0,"4":0,"5":0,"6":0,"7":0,"8":0,"9":0},"size":{"0":898.6137084960938,"1":680.9464111328125},"flags":{},"order":84,"mode":0,"inputs":[{"name":"image_a","type":"IMAGE","link":389,"label":"图像_A","dir":3},{"name":"image_b","type":"IMAGE","link":387,"label":"图像_B","dir":3}],"outputs":[],"properties":{"comparer_mode":"Slide"},"widgets_values":[["/view?filename=rgthree.compare._temp_kogpf_00011_.png&type=temp&subfolder=&rand=0.4798014084780169","/view?filename=rgthree.compare._temp_kogpf_00012_.png&type=temp&subfolder=&rand=0.3217716695166606"]]},{"id":69,"type":"CR Multi-ControlNet Stack","pos":[571,-343],"size":{"0":418.1999816894531,"1":454},"flags":{},"order":70,"mode":0,"inputs":[{"name":"image_1","type":"IMAGE","link":338,"label":"图像1"},{"name":"image_2","type":"IMAGE","link":344,"label":"图像2"},{"name":"image_3","type":"IMAGE","link":346,"label":"图像3"},{"name":"controlnet_stack","type":"CONTROL_NET_STACK","link":null,"label":"ControlNet堆"}],"outputs":[{"name":"CONTROLNET_STACK","type":"CONTROL_NET_STACK","links":[108],"shape":3,"label":"ControlNet堆","slot_index":0},{"name":"show_help","type":"STRING","links":null,"shape":3}],"properties":{"Node name for S&R":"CR Multi-ControlNet Stack"},"widgets_values":["On","thibaud_xl_openpose_256lora.safetensors",0.3,0,1,"On","diffusers_xl_depth_full.safetensors",0.3,0,1,"On","diffusers_xl_canny_full.safetensors",0.3,0,1]},{"id":219,"type":"Reroute","pos":[-2444.2879999209567,-1297.3998528299185],"size":[75,26],"flags":{},"order":12,"mode":0,"inputs":[{"name":"","type":"*","link":417}],"outputs":[{"name":"","type":"IMAGE","links":[418],"slot_index":0}],"properties":{"showOutputText":false,"horizontal":false}},{"id":226,"type":"PreviewImage","pos":[-2786,789],"size":{"0":210,"1":246},"flags":{},"order":52,"mode":0,"inputs":[{"name":"images","type":"IMAGE","link":424,"label":"图像"}],"properties":{"Node name for S&R":"PreviewImage"}},{"id":60,"type":"KSampler","pos":[-1039,-414],"size":{"0":315,"1":262},"flags":{},"order":57,"mode":0,"inputs":[{"name":"model","type":"MODEL","link":96,"label":"模型"},{"name":"positive","type":"CONDITIONING","link":100,"label":"正面条件"},{"name":"negative","type":"CONDITIONING","link":101,"label":"负面条件"},{"name":"latent_image","type":"LATENT","link":99,"label":"Latent"},{"name":"seed","type":"INT","link":261,"widget":{"name":"seed"},"label":"随机种"}],"outputs":[{"name":"LATENT","type":"LATENT","links":[102],"shape":3,"label":"Latent","slot_index":0}],"properties":{"Node name for S&R":"KSampler"},"widgets_values":[153491737884435,"randomize",7,2,"dpmpp_sde","karras",1]},{"id":148,"type":"CR Seed","pos":[-1586,-330],"size":{"0":315,"1":102},"flags":{},"order":3,"mode":0,"outputs":[{"name":"seed","type":"INT","links":[261],"shape":3,"label":"随机种","slot_index":0},{"name":"show_help","type":"STRING","links":null,"shape":3}],"properties":{"Node name for S&R":"CR Seed"},"widgets_values":[356082063753795,"randomize"]},{"id":212,"type":"GrowMaskWithBlur","pos":[-1524,28],"size":{"0":315,"1":246},"flags":{},"order":51,"mode":0,"inputs":[{"name":"mask","type":"MASK","link":409,"label":"遮罩"}],"outputs":[{"name":"mask","type":"MASK","links":[410],"shape":3,"label":"遮罩","slot_index":0},{"name":"mask_inverted","type":"MASK","links":null,"shape":3,"label":"反转遮罩"}],"properties":{"Node name for S&R":"GrowMaskWithBlur"},"widgets_values":[10,1,true,false,1,0.5,0.5,false]},{"id":11,"type":"SetLatentNoiseMask","pos":[-1244,-306],"size":{"0":210,"1":46},"flags":{},"order":54,"mode":0,"inputs":[{"name":"samples","type":"LATENT","link":12,"label":"Latent"},{"name":"mask","type":"MASK","link":410,"label":"遮罩"}],"outputs":[{"name":"LATENT","type":"LATENT","links":[99],"shape":3,"label":"Latent","slot_index":0}],"properties":{"Node name for S&R":"SetLatentNoiseMask"}},{"id":224,"type":"Reroute","pos":[-3202,423],"size":[75,26],"flags":{},"order":28,"mode":0,"inputs":[{"name":"","type":"*","link":432}],"outputs":[{"name":"","type":"IMAGE","links":[426],"slot_index":0}],"properties":{"showOutputText":false,"horizontal":false}},{"id":227,"type":"ImageResize+","pos":[-3006,518],"size":{"0":315,"1":218},"flags":{"collapsed":true},"order":44,"mode":0,"inputs":[{"name":"image","type":"IMAGE","link":426,"label":"图像"}],"outputs":[{"name":"IMAGE","type":"IMAGE","links":[428],"shape":3,"label":"图像","slot_index":0},{"name":"width","type":"INT","links":null,"shape":3,"label":"宽度"},{"name":"height","type":"INT","links":null,"shape":3,"label":"高度"}],"properties":{"Node name for S&R":"ImageResize+"},"widgets_values":[768,1024,"nearest",false,"always",0]},{"id":220,"type":"PreviewImage","pos":[-3073,859],"size":{"0":210,"1":246},"flags":{},"order":35,"mode":0,"inputs":[{"name":"images","type":"IMAGE","link":419,"label":"图像"}],"properties":{"Node name for S&R":"PreviewImage"}},{"id":191,"type":"Snapme ImgProcess Step3","pos":[1562,471],"size":{"0":315,"1":166},"flags":{},"order":80,"mode":0,"inputs":[{"name":"image_res_1","type":"IMAGE","link":370,"label":"image_res_1"},{"name":"face_mask","type":"IMAGE","link":373,"label":"face_mask"},{"name":"control_mask_face","type":"IMAGE","link":376,"label":"control_mask_face"},{"name":"face_image_pad","type":"IMAGE","link":378,"label":"face_image_pad"},{"name":"dilate_iter","type":"FLOAT","link":381,"widget":{"name":"dilate_iter"},"slot_index":4,"label":"dilate_iter"}],"outputs":[{"name":"脸部回帖图","type":"IMAGE","links":[382,386],"shape":3,"label":"脸部回帖图","slot_index":0}],"properties":{"Node name for S&R":"Snapme ImgProcess Step3"},"widgets_values":[0.5,false,true]},{"id":149,"type":"PreviewImage","pos":[-2472,871],"size":{"0":210,"1":246},"flags":{},"order":19,"mode":0,"inputs":[{"name":"images","type":"IMAGE","link":305,"label":"图像","slot_index":0}],"properties":{"Node name for S&R":"PreviewImage"}},{"id":152,"type":"PreviewImage","pos":[-1642,883],"size":{"0":210,"1":246},"flags":{},"order":25,"mode":0,"inputs":[{"name":"images","type":"IMAGE","link":308,"label":"图像","slot_index":0}],"properties":{"Node name for S&R":"PreviewImage"}},{"id":175,"type":"PreviewImage","pos":[-1465,896],"size":{"0":210,"1":246},"flags":{},"order":26,"mode":0,"inputs":[{"name":"images","type":"IMAGE","link":320,"label":"图像","slot_index":0}],"properties":{"Node name for S&R":"PreviewImage"}},{"id":153,"type":"PreviewImage","pos":[-1194,921],"size":{"0":210,"1":246},"flags":{},"order":29,"mode":0,"inputs":[{"name":"images","type":"IMAGE","link":310,"label":"图像","slot_index":0}],"properties":{"Node name for S&R":"PreviewImage"}},{"id":67,"type":"String Literal","pos":[-297,-524],"size":{"0":400,"1":200},"flags":{},"order":4,"mode":0,"outputs":[{"name":"STRING","type":"STRING","links":[109],"shape":3,"label":"STRING","slot_index":0}],"properties":{"Node name for S&R":"String Literal"},"widgets_values":["photo of a male,solo,subject out door,subject standing on the sidewalk,solo, focuses on the people face,(around subject there are decorated exquisite boutique, display window, open-air café, restaurant, snack stall, bookstore in background)++,tall skyscrapers towering in the distance in midground,vibrant color palette,leading lines of the sidewalk and buildings guiding the viewer  eye,balanced exposure with highlights and shadows,desolate, deserted,dynamic composition,wide-angle shot,24mm focal length,f/8 aperture,1/250s shutter speed,ISO 200,crisp details and textures of the urban environment,depth of field,desolate atmosphere,"]},{"id":59,"type":"CLIPTextEncode","pos":[-2448,-443],"size":{"0":240,"1":60},"flags":{},"order":38,"mode":0,"inputs":[{"name":"clip","type":"CLIP","link":88,"label":"CLIP"},{"name":"text","type":"STRING","link":89,"widget":{"name":"text"},"label":"文本"}],"outputs":[{"name":"CONDITIONING","type":"CONDITIONING","links":[91,273],"slot_index":0,"label":"条件"}],"properties":{"Node name for S&R":"CLIPTextEncode"},"widgets_values":["clay character"]},{"id":210,"type":"ImageToMask","pos":[178,-205],"size":{"0":315,"1":58},"flags":{},"order":69,"mode":0,"inputs":[{"name":"image","type":"IMAGE","link":402,"label":"图像"}],"outputs":[{"name":"MASK","type":"MASK","links":[],"shape":3,"label":"遮罩","slot_index":0}],"properties":{"Node name for S&R":"ImageToMask"},"widgets_values":["red"]},{"id":150,"type":"PreviewImage","pos":[-2216,838],"size":{"0":210,"1":246},"flags":{},"order":22,"mode":0,"inputs":[{"name":"images","type":"IMAGE","link":306,"label":"图像","slot_index":0}],"properties":{"Node name for S&R":"PreviewImage"}},{"id":151,"type":"PreviewImage","pos":[-1942,784],"size":{"0":210,"1":246},"flags":{},"order":24,"mode":0,"inputs":[{"name":"images","type":"IMAGE","link":307,"label":"图像","slot_index":0}],"properties":{"Node name for S&R":"PreviewImage"}},{"id":218,"type":"AIO_Preprocessor","pos":[-3701,565],"size":{"0":315,"1":82},"flags":{},"order":17,"mode":0,"inputs":[{"name":"image","type":"IMAGE","link":418,"label":"图像"}],"outputs":[{"name":"IMAGE","type":"IMAGE","links":[419,429],"shape":3,"label":"图像","slot_index":0}],"properties":{"Node name for S&R":"AIO_Preprocessor"},"widgets_values":["DepthAnythingV2Preprocessor",768]},{"id":171,"type":"Snapme ImgProcess Step1","pos":[-2550,-308],"size":{"0":315,"1":318},"flags":{},"order":16,"mode":0,"inputs":[{"name":"images","type":"IMAGE","link":392,"label":"images"},{"name":"prompt_cloth","type":"STRING","link":318,"widget":{"name":"prompt_cloth"},"label":"prompt_cloth"},{"name":"prompt_background","type":"STRING","link":319,"widget":{"name":"prompt_background"},"label":"prompt_background"}],"outputs":[{"name":"原图","type":"IMAGE","links":[305,377,399],"shape":3,"label":"原图","slot_index":0},{"name":"pose图","type":"IMAGE","links":[306,334,337],"shape":3,"label":"pose图","slot_index":1},{"name":"canny图","type":"IMAGE","links":[307,440],"shape":3,"label":"canny图","slot_index":2},{"name":"depth图","type":"IMAGE","links":[308],"shape":3,"label":"depth图","slot_index":3},{"name":"头部mask1","type":"IMAGE","links":[320,372,432],"shape":3,"label":"头部mask1","slot_index":4},{"name":"头部mask2","type":"IMAGE","links":[310,316,375],"shape":3,"label":"头部mask2","slot_index":5},{"name":"人体mask","type":"IMAGE","links":[311,326],"shape":3,"label":"人体mask","slot_index":6},{"name":"动态膨胀系数","type":"FLOAT","links":[361],"shape":3,"label":"动态膨胀系数","slot_index":7}],"properties":{"Node name for S&R":"Snapme ImgProcess Step1"},"widgets_values":["","",0.3,0.30000000000000004,0.3,false]},{"id":223,"type":"ImageCompositedMaskedWeight","pos":[-2897,509],"size":{"0":315,"1":78},"flags":{},"order":49,"mode":0,"inputs":[{"name":"source","type":"IMAGE","link":430,"label":"source"},{"name":"mask","type":"IMAGE","link":428,"label":"mask"}],"outputs":[{"name":"IMAGE","type":"IMAGE","links":[424,442],"shape":3,"label":"IMAGE","slot_index":0}],"properties":{"Node name for S&R":"ImageCompositedMaskedWeight"},"widgets_values":[0.1]},{"id":230,"type":"Reroute","pos":[-2185,-224],"size":[75,26],"flags":{},"order":53,"mode":0,"inputs":[{"name":"","type":"*","link":442}],"outputs":[{"name":"","type":"IMAGE","links":[443],"slot_index":0}],"properties":{"showOutputText":false,"horizontal":false}},{"id":48,"type":"CR Multi-ControlNet Stack","pos":[-2031,-337],"size":{"0":418.1999816894531,"1":454},"flags":{},"order":55,"mode":0,"inputs":[{"name":"image_1","type":"IMAGE","link":334,"label":"图像1"},{"name":"image_2","type":"IMAGE","link":443,"label":"图像2"},{"name":"image_3","type":"IMAGE","link":440,"label":"图像3"},{"name":"controlnet_stack","type":"CONTROL_NET_STACK","link":null,"label":"ControlNet堆"}],"outputs":[{"name":"CONTROLNET_STACK","type":"CONTROL_NET_STACK","links":[71],"shape":3,"label":"ControlNet堆","slot_index":0},{"name":"show_help","type":"STRING","links":null,"shape":3}],"properties":{"Node name for S&R":"CR Multi-ControlNet Stack"},"widgets_values":["On","thibaud_xl_openpose_256lora.safetensors",0.3,0,1,"On","diffusers_xl_depth_full.safetensors",0.3,0,1,"On","diffusers_xl_canny_full.safetensors",0.3,0,1]},{"id":45,"type":"CR LoRA Stack","pos":[-3576,-154],"size":{"0":380,"1":360},"flags":{},"order":5,"mode":0,"inputs":[{"name":"lora_stack","type":"LORA_STACK","link":null,"label":"LoRA堆"}],"outputs":[{"name":"LORA_STACK","type":"LORA_STACK","links":[69],"shape":3,"label":"LORA_STACK","slot_index":0},{"name":"show_help","type":"STRING","links":null,"shape":3,"label":"show_help"}],"properties":{"Node name for S&R":"CR LoRA Stack"},"widgets_values":["On","snapmecloth/0702/webulora/Gray-suit-gray-sweater.safetensors",1.5,1,"On","None",0.45,1,"Off","None",1.5,1]},{"id":146,"type":"LoadImage","pos":[-2113,-1529],"size":{"0":612.2113037109375,"1":734.7125244140625},"flags":{},"order":6,"mode":0,"outputs":[{"name":"IMAGE","type":"IMAGE","links":[401,417],"shape":3,"label":"图像","slot_index":0},{"name":"MASK","type":"MASK","links":null,"shape":3,"label":"遮罩"}],"properties":{"Node name for S&R":"LoadImage"},"widgets_values":["311709994874_.pic (3).jpg","image"]},{"id":37,"type":"String Literal","pos":[-2972,-419],"size":{"0":400,"1":200},"flags":{},"order":7,"mode":0,"outputs":[{"name":"STRING","type":"STRING","links":[85,318],"shape":3,"label":"STRING","slot_index":0}],"properties":{"Node name for S&R":"String Literal"},"widgets_values":["snap_Gray-suit-gray-sweater, photo of a female,(solo)+++, in a gray suit and gray sweater, matte finish, (gray)+, long sleeves, Rough, Natural, Textured,photo of a  male,solo,subject out door,subject standing on the sidewalk,solo, focuses on the people face,(around subject there are decorated exquisite boutique, display window, open-air café, restaurant, snack stall, bookstore in background)++,tall skyscrapers towering in the distance in midground,vibrant color palette,leading lines of the sidewalk and buildings guiding the viewer  eye,balanced exposure with highlights and shadows,desolate, deserted,dynamic composition,wide-angle shot,24mm focal length,f/8 aperture,1/250s shutter speed,ISO 200,crisp details and textures of the urban environment,depth of field,desolate atmosphere,"]}],"links":[[12,9,0,11,0,"LATENT"],[47,29,0,9,1,"VAE"],[67,44,0,46,0,"MODEL"],[68,44,1,46,1,"CLIP"],[69,45,0,46,2,"LORA_STACK"],[70,46,1,47,0,"CLIP"],[71,48,0,50,2,"CONTROL_NET_STACK"],[85,37,0,57,1,"STRING"],[86,47,0,58,0,"*"],[87,58,0,57,0,"CLIP"],[88,58,0,59,0,"CLIP"],[89,39,0,59,1,"STRING"],[90,57,0,50,0,"CONDITIONING"],[91,59,0,50,1,"CONDITIONING"],[93,44,2,29,0,"*"],[94,46,0,61,0,"*"],[96,61,0,60,0,"MODEL"],[99,11,0,60,3,"LATENT"],[100,50,0,60,1,"CONDITIONING"],[101,50,1,60,2,"CONDITIONING"],[102,60,0,63,0,"LATENT"],[103,29,0,63,1,"VAE"],[104,63,0,64,0,"IMAGE"],[105,65,0,66,0,"LATENT"],[108,69,0,70,2,"CONTROL_NET_STACK"],[109,67,0,71,1,"STRING"],[111,70,0,73,1,"CONDITIONING"],[112,70,1,73,2,"CONDITIONING"],[125,29,0,80,0,"*"],[126,80,0,65,1,"VAE"],[131,58,0,83,0,"*"],[132,83,0,71,0,"CLIP"],[135,80,0,74,1,"VAE"],[243,63,0,143,0,"*"],[261,148,0,60,4,"INT"],[273,59,0,70,1,"CONDITIONING"],[284,66,0,73,3,"LATENT"],[285,81,0,65,0,"IMAGE"],[287,63,0,81,0,"*"],[301,139,0,168,0,"MASK"],[302,168,0,170,0,"*"],[305,171,0,149,0,"IMAGE"],[306,171,1,150,0,"IMAGE"],[307,171,2,151,0,"IMAGE"],[308,171,3,152,0,"IMAGE"],[310,171,5,153,0,"IMAGE"],[311,171,6,173,0,"IMAGE"],[316,171,5,139,0,"IMAGE"],[318,37,0,171,1,"STRING"],[319,39,0,171,2,"STRING"],[320,171,4,175,0,"IMAGE"],[326,171,6,177,0,"*"],[334,171,1,48,0,"IMAGE"],[337,171,1,182,0,"*"],[338,182,0,69,0,"IMAGE"],[341,182,0,183,0,"IMAGE"],[344,184,0,69,1,"IMAGE"],[346,185,0,69,2,"IMAGE"],[347,184,0,159,0,"IMAGE"],[348,185,0,160,0,"IMAGE"],[349,74,0,79,0,"IMAGE"],[352,63,0,188,0,"*"],[361,171,7,195,0,"*"],[363,195,0,196,2,"FLOAT"],[364,177,0,196,1,"IMAGE"],[365,143,0,196,0,"IMAGE"],[366,196,0,184,0,"*"],[367,196,1,185,0,"*"],[368,196,2,181,0,"IMAGE"],[369,74,0,197,0,"*"],[370,197,0,191,0,"IMAGE"],[372,171,4,198,0,"*"],[373,198,0,191,1,"IMAGE"],[375,171,5,199,0,"*"],[376,199,0,191,2,"IMAGE"],[377,171,0,200,0,"*"],[378,200,0,191,3,"IMAGE"],[380,195,0,201,0,"*"],[381,201,0,191,4,"FLOAT"],[382,191,0,202,0,"IMAGE"],[386,191,0,204,0,"*"],[387,204,0,190,1,"IMAGE"],[388,71,0,70,0,"CONDITIONING"],[389,188,0,190,0,"IMAGE"],[392,206,0,171,0,"IMAGE"],[398,73,0,74,0,"LATENT"],[399,171,0,209,0,"*"],[400,209,0,9,0,"IMAGE"],[401,146,0,206,0,"*"],[402,184,0,210,0,"IMAGE"],[407,181,0,142,0,"*"],[409,168,0,212,0,"MASK"],[410,212,0,11,1,"MASK"],[411,197,0,213,0,"IMAGE"],[412,198,0,214,0,"IMAGE"],[413,199,0,215,0,"IMAGE"],[414,200,0,216,0,"IMAGE"],[415,181,0,217,0,"MASK"],[416,217,0,66,1,"MASK"],[417,146,0,219,0,"*"],[418,219,0,218,0,"IMAGE"],[419,218,0,220,0,"IMAGE"],[424,223,0,226,0,"IMAGE"],[426,224,0,227,0,"IMAGE"],[428,227,0,223,1,"IMAGE"],[429,218,0,228,0,"IMAGE"],[430,228,0,223,0,"IMAGE"],[432,171,4,224,0,"*"],[433,62,0,73,0,"MODEL"],[434,44,0,62,0,"*"],[440,171,2,48,2,"IMAGE"],[442,223,0,230,0,"*"],[443,230,0,48,1,"IMAGE"]],"groups":[{"title":"Checkpoint & LoRA","bounding":[-3637,-760,560,1073],"color":"#3f789e","font_size":24,"locked":false},{"title":"Step1-ControlNet","bounding":[-2111,-653,615,889],"color":"#3f789e","font_size":24,"locked":false},{"title":"Step1-Prompt","bounding":[-2973,-660,770,890],"color":"#3f789e","font_size":24,"locked":false},{"title":"Step1-Sample","bounding":[-1391,-658,699,888],"color":"#3f789e","font_size":24,"locked":false},{"title":"Step1","bounding":[-3045,-763,2414,1078],"color":"#8A8","font_size":24,"locked":false},{"title":"Step2","bounding":[-453,-766,2456,1086],"color":"#b58b2a","font_size":24,"locked":false},{"title":"Group","bounding":[-195,626,140,80],"color":"#3f789e","font_size":24,"locked":false}],"config":{},"extra":{"ds":{"scale":0.7972024500000005,"offset":{"0":521.828369140625,"1":1011.3970947265625}},"workspace_info":{"id":"-7SWYJ-pFTXbku1LfTHTT","saveLock":false,"cloudID":null,"coverMediaPath":null}},"version":0.4}