{"last_node_id":526,"last_link_id":1284,"nodes":[{"id":274,"type":"Reroute","pos":[-1932,385],"size":[82,26],"flags":{},"order":48,"mode":0,"inputs":[{"name":"","type":"*","link":492}],"outputs":[{"name":"IMAGE","type":"IMAGE","links":[505],"slot_index":0}],"properties":{"showOutputText":true,"horizontal":false}},{"id":284,"type":"Reroute","pos":[-2910,529],"size":[75,26],"flags":{},"order":33,"mode":0,"inputs":[{"name":"","type":"*","link":698,"widget":{"name":"value"}}],"outputs":[{"name":"INT","type":"INT","links":[518],"slot_index":0}],"properties":{"showOutputText":true,"horizontal":false}},{"id":283,"type":"Reroute","pos":[-2911,490],"size":[75,26],"flags":{},"order":30,"mode":0,"inputs":[{"name":"","type":"*","link":697,"widget":{"name":"value"}}],"outputs":[{"name":"INT","type":"INT","links":[517],"slot_index":0}],"properties":{"showOutputText":true,"horizontal":false}},{"id":287,"type":"Reroute","pos":[-1926.8474935720278,-206.45233868038903],"size":[75,26],"flags":{},"order":34,"mode":0,"inputs":[{"name":"","type":"*","link":700,"widget":{"name":"value"}}],"outputs":[{"name":"INT","type":"INT","links":[715],"slot_index":0}],"properties":{"showOutputText":true,"horizontal":false}},{"id":282,"type":"Reroute","pos":[-2919,419],"size":[82,26],"flags":{},"order":21,"mode":0,"inputs":[{"name":"","type":"*","link":669}],"outputs":[{"name":"IMAGE","type":"IMAGE","links":[513],"slot_index":0}],"properties":{"showOutputText":true,"horizontal":false}},{"id":254,"type":"Reroute","pos":[-1093.5074118245448,-317.23372572835086],"size":[90.4,26],"flags":{},"order":10,"mode":0,"inputs":[{"name":"","type":"*","link":535,"widget":{"name":"value"}}],"outputs":[{"name":"STRING","type":"STRING","links":[468],"slot_index":0}],"properties":{"showOutputText":true,"horizontal":false}},{"id":252,"type":"Reroute","pos":[-1096.5074118245448,-406.233725728351],"size":[75,26],"flags":{},"order":38,"mode":0,"inputs":[{"name":"","type":"*","link":714,"widget":{"name":"value"}}],"outputs":[{"name":"INT","type":"INT","links":[701],"slot_index":0}],"properties":{"showOutputText":true,"horizontal":false}},{"id":253,"type":"Reroute","pos":[-1094.5074118245448,-361.233725728351],"size":[75,26],"flags":{},"order":41,"mode":0,"inputs":[{"name":"","type":"*","link":715,"widget":{"name":"value"}}],"outputs":[{"name":"INT","type":"INT","links":[702],"slot_index":0}],"properties":{"showOutputText":true,"horizontal":false}},{"id":250,"type":"Reroute","pos":[-1109.5074118245448,-493.233725728351],"size":[124,26],"flags":{},"order":5,"mode":0,"inputs":[{"name":"","type":"*","link":476,"slot_index":0}],"outputs":[{"name":"LORA_STACK","type":"LORA_STACK","links":[1226],"slot_index":0}],"properties":{"showOutputText":true,"horizontal":false}},{"id":301,"type":"Reroute","pos":[-2918,199],"size":[82,26],"flags":{},"order":22,"mode":0,"inputs":[{"name":"","type":"*","link":740}],"outputs":[{"name":"IMAGE","type":"IMAGE","links":[761],"slot_index":0}],"properties":{"showOutputText":true,"horizontal":false}},{"id":251,"type":"Reroute","pos":[-1091.5074118245448,-243.23372572835078],"size":[75,26],"flags":{},"order":53,"mode":0,"inputs":[{"name":"","type":"*","link":479}],"outputs":[{"name":"","type":"CONTROL_NET_STACK","links":[465]}],"properties":{"showOutputText":false,"horizontal":false}},{"id":366,"type":"Reroute","pos":[-1943.8474935720278,-318.45233868038923],"size":[98.8,26],"flags":{},"order":19,"mode":0,"inputs":[{"name":"","type":"*","link":1259}],"outputs":[{"name":"BOOLEAN","type":"BOOLEAN","links":[],"slot_index":0}],"properties":{"showOutputText":true,"horizontal":false}},{"id":379,"type":"Reroute","pos":[-2916,456],"size":[75,26],"flags":{},"order":42,"mode":0,"inputs":[{"name":"","type":"*","link":870}],"outputs":[{"name":"","type":"IMAGE","links":[871],"slot_index":0}],"properties":{"showOutputText":false,"horizontal":false}},{"id":302,"type":"Reroute","pos":[-2924,279],"size":[75,26],"flags":{},"order":29,"mode":0,"inputs":[{"name":"","type":"*","link":695,"widget":{"name":"value"}}],"outputs":[{"name":"INT","type":"INT","links":[579],"slot_index":0}],"properties":{"showOutputText":true,"horizontal":false}},{"id":303,"type":"Reroute","pos":[-2925,318],"size":[75,26],"flags":{},"order":32,"mode":0,"inputs":[{"name":"","type":"*","link":696,"widget":{"name":"value"}}],"outputs":[{"name":"INT","type":"INT","links":[580],"slot_index":0}],"properties":{"showOutputText":true,"horizontal":false}},{"id":228,"type":"ImageResize+","pos":[-2388,496],"size":{"0":315,"1":218},"flags":{"collapsed":true},"order":40,"mode":0,"inputs":[{"name":"image","type":"IMAGE","link":429,"label":"图像"},{"name":"width","type":"INT","link":517,"widget":{"name":"width"},"label":"宽度"},{"name":"height","type":"INT","link":518,"widget":{"name":"height"},"label":"高度"}],"outputs":[{"name":"IMAGE","type":"IMAGE","links":[430],"shape":3,"label":"图像","slot_index":0},{"name":"width","type":"INT","links":null,"shape":3,"label":"宽度"},{"name":"height","type":"INT","links":null,"shape":3,"label":"高度"}],"properties":{"Node name for S&R":"ImageResize+"},"widgets_values":[768,1024,"nearest",false,"always",0]},{"id":218,"type":"AIO_Preprocessor","pos":[-2785,461],"size":{"0":315,"1":82},"flags":{},"order":27,"mode":0,"inputs":[{"name":"image","type":"IMAGE","link":513,"label":"图像"}],"outputs":[{"name":"IMAGE","type":"IMAGE","links":[429],"shape":3,"label":"图像","slot_index":0}],"properties":{"Node name for S&R":"AIO_Preprocessor"},"widgets_values":["DepthAnythingV2Preprocessor",768]},{"id":307,"type":"ImageResize+","pos":[-2403,265],"size":{"0":315,"1":218},"flags":{"collapsed":true},"order":39,"mode":0,"inputs":[{"name":"image","type":"IMAGE","link":762,"label":"图像"},{"name":"width","type":"INT","link":579,"widget":{"name":"width"},"label":"宽度"},{"name":"height","type":"INT","link":580,"widget":{"name":"height"},"label":"高度"}],"outputs":[{"name":"IMAGE","type":"IMAGE","links":[910],"shape":3,"label":"图像","slot_index":0},{"name":"width","type":"INT","links":null,"shape":3,"label":"宽度"},{"name":"height","type":"INT","links":null,"shape":3,"label":"高度"}],"properties":{"Node name for S&R":"ImageResize+"},"widgets_values":[768,1024,"nearest",false,"always",0]},{"id":365,"type":"Reroute","pos":[-2894.8474935720296,-464.45233868038923],"size":[75,26],"flags":{},"order":11,"mode":0,"inputs":[{"name":"","type":"*","link":1255}],"outputs":[{"name":"","type":"IMAGE","links":[],"slot_index":0}],"properties":{"showOutputText":false,"horizontal":false}},{"id":368,"type":"Reroute","pos":[-1938.8474935720278,-566.4523386803891],"size":[75,26],"flags":{},"order":14,"mode":0,"inputs":[{"name":"","type":"*","link":1254}],"outputs":[{"name":"","type":"IMAGE","links":[],"slot_index":0}],"properties":{"showOutputText":false,"horizontal":false}},{"id":286,"type":"Reroute","pos":[-1934.8474935720278,-258.45233868038895],"size":[75,26],"flags":{},"order":31,"mode":0,"inputs":[{"name":"","type":"*","link":699,"widget":{"name":"value"}}],"outputs":[{"name":"INT","type":"INT","links":[714],"slot_index":0}],"properties":{"showOutputText":true,"horizontal":false}},{"id":278,"type":"Reroute","pos":[-1909,172],"size":[82,26],"flags":{},"order":49,"mode":0,"inputs":[{"name":"","type":"*","link":659}],"outputs":[{"name":"IMAGE","type":"IMAGE","links":[504],"slot_index":0}],"properties":{"showOutputText":true,"horizontal":false}},{"id":304,"type":"Reroute","pos":[-2922,236],"size":[82,26],"flags":{},"order":43,"mode":0,"inputs":[{"name":"","type":"*","link":872}],"outputs":[{"name":"IMAGE","type":"IMAGE","links":[1025],"slot_index":0}],"properties":{"showOutputText":true,"horizontal":false}},{"id":353,"type":"AnyLineArtPreprocessor_aux","pos":[-2755,266],"size":{"0":315,"1":178},"flags":{"collapsed":true},"order":28,"mode":0,"inputs":[{"name":"image","type":"IMAGE","link":761,"label":"图像"}],"outputs":[{"name":"image","type":"IMAGE","links":[762],"shape":3,"label":"图像","slot_index":0}],"properties":{"Node name for S&R":"AnyLineArtPreprocessor_aux"},"widgets_values":["lineart_standard",768,0,1,36,1]},{"id":227,"type":"ImageResize+","pos":[-3473,216],"size":{"0":336.06451416015625,"1":199.49752807617188},"flags":{"collapsed":false},"order":35,"mode":0,"inputs":[{"name":"image","type":"IMAGE","link":1114,"label":"图像"},{"name":"width","type":"INT","link":868,"widget":{"name":"width"},"label":"宽度"},{"name":"height","type":"INT","link":869,"widget":{"name":"height"},"label":"高度"}],"outputs":[{"name":"IMAGE","type":"IMAGE","links":[870,872],"shape":3,"label":"图像","slot_index":0},{"name":"width","type":"INT","links":null,"shape":3,"label":"宽度"},{"name":"height","type":"INT","links":null,"shape":3,"label":"高度"}],"properties":{"Node name for S&R":"ImageResize+"},"widgets_values":[768,1024,"nearest",false,"always",0]},{"id":280,"type":"Reroute","pos":[-2918,-45],"size":[75,26],"flags":{},"order":25,"mode":0,"inputs":[{"name":"","type":"*","link":855}],"outputs":[{"name":"","type":"IMAGE","links":[1125],"slot_index":0}],"properties":{"showOutputText":false,"horizontal":false}},{"id":362,"type":"Reroute","pos":[-1928.8474935720278,-387.45233868038923],"size":[75,26],"flags":{},"order":18,"mode":0,"inputs":[{"name":"","type":"*","link":1261}],"outputs":[{"name":"INT","type":"INT","links":[],"slot_index":0}],"properties":{"showOutputText":true,"horizontal":false}},{"id":391,"type":"Display Any (rgthree)","pos":[-2267.8474935720296,-403.45233868038923],"size":{"0":210,"1":76.00000762939453},"flags":{},"order":17,"mode":0,"inputs":[{"name":"source","type":"*","link":1258,"label":"输入","dir":3}],"properties":{"Node name for S&R":"Display Any (rgthree)"},"widgets_values":["8"]},{"id":309,"type":"ImageCompositedMaskedWeight","pos":[-2237,259],"size":{"0":315,"1":78},"flags":{},"order":46,"mode":0,"inputs":[{"name":"source","type":"IMAGE","link":910,"label":"source"},{"name":"mask","type":"IMAGE","link":1025,"label":"mask"}],"outputs":[{"name":"IMAGE","type":"IMAGE","links":[659],"shape":3,"label":"IMAGE","slot_index":0}],"properties":{"Node name for S&R":"ImageCompositedMaskedWeight"},"widgets_values":[0.1]},{"id":277,"type":"Reroute","pos":[-1944,-81],"size":[75,26],"flags":{},"order":47,"mode":0,"inputs":[{"name":"","type":"*","link":1189}],"outputs":[{"name":"MASK","type":"MASK","links":[717,985],"slot_index":0}],"properties":{"showOutputText":true,"horizontal":false}},{"id":139,"type":"ImageToMask","pos":[-2789,26],"size":{"0":315,"1":58},"flags":{},"order":36,"mode":0,"inputs":[{"name":"image","type":"IMAGE","link":1125,"label":"图像"}],"outputs":[{"name":"MASK","type":"MASK","links":[1185],"shape":3,"label":"遮罩","slot_index":0}],"properties":{"Node name for S&R":"ImageToMask"},"widgets_values":["red"]},{"id":288,"type":"Reroute","pos":[-2042,-846],"size":[90.4,26],"flags":{},"order":8,"mode":0,"inputs":[{"name":"","type":"*","link":1006,"widget":{"name":"value"}}],"outputs":[{"name":"STRING","type":"STRING","links":[535],"slot_index":0}],"properties":{"showOutputText":true,"horizontal":false}},{"id":293,"type":"Reroute","pos":[-2914,678],"size":[82,26],"flags":{},"order":20,"mode":0,"inputs":[{"name":"","type":"*","link":657}],"outputs":[{"name":"IMAGE","type":"IMAGE","links":[1216],"slot_index":0}],"properties":{"showOutputText":true,"horizontal":false}},{"id":498,"type":"OpenposePreprocessor","pos":[-2609,699],"size":{"0":315,"1":150},"flags":{},"order":26,"mode":0,"inputs":[{"name":"image","type":"IMAGE","link":1216,"label":"图像"}],"outputs":[{"name":"IMAGE","type":"IMAGE","links":[1217],"shape":3,"label":"图像","slot_index":0},{"name":"POSE_KEYPOINT","type":"POSE_KEYPOINT","links":null,"shape":3,"label":"姿态关键点"}],"properties":{"Node name for S&R":"OpenposePreprocessor"},"widgets_values":["enable","enable","disable",768]},{"id":275,"type":"Reroute","pos":[-1918,624],"size":[82,26],"flags":{},"order":37,"mode":0,"inputs":[{"name":"","type":"*","link":1217}],"outputs":[{"name":"IMAGE","type":"IMAGE","links":[506],"slot_index":0}],"properties":{"showOutputText":true,"horizontal":false}},{"id":239,"type":"JoinStrings","pos":[-2385,-1019],"size":{"0":315,"1":106},"flags":{},"order":6,"mode":0,"inputs":[{"name":"string1","type":"STRING","link":444,"widget":{"name":"string1"},"label":"字符串1"},{"name":"string2","type":"STRING","link":990,"widget":{"name":"string2"},"label":"字符串2"}],"outputs":[{"name":"STRING","type":"STRING","links":[1006],"shape":3,"label":"字符串","slot_index":0}],"properties":{"Node name for S&R":"JoinStrings"},"widgets_values":["","",","]},{"id":219,"type":"Reroute","pos":[-2901.8474935720296,-631.4523386803891],"size":[75,26],"flags":{},"order":7,"mode":0,"inputs":[{"name":"","type":"*","link":1284}],"outputs":[{"name":"","type":"IMAGE","links":[1251],"slot_index":0}],"properties":{"showOutputText":false,"horizontal":false}},{"id":370,"type":"Reroute","pos":[-1941,-486],"size":[75,26],"flags":{},"order":16,"mode":0,"inputs":[{"name":"","type":"*","link":1260}],"outputs":[{"name":"","type":"IMAGE","links":[],"slot_index":0}],"properties":{"showOutputText":false,"horizontal":false}},{"id":322,"type":"Reroute","pos":[-2897,-392],"size":[75,26],"flags":{},"order":12,"mode":0,"inputs":[{"name":"","type":"*","link":1256}],"outputs":[{"name":"","type":"IMAGE","links":[657,669,740,814],"slot_index":0}],"properties":{"showOutputText":false,"horizontal":false}},{"id":342,"type":"Reroute","pos":[-2932,-272],"size":[75,26],"flags":{},"order":15,"mode":0,"inputs":[{"name":"","type":"*","link":1257}],"outputs":[{"name":"","type":"IMAGE","links":[855,1114],"slot_index":0}],"properties":{"showOutputText":false,"horizontal":false}},{"id":333,"type":"Get resolution [Crystools]","pos":[-2560,-317],"size":{"0":210,"1":96.00000762939453},"flags":{},"order":23,"mode":0,"inputs":[{"name":"image","type":"IMAGE","link":814,"label":"图像"}],"outputs":[{"name":"width","type":"INT","links":[695,697,699,868],"shape":3,"label":"宽度","slot_index":0},{"name":"height","type":"INT","links":[696,698,700,869],"shape":3,"label":"高度","slot_index":1}],"properties":{"Node name for S&R":"Get resolution [Crystools]"}},{"id":518,"type":"AliSegBodyHead","pos":[-2576,-634],"size":{"0":315,"1":206},"flags":{},"order":9,"mode":0,"inputs":[{"name":"images","type":"IMAGE","link":1251,"label":"images"},{"name":"prompt_cloth","type":"STRING","link":1252,"widget":{"name":"prompt_cloth"},"label":"prompt_cloth"},{"name":"prompt_background","type":"STRING","link":1253,"widget":{"name":"prompt_background"},"label":"prompt_background"}],"outputs":[{"name":"原图","type":"IMAGE","links":[1255,1256],"shape":3,"label":"原图","slot_index":0},{"name":"head_gray","type":"IMAGE","links":[1266],"shape":3,"label":"head_gray","slot_index":1},{"name":"head_mask","type":"IMAGE","links":[1254,1257,1260],"shape":3,"label":"head_mask","slot_index":2},{"name":"人体mask","type":"IMAGE","links":null,"shape":3,"label":"人体mask"},{"name":"动态膨胀系数","type":"INT","links":[1258,1261],"shape":3,"label":"动态膨胀系数","slot_index":4},{"name":"不保留头发","type":"BOOLEAN","links":[1259],"shape":3,"label":"不保留头发","slot_index":5}],"properties":{"Node name for S&R":"AliSegBodyHead"},"widgets_values":["","",false]},{"id":367,"type":"Reroute","pos":[-1945,-633],"size":[75,26],"flags":{},"order":13,"mode":0,"inputs":[{"name":"","type":"*","link":1266}],"outputs":[{"name":"","type":"IMAGE","links":[1247],"slot_index":0}],"properties":{"showOutputText":false,"horizontal":false}},{"id":248,"type":"Reroute","pos":[-1100.5074118245448,-632.2337257283508],"size":[82,26],"flags":{},"order":24,"mode":0,"inputs":[{"name":"","type":"*","link":1247}],"outputs":[{"name":"IMAGE","type":"IMAGE","links":[1268],"slot_index":0}],"properties":{"showOutputText":true,"horizontal":false}},{"id":240,"type":"Eff. Loader SDXL","pos":[-921.507411824545,-488.233725728351],"size":{"0":400,"1":402},"flags":{},"order":54,"mode":0,"inputs":[{"name":"lora_stack","type":"LORA_STACK","link":1226,"label":"LoRA堆","slot_index":0},{"name":"cnet_stack","type":"CONTROL_NET_STACK","link":465,"label":"ControlNet堆","slot_index":1},{"name":"empty_latent_width","type":"INT","link":701,"widget":{"name":"empty_latent_width"},"label":"宽度","slot_index":2},{"name":"empty_latent_height","type":"INT","link":702,"widget":{"name":"empty_latent_height"},"label":"高度","slot_index":3},{"name":"positive","type":"STRING","link":468,"widget":{"name":"positive"},"label":"正面条件","slot_index":4}],"outputs":[{"name":"SDXL_TUPLE","type":"SDXL_TUPLE","links":[454],"shape":3,"label":"SDXL元组","slot_index":0},{"name":"LATENT","type":"LATENT","links":[],"shape":3,"label":"Latent","slot_index":1},{"name":"VAE","type":"VAE","links":[459,1269],"shape":3,"label":"VAE","slot_index":2},{"name":"DEPENDENCIES","type":"DEPENDENCIES","links":null,"shape":3,"label":"依赖"}],"properties":{"Node name for S&R":"Eff. Loader SDXL"},"widgets_values":["sdxl/dreamshaperXL_v21TurboDPMSDE.safetensors",-1,"None",-2,6,2,"Baked VAE","CLIP_POSITIVE","embedding:negativeXL_D.safetensors, NSFW, worst quality, low quality, illustration, 3d, 2d, cartoon, painting, cartoons, sketch, open mouth, long neck, watermark, text, extra fingers, inverted nipple, busty, large breasts, ugly, disgusting","none","compel",1024,1024,1],"color":"#332233","bgcolor":"#553355","shape":1},{"id":249,"type":"Reroute","pos":[-1093.5074118245448,-565.233725728351],"size":[75,26],"flags":{},"order":50,"mode":0,"inputs":[{"name":"","type":"*","link":717}],"outputs":[{"name":"MASK","type":"MASK","links":[1270],"slot_index":0}],"properties":{"showOutputText":true,"horizontal":false}},{"id":241,"type":"KSampler SDXL (Eff.)","pos":[-145,-542],"size":{"0":325,"1":542},"flags":{},"order":57,"mode":0,"inputs":[{"name":"sdxl_tuple","type":"SDXL_TUPLE","link":454,"label":"SDXL元组"},{"name":"latent_image","type":"LATENT","link":1272,"label":"Latent","slot_index":1},{"name":"optional_vae","type":"VAE","link":459,"label":"VAE(可选)"},{"name":"script","type":"SCRIPT","link":null,"label":"脚本"},{"name":"noise_seed","type":"INT","link":457,"widget":{"name":"noise_seed"},"label":"随机种","slot_index":4}],"outputs":[{"name":"SDXL_TUPLE","type":"SDXL_TUPLE","links":[],"shape":3,"label":"SDXL元组","slot_index":0},{"name":"LATENT","type":"LATENT","links":[],"shape":3,"label":"Latent","slot_index":1},{"name":"VAE","type":"VAE","links":[],"shape":3,"label":"VAE","slot_index":2},{"name":"IMAGE","type":"IMAGE","links":[1273],"shape":3,"label":"图像","slot_index":3}],"properties":{"Node name for S&R":"KSampler SDXL (Eff.)"},"widgets_values":[257677540971141,null,8,2,"dpmpp_sde","karras",0,-1,"auto","true (tiled)"],"color":"#2a363b","bgcolor":"#3f5159","shape":1},{"id":245,"type":"CR Seed","pos":[-469,-227],"size":{"0":216.6881103515625,"1":102},"flags":{},"order":1,"mode":0,"outputs":[{"name":"seed","type":"INT","links":[457],"shape":3,"label":"随机种","slot_index":0},{"name":"show_help","type":"STRING","links":null,"shape":3}],"properties":{"Node name for S&R":"CR Seed"},"widgets_values":[50492985257174,"randomize"]},{"id":523,"type":"VAEEncode","pos":[-450,-496],"size":{"0":210,"1":46},"flags":{},"order":55,"mode":0,"inputs":[{"name":"pixels","type":"IMAGE","link":1268,"label":"图像"},{"name":"vae","type":"VAE","link":1269,"label":"VAE"}],"outputs":[{"name":"LATENT","type":"LATENT","links":[1271],"shape":3,"label":"Latent","slot_index":0}],"properties":{"Node name for S&R":"VAEEncode"}},{"id":524,"type":"SetLatentNoiseMask","pos":[-456,-351],"size":{"0":210,"1":46},"flags":{},"order":56,"mode":0,"inputs":[{"name":"samples","type":"LATENT","link":1271,"label":"Latent"},{"name":"mask","type":"MASK","link":1270,"label":"遮罩"}],"outputs":[{"name":"LATENT","type":"LATENT","links":[1272],"shape":3,"label":"Latent","slot_index":0}],"properties":{"Node name for S&R":"SetLatentNoiseMask"}},{"id":480,"type":"GrowMaskWithBlur","pos":[-2299,10],"size":{"0":315,"1":246},"flags":{"collapsed":true},"order":44,"mode":0,"inputs":[{"name":"mask","type":"MASK","link":1185,"label":"遮罩"}],"outputs":[{"name":"mask","type":"MASK","links":[1189],"shape":3,"label":"遮罩","slot_index":0},{"name":"mask_inverted","type":"MASK","links":[],"shape":3,"label":"反转遮罩","slot_index":1}],"properties":{"Node name for S&R":"GrowMaskWithBlur"},"widgets_values":[10,3,true,true,3,0.6,0.6,false]},{"id":272,"type":"MaskToImage","pos":[-1814,-24],"size":{"0":192.8408660888672,"1":45.47084045410156},"flags":{"collapsed":false},"order":51,"mode":0,"inputs":[{"name":"mask","type":"MASK","link":985,"label":"遮罩"}],"outputs":[{"name":"IMAGE","type":"IMAGE","links":[],"shape":3,"label":"图像","slot_index":0}],"properties":{"Node name for S&R":"MaskToImage"}},{"id":264,"type":"CR Multi-ControlNet Stack","pos":[-998,297],"size":{"0":418.1999816894531,"1":454},"flags":{},"order":52,"mode":0,"inputs":[{"name":"image_1","type":"IMAGE","link":504,"label":"图像1"},{"name":"image_2","type":"IMAGE","link":505,"label":"图像2"},{"name":"image_3","type":"IMAGE","link":506,"label":"图像3"},{"name":"controlnet_stack","type":"CONTROL_NET_STACK","link":null,"label":"ControlNet堆"}],"outputs":[{"name":"CONTROLNET_STACK","type":"CONTROL_NET_STACK","links":[479],"shape":3,"label":"ControlNet堆","slot_index":0},{"name":"show_help","type":"STRING","links":null,"shape":3}],"properties":{"Node name for S&R":"CR Multi-ControlNet Stack"},"widgets_values":["On","diffusers_xl_canny_small.safetensors",0.3,0,1,"On","diffusers_xl_depth_small.safetensors",0.3,0,1,"On","thibaud_xl_openpose_256lora.safetensors",0.3,0,1]},{"id":263,"type":"CR LoRA Stack","pos":[-2352.1755036756904,-1527.7407408311606],"size":{"0":394.4184265136719,"1":342},"flags":{},"order":2,"mode":0,"inputs":[{"name":"lora_stack","type":"LORA_STACK","link":null,"label":"LoRA堆"}],"outputs":[{"name":"LORA_STACK","type":"LORA_STACK","links":[476],"shape":3,"slot_index":0},{"name":"show_help","type":"STRING","links":null,"shape":3}],"properties":{"Node name for S&R":"CR LoRA Stack"},"widgets_values":["Off","snapmecloth/0702/webulora/White-turtleneck-sweater.safetensors",1,1,"Off","None",1,1,"Off","None",1,1]},{"id":223,"type":"ImageCompositedMaskedWeight","pos":[-2221,460],"size":{"0":315,"1":78},"flags":{},"order":45,"mode":0,"inputs":[{"name":"source","type":"IMAGE","link":430,"label":"source"},{"name":"mask","type":"IMAGE","link":871,"label":"mask"}],"outputs":[{"name":"IMAGE","type":"IMAGE","links":[492],"shape":3,"label":"IMAGE","slot_index":0}],"properties":{"Node name for S&R":"ImageCompositedMaskedWeight"},"widgets_values":[0]},{"id":255,"type":"Reroute","pos":[127.49258817545505,-624.2337257283508],"size":[82,26],"flags":{},"order":58,"mode":0,"inputs":[{"name":"","type":"*","link":1273}],"outputs":[{"name":"IMAGE","type":"IMAGE","links":[1283],"slot_index":0}],"properties":{"showOutputText":true,"horizontal":false}},{"id":525,"type":"Save Image To OSS And Display","pos":[-268,-940],"size":{"0":315,"1":58},"flags":{},"order":59,"mode":0,"inputs":[{"name":"images","type":"IMAGE","link":1283,"label":"images"}],"properties":{"Node name for S&R":"Save Image To OSS And Display"},"widgets_values":["comfyui"]},{"id":526,"type":"Load Image From Url","pos":[-3571,-883],"size":{"0":400,"1":200},"flags":{},"order":4,"mode":0,"outputs":[{"name":"IMAGE","type":"IMAGE","links":[1284],"shape":3,"label":"IMAGE","slot_index":0},{"name":"MASK","type":"MASK","links":null,"shape":3,"label":"MASK"}],"properties":{"Node name for S&R":"Load Image From Url"},"widgets_values":[""]},{"id":37,"type":"String Literal","pos":[-2884,-1302],"size":{"0":391.5850524902344,"1":152.6741180419922},"flags":{},"order":3,"mode":0,"outputs":[{"name":"STRING","type":"STRING","links":[444,1252],"shape":3,"label":"STRING","slot_index":0}],"properties":{"Node name for S&R":"String Literal"},"widgets_values":["cloth"]},{"id":238,"type":"String Literal","pos":[-2891.1755036756904,-1067.7407408311612],"size":{"0":400,"1":200},"flags":{},"order":0,"mode":0,"outputs":[{"name":"STRING","type":"STRING","links":[990,1253],"shape":3,"label":"STRING","slot_index":0}],"properties":{"Node name for S&R":"String Literal"},"widgets_values":["background"]}],"links":[[429,218,0,228,0,"IMAGE"],[430,228,0,223,0,"IMAGE"],[444,37,0,239,0,"STRING"],[454,240,0,241,0,"SDXL_TUPLE"],[457,245,0,241,4,"INT"],[459,240,2,241,2,"VAE"],[465,251,0,240,1,"CONTROL_NET_STACK"],[468,254,0,240,4,"STRING"],[476,263,0,250,0,"*"],[479,264,0,251,0,"*"],[492,223,0,274,0,"*"],[504,278,0,264,0,"IMAGE"],[505,274,0,264,1,"IMAGE"],[506,275,0,264,2,"IMAGE"],[513,282,0,218,0,"IMAGE"],[517,283,0,228,1,"INT"],[518,284,0,228,2,"INT"],[535,288,0,254,0,"*"],[579,302,0,307,1,"INT"],[580,303,0,307,2,"INT"],[657,322,0,293,0,"*"],[659,309,0,278,0,"*"],[669,322,0,282,0,"*"],[695,333,0,302,0,"*"],[696,333,1,303,0,"*"],[697,333,0,283,0,"*"],[698,333,1,284,0,"*"],[699,333,0,286,0,"*"],[700,333,1,287,0,"*"],[701,252,0,240,2,"INT"],[702,253,0,240,3,"INT"],[714,286,0,252,0,"*"],[715,287,0,253,0,"*"],[717,277,0,249,0,"*"],[740,322,0,301,0,"*"],[761,301,0,353,0,"IMAGE"],[762,353,0,307,0,"IMAGE"],[814,322,0,333,0,"IMAGE"],[855,342,0,280,0,"*"],[868,333,0,227,1,"INT"],[869,333,1,227,2,"INT"],[870,227,0,379,0,"*"],[871,379,0,223,1,"IMAGE"],[872,227,0,304,0,"*"],[910,307,0,309,0,"IMAGE"],[985,277,0,272,0,"MASK"],[990,238,0,239,1,"STRING"],[1006,239,0,288,0,"*"],[1025,304,0,309,1,"IMAGE"],[1114,342,0,227,0,"IMAGE"],[1125,280,0,139,0,"IMAGE"],[1185,139,0,480,0,"MASK"],[1189,480,0,277,0,"*"],[1216,293,0,498,0,"IMAGE"],[1217,498,0,275,0,"*"],[1226,250,0,240,0,"LORA_STACK"],[1247,367,0,248,0,"*"],[1251,219,0,518,0,"IMAGE"],[1252,37,0,518,1,"STRING"],[1253,238,0,518,2,"STRING"],[1254,518,2,368,0,"*"],[1255,518,0,365,0,"*"],[1256,518,0,322,0,"*"],[1257,518,2,342,0,"*"],[1258,518,4,391,0,"*"],[1259,518,5,366,0,"*"],[1260,518,2,370,0,"*"],[1261,518,4,362,0,"*"],[1266,518,1,367,0,"*"],[1268,248,0,523,0,"IMAGE"],[1269,240,2,523,1,"VAE"],[1270,249,0,524,1,"MASK"],[1271,523,0,524,0,"LATENT"],[1272,524,0,241,1,"LATENT"],[1273,241,3,255,0,"*"],[1283,255,0,525,0,"IMAGE"],[1284,526,0,219,0,"*"]],"groups":[{"title":"服装+背景一次生成","bounding":[-1147,-674,2101,802],"color":"#3f789e","font_size":24,"locked":false},{"title":"重回区域遮罩","bounding":[-2945,-85,1123,210],"color":"#3f789e","font_size":24,"locked":false},{"title":"ControlNet-pose","bounding":[-2937,616,1107,206],"color":"#3f789e","font_size":24,"locked":false},{"title":"ControlNet-Depth","bounding":[-2940,379,1109,203],"color":"#3f789e","font_size":24,"locked":false},{"title":"ControlNet-Canny","bounding":[-2944,150,1119,204],"color":"#3f789e","font_size":24,"locked":false},{"title":"图像预处理","bounding":[-2941,-690,1112,548],"color":"#3f789e","font_size":24,"locked":false},{"title":"用户输入","bounding":[-2930,-1675,1015,882],"color":"#3f789e","font_size":24,"locked":false},{"title":"ControlNet","bounding":[-1147,166,764,624],"color":"#3f789e","font_size":24,"locked":false}],"config":{},"extra":{"ds":{"scale":0.7972024500000012,"offset":{"0":3312.396484375,"1":1129.5804443359375}},"workspace_info":{"id":"G-x_GRAHhUd7FR_UVnP1x","saveLock":false,"cloudID":null,"coverMediaPath":null}},"version":0.4}