{"last_node_id":489,"last_link_id":1207,"nodes":[{"id":274,"type":"Reroute","pos":[-1932,385],"size":[82,26],"flags":{},"order":53,"mode":0,"inputs":[{"name":"","type":"*","link":492}],"outputs":[{"name":"IMAGE","type":"IMAGE","links":[505],"slot_index":0}],"properties":{"showOutputText":true,"horizontal":false}},{"id":284,"type":"Reroute","pos":[-2910,529],"size":[75,26],"flags":{},"order":38,"mode":0,"inputs":[{"name":"","type":"*","link":698,"widget":{"name":"value"}}],"outputs":[{"name":"INT","type":"INT","links":[518],"slot_index":0}],"properties":{"showOutputText":true,"horizontal":false}},{"id":283,"type":"Reroute","pos":[-2911,490],"size":[75,26],"flags":{},"order":35,"mode":0,"inputs":[{"name":"","type":"*","link":697,"widget":{"name":"value"}}],"outputs":[{"name":"INT","type":"INT","links":[517],"slot_index":0}],"properties":{"showOutputText":true,"horizontal":false}},{"id":287,"type":"Reroute","pos":[-1923,-184],"size":[75,26],"flags":{},"order":39,"mode":0,"inputs":[{"name":"","type":"*","link":700,"widget":{"name":"value"}}],"outputs":[{"name":"INT","type":"INT","links":[715],"slot_index":0}],"properties":{"showOutputText":true,"horizontal":false}},{"id":282,"type":"Reroute","pos":[-2919,419],"size":[82,26],"flags":{},"order":22,"mode":0,"inputs":[{"name":"","type":"*","link":669}],"outputs":[{"name":"IMAGE","type":"IMAGE","links":[513],"slot_index":0}],"properties":{"showOutputText":true,"horizontal":false}},{"id":254,"type":"Reroute","pos":[-1093.5074118245448,-317.23372572835086],"size":[90.4,26],"flags":{},"order":10,"mode":0,"inputs":[{"name":"","type":"*","link":535,"widget":{"name":"value"}}],"outputs":[{"name":"STRING","type":"STRING","links":[468],"slot_index":0}],"properties":{"showOutputText":true,"horizontal":false}},{"id":252,"type":"Reroute","pos":[-1096.5074118245448,-406.233725728351],"size":[75,26],"flags":{},"order":42,"mode":0,"inputs":[{"name":"","type":"*","link":714,"widget":{"name":"value"}}],"outputs":[{"name":"INT","type":"INT","links":[701],"slot_index":0}],"properties":{"showOutputText":true,"horizontal":false}},{"id":253,"type":"Reroute","pos":[-1094.5074118245448,-361.233725728351],"size":[75,26],"flags":{},"order":45,"mode":0,"inputs":[{"name":"","type":"*","link":715,"widget":{"name":"value"}}],"outputs":[{"name":"INT","type":"INT","links":[702],"slot_index":0}],"properties":{"showOutputText":true,"horizontal":false}},{"id":250,"type":"Reroute","pos":[-1109.5074118245448,-493.233725728351],"size":[124,26],"flags":{},"order":5,"mode":0,"inputs":[{"name":"","type":"*","link":476,"slot_index":0}],"outputs":[{"name":"LORA_STACK","type":"LORA_STACK","links":[477],"slot_index":0}],"properties":{"showOutputText":true,"horizontal":false}},{"id":301,"type":"Reroute","pos":[-2918,199],"size":[82,26],"flags":{},"order":23,"mode":0,"inputs":[{"name":"","type":"*","link":740}],"outputs":[{"name":"IMAGE","type":"IMAGE","links":[761],"slot_index":0}],"properties":{"showOutputText":true,"horizontal":false}},{"id":251,"type":"Reroute","pos":[-1091.5074118245448,-243.23372572835078],"size":[75,26],"flags":{},"order":58,"mode":0,"inputs":[{"name":"","type":"*","link":479}],"outputs":[{"name":"","type":"CONTROL_NET_STACK","links":[465]}],"properties":{"showOutputText":false,"horizontal":false}},{"id":366,"type":"Reroute","pos":[-1940,-296],"size":[98.8,26],"flags":{},"order":19,"mode":0,"inputs":[{"name":"","type":"*","link":859}],"outputs":[{"name":"BOOLEAN","type":"BOOLEAN","links":[831],"slot_index":0}],"properties":{"showOutputText":true,"horizontal":false}},{"id":322,"type":"Reroute","pos":[-2893,-370],"size":[75,26],"flags":{},"order":12,"mode":0,"inputs":[{"name":"","type":"*","link":852}],"outputs":[{"name":"","type":"IMAGE","links":[657,669,740,814],"slot_index":0}],"properties":{"showOutputText":false,"horizontal":false}},{"id":379,"type":"Reroute","pos":[-2916,456],"size":[75,26],"flags":{},"order":46,"mode":0,"inputs":[{"name":"","type":"*","link":870}],"outputs":[{"name":"","type":"IMAGE","links":[871],"slot_index":0}],"properties":{"showOutputText":false,"horizontal":false}},{"id":302,"type":"Reroute","pos":[-2924,279],"size":[75,26],"flags":{},"order":34,"mode":0,"inputs":[{"name":"","type":"*","link":695,"widget":{"name":"value"}}],"outputs":[{"name":"INT","type":"INT","links":[579],"slot_index":0}],"properties":{"showOutputText":true,"horizontal":false}},{"id":303,"type":"Reroute","pos":[-2925,318],"size":[75,26],"flags":{},"order":37,"mode":0,"inputs":[{"name":"","type":"*","link":696,"widget":{"name":"value"}}],"outputs":[{"name":"INT","type":"INT","links":[580],"slot_index":0}],"properties":{"showOutputText":true,"horizontal":false}},{"id":228,"type":"ImageResize+","pos":[-2388,496],"size":{"0":315,"1":218},"flags":{"collapsed":true},"order":44,"mode":0,"inputs":[{"name":"image","type":"IMAGE","link":429,"label":"图像"},{"name":"width","type":"INT","link":517,"widget":{"name":"width"},"label":"宽度"},{"name":"height","type":"INT","link":518,"widget":{"name":"height"},"label":"高度"}],"outputs":[{"name":"IMAGE","type":"IMAGE","links":[430],"shape":3,"label":"图像","slot_index":0},{"name":"width","type":"INT","links":null,"shape":3,"label":"宽度"},{"name":"height","type":"INT","links":null,"shape":3,"label":"高度"}],"properties":{"Node name for S&R":"ImageResize+"},"widgets_values":[768,1024,"nearest",false,"always",0]},{"id":218,"type":"AIO_Preprocessor","pos":[-2785,461],"size":{"0":315,"1":82},"flags":{},"order":32,"mode":0,"inputs":[{"name":"image","type":"IMAGE","link":513,"label":"图像"}],"outputs":[{"name":"IMAGE","type":"IMAGE","links":[429],"shape":3,"label":"图像","slot_index":0}],"properties":{"Node name for S&R":"AIO_Preprocessor"},"widgets_values":["DepthAnythingV2Preprocessor",768]},{"id":201,"type":"Reroute","pos":[1172.7641329752605,-383.15016703287495],"size":[75,26],"flags":{},"order":28,"mode":0,"inputs":[{"name":"","type":"*","link":830,"widget":{"name":"value"}}],"outputs":[{"name":"INT","type":"INT","links":[882],"slot_index":0}],"properties":{"showOutputText":true,"horizontal":false}},{"id":321,"type":"Reroute","pos":[1172.7641329752605,-333.15016703287495],"size":[98.8,26],"flags":{},"order":29,"mode":0,"inputs":[{"name":"","type":"*","link":831}],"outputs":[{"name":"BOOLEAN","type":"BOOLEAN","links":[],"slot_index":0}],"properties":{"showOutputText":true,"horizontal":false}},{"id":275,"type":"Reroute","pos":[-1918,624],"size":[82,26],"flags":{},"order":31,"mode":0,"inputs":[{"name":"","type":"*","link":1205}],"outputs":[{"name":"IMAGE","type":"IMAGE","links":[506],"slot_index":0}],"properties":{"showOutputText":true,"horizontal":false}},{"id":307,"type":"ImageResize+","pos":[-2403,265],"size":{"0":315,"1":218},"flags":{"collapsed":true},"order":43,"mode":0,"inputs":[{"name":"image","type":"IMAGE","link":762,"label":"图像"},{"name":"width","type":"INT","link":579,"widget":{"name":"width"},"label":"宽度"},{"name":"height","type":"INT","link":580,"widget":{"name":"height"},"label":"高度"}],"outputs":[{"name":"IMAGE","type":"IMAGE","links":[910],"shape":3,"label":"图像","slot_index":0},{"name":"width","type":"INT","links":null,"shape":3,"label":"宽度"},{"name":"height","type":"INT","links":null,"shape":3,"label":"高度"}],"properties":{"Node name for S&R":"ImageResize+"},"widgets_values":[768,1024,"nearest",false,"always",0]},{"id":365,"type":"Reroute","pos":[-2891,-442],"size":[75,26],"flags":{},"order":16,"mode":0,"inputs":[{"name":"","type":"*","link":854}],"outputs":[{"name":"","type":"IMAGE","links":[],"slot_index":0}],"properties":{"showOutputText":false,"horizontal":false}},{"id":333,"type":"Get resolution [Crystools]","pos":[-2454,-246],"size":{"0":210,"1":96},"flags":{},"order":24,"mode":0,"inputs":[{"name":"image","type":"IMAGE","link":814,"label":"图像"}],"outputs":[{"name":"width","type":"INT","links":[695,697,699,868],"shape":3,"label":"宽度","slot_index":0},{"name":"height","type":"INT","links":[696,698,700,869],"shape":3,"label":"高度","slot_index":1}],"properties":{"Node name for S&R":"Get resolution [Crystools]"}},{"id":367,"type":"Reroute","pos":[-1941,-611],"size":[75,26],"flags":{},"order":11,"mode":0,"inputs":[{"name":"","type":"*","link":849}],"outputs":[{"name":"","type":"IMAGE","links":[826],"slot_index":0}],"properties":{"showOutputText":false,"horizontal":false}},{"id":368,"type":"Reroute","pos":[-1935,-544],"size":[75,26],"flags":{},"order":13,"mode":0,"inputs":[{"name":"","type":"*","link":850}],"outputs":[{"name":"","type":"IMAGE","links":[861],"slot_index":0}],"properties":{"showOutputText":false,"horizontal":false}},{"id":199,"type":"Reroute","pos":[1172.7641329752605,-493.15016703287495],"size":[82,26],"flags":{},"order":25,"mode":0,"inputs":[{"name":"","type":"*","link":861}],"outputs":[{"name":"IMAGE","type":"IMAGE","links":[880],"slot_index":0}],"properties":{"showOutputText":true,"horizontal":false}},{"id":370,"type":"Reroute","pos":[-1937,-463],"size":[75,26],"flags":{},"order":14,"mode":0,"inputs":[{"name":"","type":"*","link":957}],"outputs":[{"name":"","type":"IMAGE","links":[862],"slot_index":0}],"properties":{"showOutputText":false,"horizontal":false}},{"id":286,"type":"Reroute","pos":[-1931,-236],"size":[75,26],"flags":{},"order":36,"mode":0,"inputs":[{"name":"","type":"*","link":699,"widget":{"name":"value"}}],"outputs":[{"name":"INT","type":"INT","links":[714],"slot_index":0}],"properties":{"showOutputText":true,"horizontal":false}},{"id":198,"type":"Reroute","pos":[1162.7641329752605,-553.1501670328751],"size":[82,26],"flags":{},"order":26,"mode":0,"inputs":[{"name":"","type":"*","link":862}],"outputs":[{"name":"IMAGE","type":"IMAGE","links":[879],"slot_index":0}],"properties":{"showOutputText":true,"horizontal":false}},{"id":197,"type":"Reroute","pos":[1162.7641329752605,-613.1501670328754],"size":[82,26],"flags":{},"order":65,"mode":0,"inputs":[{"name":"","type":"*","link":713}],"outputs":[{"name":"IMAGE","type":"IMAGE","links":[878],"slot_index":0}],"properties":{"showOutputText":true,"horizontal":false}},{"id":278,"type":"Reroute","pos":[-1909,172],"size":[82,26],"flags":{},"order":54,"mode":0,"inputs":[{"name":"","type":"*","link":659}],"outputs":[{"name":"IMAGE","type":"IMAGE","links":[504],"slot_index":0}],"properties":{"showOutputText":true,"horizontal":false}},{"id":304,"type":"Reroute","pos":[-2922,236],"size":[82,26],"flags":{},"order":47,"mode":0,"inputs":[{"name":"","type":"*","link":872}],"outputs":[{"name":"IMAGE","type":"IMAGE","links":[1025],"slot_index":0}],"properties":{"showOutputText":true,"horizontal":false}},{"id":378,"type":"AliSegBodyHead","pos":[-2627,-577],"size":{"0":315,"1":162},"flags":{},"order":9,"mode":0,"inputs":[{"name":"images","type":"IMAGE","link":856,"label":"images"},{"name":"prompt_background","type":"STRING","link":857,"widget":{"name":"prompt_background"},"label":"prompt_background"}],"outputs":[{"name":"原图","type":"IMAGE","links":[849,852],"shape":3,"label":"原图","slot_index":0},{"name":"head_mask","type":"IMAGE","links":[850,957,1033],"shape":3,"label":"head_mask","slot_index":1},{"name":"人体mask","type":"IMAGE","links":[854],"shape":3,"label":"人体mask","slot_index":2},{"name":"动态膨胀系数","type":"INT","links":[858,912],"shape":3,"label":"动态膨胀系数","slot_index":3},{"name":"不保留头发","type":"BOOLEAN","links":[859],"shape":3,"label":"不保留头发","slot_index":4}],"properties":{"Node name for S&R":"AliSegBodyHead"},"widgets_values":["",false]},{"id":342,"type":"Reroute","pos":[-2928,-250],"size":[75,26],"flags":{},"order":15,"mode":0,"inputs":[{"name":"","type":"*","link":1033}],"outputs":[{"name":"","type":"IMAGE","links":[855,1114],"slot_index":0}],"properties":{"showOutputText":false,"horizontal":false}},{"id":353,"type":"AnyLineArtPreprocessor_aux","pos":[-2755,266],"size":{"0":315,"1":178},"flags":{"collapsed":true},"order":33,"mode":0,"inputs":[{"name":"image","type":"IMAGE","link":761,"label":"图像"}],"outputs":[{"name":"image","type":"IMAGE","links":[762],"shape":3,"label":"图像","slot_index":0}],"properties":{"Node name for S&R":"AnyLineArtPreprocessor_aux"},"widgets_values":["lineart_standard",768,0,1,36,1]},{"id":200,"type":"Reroute","pos":[1172.7641329752605,-433.15016703287495],"size":[82,26],"flags":{},"order":30,"mode":0,"inputs":[{"name":"","type":"*","link":864}],"outputs":[{"name":"IMAGE","type":"IMAGE","links":[881],"slot_index":0}],"properties":{"showOutputText":true,"horizontal":false}},{"id":280,"type":"Reroute","pos":[-2918,-45],"size":[75,26],"flags":{},"order":27,"mode":0,"inputs":[{"name":"","type":"*","link":855}],"outputs":[{"name":"","type":"IMAGE","links":[1125],"slot_index":0}],"properties":{"showOutputText":false,"horizontal":false}},{"id":362,"type":"Reroute","pos":[-1925,-365],"size":[75,26],"flags":{},"order":17,"mode":0,"inputs":[{"name":"","type":"*","link":858,"widget":{"name":"value"}}],"outputs":[{"name":"INT","type":"INT","links":[830],"slot_index":0}],"properties":{"showOutputText":true,"horizontal":false}},{"id":391,"type":"Display Any (rgthree)","pos":[-2264,-381],"size":{"0":210,"1":76},"flags":{},"order":18,"mode":0,"inputs":[{"name":"source","type":"*","link":912,"label":"输入","dir":3}],"properties":{"Node name for S&R":"Display Any (rgthree)"},"widgets_values":["6"]},{"id":272,"type":"MaskToImage","pos":[-1791,-21],"size":{"0":192.8408660888672,"1":45.47084045410156},"flags":{},"order":56,"mode":0,"inputs":[{"name":"mask","type":"MASK","link":985,"label":"遮罩"}],"outputs":[{"name":"IMAGE","type":"IMAGE","links":[],"shape":3,"label":"图像","slot_index":0}],"properties":{"Node name for S&R":"MaskToImage"}},{"id":248,"type":"Reroute","pos":[-1100.5074118245448,-632.2337257283508],"size":[82,26],"flags":{},"order":20,"mode":0,"inputs":[{"name":"","type":"*","link":826}],"outputs":[{"name":"IMAGE","type":"IMAGE","links":[864,1166],"slot_index":0}],"properties":{"showOutputText":true,"horizontal":false}},{"id":309,"type":"ImageCompositedMaskedWeight","pos":[-2237,259],"size":{"0":315,"1":78},"flags":{},"order":51,"mode":0,"inputs":[{"name":"source","type":"IMAGE","link":910,"label":"source"},{"name":"mask","type":"IMAGE","link":1025,"label":"mask"}],"outputs":[{"name":"IMAGE","type":"IMAGE","links":[659],"shape":3,"label":"IMAGE","slot_index":0}],"properties":{"Node name for S&R":"ImageCompositedMaskedWeight"},"widgets_values":[0.1]},{"id":277,"type":"Reroute","pos":[-1944,-81],"size":[75,26],"flags":{},"order":52,"mode":0,"inputs":[{"name":"","type":"*","link":1189}],"outputs":[{"name":"MASK","type":"MASK","links":[717,985],"slot_index":0}],"properties":{"showOutputText":true,"horizontal":false}},{"id":223,"type":"ImageCompositedMaskedWeight","pos":[-2221,460],"size":{"0":315,"1":78},"flags":{},"order":50,"mode":0,"inputs":[{"name":"source","type":"IMAGE","link":430,"label":"source"},{"name":"mask","type":"IMAGE","link":871,"label":"mask"}],"outputs":[{"name":"IMAGE","type":"IMAGE","links":[492],"shape":3,"label":"IMAGE","slot_index":0}],"properties":{"Node name for S&R":"ImageCompositedMaskedWeight"},"widgets_values":[0.2]},{"id":240,"type":"Eff. Loader SDXL","pos":[-921.507411824545,-488.233725728351],"size":{"0":400,"1":402},"flags":{},"order":59,"mode":0,"inputs":[{"name":"lora_stack","type":"LORA_STACK","link":477,"label":"LoRA堆","slot_index":0},{"name":"cnet_stack","type":"CONTROL_NET_STACK","link":465,"label":"ControlNet堆","slot_index":1},{"name":"empty_latent_width","type":"INT","link":701,"widget":{"name":"empty_latent_width"},"label":"宽度","slot_index":2},{"name":"empty_latent_height","type":"INT","link":702,"widget":{"name":"empty_latent_height"},"label":"高度","slot_index":3},{"name":"positive","type":"STRING","link":468,"widget":{"name":"positive"},"label":"正面条件","slot_index":4}],"outputs":[{"name":"SDXL_TUPLE","type":"SDXL_TUPLE","links":[454],"shape":3,"label":"SDXL元组","slot_index":0},{"name":"LATENT","type":"LATENT","links":[],"shape":3,"label":"Latent","slot_index":1},{"name":"VAE","type":"VAE","links":[459,952,1193],"shape":3,"label":"VAE","slot_index":2},{"name":"DEPENDENCIES","type":"DEPENDENCIES","links":null,"shape":3,"label":"依赖"}],"properties":{"Node name for S&R":"Eff. Loader SDXL"},"widgets_values":["sdxl/dreamshaperXL_v21TurboDPMSDE.safetensors",-1,"None",-2,6,2,"Baked VAE","CLIP_POSITIVE","embedding:negativeXL_D.safetensors, NSFW, worst quality, low quality, illustration, 3d, 2d, cartoon, painting, cartoons, sketch, open mouth, long neck, watermark, text, extra fingers, inverted nipple, busty, large breasts, ugly, disgusting","none","compel",1024,1024,1],"color":"#332233","bgcolor":"#553355","shape":1},{"id":245,"type":"CR Seed","pos":[-466.50741182454476,-70.23372572835079],"size":{"0":216.6881103515625,"1":102},"flags":{},"order":1,"mode":0,"outputs":[{"name":"seed","type":"INT","links":[457,1196],"shape":3,"label":"随机种","slot_index":0},{"name":"show_help","type":"STRING","links":null,"shape":3}],"properties":{"Node name for S&R":"CR Seed"},"widgets_values":[997421618573789,"randomize"]},{"id":249,"type":"Reroute","pos":[-1093.5074118245448,-565.233725728351],"size":[75,26],"flags":{},"order":55,"mode":0,"inputs":[{"name":"","type":"*","link":717}],"outputs":[{"name":"MASK","type":"MASK","links":[1197],"slot_index":0}],"properties":{"showOutputText":true,"horizontal":false}},{"id":139,"type":"ImageToMask","pos":[-2789,26],"size":{"0":315,"1":58},"flags":{},"order":41,"mode":0,"inputs":[{"name":"image","type":"IMAGE","link":1125,"label":"图像"}],"outputs":[{"name":"MASK","type":"MASK","links":[1185,1200],"shape":3,"label":"遮罩","slot_index":0}],"properties":{"Node name for S&R":"ImageToMask"},"widgets_values":["red"]},{"id":485,"type":"InvertMask","pos":[-856.507411824545,-41.233725728350805],"size":{"0":210,"1":26},"flags":{},"order":49,"mode":0,"inputs":[{"name":"mask","type":"MASK","link":1200,"label":"遮罩"}],"outputs":[{"name":"MASK","type":"MASK","links":[1201],"shape":3,"label":"遮罩","slot_index":0}],"properties":{"Node name for S&R":"InvertMask"}},{"id":409,"type":"VAEEncodeForInpaint","pos":[-490.50741182454493,-294.23372572835086],"size":{"0":315,"1":98},"flags":{},"order":60,"mode":0,"inputs":[{"name":"pixels","type":"IMAGE","link":1166,"label":"图像","slot_index":0},{"name":"vae","type":"VAE","link":952,"label":"VAE"},{"name":"mask","type":"MASK","link":1201,"label":"遮罩"}],"outputs":[{"name":"LATENT","type":"LATENT","links":[1190],"shape":3,"label":"Latent","slot_index":0}],"properties":{"Node name for S&R":"VAEEncodeForInpaint"},"widgets_values":[3]},{"id":263,"type":"CR LoRA Stack","pos":[-2352.1755036756904,-1527.7407408311606],"size":{"0":394.4184265136719,"1":342},"flags":{},"order":2,"mode":0,"inputs":[{"name":"lora_stack","type":"LORA_STACK","link":null,"label":"LoRA堆"}],"outputs":[{"name":"LORA_STACK","type":"LORA_STACK","links":[476],"shape":3,"slot_index":0},{"name":"show_help","type":"STRING","links":null,"shape":3}],"properties":{"Node name for S&R":"CR LoRA Stack"},"widgets_values":["On","snapmecloth/0702/webulora/White-half-sweater.safetensors",1.5,1,"Off","None",1,1,"Off","None",1,1]},{"id":293,"type":"Reroute","pos":[-2914,678],"size":[82,26],"flags":{},"order":21,"mode":0,"inputs":[{"name":"","type":"*","link":657}],"outputs":[{"name":"IMAGE","type":"IMAGE","links":[1205],"slot_index":0}],"properties":{"showOutputText":true,"horizontal":false}},{"id":264,"type":"CR Multi-ControlNet Stack","pos":[-998.2716350233292,297.01514341905545],"size":{"0":418.1999816894531,"1":454},"flags":{},"order":57,"mode":0,"inputs":[{"name":"image_1","type":"IMAGE","link":504,"label":"图像1"},{"name":"image_2","type":"IMAGE","link":505,"label":"图像2"},{"name":"image_3","type":"IMAGE","link":506,"label":"图像3"},{"name":"controlnet_stack","type":"CONTROL_NET_STACK","link":null,"label":"ControlNet堆"}],"outputs":[{"name":"CONTROLNET_STACK","type":"CONTROL_NET_STACK","links":[479],"shape":3,"label":"ControlNet堆","slot_index":0},{"name":"show_help","type":"STRING","links":null,"shape":3}],"properties":{"Node name for S&R":"CR Multi-ControlNet Stack"},"widgets_values":["On","mistoLine_rank256.safetensors",0.3,0,1,"On","sai_xl_depth_256lora.safetensors",0.3,0,1,"Off","None",0.3,0,1]},{"id":480,"type":"GrowMaskWithBlur","pos":[-2299,10],"size":{"0":315,"1":246},"flags":{"collapsed":true},"order":48,"mode":0,"inputs":[{"name":"mask","type":"MASK","link":1185,"label":"遮罩"}],"outputs":[{"name":"mask","type":"MASK","links":[1189],"shape":3,"label":"遮罩","slot_index":0},{"name":"mask_inverted","type":"MASK","links":[],"shape":3,"label":"反转遮罩","slot_index":1}],"properties":{"Node name for S&R":"GrowMaskWithBlur"},"widgets_values":[10,3,true,true,3,0.6,0.6,false]},{"id":484,"type":"SetLatentNoiseMask","pos":[238.49258817545496,-273.2337257283508],"size":{"0":210,"1":46},"flags":{},"order":62,"mode":0,"inputs":[{"name":"samples","type":"LATENT","link":1198,"label":"Latent"},{"name":"mask","type":"MASK","link":1197,"label":"遮罩"}],"outputs":[{"name":"LATENT","type":"LATENT","links":[1199],"shape":3,"label":"Latent","slot_index":0}],"properties":{"Node name for S&R":"SetLatentNoiseMask"}},{"id":288,"type":"Reroute","pos":[-2042,-846],"size":[90.4,26],"flags":{},"order":8,"mode":0,"inputs":[{"name":"","type":"*","link":1006,"widget":{"name":"value"}}],"outputs":[{"name":"STRING","type":"STRING","links":[535],"slot_index":0}],"properties":{"showOutputText":true,"horizontal":false}},{"id":227,"type":"ImageResize+","pos":[-3370,235],"size":{"0":336.06451416015625,"1":199.49752807617188},"flags":{"collapsed":false},"order":40,"mode":0,"inputs":[{"name":"image","type":"IMAGE","link":1114,"label":"图像"},{"name":"width","type":"INT","link":868,"widget":{"name":"width"},"label":"宽度"},{"name":"height","type":"INT","link":869,"widget":{"name":"height"},"label":"高度"}],"outputs":[{"name":"IMAGE","type":"IMAGE","links":[870,872],"shape":3,"label":"图像","slot_index":0},{"name":"width","type":"INT","links":null,"shape":3,"label":"宽度"},{"name":"height","type":"INT","links":null,"shape":3,"label":"高度"}],"properties":{"Node name for S&R":"ImageResize+"},"widgets_values":[768,1024,"nearest",false,"always",0]},{"id":482,"type":"KSampler SDXL (Eff.)","pos":[509.4925881754552,-551.2337257283511],"size":{"0":325,"1":542},"flags":{},"order":63,"mode":0,"inputs":[{"name":"sdxl_tuple","type":"SDXL_TUPLE","link":1191,"label":"SDXL元组"},{"name":"latent_image","type":"LATENT","link":1199,"label":"Latent","slot_index":1},{"name":"optional_vae","type":"VAE","link":1193,"label":"VAE(可选)"},{"name":"script","type":"SCRIPT","link":null,"label":"脚本"},{"name":"noise_seed","type":"INT","link":1196,"widget":{"name":"noise_seed"},"label":"随机种","slot_index":4}],"outputs":[{"name":"SDXL_TUPLE","type":"SDXL_TUPLE","links":[],"shape":3,"label":"SDXL元组","slot_index":0},{"name":"LATENT","type":"LATENT","links":null,"shape":3,"label":"Latent","slot_index":1},{"name":"VAE","type":"VAE","links":[],"shape":3,"label":"VAE","slot_index":2},{"name":"IMAGE","type":"IMAGE","links":[1194],"shape":3,"label":"图像","slot_index":3}],"properties":{"Node name for S&R":"KSampler SDXL (Eff.)"},"widgets_values":[388270584935168,null,7,2,"dpmpp_sde","karras",0,-1,"none","true (tiled)"],"color":"#2a363b","bgcolor":"#3f5159","shape":1},{"id":241,"type":"KSampler SDXL (Eff.)","pos":[-144,-541],"size":{"0":325,"1":542},"flags":{},"order":61,"mode":0,"inputs":[{"name":"sdxl_tuple","type":"SDXL_TUPLE","link":454,"label":"SDXL元组"},{"name":"latent_image","type":"LATENT","link":1190,"label":"Latent","slot_index":1},{"name":"optional_vae","type":"VAE","link":459,"label":"VAE(可选)"},{"name":"script","type":"SCRIPT","link":null,"label":"脚本"},{"name":"noise_seed","type":"INT","link":457,"widget":{"name":"noise_seed"},"label":"随机种","slot_index":4}],"outputs":[{"name":"SDXL_TUPLE","type":"SDXL_TUPLE","links":[1191],"shape":3,"label":"SDXL元组","slot_index":0},{"name":"LATENT","type":"LATENT","links":[1198],"shape":3,"label":"Latent","slot_index":1},{"name":"VAE","type":"VAE","links":[],"shape":3,"label":"VAE","slot_index":2},{"name":"IMAGE","type":"IMAGE","links":[],"shape":3,"label":"图像","slot_index":3}],"properties":{"Node name for S&R":"KSampler SDXL (Eff.)"},"widgets_values":[257677540971141,null,7,2,"dpmpp_sde","karras",0,-1,"none","output only"],"color":"#2a363b","bgcolor":"#3f5159","shape":1},{"id":255,"type":"Reroute","pos":[845,-660],"size":[82,26],"flags":{},"order":64,"mode":0,"inputs":[{"name":"","type":"*","link":1194}],"outputs":[{"name":"IMAGE","type":"IMAGE","links":[713],"slot_index":0}],"properties":{"showOutputText":true,"horizontal":false}},{"id":382,"type":"Snapme ImgProcess Step3","pos":[1432.7641329752605,-563.1501670328752],"size":{"0":315,"1":166},"flags":{},"order":66,"mode":0,"inputs":[{"name":"image_res_1","type":"IMAGE","link":878,"label":"image_res_1"},{"name":"face_mask","type":"IMAGE","link":879,"label":"face_mask"},{"name":"control_mask_face","type":"IMAGE","link":880,"label":"control_mask_face"},{"name":"face_image_pad","type":"IMAGE","link":881,"label":"face_image_pad"},{"name":"dilate_iter","type":"INT","link":882,"widget":{"name":"dilate_iter"},"label":"dilate_iter"}],"outputs":[{"name":"脸部回帖图","type":"IMAGE","links":[1206],"shape":3,"label":"脸部回帖图","slot_index":0}],"properties":{"Node name for S&R":"Snapme ImgProcess Step3"},"widgets_values":[0,false,false]},{"id":488,"type":"Save Image To OSS And Display","pos":[1832,-556],"size":{"0":315,"1":58},"flags":{},"order":67,"mode":0,"inputs":[{"name":"images","type":"IMAGE","link":1206,"label":"images"}],"properties":{"Node name for S&R":"Save Image To OSS And Display"},"widgets_values":["comfyui"]},{"id":219,"type":"Reroute","pos":[-2898,-609],"size":[75,26],"flags":{},"order":7,"mode":0,"inputs":[{"name":"","type":"*","link":1207,"slot_index":0}],"outputs":[{"name":"","type":"IMAGE","links":[856],"slot_index":0}],"properties":{"showOutputText":false,"horizontal":false}},{"id":37,"type":"String Literal","pos":[-2886,-1544],"size":{"0":391.5850524902344,"1":152.6741180419922},"flags":{},"order":3,"mode":0,"outputs":[{"name":"STRING","type":"STRING","links":[444],"shape":3,"label":"STRING","slot_index":0}],"properties":{"Node name for S&R":"String Literal"},"widgets_values":["snap_White-half-sweater, photo of a male,(solo)+++, chunky knit cardigan, ribbed texture, classic cream color, (white)+, high-collar design, silver zip closure, cozy yarn, relaxed fit\n"]},{"id":238,"type":"String Literal","pos":[-2891,-1339],"size":{"0":400,"1":200},"flags":{},"order":0,"mode":0,"outputs":[{"name":"STRING","type":"STRING","links":[857,990],"shape":3,"label":"STRING","slot_index":0}],"properties":{"Node name for S&R":"String Literal"},"widgets_values":["\"subject in modern office,solo, focuses on the people face, (cityscape window view)+, (business atmosphere)+, (deep depth of field)+++,(defoucs)++,(bokeh)+,\", \"photo of a female,(solo)+++\""]},{"id":489,"type":"Load Image From Url","pos":[-2871,-1059],"size":{"0":400,"1":200},"flags":{},"order":4,"mode":0,"outputs":[{"name":"IMAGE","type":"IMAGE","links":[1207],"shape":3,"label":"IMAGE","slot_index":0},{"name":"MASK","type":"MASK","links":null,"shape":3,"label":"MASK"}],"properties":{"Node name for S&R":"Load Image From Url"},"widgets_values":[""]},{"id":239,"type":"JoinStrings","pos":[-2319,-1103],"size":{"0":315,"1":106},"flags":{},"order":6,"mode":0,"inputs":[{"name":"string1","type":"STRING","link":444,"widget":{"name":"string1"},"label":"字符串1"},{"name":"string2","type":"STRING","link":990,"widget":{"name":"string2"},"label":"字符串2"}],"outputs":[{"name":"STRING","type":"STRING","links":[1006],"shape":3,"label":"字符串","slot_index":0}],"properties":{"Node name for S&R":"JoinStrings"},"widgets_values":["","",","]}],"links":[[429,218,0,228,0,"IMAGE"],[430,228,0,223,0,"IMAGE"],[444,37,0,239,0,"STRING"],[454,240,0,241,0,"SDXL_TUPLE"],[457,245,0,241,4,"INT"],[459,240,2,241,2,"VAE"],[465,251,0,240,1,"CONTROL_NET_STACK"],[468,254,0,240,4,"STRING"],[476,263,0,250,0,"*"],[477,250,0,240,0,"LORA_STACK"],[479,264,0,251,0,"*"],[492,223,0,274,0,"*"],[504,278,0,264,0,"IMAGE"],[505,274,0,264,1,"IMAGE"],[506,275,0,264,2,"IMAGE"],[513,282,0,218,0,"IMAGE"],[517,283,0,228,1,"INT"],[518,284,0,228,2,"INT"],[535,288,0,254,0,"*"],[579,302,0,307,1,"INT"],[580,303,0,307,2,"INT"],[657,322,0,293,0,"*"],[659,309,0,278,0,"*"],[669,322,0,282,0,"*"],[695,333,0,302,0,"*"],[696,333,1,303,0,"*"],[697,333,0,283,0,"*"],[698,333,1,284,0,"*"],[699,333,0,286,0,"*"],[700,333,1,287,0,"*"],[701,252,0,240,2,"INT"],[702,253,0,240,3,"INT"],[713,255,0,197,0,"*"],[714,286,0,252,0,"*"],[715,287,0,253,0,"*"],[717,277,0,249,0,"*"],[740,322,0,301,0,"*"],[761,301,0,353,0,"IMAGE"],[762,353,0,307,0,"IMAGE"],[814,322,0,333,0,"IMAGE"],[826,367,0,248,0,"*"],[830,362,0,201,0,"*"],[831,366,0,321,0,"*"],[849,378,0,367,0,"*"],[850,378,1,368,0,"*"],[852,378,0,322,0,"*"],[854,378,2,365,0,"*"],[855,342,0,280,0,"*"],[856,219,0,378,0,"IMAGE"],[857,238,0,378,1,"STRING"],[858,378,3,362,0,"*"],[859,378,4,366,0,"*"],[861,368,0,199,0,"*"],[862,370,0,198,0,"*"],[864,248,0,200,0,"*"],[868,333,0,227,1,"INT"],[869,333,1,227,2,"INT"],[870,227,0,379,0,"*"],[871,379,0,223,1,"IMAGE"],[872,227,0,304,0,"*"],[878,197,0,382,0,"IMAGE"],[879,198,0,382,1,"IMAGE"],[880,199,0,382,2,"IMAGE"],[881,200,0,382,3,"IMAGE"],[882,201,0,382,4,"INT"],[910,307,0,309,0,"IMAGE"],[912,378,3,391,0,"*"],[952,240,2,409,1,"VAE"],[957,378,1,370,0,"*"],[985,277,0,272,0,"MASK"],[990,238,0,239,1,"STRING"],[1006,239,0,288,0,"*"],[1025,304,0,309,1,"IMAGE"],[1033,378,1,342,0,"*"],[1114,342,0,227,0,"IMAGE"],[1125,280,0,139,0,"IMAGE"],[1166,248,0,409,0,"IMAGE"],[1185,139,0,480,0,"MASK"],[1189,480,0,277,0,"*"],[1190,409,0,241,1,"LATENT"],[1191,241,0,482,0,"SDXL_TUPLE"],[1193,240,2,482,2,"VAE"],[1194,482,3,255,0,"*"],[1196,245,0,482,4,"INT"],[1197,249,0,484,1,"MASK"],[1198,241,1,484,0,"LATENT"],[1199,484,0,482,1,"LATENT"],[1200,139,0,485,0,"MASK"],[1201,485,0,409,2,"MASK"],[1205,293,0,275,0,"*"],[1206,382,0,488,0,"IMAGE"],[1207,489,0,219,0,"*"]],"groups":[{"title":"头部回帖","bounding":[1103,-681,666,431],"color":"#3f789e","font_size":24,"locked":false},{"title":"服装+背景一次生成","bounding":[-1147,-674,2101,802],"color":"#3f789e","font_size":24,"locked":false},{"title":"重回区域遮罩","bounding":[-2945,-85,1123,210],"color":"#3f789e","font_size":24,"locked":false},{"title":"ControlNet-pose","bounding":[-2937,616,1107,206],"color":"#3f789e","font_size":24,"locked":false},{"title":"ControlNet-Depth","bounding":[-2940,379,1109,203],"color":"#3f789e","font_size":24,"locked":false},{"title":"ControlNet-Canny","bounding":[-2944,150,1119,204],"color":"#3f789e","font_size":24,"locked":false},{"title":"图像预处理","bounding":[-2937,-667,1112,548],"color":"#3f789e","font_size":24,"locked":false},{"title":"用户输入","bounding":[-2930,-1675,1015,882],"color":"#3f789e","font_size":24,"locked":false},{"title":"ControlNet","bounding":[-1147,166,764,624],"color":"#3f789e","font_size":24,"locked":false}],"config":{},"extra":{"ds":{"scale":0.3073560549142825,"offset":{"0":4115.92041015625,"1":2043.7017822265625}},"workspace_info":{"id":"fkRrNUY7VX11NcpMnmSSW","saveLock":false,"cloudID":null,"coverMediaPath":null}},"version":0.4}