{"last_node_id": 524, "last_link_id": 1277, "nodes": [{"id": 274, "type": "Reroute", "pos": [-1932, 385], "size": [82, 26], "flags": {}, "order": 63, "mode": 0, "inputs": [{"name": "", "type": "*", "link": 492}], "outputs": [{"name": "IMAGE", "type": "IMAGE", "links": [493, 505], "slot_index": 0}], "properties": {"showOutputText": true, "horizontal": false}}, {"id": 284, "type": "Reroute", "pos": [-2910, 529], "size": [75, 26], "flags": {}, "order": 41, "mode": 0, "inputs": [{"name": "", "type": "*", "link": 698, "widget": {"name": "value"}}], "outputs": [{"name": "INT", "type": "INT", "links": [518], "slot_index": 0}], "properties": {"showOutputText": true, "horizontal": false}}, {"id": 283, "type": "Reroute", "pos": [-2911, 490], "size": [75, 26], "flags": {}, "order": 38, "mode": 0, "inputs": [{"name": "", "type": "*", "link": 697, "widget": {"name": "value"}}], "outputs": [{"name": "INT", "type": "INT", "links": [517], "slot_index": 0}], "properties": {"showOutputText": true, "horizontal": false}}, {"id": 287, "type": "Reroute", "pos": [-1926.8474935720278, -206.45233868038903], "size": [75, 26], "flags": {}, "order": 42, "mode": 0, "inputs": [{"name": "", "type": "*", "link": 700, "widget": {"name": "value"}}], "outputs": [{"name": "INT", "type": "INT", "links": [715], "slot_index": 0}], "properties": {"showOutputText": true, "horizontal": false}}, {"id": 282, "type": "Reroute", "pos": [-2919, 419], "size": [82, 26], "flags": {}, "order": 23, "mode": 0, "inputs": [{"name": "", "type": "*", "link": 669}], "outputs": [{"name": "IMAGE", "type": "IMAGE", "links": [513], "slot_index": 0}], "properties": {"showOutputText": true, "horizontal": false}}, {"id": 254, "type": "Reroute", "pos": [-1093.5074118245448, -317.23372572835086], "size": [90.4, 26], "flags": {}, "order": 19, "mode": 0, "inputs": [{"name": "", "type": "*", "link": 535, "widget": {"name": "value"}}], "outputs": [{"name": "STRING", "type": "STRING", "links": [468], "slot_index": 0}], "properties": {"showOutputText": true, "horizontal": false}}, {"id": 252, "type": "Reroute", "pos": [-1096.5074118245448, -406.233725728351], "size": [75, 26], "flags": {}, "order": 51, "mode": 0, "inputs": [{"name": "", "type": "*", "link": 714, "widget": {"name": "value"}}], "outputs": [{"name": "INT", "type": "INT", "links": [701], "slot_index": 0}], "properties": {"showOutputText": true, "horizontal": false}}, {"id": 253, "type": "Reroute", "pos": [-1094.5074118245448, -361.233725728351], "size": [75, 26], "flags": {}, "order": 54, "mode": 0, "inputs": [{"name": "", "type": "*", "link": 715, "widget": {"name": "value"}}], "outputs": [{"name": "INT", "type": "INT", "links": [702], "slot_index": 0}], "properties": {"showOutputText": true, "horizontal": false}}, {"id": 250, "type": "Reroute", "pos": [-1109.5074118245448, -493.233725728351], "size": [124, 26], "flags": {}, "order": 6, "mode": 0, "inputs": [{"name": "", "type": "*", "link": 476, "slot_index": 0}], "outputs": [{"name": "LORA_STACK", "type": "LORA_STACK", "links": [1226], "slot_index": 0}], "properties": {"showOutputText": true, "horizontal": false}}, {"id": 301, "type": "Reroute", "pos": [-2918, 199], "size": [82, 26], "flags": {}, "order": 24, "mode": 0, "inputs": [{"name": "", "type": "*", "link": 740}], "outputs": [{"name": "IMAGE", "type": "IMAGE", "links": [761], "slot_index": 0}], "properties": {"showOutputText": true, "horizontal": false}}, {"id": 251, "type": "Reroute", "pos": [-1091.5074118245448, -243.23372572835078], "size": [75, 26], "flags": {}, "order": 71, "mode": 0, "inputs": [{"name": "", "type": "*", "link": 479}], "outputs": [{"name": "", "type": "CONTROL_NET_STACK", "links": [465]}], "properties": {"showOutputText": false, "horizontal": false}}, {"id": 366, "type": "Reroute", "pos": [-1943.8474935720278, -318.45233868038923], "size": [98.8, 26], "flags": {}, "order": 18, "mode": 0, "inputs": [{"name": "", "type": "*", "link": 1259}], "outputs": [{"name": "BOOLEAN", "type": "BOOLEAN", "links": [831], "slot_index": 0}], "properties": {"showOutputText": true, "horizontal": false}}, {"id": 379, "type": "Reroute", "pos": [-2916, 456], "size": [75, 26], "flags": {}, "order": 55, "mode": 0, "inputs": [{"name": "", "type": "*", "link": 870}], "outputs": [{"name": "", "type": "IMAGE", "links": [871], "slot_index": 0}], "properties": {"showOutputText": false, "horizontal": false}}, {"id": 302, "type": "Reroute", "pos": [-2924, 279], "size": [75, 26], "flags": {}, "order": 37, "mode": 0, "inputs": [{"name": "", "type": "*", "link": 695, "widget": {"name": "value"}}], "outputs": [{"name": "INT", "type": "INT", "links": [579], "slot_index": 0}], "properties": {"showOutputText": true, "horizontal": false}}, {"id": 303, "type": "Reroute", "pos": [-2925, 318], "size": [75, 26], "flags": {}, "order": 40, "mode": 0, "inputs": [{"name": "", "type": "*", "link": 696, "widget": {"name": "value"}}], "outputs": [{"name": "INT", "type": "INT", "links": [580], "slot_index": 0}], "properties": {"showOutputText": true, "horizontal": false}}, {"id": 228, "type": "ImageResize+", "pos": [-2388, 496], "size": {"0": 315, "1": 218}, "flags": {"collapsed": true}, "order": 53, "mode": 0, "inputs": [{"name": "image", "type": "IMAGE", "link": 429, "label": "\u56fe\u50cf"}, {"name": "width", "type": "INT", "link": 517, "widget": {"name": "width"}, "label": "\u5bbd\u5ea6"}, {"name": "height", "type": "INT", "link": 518, "widget": {"name": "height"}, "label": "\u9ad8\u5ea6"}], "outputs": [{"name": "IMAGE", "type": "IMAGE", "links": [430], "shape": 3, "label": "\u56fe\u50cf", "slot_index": 0}, {"name": "width", "type": "INT", "links": null, "shape": 3, "label": "\u5bbd\u5ea6"}, {"name": "height", "type": "INT", "links": null, "shape": 3, "label": "\u9ad8\u5ea6"}], "properties": {"Node name for S&R": "ImageResize+"}, "widgets_values": [768, 1024, "nearest", false, "always", 0]}, {"id": 218, "type": "AIO_Preprocessor", "pos": [-2785, 461], "size": {"0": 315, "1": 82}, "flags": {}, "order": 35, "mode": 0, "inputs": [{"name": "image", "type": "IMAGE", "link": 513, "label": "\u56fe\u50cf"}], "outputs": [{"name": "IMAGE", "type": "IMAGE", "links": [429, 874], "shape": 3, "label": "\u56fe\u50cf", "slot_index": 0}], "properties": {"Node name for S&R": "AIO_Preprocessor"}, "widgets_values": ["DepthAnythingV2Preprocessor", 768]}, {"id": 321, "type": "Reroute", "pos": [1172.7641329752605, -333.15016703287495], "size": [98.8, 26], "flags": {}, "order": 33, "mode": 0, "inputs": [{"name": "", "type": "*", "link": 831}], "outputs": [{"name": "BOOLEAN", "type": "BOOLEAN", "links": [], "slot_index": 0}], "properties": {"showOutputText": true, "horizontal": false}}, {"id": 307, "type": "ImageResize+", "pos": [-2403, 265], "size": {"0": 315, "1": 218}, "flags": {"collapsed": true}, "order": 52, "mode": 0, "inputs": [{"name": "image", "type": "IMAGE", "link": 762, "label": "\u56fe\u50cf"}, {"name": "width", "type": "INT", "link": 579, "widget": {"name": "width"}, "label": "\u5bbd\u5ea6"}, {"name": "height", "type": "INT", "link": 580, "widget": {"name": "height"}, "label": "\u9ad8\u5ea6"}], "outputs": [{"name": "IMAGE", "type": "IMAGE", "links": [910], "shape": 3, "label": "\u56fe\u50cf", "slot_index": 0}, {"name": "width", "type": "INT", "links": null, "shape": 3, "label": "\u5bbd\u5ea6"}, {"name": "height", "type": "INT", "links": null, "shape": 3, "label": "\u9ad8\u5ea6"}], "properties": {"Node name for S&R": "ImageResize+"}, "widgets_values": [768, 1024, "nearest", false, "always", 0]}, {"id": 365, "type": "Reroute", "pos": [-2894.8474935720296, -464.45233868038923], "size": [75, 26], "flags": {}, "order": 10, "mode": 0, "inputs": [{"name": "", "type": "*", "link": 1255}], "outputs": [{"name": "", "type": "IMAGE", "links": [813], "slot_index": 0}], "properties": {"showOutputText": false, "horizontal": false}}, {"id": 368, "type": "Reroute", "pos": [-1938.8474935720278, -566.4523386803891], "size": [75, 26], "flags": {}, "order": 13, "mode": 0, "inputs": [{"name": "", "type": "*", "link": 1254}], "outputs": [{"name": "", "type": "IMAGE", "links": [861], "slot_index": 0}], "properties": {"showOutputText": false, "horizontal": false}}, {"id": 199, "type": "Reroute", "pos": [1172.7641329752605, -493.15016703287495], "size": [82, 26], "flags": {}, "order": 28, "mode": 0, "inputs": [{"name": "", "type": "*", "link": 861}], "outputs": [{"name": "IMAGE", "type": "IMAGE", "links": [413, 880], "slot_index": 0}], "properties": {"showOutputText": true, "horizontal": false}}, {"id": 286, "type": "Reroute", "pos": [-1934.8474935720278, -258.45233868038895], "size": [75, 26], "flags": {}, "order": 39, "mode": 0, "inputs": [{"name": "", "type": "*", "link": 699, "widget": {"name": "value"}}], "outputs": [{"name": "INT", "type": "INT", "links": [714], "slot_index": 0}], "properties": {"showOutputText": true, "horizontal": false}}, {"id": 198, "type": "Reroute", "pos": [1162.7641329752605, -553.1501670328751], "size": [82, 26], "flags": {}, "order": 31, "mode": 0, "inputs": [{"name": "", "type": "*", "link": 862}], "outputs": [{"name": "IMAGE", "type": "IMAGE", "links": [412, 879], "slot_index": 0}], "properties": {"showOutputText": true, "horizontal": false}}, {"id": 197, "type": "Reroute", "pos": [1162.7641329752605, -613.1501670328754], "size": [82, 26], "flags": {}, "order": 78, "mode": 0, "inputs": [{"name": "", "type": "*", "link": 713}], "outputs": [{"name": "IMAGE", "type": "IMAGE", "links": [411, 878], "slot_index": 0}], "properties": {"showOutputText": true, "horizontal": false}}, {"id": 278, "type": "Reroute", "pos": [-1909, 172], "size": [82, 26], "flags": {}, "order": 64, "mode": 0, "inputs": [{"name": "", "type": "*", "link": 659}], "outputs": [{"name": "IMAGE", "type": "IMAGE", "links": [504, 547], "slot_index": 0}], "properties": {"showOutputText": true, "horizontal": false}}, {"id": 304, "type": "Reroute", "pos": [-2922, 236], "size": [82, 26], "flags": {}, "order": 56, "mode": 0, "inputs": [{"name": "", "type": "*", "link": 872}], "outputs": [{"name": "IMAGE", "type": "IMAGE", "links": [1025], "slot_index": 0}], "properties": {"showOutputText": true, "horizontal": false}}, {"id": 353, "type": "AnyLineArtPreprocessor_aux", "pos": [-2755, 266], "size": {"0": 315, "1": 178}, "flags": {"collapsed": true}, "order": 36, "mode": 0, "inputs": [{"name": "image", "type": "IMAGE", "link": 761, "label": "\u56fe\u50cf"}], "outputs": [{"name": "image", "type": "IMAGE", "links": [762, 763], "shape": 3, "label": "\u56fe\u50cf", "slot_index": 0}], "properties": {"Node name for S&R": "AnyLineArtPreprocessor_aux"}, "widgets_values": ["lineart_standard", 768, 0, 1, 36, 1]}, {"id": 200, "type": "Reroute", "pos": [1172.7641329752605, -433.15016703287495], "size": [82, 26], "flags": {}, "order": 44, "mode": 0, "inputs": [{"name": "", "type": "*", "link": 864}], "outputs": [{"name": "IMAGE", "type": "IMAGE", "links": [414, 881, 1092], "slot_index": 0}], "properties": {"showOutputText": true, "horizontal": false}}, {"id": 227, "type": "ImageResize+", "pos": [-3473, 216], "size": {"0": 336.06451416015625, "1": 199.49752807617188}, "flags": {"collapsed": false}, "order": 43, "mode": 0, "inputs": [{"name": "image", "type": "IMAGE", "link": 1114, "label": "\u56fe\u50cf"}, {"name": "width", "type": "INT", "link": 868, "widget": {"name": "width"}, "label": "\u5bbd\u5ea6"}, {"name": "height", "type": "INT", "link": 869, "widget": {"name": "height"}, "label": "\u9ad8\u5ea6"}], "outputs": [{"name": "IMAGE", "type": "IMAGE", "links": [870, 872], "shape": 3, "label": "\u56fe\u50cf", "slot_index": 0}, {"name": "width", "type": "INT", "links": null, "shape": 3, "label": "\u5bbd\u5ea6"}, {"name": "height", "type": "INT", "links": null, "shape": 3, "label": "\u9ad8\u5ea6"}], "properties": {"Node name for S&R": "ImageResize+"}, "widgets_values": [768, 1024, "nearest", false, "always", 0]}, {"id": 280, "type": "Reroute", "pos": [-2918, -45], "size": [75, 26], "flags": {}, "order": 30, "mode": 0, "inputs": [{"name": "", "type": "*", "link": 855}], "outputs": [{"name": "", "type": "IMAGE", "links": [1125], "slot_index": 0}], "properties": {"showOutputText": false, "horizontal": false}}, {"id": 362, "type": "Reroute", "pos": [-1928.8474935720278, -387.45233868038923], "size": [75, 26], "flags": {}, "order": 17, "mode": 0, "inputs": [{"name": "", "type": "*", "link": 1261, "widget": {"name": "value"}}], "outputs": [{"name": "INT", "type": "INT", "links": [830], "slot_index": 0}], "properties": {"showOutputText": true, "horizontal": false}}, {"id": 391, "type": "Display Any (rgthree)", "pos": [-2267.8474935720296, -403.45233868038923], "size": {"0": 210, "1": 76.00000762939453}, "flags": {}, "order": 16, "mode": 0, "inputs": [{"name": "source", "type": "*", "link": 1258, "label": "\u8f93\u5165", "dir": 3}], "properties": {"Node name for S&R": "Display Any (rgthree)"}, "widgets_values": ["5"]}, {"id": 309, "type": "ImageCompositedMaskedWeight", "pos": [-2237, 259], "size": {"0": 315, "1": 78}, "flags": {}, "order": 61, "mode": 0, "inputs": [{"name": "source", "type": "IMAGE", "link": 910, "label": "source"}, {"name": "mask", "type": "IMAGE", "link": 1025, "label": "mask"}], "outputs": [{"name": "IMAGE", "type": "IMAGE", "links": [659], "shape": 3, "label": "IMAGE", "slot_index": 0}], "properties": {"Node name for S&R": "ImageCompositedMaskedWeight"}, "widgets_values": [0.1]}, {"id": 277, "type": "Reroute", "pos": [-1944, -81], "size": [75, 26], "flags": {}, "order": 62, "mode": 0, "inputs": [{"name": "", "type": "*", "link": 1189}], "outputs": [{"name": "MASK", "type": "MASK", "links": [717, 985], "slot_index": 0}], "properties": {"showOutputText": true, "horizontal": false}}, {"id": 139, "type": "ImageToMask", "pos": [-2789, 26], "size": {"0": 315, "1": 58}, "flags": {}, "order": 46, "mode": 0, "inputs": [{"name": "image", "type": "IMAGE", "link": 1125, "label": "\u56fe\u50cf"}], "outputs": [{"name": "MASK", "type": "MASK", "links": [1185], "shape": 3, "label": "\u906e\u7f69", "slot_index": 0}], "properties": {"Node name for S&R": "ImageToMask"}, "widgets_values": ["red"]}, {"id": 289, "type": "PreviewImage", "pos": [-1777, 222], "size": {"0": 210, "1": 246}, "flags": {}, "order": 69, "mode": 0, "inputs": [{"name": "images", "type": "IMAGE", "link": 547, "label": "\u56fe\u50cf"}], "properties": {"Node name for S&R": "PreviewImage"}}, {"id": 436, "type": "ImageInvert", "pos": [-1762, 95], "size": {"0": 210, "1": 26}, "flags": {}, "order": 70, "mode": 0, "inputs": [{"name": "image", "type": "IMAGE", "link": 1045, "label": "\u56fe\u50cf"}], "outputs": [{"name": "IMAGE", "type": "IMAGE", "links": [1046], "shape": 3, "label": "\u56fe\u50cf", "slot_index": 0}], "properties": {"Node name for S&R": "ImageInvert"}}, {"id": 213, "type": "PreviewImage", "pos": [1068, -89], "size": {"0": 210, "1": 246}, "flags": {}, "order": 79, "mode": 0, "inputs": [{"name": "images", "type": "IMAGE", "link": 411, "label": "\u56fe\u50cf"}], "properties": {"Node name for S&R": "PreviewImage"}}, {"id": 214, "type": "PreviewImage", "pos": [1320, -83], "size": {"0": 210, "1": 246}, "flags": {}, "order": 47, "mode": 0, "inputs": [{"name": "images", "type": "IMAGE", "link": 412, "label": "\u56fe\u50cf"}], "properties": {"Node name for S&R": "PreviewImage"}}, {"id": 215, "type": "PreviewImage", "pos": [1612, -85], "size": {"0": 210, "1": 246}, "flags": {}, "order": 45, "mode": 0, "inputs": [{"name": "images", "type": "IMAGE", "link": 413, "label": "\u56fe\u50cf"}], "properties": {"Node name for S&R": "PreviewImage"}}, {"id": 216, "type": "PreviewImage", "pos": [1917, -93], "size": {"0": 210, "1": 246}, "flags": {}, "order": 57, "mode": 0, "inputs": [{"name": "images", "type": "IMAGE", "link": 414, "label": "\u56fe\u50cf"}], "properties": {"Node name for S&R": "PreviewImage"}}, {"id": 288, "type": "Reroute", "pos": [-2042, -846], "size": [90.4, 26], "flags": {}, "order": 9, "mode": 0, "inputs": [{"name": "", "type": "*", "link": 1006, "widget": {"name": "value"}}], "outputs": [{"name": "STRING", "type": "STRING", "links": [535], "slot_index": 0}], "properties": {"showOutputText": true, "horizontal": false}}, {"id": 293, "type": "Reroute", "pos": [-2914, 678], "size": [82, 26], "flags": {}, "order": 21, "mode": 0, "inputs": [{"name": "", "type": "*", "link": 657}], "outputs": [{"name": "IMAGE", "type": "IMAGE", "links": [1216], "slot_index": 0}], "properties": {"showOutputText": true, "horizontal": false}}, {"id": 498, "type": "OpenposePreprocessor", "pos": [-2609, 699], "size": {"0": 315, "1": 150}, "flags": {}, "order": 34, "mode": 0, "inputs": [{"name": "image", "type": "IMAGE", "link": 1216, "label": "\u56fe\u50cf"}], "outputs": [{"name": "IMAGE", "type": "IMAGE", "links": [1217], "shape": 3, "label": "\u56fe\u50cf", "slot_index": 0}, {"name": "POSE_KEYPOINT", "type": "POSE_KEYPOINT", "links": null, "shape": 3, "label": "\u59ff\u6001\u5173\u952e\u70b9"}], "properties": {"Node name for S&R": "OpenposePreprocessor"}, "widgets_values": ["enable", "enable", "disable", 768]}, {"id": 275, "type": "Reroute", "pos": [-1918, 624], "size": [82, 26], "flags": {}, "order": 48, "mode": 0, "inputs": [{"name": "", "type": "*", "link": 1217}], "outputs": [{"name": "IMAGE", "type": "IMAGE", "links": [506, 1218], "slot_index": 0}], "properties": {"showOutputText": true, "horizontal": false}}, {"id": 291, "type": "PreviewImage", "pos": [-4006, -661], "size": {"0": 210, "1": 246}, "flags": {}, "order": 22, "mode": 0, "inputs": [{"name": "images", "type": "IMAGE", "link": 660, "label": "\u56fe\u50cf"}], "properties": {"Node name for S&R": "PreviewImage"}}, {"id": 313, "type": "PreviewImage", "pos": [-4145, -224], "size": {"0": 210, "1": 246}, "flags": {}, "order": 29, "mode": 0, "inputs": [{"name": "images", "type": "IMAGE", "link": 810, "label": "\u56fe\u50cf"}], "properties": {"Node name for S&R": "PreviewImage"}}, {"id": 357, "type": "PreviewImage", "pos": [-3637, -520], "size": {"0": 210, "1": 246}, "flags": {}, "order": 20, "mode": 0, "inputs": [{"name": "images", "type": "IMAGE", "link": 813, "label": "\u56fe\u50cf"}], "properties": {"Node name for S&R": "PreviewImage"}}, {"id": 239, "type": "JoinStrings", "pos": [-2385, -1019], "size": {"0": 315, "1": 106}, "flags": {}, "order": 7, "mode": 0, "inputs": [{"name": "string1", "type": "STRING", "link": 444, "widget": {"name": "string1"}, "label": "\u5b57\u7b26\u4e321"}, {"name": "string2", "type": "STRING", "link": 990, "widget": {"name": "string2"}, "label": "\u5b57\u7b26\u4e322"}], "outputs": [{"name": "STRING", "type": "STRING", "links": [1006], "shape": 3, "label": "\u5b57\u7b26\u4e32", "slot_index": 0}], "properties": {"Node name for S&R": "JoinStrings"}, "widgets_values": ["", "", ","]}, {"id": 219, "type": "Reroute", "pos": [-2901.8474935720296, -631.4523386803891], "size": [75, 26], "flags": {}, "order": 5, "mode": 0, "inputs": [{"name": "", "type": "*", "link": 417}], "outputs": [{"name": "", "type": "IMAGE", "links": [1251], "slot_index": 0}], "properties": {"showOutputText": false, "horizontal": false}}, {"id": 238, "type": "String Literal", "pos": [-2891.1755036756904, -1067.7407408311612], "size": {"0": 400, "1": 200}, "flags": {}, "order": 0, "mode": 0, "outputs": [{"name": "STRING", "type": "STRING", "links": [990, 1253], "shape": 3, "label": "STRING", "slot_index": 0}], "properties": {"Node name for S&R": "String Literal"}, "widgets_values": ["\"subject in modern office,solo, focuses on the people face, (cityscape window view)+, (business atmosphere)+, (deep depth of field)+++,(defoucs)++,(bokeh)+,\", \"photo of a female,(solo)+++\""]}, {"id": 370, "type": "Reroute", "pos": [-1941, -486], "size": [75, 26], "flags": {}, "order": 15, "mode": 0, "inputs": [{"name": "", "type": "*", "link": 1260}], "outputs": [{"name": "", "type": "IMAGE", "links": [862], "slot_index": 0}], "properties": {"showOutputText": false, "horizontal": false}}, {"id": 322, "type": "Reroute", "pos": [-2897, -392], "size": [75, 26], "flags": {}, "order": 11, "mode": 0, "inputs": [{"name": "", "type": "*", "link": 1256}], "outputs": [{"name": "", "type": "IMAGE", "links": [657, 660, 669, 740, 814], "slot_index": 0}], "properties": {"showOutputText": false, "horizontal": false}}, {"id": 342, "type": "Reroute", "pos": [-2932, -272], "size": [75, 26], "flags": {}, "order": 14, "mode": 0, "inputs": [{"name": "", "type": "*", "link": 1257}], "outputs": [{"name": "", "type": "IMAGE", "links": [810, 855, 1040, 1114], "slot_index": 0}], "properties": {"showOutputText": false, "horizontal": false}}, {"id": 333, "type": "Get resolution [Crystools]", "pos": [-2560, -317], "size": {"0": 210, "1": 96.00000762939453}, "flags": {}, "order": 25, "mode": 0, "inputs": [{"name": "image", "type": "IMAGE", "link": 814, "label": "\u56fe\u50cf"}], "outputs": [{"name": "width", "type": "INT", "links": [695, 697, 699, 868], "shape": 3, "label": "\u5bbd\u5ea6", "slot_index": 0}, {"name": "height", "type": "INT", "links": [696, 698, 700, 869], "shape": 3, "label": "\u9ad8\u5ea6", "slot_index": 1}], "properties": {"Node name for S&R": "Get resolution [Crystools]"}}, {"id": 201, "type": "Reroute", "pos": [1172.7641329752605, -383.15016703287495], "size": [75, 26], "flags": {}, "order": 32, "mode": 0, "inputs": [{"name": "", "type": "*", "link": 830, "widget": {"name": "value"}}], "outputs": [{"name": "INT", "type": "INT", "links": [1265], "slot_index": 0}], "properties": {"showOutputText": true, "horizontal": false}}, {"id": 518, "type": "AliSegBodyHead", "pos": [-2576, -634], "size": [315, 206], "flags": {}, "order": 8, "mode": 0, "inputs": [{"name": "images", "type": "IMAGE", "link": 1251, "label": "images"}, {"name": "prompt_cloth", "type": "STRING", "link": 1252, "widget": {"name": "prompt_cloth"}}, {"name": "prompt_background", "type": "STRING", "link": 1253, "widget": {"name": "prompt_background"}}], "outputs": [{"name": "\u539f\u56fe", "type": "IMAGE", "links": [1255, 1256], "shape": 3, "label": "\u539f\u56fe", "slot_index": 0}, {"name": "head_gray", "type": "IMAGE", "links": [1266], "shape": 3, "label": "head_gray", "slot_index": 1}, {"name": "head_mask", "type": "IMAGE", "links": [1254, 1257, 1260], "shape": 3, "label": "head_mask", "slot_index": 2}, {"name": "\u4eba\u4f53mask", "type": "IMAGE", "links": null, "shape": 3, "label": "\u4eba\u4f53mask"}, {"name": "\u52a8\u6001\u81a8\u80c0\u7cfb\u6570", "type": "INT", "links": [1258, 1261], "shape": 3, "label": "\u52a8\u6001\u81a8\u80c0\u7cfb\u6570", "slot_index": 4}, {"name": "\u4e0d\u4fdd\u7559\u5934\u53d1", "type": "BOOLEAN", "links": [1259], "shape": 3, "label": "\u4e0d\u4fdd\u7559\u5934\u53d1", "slot_index": 5}], "properties": {"Node name for S&R": "AliSegBodyHead"}, "widgets_values": ["", "", false]}, {"id": 367, "type": "Reroute", "pos": [-1945, -633], "size": [75, 26], "flags": {}, "order": 12, "mode": 0, "inputs": [{"name": "", "type": "*", "link": 1266}], "outputs": [{"name": "", "type": "IMAGE", "links": [1247, 1267], "slot_index": 0}], "properties": {"showOutputText": false, "horizontal": false}}, {"id": 522, "type": "PreviewImage", "pos": [-1754, -557], "size": [210, 246], "flags": {}, "order": 27, "mode": 0, "inputs": [{"name": "images", "type": "IMAGE", "link": 1267, "label": "\u56fe\u50cf"}], "properties": {"Node name for S&R": "PreviewImage"}}, {"id": 248, "type": "Reroute", "pos": [-1100.5074118245448, -632.2337257283508], "size": [82, 26], "flags": {}, "order": 26, "mode": 0, "inputs": [{"name": "", "type": "*", "link": 1247}], "outputs": [{"name": "IMAGE", "type": "IMAGE", "links": [864, 1268], "slot_index": 0}], "properties": {"showOutputText": true, "horizontal": false}}, {"id": 240, "type": "Eff. Loader SDXL", "pos": [-921.507411824545, -488.233725728351], "size": {"0": 400, "1": 402}, "flags": {}, "order": 73, "mode": 0, "inputs": [{"name": "lora_stack", "type": "LORA_STACK", "link": 1226, "label": "LoRA\u5806", "slot_index": 0}, {"name": "cnet_stack", "type": "CONTROL_NET_STACK", "link": 465, "label": "ControlNet\u5806", "slot_index": 1}, {"name": "empty_latent_width", "type": "INT", "link": 701, "widget": {"name": "empty_latent_width"}, "label": "\u5bbd\u5ea6", "slot_index": 2}, {"name": "empty_latent_height", "type": "INT", "link": 702, "widget": {"name": "empty_latent_height"}, "label": "\u9ad8\u5ea6", "slot_index": 3}, {"name": "positive", "type": "STRING", "link": 468, "widget": {"name": "positive"}, "label": "\u6b63\u9762\u6761\u4ef6", "slot_index": 4}], "outputs": [{"name": "SDXL_TUPLE", "type": "SDXL_TUPLE", "links": [454], "shape": 3, "label": "SDXL\u5143\u7ec4", "slot_index": 0}, {"name": "LATENT", "type": "LATENT", "links": [], "shape": 3, "label": "Latent", "slot_index": 1}, {"name": "VAE", "type": "VAE", "links": [459, 1269], "shape": 3, "label": "VAE", "slot_index": 2}, {"name": "DEPENDENCIES", "type": "DEPENDENCIES", "links": null, "shape": 3, "label": "\u4f9d\u8d56"}], "properties": {"Node name for S&R": "Eff. Loader SDXL"}, "widgets_values": ["sdxl/dreamshaperXL_v21TurboDPMSDE.safetensors", -1, "None", -2, 6, 2, "Baked VAE", "CLIP_POSITIVE", "embedding:negativeXL_D.safetensors, NSFW, worst quality, low quality, illustration, 3d, 2d, cartoon, painting, cartoons, sketch, open mouth, long neck, watermark, text, extra fingers, inverted nipple, busty, large breasts, ugly, disgusting", "none", "compel", 1024, 1024, 1], "color": "#332233", "bgcolor": "#553355", "shape": 1}, {"id": 249, "type": "Reroute", "pos": [-1093.5074118245448, -565.233725728351], "size": [75, 26], "flags": {}, "order": 65, "mode": 0, "inputs": [{"name": "", "type": "*", "link": 717}], "outputs": [{"name": "MASK", "type": "MASK", "links": [1270], "slot_index": 0}], "properties": {"showOutputText": true, "horizontal": false}}, {"id": 241, "type": "KSampler SDXL (Eff.)", "pos": [-145, -542], "size": {"0": 325, "1": 542}, "flags": {}, "order": 76, "mode": 0, "inputs": [{"name": "sdxl_tuple", "type": "SDXL_TUPLE", "link": 454, "label": "SDXL\u5143\u7ec4"}, {"name": "latent_image", "type": "LATENT", "link": 1272, "label": "Latent", "slot_index": 1}, {"name": "optional_vae", "type": "VAE", "link": 459, "label": "VAE(\u53ef\u9009)"}, {"name": "script", "type": "SCRIPT", "link": null, "label": "\u811a\u672c"}, {"name": "noise_seed", "type": "INT", "link": 457, "widget": {"name": "noise_seed"}, "label": "\u968f\u673a\u79cd", "slot_index": 4}], "outputs": [{"name": "SDXL_TUPLE", "type": "SDXL_TUPLE", "links": [], "shape": 3, "label": "SDXL\u5143\u7ec4", "slot_index": 0}, {"name": "LATENT", "type": "LATENT", "links": [], "shape": 3, "label": "Latent", "slot_index": 1}, {"name": "VAE", "type": "VAE", "links": [], "shape": 3, "label": "VAE", "slot_index": 2}, {"name": "IMAGE", "type": "IMAGE", "links": [1273], "shape": 3, "label": "\u56fe\u50cf", "slot_index": 3}], "properties": {"Node name for S&R": "KSampler SDXL (Eff.)"}, "widgets_values": [257677540971141, null, 8, 2, "dpmpp_sde", "karras", 0, -1, "auto", "true (tiled)"], "color": "#2a363b", "bgcolor": "#3f5159", "shape": 1}, {"id": 255, "type": "Reroute", "pos": [127.49258817545505, -624.2337257283508], "size": [82, 26], "flags": {}, "order": 77, "mode": 0, "inputs": [{"name": "", "type": "*", "link": 1273}], "outputs": [{"name": "IMAGE", "type": "IMAGE", "links": [713, 1276], "slot_index": 0}], "properties": {"showOutputText": true, "horizontal": false}}, {"id": 382, "type": "Snapme ImgProcess Step3", "pos": [1432.7641329752605, -563.1501670328752], "size": {"0": 315, "1": 166}, "flags": {}, "order": 80, "mode": 0, "inputs": [{"name": "image_res_1", "type": "IMAGE", "link": 878, "label": "image_res_1"}, {"name": "face_mask", "type": "IMAGE", "link": 879, "label": "face_mask"}, {"name": "control_mask_face", "type": "IMAGE", "link": 880, "label": "control_mask_face"}, {"name": "face_image_pad", "type": "IMAGE", "link": 881, "label": "face_image_pad"}, {"name": "dilate_iter", "type": "INT", "link": 1265, "widget": {"name": "dilate_iter"}, "label": "dilate_iter"}], "outputs": [{"name": "\u8138\u90e8\u56de\u5e16\u56fe", "type": "IMAGE", "links": [1091, 1277], "shape": 3, "label": "\u8138\u90e8\u56de\u5e16\u56fe", "slot_index": 0}], "properties": {"Node name for S&R": "Snapme ImgProcess Step3"}, "widgets_values": [0, false, false]}, {"id": 354, "type": "Image Comparer (rgthree)", "pos": {"0": 100, "1": -1612, "2": 0, "3": 0, "4": 0, "5": 0, "6": 0, "7": 0, "8": 0, "9": 0}, "size": {"0": 574.4107666015625, "1": 758.3173217773438}, "flags": {}, "order": 81, "mode": 0, "inputs": [{"name": "image_a", "type": "IMAGE", "link": 1091, "label": "\u56fe\u50cf_A", "dir": 3}, {"name": "image_b", "type": "IMAGE", "link": 1092, "label": "\u56fe\u50cf_B", "dir": 3}], "outputs": [], "properties": {"comparer_mode": "Slide"}, "widgets_values": [["/view?filename=rgthree.compare._temp_orzjt_00023_.png&type=temp&subfolder=&rand=0.9496282982613093", "/view?filename=rgthree.compare._temp_orzjt_00024_.png&type=temp&subfolder=&rand=0.8594924647449802"]]}, {"id": 245, "type": "CR Seed", "pos": [-469, -227], "size": {"0": 216.6881103515625, "1": 102}, "flags": {}, "order": 1, "mode": 0, "outputs": [{"name": "seed", "type": "INT", "links": [457], "shape": 3, "label": "\u968f\u673a\u79cd", "slot_index": 0}, {"name": "show_help", "type": "STRING", "links": null, "shape": 3}], "properties": {"Node name for S&R": "CR Seed"}, "widgets_values": [850263031020433, "randomize"]}, {"id": 523, "type": "VAEEncode", "pos": [-450, -496], "size": {"0": 210, "1": 46}, "flags": {}, "order": 74, "mode": 0, "inputs": [{"name": "pixels", "type": "IMAGE", "link": 1268, "label": "\u56fe\u50cf"}, {"name": "vae", "type": "VAE", "link": 1269, "label": "VAE"}], "outputs": [{"name": "LATENT", "type": "LATENT", "links": [1271], "shape": 3, "label": "Latent", "slot_index": 0}], "properties": {"Node name for S&R": "VAEEncode"}}, {"id": 524, "type": "SetLatentNoiseMask", "pos": [-456, -351], "size": {"0": 210, "1": 46}, "flags": {}, "order": 75, "mode": 0, "inputs": [{"name": "samples", "type": "LATENT", "link": 1271, "label": "Latent"}, {"name": "mask", "type": "MASK", "link": 1270, "label": "\u906e\u7f69"}], "outputs": [{"name": "LATENT", "type": "LATENT", "links": [1272], "shape": 3, "label": "Latent", "slot_index": 0}], "properties": {"Node name for S&R": "SetLatentNoiseMask"}}, {"id": 146, "type": "LoadImage", "pos": [-1849, -1602], "size": {"0": 640.030517578125, "1": 781.2101440429688}, "flags": {}, "order": 2, "mode": 0, "outputs": [{"name": "IMAGE", "type": "IMAGE", "links": [417], "shape": 3, "label": "\u56fe\u50cf", "slot_index": 0}, {"name": "MASK", "type": "MASK", "links": null, "shape": 3, "label": "\u906e\u7f69"}], "properties": {"Node name for S&R": "LoadImage"}, "widgets_values": ["WechatIMG458.jpg", "image"]}, {"id": 312, "type": "PreviewImage", "pos": [-1491, 233], "size": {"0": 210, "1": 246}, "flags": {}, "order": 50, "mode": 0, "inputs": [{"name": "images", "type": "IMAGE", "link": 763, "label": "\u56fe\u50cf"}], "properties": {"Node name for S&R": "PreviewImage"}}, {"id": 380, "type": "PreviewImage", "pos": [-1534, 572], "size": {"0": 210, "1": 246}, "flags": {}, "order": 49, "mode": 0, "inputs": [{"name": "images", "type": "IMAGE", "link": 874, "label": "\u56fe\u50cf"}], "properties": {"Node name for S&R": "PreviewImage"}}, {"id": 499, "type": "PreviewImage", "pos": [-1800, 875], "size": {"0": 210, "1": 246}, "flags": {}, "order": 59, "mode": 0, "inputs": [{"name": "images", "type": "IMAGE", "link": 1218, "label": "\u56fe\u50cf"}], "properties": {"Node name for S&R": "PreviewImage"}}, {"id": 265, "type": "PreviewImage", "pos": [-1817, 564], "size": {"0": 210, "1": 246}, "flags": {}, "order": 67, "mode": 0, "inputs": [{"name": "images", "type": "IMAGE", "link": 493, "label": "\u56fe\u50cf"}], "properties": {"Node name for S&R": "PreviewImage"}}, {"id": 412, "type": "Image Comparer (rgthree)", "pos": {"0": -1488, "1": -243, "2": 0, "3": 0, "4": 0, "5": 0, "6": 0, "7": 0, "8": 0, "9": 0}, "size": {"0": 303.57440185546875, "1": 357.7770690917969}, "flags": {}, "order": 72, "mode": 0, "inputs": [{"name": "image_a", "type": "IMAGE", "link": 1046, "label": "\u56fe\u50cf_A", "dir": 3}, {"name": "image_b", "type": "IMAGE", "link": 1040, "label": "\u56fe\u50cf_B", "dir": 3}], "outputs": [], "properties": {"comparer_mode": "Slide"}, "widgets_values": [["/view?filename=rgthree.compare._temp_ebmvp_00013_.png&type=temp&subfolder=&rand=0.19255307001246513", "/view?filename=rgthree.compare._temp_ebmvp_00014_.png&type=temp&subfolder=&rand=0.8621859371586753"]]}, {"id": 480, "type": "GrowMaskWithBlur", "pos": [-2299, 10], "size": {"0": 315, "1": 246}, "flags": {"collapsed": true}, "order": 58, "mode": 0, "inputs": [{"name": "mask", "type": "MASK", "link": 1185, "label": "\u906e\u7f69"}], "outputs": [{"name": "mask", "type": "MASK", "links": [1189], "shape": 3, "label": "\u906e\u7f69", "slot_index": 0}, {"name": "mask_inverted", "type": "MASK", "links": [], "shape": 3, "label": "\u53cd\u8f6c\u906e\u7f69", "slot_index": 1}], "properties": {"Node name for S&R": "GrowMaskWithBlur"}, "widgets_values": [10, 3, true, true, 3, 0.6, 0.6, false]}, {"id": 272, "type": "MaskToImage", "pos": [-1814, -24], "size": {"0": 192.8408660888672, "1": 45.47084045410156}, "flags": {"collapsed": false}, "order": 66, "mode": 0, "inputs": [{"name": "mask", "type": "MASK", "link": 985, "label": "\u906e\u7f69"}], "outputs": [{"name": "IMAGE", "type": "IMAGE", "links": [1045], "shape": 3, "label": "\u56fe\u50cf", "slot_index": 0}], "properties": {"Node name for S&R": "MaskToImage"}}, {"id": 264, "type": "CR Multi-ControlNet Stack", "pos": [-998, 297], "size": {"0": 418.1999816894531, "1": 454}, "flags": {}, "order": 68, "mode": 0, "inputs": [{"name": "image_1", "type": "IMAGE", "link": 504, "label": "\u56fe\u50cf1"}, {"name": "image_2", "type": "IMAGE", "link": 505, "label": "\u56fe\u50cf2"}, {"name": "image_3", "type": "IMAGE", "link": 506, "label": "\u56fe\u50cf3"}, {"name": "controlnet_stack", "type": "CONTROL_NET_STACK", "link": null, "label": "ControlNet\u5806"}], "outputs": [{"name": "CONTROLNET_STACK", "type": "CONTROL_NET_STACK", "links": [479], "shape": 3, "label": "ControlNet\u5806", "slot_index": 0}, {"name": "show_help", "type": "STRING", "links": null, "shape": 3}], "properties": {"Node name for S&R": "CR Multi-ControlNet Stack"}, "widgets_values": ["On", "diffusers_xl_canny_small.safetensors", 0.3, 0, 1, "On", "diffusers_xl_depth_small.safetensors", 0.3, 0, 1, "On", "thibaud_xl_openpose_256lora.safetensors", 0.3, 0, 1]}, {"id": 263, "type": "CR LoRA Stack", "pos": [-2352.1755036756904, -1527.7407408311606], "size": {"0": 394.4184265136719, "1": 342}, "flags": {}, "order": 3, "mode": 0, "inputs": [{"name": "lora_stack", "type": "LORA_STACK", "link": null, "label": "LoRA\u5806"}], "outputs": [{"name": "LORA_STACK", "type": "LORA_STACK", "links": [476], "shape": 3, "slot_index": 0}, {"name": "show_help", "type": "STRING", "links": null, "shape": 3}], "properties": {"Node name for S&R": "CR LoRA Stack"}, "widgets_values": ["Off", "snapmecloth/0702/webulora/White-turtleneck-sweater.safetensors", 1, 1, "Off", "None", 1, 1, "Off", "None", 1, 1]}, {"id": 190, "type": "Image Comparer (rgthree)", "pos": {"0": -637, "1": -1594, "2": 0, "3": 0, "4": 0, "5": 0, "6": 0, "7": 0, "8": 0, "9": 0}, "size": {"0": 574.4107666015625, "1": 758.3173217773438}, "flags": {}, "order": 82, "mode": 0, "inputs": [{"name": "image_a", "type": "IMAGE", "link": 1276, "label": "\u56fe\u50cf_A", "dir": 3}, {"name": "image_b", "type": "IMAGE", "link": 1277, "label": "\u56fe\u50cf_B", "dir": 3}], "outputs": [], "properties": {"comparer_mode": "Slide"}, "widgets_values": [["/view?filename=rgthree.compare._temp_irljm_00023_.png&type=temp&subfolder=&rand=0.7785646805085786", "/view?filename=rgthree.compare._temp_irljm_00024_.png&type=temp&subfolder=&rand=0.8796470139190475"]]}, {"id": 37, "type": "String Literal", "pos": [-2884, -1302], "size": {"0": 391.5850524902344, "1": 152.6741180419922}, "flags": {}, "order": 4, "mode": 0, "outputs": [{"name": "STRING", "type": "STRING", "links": [444, 1252], "shape": 3, "label": "STRING", "slot_index": 0}], "properties": {"Node name for S&R": "String Literal"}, "widgets_values": ["snap_White-turtleneck-sweater, photo of a male,(solo)+++, a White turtleneck sweater, matte finish, long sleeves, (white)+, Natural, Textured\n"]}, {"id": 223, "type": "ImageCompositedMaskedWeight", "pos": [-2221, 460], "size": {"0": 315, "1": 78}, "flags": {}, "order": 60, "mode": 0, "inputs": [{"name": "source", "type": "IMAGE", "link": 430, "label": "source"}, {"name": "mask", "type": "IMAGE", "link": 871, "label": "mask"}], "outputs": [{"name": "IMAGE", "type": "IMAGE", "links": [492], "shape": 3, "label": "IMAGE", "slot_index": 0}], "properties": {"Node name for S&R": "ImageCompositedMaskedWeight"}, "widgets_values": [0]}], "links": [[411, 197, 0, 213, 0, "IMAGE"], [412, 198, 0, 214, 0, "IMAGE"], [413, 199, 0, 215, 0, "IMAGE"], [414, 200, 0, 216, 0, "IMAGE"], [417, 146, 0, 219, 0, "*"], [429, 218, 0, 228, 0, "IMAGE"], [430, 228, 0, 223, 0, "IMAGE"], [444, 37, 0, 239, 0, "STRING"], [454, 240, 0, 241, 0, "SDXL_TUPLE"], [457, 245, 0, 241, 4, "INT"], [459, 240, 2, 241, 2, "VAE"], [465, 251, 0, 240, 1, "CONTROL_NET_STACK"], [468, 254, 0, 240, 4, "STRING"], [476, 263, 0, 250, 0, "*"], [479, 264, 0, 251, 0, "*"], [492, 223, 0, 274, 0, "*"], [493, 274, 0, 265, 0, "IMAGE"], [504, 278, 0, 264, 0, "IMAGE"], [505, 274, 0, 264, 1, "IMAGE"], [506, 275, 0, 264, 2, "IMAGE"], [513, 282, 0, 218, 0, "IMAGE"], [517, 283, 0, 228, 1, "INT"], [518, 284, 0, 228, 2, "INT"], [535, 288, 0, 254, 0, "*"], [547, 278, 0, 289, 0, "IMAGE"], [579, 302, 0, 307, 1, "INT"], [580, 303, 0, 307, 2, "INT"], [657, 322, 0, 293, 0, "*"], [659, 309, 0, 278, 0, "*"], [660, 322, 0, 291, 0, "IMAGE"], [669, 322, 0, 282, 0, "*"], [695, 333, 0, 302, 0, "*"], [696, 333, 1, 303, 0, "*"], [697, 333, 0, 283, 0, "*"], [698, 333, 1, 284, 0, "*"], [699, 333, 0, 286, 0, "*"], [700, 333, 1, 287, 0, "*"], [701, 252, 0, 240, 2, "INT"], [702, 253, 0, 240, 3, "INT"], [713, 255, 0, 197, 0, "*"], [714, 286, 0, 252, 0, "*"], [715, 287, 0, 253, 0, "*"], [717, 277, 0, 249, 0, "*"], [740, 322, 0, 301, 0, "*"], [761, 301, 0, 353, 0, "IMAGE"], [762, 353, 0, 307, 0, "IMAGE"], [763, 353, 0, 312, 0, "IMAGE"], [810, 342, 0, 313, 0, "IMAGE"], [813, 365, 0, 357, 0, "IMAGE"], [814, 322, 0, 333, 0, "IMAGE"], [830, 362, 0, 201, 0, "*"], [831, 366, 0, 321, 0, "*"], [855, 342, 0, 280, 0, "*"], [861, 368, 0, 199, 0, "*"], [862, 370, 0, 198, 0, "*"], [864, 248, 0, 200, 0, "*"], [868, 333, 0, 227, 1, "INT"], [869, 333, 1, 227, 2, "INT"], [870, 227, 0, 379, 0, "*"], [871, 379, 0, 223, 1, "IMAGE"], [872, 227, 0, 304, 0, "*"], [874, 218, 0, 380, 0, "IMAGE"], [878, 197, 0, 382, 0, "IMAGE"], [879, 198, 0, 382, 1, "IMAGE"], [880, 199, 0, 382, 2, "IMAGE"], [881, 200, 0, 382, 3, "IMAGE"], [910, 307, 0, 309, 0, "IMAGE"], [985, 277, 0, 272, 0, "MASK"], [990, 238, 0, 239, 1, "STRING"], [1006, 239, 0, 288, 0, "*"], [1025, 304, 0, 309, 1, "IMAGE"], [1040, 342, 0, 412, 1, "IMAGE"], [1045, 272, 0, 436, 0, "IMAGE"], [1046, 436, 0, 412, 0, "IMAGE"], [1091, 382, 0, 354, 0, "IMAGE"], [1092, 200, 0, 354, 1, "IMAGE"], [1114, 342, 0, 227, 0, "IMAGE"], [1125, 280, 0, 139, 0, "IMAGE"], [1185, 139, 0, 480, 0, "MASK"], [1189, 480, 0, 277, 0, "*"], [1216, 293, 0, 498, 0, "IMAGE"], [1217, 498, 0, 275, 0, "*"], [1218, 275, 0, 499, 0, "IMAGE"], [1226, 250, 0, 240, 0, "LORA_STACK"], [1247, 367, 0, 248, 0, "*"], [1251, 219, 0, 518, 0, "IMAGE"], [1252, 37, 0, 518, 1, "STRING"], [1253, 238, 0, 518, 2, "STRING"], [1254, 518, 2, 368, 0, "*"], [1255, 518, 0, 365, 0, "*"], [1256, 518, 0, 322, 0, "*"], [1257, 518, 2, 342, 0, "*"], [1258, 518, 4, 391, 0, "*"], [1259, 518, 5, 366, 0, "*"], [1260, 518, 2, 370, 0, "*"], [1261, 518, 4, 362, 0, "*"], [1265, 201, 0, 382, 4, "INT"], [1266, 518, 1, 367, 0, "*"], [1267, 367, 0, 522, 0, "IMAGE"], [1268, 248, 0, 523, 0, "IMAGE"], [1269, 240, 2, 523, 1, "VAE"], [1270, 249, 0, 524, 1, "MASK"], [1271, 523, 0, 524, 0, "LATENT"], [1272, 524, 0, 241, 1, "LATENT"], [1273, 241, 3, 255, 0, "*"], [1276, 255, 0, 190, 0, "IMAGE"], [1277, 382, 0, 190, 1, "IMAGE"]], "groups": [{"title": "\u5934\u90e8\u56de\u5e16", "bounding": [1103, -681, 666, 431], "color": "#3f789e", "font_size": 24, "locked": false}, {"title": "\u670d\u88c5+\u80cc\u666f\u4e00\u6b21\u751f\u6210", "bounding": [-1147, -674, 2101, 802], "color": "#3f789e", "font_size": 24, "locked": false}, {"title": "\u91cd\u56de\u533a\u57df\u906e\u7f69", "bounding": [-2945, -85, 1123, 210], "color": "#3f789e", "font_size": 24, "locked": false}, {"title": "ControlNet-pose", "bounding": [-2937, 616, 1107, 206], "color": "#3f789e", "font_size": 24, "locked": false}, {"title": "ControlNet-Depth", "bounding": [-2940, 379, 1109, 203], "color": "#3f789e", "font_size": 24, "locked": false}, {"title": "ControlNet-Canny", "bounding": [-2944, 150, 1119, 204], "color": "#3f789e", "font_size": 24, "locked": false}, {"title": "\u56fe\u50cf\u9884\u5904\u7406", "bounding": [-2941, -690, 1112, 548], "color": "#3f789e", "font_size": 24, "locked": false}, {"title": "\u7528\u6237\u8f93\u5165", "bounding": [-2930, -1675, 1015, 882], "color": "#3f789e", "font_size": 24, "locked": false}, {"title": "ControlNet", "bounding": [-1147, 166, 764, 624], "color": "#3f789e", "font_size": 24, "locked": false}], "config": {}, "extra": {"ds": {"scale": 0.5445000000000143, "offset": {"0": 1408.670166015625, "1": 1638.3843994140625}}, "workspace_info": {"id": "34cede38-7557-46cf-a3a4-eb41c5dd0612", "saveLock": false, "cloudID": null, "coverMediaPath": null}}, "version": 0.4}