{"last_node_id":630,"last_link_id":1471,"nodes":[{"id":287,"type":"Reroute","pos":[-1898.285494394154,-176.7073688331889],"size":[75,26],"flags":{},"order":50,"mode":0,"inputs":[{"name":"","type":"*","link":700,"label":""}],"outputs":[{"name":"INT","type":"INT","links":[715],"slot_index":0,"label":"INT"}],"properties":{"showOutputText":true,"horizontal":false}},{"id":282,"type":"Reroute","pos":[-2905.837946493764,422.87360031792537],"size":[82,26],"flags":{},"order":31,"mode":0,"inputs":[{"name":"","type":"*","link":669,"label":""}],"outputs":[{"name":"IMAGE","type":"IMAGE","links":[513],"slot_index":0,"label":"IMAGE"}],"properties":{"showOutputText":true,"horizontal":false}},{"id":254,"type":"Reroute","pos":[-2421.2762631492033,-279.38823384572527],"size":[90.4,26],"flags":{},"order":28,"mode":0,"inputs":[{"name":"","type":"*","link":535,"label":""}],"outputs":[{"name":"STRING","type":"STRING","links":[],"slot_index":0,"label":"STRING"}],"properties":{"showOutputText":true,"horizontal":false}},{"id":252,"type":"Reroute","pos":[-2424.2762631492033,-368.388233845725],"size":[75,26],"flags":{},"order":54,"mode":0,"inputs":[{"name":"","type":"*","link":714,"label":""}],"outputs":[{"name":"INT","type":"INT","links":[],"slot_index":0,"label":"INT"}],"properties":{"showOutputText":true,"horizontal":false}},{"id":253,"type":"Reroute","pos":[-2422.2762631492033,-323.3882338457252],"size":[75,26],"flags":{},"order":57,"mode":0,"inputs":[{"name":"","type":"*","link":715,"label":""}],"outputs":[{"name":"INT","type":"INT","links":[],"slot_index":0,"label":"INT"}],"properties":{"showOutputText":true,"horizontal":false}},{"id":379,"type":"Reroute","pos":[-2902.837946493764,459.87360031792537],"size":[75,26],"flags":{},"order":58,"mode":0,"inputs":[{"name":"","type":"*","link":870,"label":""}],"outputs":[{"name":"","type":"IMAGE","links":[871],"slot_index":0,"label":""}],"properties":{"showOutputText":false,"horizontal":false}},{"id":365,"type":"Reroute","pos":[-2866.285494394152,-434.70736883318926],"size":[75,26],"flags":{},"order":18,"mode":0,"inputs":[{"name":"","type":"*","link":1255,"label":""}],"outputs":[{"name":"","type":"IMAGE","links":[],"slot_index":0,"label":""}],"properties":{"showOutputText":false,"horizontal":false}},{"id":286,"type":"Reroute","pos":[-1906.285494394154,-228.7073688331889],"size":[75,26],"flags":{},"order":47,"mode":0,"inputs":[{"name":"","type":"*","link":699,"label":""}],"outputs":[{"name":"INT","type":"INT","links":[714],"slot_index":0,"label":"INT"}],"properties":{"showOutputText":true,"horizontal":false}},{"id":293,"type":"Reroute","pos":[-2897.2718902184115,685.0936172569114],"size":[82,26],"flags":{},"order":30,"mode":0,"inputs":[{"name":"","type":"*","link":657,"label":""}],"outputs":[{"name":"IMAGE","type":"IMAGE","links":[1279],"slot_index":0,"label":"IMAGE"}],"properties":{"showOutputText":true,"horizontal":false}},{"id":274,"type":"Reroute","pos":[-2087.3458991964244,375.6211854213069],"size":[82,26],"flags":{},"order":65,"mode":0,"inputs":[{"name":"","type":"*","link":492,"label":""}],"outputs":[{"name":"IMAGE","type":"IMAGE","links":[],"slot_index":0,"label":"IMAGE"}],"properties":{"showOutputText":true,"horizontal":false}},{"id":288,"type":"Reroute","pos":[-2042,-846],"size":[90.4,26],"flags":{},"order":17,"mode":0,"inputs":[{"name":"","type":"*","link":1006,"label":""}],"outputs":[{"name":"STRING","type":"STRING","links":[535,1294],"slot_index":0,"label":"STRING"}],"properties":{"showOutputText":true,"horizontal":false}},{"id":541,"type":"Reroute","pos":[-383.48086964571627,-658.1908584890314],"size":[75,26],"flags":{},"order":29,"mode":0,"inputs":[{"name":"","type":"*","link":1294,"widget":{"name":"value"}}],"outputs":[{"name":"","type":"STRING","links":[1376],"slot_index":0}],"properties":{"showOutputText":false,"horizontal":false}},{"id":200,"type":"Reroute","pos":[1541.8139210361608,-451.3381432536362],"size":[82,26],"flags":{},"order":34,"mode":0,"inputs":[{"name":"","type":"*","link":864,"label":""}],"outputs":[{"name":"IMAGE","type":"IMAGE","links":[881],"slot_index":0,"label":"IMAGE"}],"properties":{"showOutputText":true,"horizontal":false}},{"id":201,"type":"Reroute","pos":[1548.915937989013,-404.7449954228119],"size":[75,26],"flags":{},"order":39,"mode":0,"inputs":[{"name":"","type":"*","link":830,"label":"","widget":{"name":"value"}}],"outputs":[{"name":"INT","type":"INT","links":[1265],"slot_index":0,"label":"INT"}],"properties":{"showOutputText":true,"horizontal":false}},{"id":197,"type":"Reroute","pos":[1529.5208729000096,-604.3621979545094],"size":[82,26],"flags":{},"order":79,"mode":0,"inputs":[{"name":"","type":"*","link":1387,"label":""}],"outputs":[{"name":"IMAGE","type":"IMAGE","links":[1412],"slot_index":0,"label":"IMAGE"}],"properties":{"showOutputText":true,"horizontal":false}},{"id":219,"type":"Reroute","pos":[-2853.5601476814,-566.7018014793823],"size":[75,26],"flags":{},"order":12,"mode":0,"inputs":[{"name":"","type":"*","link":1426,"label":""}],"outputs":[{"name":"","type":"IMAGE","links":[1251],"slot_index":0,"label":""}],"properties":{"showOutputText":false,"horizontal":false}},{"id":321,"type":"Reroute","pos":[1537.858335389986,-326.7500162146214],"size":[98.8,26],"flags":{},"order":40,"mode":0,"inputs":[{"name":"","type":"*","link":831,"label":""}],"outputs":[{"name":"BOOLEAN","type":"BOOLEAN","links":[],"slot_index":0,"label":"BOOLEAN"}],"properties":{"showOutputText":true,"horizontal":false}},{"id":238,"type":"String Literal","pos":[-2890,-1320],"size":{"0":400,"1":200},"flags":{},"order":0,"mode":0,"outputs":[{"name":"STRING","type":"STRING","links":[990,1253],"shape":3,"label":"STRING","slot_index":0}],"properties":{"Node name for S&R":"String Literal"},"widgets_values":["subject out door,subject standing on the sidewalk,solo,day light. focuses on the people face,(around subject there are decorated exquisite boutique, display window, open-air café, restaurant, snack stall, bookstore in background)++,tall skyscrapers towering in the distance in midground,vibrant color palette,leading lines of the sidewalk and buildings guiding the viewer  eye,balanced exposure with highlights and shadows,desolate, deserted,dynamic composition,wide-angle shot,"]},{"id":584,"type":"Reroute","pos":[-371.21733931672367,-299.51239787128543],"size":[90.4,26],"flags":{},"order":16,"mode":0,"inputs":[{"name":"","type":"*","link":1378,"widget":{"name":"value"}}],"outputs":[{"name":"STRING","type":"STRING","links":[1379],"slot_index":0}],"properties":{"showOutputText":true,"horizontal":false}},{"id":198,"type":"Reroute","pos":[1540,-550],"size":[82,26],"flags":{},"order":38,"mode":0,"inputs":[{"name":"","type":"*","link":862,"label":""}],"outputs":[{"name":"IMAGE","type":"IMAGE","links":[879],"slot_index":0,"label":"IMAGE"}],"properties":{"showOutputText":true,"horizontal":false}},{"id":199,"type":"Reroute","pos":[1550,-510],"size":[82,26],"flags":{},"order":36,"mode":0,"inputs":[{"name":"","type":"*","link":861,"label":""}],"outputs":[{"name":"IMAGE","type":"IMAGE","links":[1413],"slot_index":0,"label":"IMAGE"}],"properties":{"showOutputText":true,"horizontal":false}},{"id":607,"type":"LoadImage","pos":[-4010,-620],"size":{"0":320,"1":310},"flags":{},"order":1,"mode":0,"outputs":[{"name":"IMAGE","type":"IMAGE","links":[1426],"shape":3,"label":"图像","slot_index":0},{"name":"MASK","type":"MASK","links":null,"shape":3,"label":"遮罩"}],"properties":{"Node name for S&R":"LoadImage"},"widgets_values":["2-man.png","image"]},{"id":608,"type":"Image Comparer (rgthree)","pos":{"0":-1340,"1":-1320,"2":0,"3":0,"4":0,"5":0,"6":0,"7":0,"8":0,"9":0},"size":{"0":590,"1":510},"flags":{},"order":81,"mode":0,"inputs":[{"name":"image_a","type":"IMAGE","link":1428,"label":"图像_A","dir":3},{"name":"image_b","type":"IMAGE","link":1429,"label":"图像_B","dir":3}],"outputs":[],"properties":{"comparer_mode":"Slide"},"widgets_values":[["/view?filename=rgthree.compare._temp_rdjgf_00011_.png&type=temp&subfolder=&rand=0.25209002793956303","/view?filename=rgthree.compare._temp_rdjgf_00012_.png&type=temp&subfolder=&rand=0.22881313992910313"]]},{"id":382,"type":"Snapme ImgProcess Step3","pos":[1720,-590],"size":{"0":315,"1":166},"flags":{},"order":80,"mode":0,"inputs":[{"name":"image_res_1","type":"IMAGE","link":1412,"label":"image_res_1"},{"name":"face_mask","type":"IMAGE","link":879,"label":"face_mask"},{"name":"control_mask_face","type":"IMAGE","link":1413,"label":"control_mask_face"},{"name":"face_image_pad","type":"IMAGE","link":881,"label":"face_image_pad"},{"name":"dilate_iter","type":"INT","link":1265,"widget":{"name":"dilate_iter"},"label":"dilate_iter"}],"outputs":[{"name":"脸部回帖图","type":"IMAGE","links":[1428,1439],"shape":3,"label":"脸部回帖图","slot_index":0}],"properties":{"Node name for S&R":"Snapme ImgProcess Step3"},"widgets_values":[0,false,false]},{"id":583,"type":"ControlNetApply","pos":[860.0817774365446,-193.94955207606415],"size":{"0":317.4000244140625,"1":98},"flags":{},"order":76,"mode":0,"inputs":[{"name":"conditioning","type":"CONDITIONING","link":1373,"label":"条件","slot_index":0},{"name":"control_net","type":"CONTROL_NET","link":1371,"label":"ControlNet"},{"name":"image","type":"IMAGE","link":1372,"label":"图像"}],"outputs":[{"name":"CONDITIONING","type":"CONDITIONING","links":[1380],"shape":3,"label":"条件","slot_index":0}],"properties":{"Node name for S&R":"ControlNetApply"},"widgets_values":[1]},{"id":579,"type":"CLIPTextEncode","pos":[-327.37154750637757,-688.2610609663344],"size":{"0":400,"1":200},"flags":{"collapsed":true},"order":41,"mode":0,"inputs":[{"name":"clip","type":"CLIP","link":1369,"label":"CLIP"},{"name":"text","type":"STRING","link":1376,"widget":{"name":"text"},"label":"文本"}],"outputs":[{"name":"CONDITIONING","type":"CONDITIONING","links":[1373],"shape":3,"label":"条件","slot_index":0}],"properties":{"Node name for S&R":"CLIPTextEncode"},"widgets_values":[""]},{"id":580,"type":"CLIPTextEncode","pos":[-337.37154750637757,-588.2610609663343],"size":{"0":400,"1":200},"flags":{"collapsed":true},"order":27,"mode":0,"inputs":[{"name":"clip","type":"CLIP","link":1370,"label":"CLIP"},{"name":"text","type":"STRING","link":1379,"widget":{"name":"text"},"label":"文本"}],"outputs":[{"name":"CONDITIONING","type":"CONDITIONING","links":[1381],"shape":3,"label":"条件","slot_index":0}],"properties":{"Node name for S&R":"CLIPTextEncode"},"widgets_values":[""]},{"id":333,"type":"Get resolution [Crystools]","pos":[-2690,-310],"size":{"0":210,"1":100},"flags":{},"order":33,"mode":0,"inputs":[{"name":"image","type":"IMAGE","link":814,"label":"图像"}],"outputs":[{"name":"width","type":"INT","links":[695,697,699,868],"shape":3,"label":"宽度","slot_index":0},{"name":"height","type":"INT","links":[696,698,700,869],"shape":3,"label":"高度","slot_index":1}],"properties":{"Node name for S&R":"Get resolution [Crystools]"}},{"id":322,"type":"Reroute","pos":[-2860,-320],"size":[75,26],"flags":{},"order":19,"mode":0,"inputs":[{"name":"","type":"*","link":1256,"label":""}],"outputs":[{"name":"","type":"IMAGE","links":[657,669,740,814],"slot_index":0,"label":""}],"properties":{"showOutputText":false,"horizontal":false}},{"id":228,"type":"ImageResize+","pos":[-2380,510],"size":{"0":315,"1":218},"flags":{"collapsed":true},"order":56,"mode":0,"inputs":[{"name":"image","type":"IMAGE","link":429,"label":"图像"},{"name":"width","type":"INT","link":517,"widget":{"name":"width"},"label":"宽度"},{"name":"height","type":"INT","link":518,"widget":{"name":"height"},"label":"高度"}],"outputs":[{"name":"IMAGE","type":"IMAGE","links":[430],"shape":3,"label":"图像","slot_index":0},{"name":"width","type":"INT","links":null,"shape":3,"label":"宽度"},{"name":"height","type":"INT","links":null,"shape":3,"label":"高度"}],"properties":{"Node name for S&R":"ImageResize+"},"widgets_values":[768,1024,"nearest",false,"always",0]},{"id":227,"type":"ImageResize+","pos":[-3480,-60],"size":{"0":336.06451416015625,"1":199.49752807617188},"flags":{"collapsed":true},"order":51,"mode":0,"inputs":[{"name":"image","type":"IMAGE","link":1114,"label":"图像"},{"name":"width","type":"INT","link":868,"widget":{"name":"width"},"label":"宽度"},{"name":"height","type":"INT","link":869,"widget":{"name":"height"},"label":"高度"}],"outputs":[{"name":"IMAGE","type":"IMAGE","links":[870,872],"shape":3,"label":"图像","slot_index":0},{"name":"width","type":"INT","links":null,"shape":3,"label":"宽度"},{"name":"height","type":"INT","links":null,"shape":3,"label":"高度"}],"properties":{"Node name for S&R":"ImageResize+"},"widgets_values":[768,1024,"nearest",false,"always",0]},{"id":613,"type":"Image Comparer (rgthree)","pos":{"0":20,"1":-1410,"2":0,"3":0,"4":0,"5":0,"6":0,"7":0,"8":0,"9":0},"size":{"0":590,"1":510},"flags":{},"order":82,"mode":0,"inputs":[{"name":"image_a","type":"IMAGE","link":null,"label":"图像_A","dir":3},{"name":"image_b","type":"IMAGE","link":1439,"label":"图像_B","dir":3}],"outputs":[],"properties":{"comparer_mode":"Slide"},"widgets_values":[["/view?filename=rgthree.compare._temp_dpxuu_00011_.png&type=temp&subfolder=&rand=0.9147969864869177","/view?filename=rgthree.compare._temp_dpxuu_00012_.png&type=temp&subfolder=&rand=0.7750584447422115"]]},{"id":362,"type":"Reroute","pos":[-1625.7788635094507,-421.70862171727674],"size":[75,26],"flags":{},"order":25,"mode":0,"inputs":[{"name":"","type":"*","link":1261,"label":"","widget":{"name":"value"}}],"outputs":[{"name":"INT","type":"INT","links":[830],"slot_index":0,"label":"INT"}],"properties":{"showOutputText":true,"horizontal":false}},{"id":391,"type":"Display Any (rgthree)","pos":[-2210,-280],"size":{"0":210,"1":76.00001525878906},"flags":{},"order":24,"mode":0,"inputs":[{"name":"source","type":"*","link":1258,"label":"输入","dir":3}],"properties":{"Node name for S&R":"Display Any (rgthree)"},"widgets_values":["9"]},{"id":342,"type":"Reroute","pos":[-2860,-240],"size":[75,26],"flags":{},"order":22,"mode":0,"inputs":[{"name":"","type":"*","link":1257,"label":""}],"outputs":[{"name":"","type":"IMAGE","links":[855,1114],"slot_index":0,"label":""}],"properties":{"showOutputText":false,"horizontal":false}},{"id":139,"type":"ImageToMask","pos":[-2577.2901574842267,-16.739163790858303],"size":{"0":315,"1":58},"flags":{},"order":52,"mode":0,"inputs":[{"name":"image","type":"IMAGE","link":1125,"label":"图像"}],"outputs":[{"name":"MASK","type":"MASK","links":[1185],"shape":3,"label":"遮罩","slot_index":0}],"properties":{"Node name for S&R":"ImageToMask"},"widgets_values":["red"]},{"id":280,"type":"Reroute","pos":[-2897.2901574842267,-46.7391637908583],"size":[75,26],"flags":{},"order":37,"mode":0,"inputs":[{"name":"","type":"*","link":855,"label":""}],"outputs":[{"name":"","type":"IMAGE","links":[1125],"slot_index":0,"label":""}],"properties":{"showOutputText":false,"horizontal":false}},{"id":619,"type":"Note","pos":[-2100,80],"size":{"0":210,"1":58},"flags":{},"order":2,"mode":0,"properties":{"text":""},"widgets_values":["遮罩作用为除了头部外其他地方重新生成。遮罩反转后膨胀，增大重新生成面积，使脸部与其他部分的过度更加平滑。并且加canny和depth的控制进行人物形体轮廓控制。"],"color":"#432","bgcolor":"#653"},{"id":353,"type":"AnyLineArtPreprocessor_aux","pos":[-2580,220],"size":{"0":315,"1":178},"flags":{"collapsed":true},"order":44,"mode":0,"inputs":[{"name":"image","type":"IMAGE","link":761,"label":"图像"}],"outputs":[{"name":"image","type":"IMAGE","links":[762],"shape":3,"label":"图像","slot_index":0}],"properties":{"Node name for S&R":"AnyLineArtPreprocessor_aux"},"widgets_values":["lineart_standard",768,0,1,36,1]},{"id":218,"type":"AIO_Preprocessor","pos":[-2560,490],"size":{"0":315,"1":82},"flags":{"collapsed":true},"order":43,"mode":0,"inputs":[{"name":"image","type":"IMAGE","link":513,"label":"图像"}],"outputs":[{"name":"IMAGE","type":"IMAGE","links":[429],"shape":3,"label":"图像","slot_index":0}],"properties":{"Node name for S&R":"AIO_Preprocessor"},"widgets_values":["DepthAnythingV2Preprocessor",768]},{"id":301,"type":"Reroute","pos":[-2740,190],"size":[82,26],"flags":{},"order":32,"mode":0,"inputs":[{"name":"","type":"*","link":740,"label":""}],"outputs":[{"name":"IMAGE","type":"IMAGE","links":[761],"slot_index":0,"label":"IMAGE"}],"properties":{"showOutputText":true,"horizontal":false}},{"id":304,"type":"Reroute","pos":[-2900,230],"size":[82,26],"flags":{},"order":59,"mode":0,"inputs":[{"name":"","type":"*","link":872,"label":""}],"outputs":[{"name":"IMAGE","type":"IMAGE","links":[1025],"slot_index":0,"label":"IMAGE"}],"properties":{"showOutputText":true,"horizontal":false}},{"id":283,"type":"Reroute","pos":[-2890,500],"size":[75,26],"flags":{},"order":46,"mode":0,"inputs":[{"name":"","type":"*","link":697,"label":"","widget":{"name":"value"}}],"outputs":[{"name":"INT","type":"INT","links":[517],"slot_index":0,"label":"INT"}],"properties":{"showOutputText":true,"horizontal":false}},{"id":284,"type":"Reroute","pos":[-2900,540],"size":[75,26],"flags":{},"order":49,"mode":0,"inputs":[{"name":"","type":"*","link":698,"label":"","widget":{"name":"value"}}],"outputs":[{"name":"INT","type":"INT","links":[518],"slot_index":0,"label":"INT"}],"properties":{"showOutputText":true,"horizontal":false}},{"id":498,"type":"OpenposePreprocessor","pos":[-2580,720],"size":{"0":315,"1":150},"flags":{"collapsed":true},"order":42,"mode":0,"inputs":[{"name":"image","type":"IMAGE","link":1279,"label":"图像"}],"outputs":[{"name":"IMAGE","type":"IMAGE","links":[1280],"shape":3,"label":"图像","slot_index":0},{"name":"POSE_KEYPOINT","type":"POSE_KEYPOINT","links":null,"shape":3,"label":"姿态关键点"}],"properties":{"Node name for S&R":"OpenposePreprocessor"},"widgets_values":["enable","enable","disable",768]},{"id":302,"type":"Reroute","pos":[-2900,270],"size":[75,26],"flags":{},"order":45,"mode":0,"inputs":[{"name":"","type":"*","link":695,"label":"","widget":{"name":"value"}}],"outputs":[{"name":"INT","type":"INT","links":[579],"slot_index":0,"label":"INT"}],"properties":{"showOutputText":true,"horizontal":false}},{"id":303,"type":"Reroute","pos":[-2890,310],"size":[75,26],"flags":{},"order":48,"mode":0,"inputs":[{"name":"","type":"*","link":696,"label":"","widget":{"name":"value"}}],"outputs":[{"name":"INT","type":"INT","links":[580],"slot_index":0,"label":"INT"}],"properties":{"showOutputText":true,"horizontal":false}},{"id":307,"type":"ImageResize+","pos":[-2370,250],"size":{"0":315,"1":218},"flags":{"collapsed":true},"order":55,"mode":0,"inputs":[{"name":"image","type":"IMAGE","link":762,"label":"图像"},{"name":"width","type":"INT","link":579,"widget":{"name":"width"},"label":"宽度"},{"name":"height","type":"INT","link":580,"widget":{"name":"height"},"label":"高度"}],"outputs":[{"name":"IMAGE","type":"IMAGE","links":[910],"shape":3,"label":"图像","slot_index":0},{"name":"width","type":"INT","links":null,"shape":3,"label":"宽度"},{"name":"height","type":"INT","links":null,"shape":3,"label":"高度"}],"properties":{"Node name for S&R":"ImageResize+"},"widgets_values":[768,1024,"nearest",false,"always",0]},{"id":278,"type":"Reroute","pos":[-2150,190],"size":[82,26],"flags":{},"order":67,"mode":0,"inputs":[{"name":"","type":"*","link":659,"label":""}],"outputs":[{"name":"IMAGE","type":"IMAGE","links":[],"slot_index":0,"label":"IMAGE"}],"properties":{"showOutputText":true,"horizontal":false}},{"id":518,"type":"AliSegBodyHead","pos":[-2710,-620],"size":{"0":315,"1":206},"flags":{},"order":15,"mode":0,"inputs":[{"name":"images","type":"IMAGE","link":1251,"label":"images"},{"name":"prompt_cloth","type":"STRING","link":1252,"widget":{"name":"prompt_cloth"},"label":"prompt_cloth"},{"name":"prompt_background","type":"STRING","link":1253,"widget":{"name":"prompt_background"},"label":"prompt_background"}],"outputs":[{"name":"原图","type":"IMAGE","links":[1255,1256],"shape":3,"label":"原图","slot_index":0},{"name":"head_gray","type":"IMAGE","links":[1444],"shape":3,"label":"head_gray","slot_index":1},{"name":"head_mask","type":"IMAGE","links":[1254,1257,1427],"shape":3,"label":"head_mask","slot_index":2},{"name":"人体mask","type":"IMAGE","links":null,"shape":3,"label":"人体mask"},{"name":"动态膨胀系数","type":"INT","links":[1258,1261],"shape":3,"label":"动态膨胀系数","slot_index":4},{"name":"不保留头发","type":"BOOLEAN","links":[1259],"shape":3,"label":"不保留头发","slot_index":5}],"properties":{"Node name for S&R":"AliSegBodyHead"},"widgets_values":["","",false]},{"id":250,"type":"Reroute","pos":[-2170,-480],"size":[75,26],"flags":{},"order":3,"mode":0,"inputs":[{"name":"","type":"*","link":null,"slot_index":0,"label":""}],"outputs":[{"name":"*","type":"*","links":[],"slot_index":0,"label":"LORA_STACK"}],"properties":{"showOutputText":true,"horizontal":false}},{"id":370,"type":"Reroute","pos":[-1625.7788635094507,-461.70862171727674],"size":[75,26],"flags":{},"order":23,"mode":0,"inputs":[{"name":"","type":"*","link":1427,"label":""}],"outputs":[{"name":"","type":"IMAGE","links":[862],"slot_index":0,"label":""}],"properties":{"showOutputText":false,"horizontal":false}},{"id":248,"type":"Reroute","pos":[-1640,-640],"size":[82,26],"flags":{},"order":20,"mode":0,"inputs":[{"name":"","type":"*","link":1444,"label":""}],"outputs":[{"name":"IMAGE","type":"IMAGE","links":[864,1268],"slot_index":0,"label":"IMAGE"}],"properties":{"showOutputText":true,"horizontal":false}},{"id":275,"type":"Reroute","pos":[-2093.271890218408,677.0936172569114],"size":[82,26],"flags":{},"order":53,"mode":0,"inputs":[{"name":"","type":"*","link":1280,"label":""}],"outputs":[{"name":"IMAGE","type":"IMAGE","links":[1458],"slot_index":0,"label":"IMAGE"}],"properties":{"showOutputText":true,"horizontal":false}},{"id":309,"type":"ImageCompositedMaskedWeight","pos":[-2210,270],"size":{"0":315,"1":78},"flags":{},"order":63,"mode":0,"inputs":[{"name":"source","type":"IMAGE","link":910,"label":"source"},{"name":"mask","type":"IMAGE","link":1025,"label":"mask"}],"outputs":[{"name":"IMAGE","type":"IMAGE","links":[659,1461],"shape":3,"label":"IMAGE","slot_index":0}],"properties":{"Node name for S&R":"ImageCompositedMaskedWeight"},"widgets_values":[0.1]},{"id":629,"type":"PreviewImage","pos":[-380,-90],"size":{"0":210,"1":26},"flags":{},"order":73,"mode":0,"inputs":[{"name":"images","type":"IMAGE","link":1466,"label":"图像"}],"properties":{"Node name for S&R":"PreviewImage"}},{"id":555,"type":"String Literal","pos":[-2890,-1080],"size":{"0":400,"1":200},"flags":{},"order":4,"mode":0,"outputs":[{"name":"STRING","type":"STRING","links":[1443],"shape":3,"label":"STRING","slot_index":0}],"properties":{"Node name for S&R":"String Literal"},"widgets_values":["NSFW, worst quality, low quality, illustration, 3d, 2d, cartoon, painting, cartoons, sketch, open mouth, (long neck), (watermark)+, (text), extra fingers, inverted nipple, busty, large breasts, ugly, disgusting,embedding:negativeXL_D, "]},{"id":368,"type":"Reroute","pos":[-1630,-520],"size":[82,26],"flags":{},"order":21,"mode":0,"inputs":[{"name":"","type":"*","link":1254,"label":""}],"outputs":[{"name":"IMAGE","type":"IMAGE","links":[861],"slot_index":0,"label":""}],"properties":{"showOutputText":true,"horizontal":false}},{"id":556,"type":"Reroute","pos":[-2030,-770],"size":[90.4,26],"flags":{},"order":13,"mode":0,"inputs":[{"name":"","type":"*","link":1443,"widget":{"name":"value"}}],"outputs":[{"name":"STRING","type":"STRING","links":[1378,1470,1471],"slot_index":0}],"properties":{"showOutputText":true,"horizontal":false}},{"id":366,"type":"Reroute","pos":[-1640,-370],"size":[100,30],"flags":{},"order":26,"mode":0,"inputs":[{"name":"","type":"*","link":1259,"label":""}],"outputs":[{"name":"BOOLEAN","type":"BOOLEAN","links":[831],"slot_index":0,"label":"BOOLEAN"}],"properties":{"showOutputText":true,"horizontal":false}},{"id":626,"type":"Reroute","pos":[-1630,-260],"size":[75,26],"flags":{},"order":68,"mode":0,"inputs":[{"name":"","type":"*","link":1461}],"outputs":[{"name":"","type":"IMAGE","links":[1464],"slot_index":0}],"properties":{"showOutputText":false,"horizontal":false}},{"id":624,"type":"Reroute","pos":[-1630,-330],"size":[75,26],"flags":{},"order":71,"mode":0,"inputs":[{"name":"","type":"*","link":1455}],"outputs":[{"name":"","type":"IMAGE","links":[1456],"slot_index":0}],"properties":{"showOutputText":false,"horizontal":false}},{"id":627,"type":"Reroute","pos":[-1620,-210],"size":[75,26],"flags":{},"order":66,"mode":0,"inputs":[{"name":"","type":"*","link":1463}],"outputs":[{"name":"","type":"IMAGE","links":[1465],"slot_index":0}],"properties":{"showOutputText":false,"horizontal":false}},{"id":625,"type":"Reroute","pos":[-1620,-160],"size":[75,26],"flags":{},"order":61,"mode":0,"inputs":[{"name":"","type":"*","link":1458}],"outputs":[{"name":"","type":"IMAGE","links":[1459,1460],"slot_index":0}],"properties":{"showOutputText":false,"horizontal":false}},{"id":480,"type":"GrowMaskWithBlur","pos":[-2240,10],"size":{"0":315,"1":246},"flags":{"collapsed":true},"order":60,"mode":0,"inputs":[{"name":"mask","type":"MASK","link":1185,"label":"遮罩"}],"outputs":[{"name":"mask","type":"MASK","links":[1189],"shape":3,"label":"遮罩","slot_index":0},{"name":"mask_inverted","type":"MASK","links":[],"shape":3,"label":"反转遮罩","slot_index":1}],"properties":{"Node name for S&R":"GrowMaskWithBlur"},"widgets_values":[10,3,true,true,3,0.6,0.6,false]},{"id":277,"type":"Reroute","pos":[-2060,-20],"size":[75,26],"flags":{},"order":64,"mode":0,"inputs":[{"name":"","type":"*","link":1189,"label":""}],"outputs":[{"name":"MASK","type":"MASK","links":[1445,1453],"slot_index":0,"label":"MASK"}],"properties":{"showOutputText":true,"horizontal":false}},{"id":623,"type":"MaskToImage","pos":[-1940,0],"size":{"0":210,"1":26},"flags":{"collapsed":true},"order":70,"mode":0,"inputs":[{"name":"mask","type":"MASK","link":1453,"label":"遮罩"}],"outputs":[{"name":"IMAGE","type":"IMAGE","links":[1455],"shape":3,"label":"图像","slot_index":0}],"properties":{"Node name for S&R":"MaskToImage"}},{"id":628,"type":"Note","pos":[-1830,-290],"size":{"0":210,"1":58},"flags":{},"order":5,"mode":0,"properties":{"text":""},"widgets_values":["顺序为：头部反转遮罩\ncanny\ndepth\npose"],"color":"#432","bgcolor":"#653"},{"id":523,"type":"VAEEncode","pos":[-900,-630],"size":{"0":210,"1":46},"flags":{},"order":35,"mode":0,"inputs":[{"name":"pixels","type":"IMAGE","link":1268,"label":"图像"},{"name":"vae","type":"VAE","link":null,"label":"VAE"}],"outputs":[{"name":"LATENT","type":"LATENT","links":[1271],"shape":3,"label":"Latent","slot_index":0}],"properties":{"Node name for S&R":"VAEEncode"}},{"id":622,"type":"Note","pos":[-880,-740],"size":{"0":210,"1":58},"flags":{},"order":6,"mode":0,"properties":{"text":""},"widgets_values":["使用头部灰度填充图作为编码输入，排除图像其他部分的干扰"],"color":"#432","bgcolor":"#653"},{"id":524,"type":"SetLatentNoiseMask","pos":[-640,-560],"size":{"0":210,"1":46},"flags":{},"order":69,"mode":0,"inputs":[{"name":"samples","type":"LATENT","link":1271,"label":"Latent"},{"name":"mask","type":"MASK","link":1445,"label":"遮罩"}],"outputs":[{"name":"LATENT","type":"LATENT","links":[],"shape":3,"label":"Latent","slot_index":0}],"properties":{"Node name for S&R":"SetLatentNoiseMask"}},{"id":578,"type":"CheckpointLoaderSimple","pos":[270,-630],"size":{"0":315,"1":98},"flags":{},"order":7,"mode":0,"outputs":[{"name":"MODEL","type":"MODEL","links":[1382],"shape":3,"label":"模型","slot_index":0},{"name":"CLIP","type":"CLIP","links":[1369,1370],"shape":3,"label":"CLIP","slot_index":1},{"name":"VAE","type":"VAE","links":[1388,1389],"shape":3,"label":"VAE","slot_index":2}],"properties":{"Node name for S&R":"CheckpointLoaderSimple"},"widgets_values":["sdxl/realvisxlV40_v40LightningBakedvae.safetensors"]},{"id":582,"type":"ControlNetLoader","pos":[260,-360],"size":{"0":315,"1":58},"flags":{},"order":8,"mode":0,"outputs":[{"name":"CONTROL_NET","type":"CONTROL_NET","links":[1371],"shape":3,"label":"ControlNet","slot_index":0}],"properties":{"Node name for S&R":"ControlNetLoader"},"widgets_values":["diffusers_xl_canny_full.safetensors"]},{"id":567,"type":"AIO_Preprocessor","pos":[320,-220],"size":{"0":315,"1":82},"flags":{"collapsed":false},"order":74,"mode":0,"inputs":[{"name":"image","type":"IMAGE","link":1467,"label":"图像"}],"outputs":[{"name":"IMAGE","type":"IMAGE","links":[1372],"shape":3,"label":"图像","slot_index":0}],"properties":{"Node name for S&R":"AIO_Preprocessor"},"widgets_values":["CannyEdgePreprocessor",768]},{"id":586,"type":"VAEEncode","pos":[550,-460],"size":{"0":210,"1":46},"flags":{"collapsed":false},"order":75,"mode":0,"inputs":[{"name":"pixels","type":"IMAGE","link":1468,"label":"图像"},{"name":"vae","type":"VAE","link":1388,"label":"VAE"}],"outputs":[{"name":"LATENT","type":"LATENT","links":[1384],"shape":3,"label":"Latent","slot_index":0}],"properties":{"Node name for S&R":"VAEEncode"}},{"id":585,"type":"KSampler","pos":[840,-600],"size":{"0":315,"1":262},"flags":{},"order":77,"mode":0,"inputs":[{"name":"model","type":"MODEL","link":1382,"label":"模型"},{"name":"positive","type":"CONDITIONING","link":1380,"label":"正面条件"},{"name":"negative","type":"CONDITIONING","link":1381,"label":"负面条件"},{"name":"latent_image","type":"LATENT","link":1384,"label":"Latent"}],"outputs":[{"name":"LATENT","type":"LATENT","links":[1386],"shape":3,"label":"Latent","slot_index":0}],"properties":{"Node name for S&R":"KSampler"},"widgets_values":[805792865648767,"randomize",20,7,"dpmpp_2m","karras",0.4]},{"id":587,"type":"VAEDecode","pos":[1180,-620],"size":{"0":210,"1":46},"flags":{},"order":78,"mode":0,"inputs":[{"name":"samples","type":"LATENT","link":1386,"label":"Latent"},{"name":"vae","type":"VAE","link":1389,"label":"VAE"}],"outputs":[{"name":"IMAGE","type":"IMAGE","links":[1387,1429],"shape":3,"label":"图像","slot_index":0}],"properties":{"Node name for S&R":"VAEDecode"}},{"id":37,"type":"String Literal","pos":[-2900,-1580],"size":{"0":391.5850524902344,"1":152.6741180419922},"flags":{},"order":9,"mode":0,"outputs":[{"name":"STRING","type":"STRING","links":[444,1252],"shape":3,"label":"STRING","slot_index":0}],"properties":{"Node name for S&R":"String Literal"},"widgets_values":["Black-suit-white-T,(sophisticated black suit jacket)++, (white t-shirt underneath)++, smart casual look, trendy fashion, high contrast, studio lighting, sharp detail, 8k resolution, vogue style photography"]},{"id":239,"type":"JoinStrings","pos":[-2370,-1220],"size":{"0":315,"1":106},"flags":{},"order":14,"mode":0,"inputs":[{"name":"string1","type":"STRING","link":444,"widget":{"name":"string1"},"label":"字符串1"},{"name":"string2","type":"STRING","link":990,"widget":{"name":"string2"},"label":"字符串2"}],"outputs":[{"name":"STRING","type":"STRING","links":[1006],"shape":3,"label":"字符串","slot_index":0}],"properties":{"Node name for S&R":"JoinStrings"},"widgets_values":["","",","]},{"id":630,"type":"Note","pos":[-1730,-810],"size":{"0":210,"1":58},"flags":{},"order":10,"mode":0,"properties":{"text":""},"widgets_values":["正面提示词=服装提示词+背景提示词\n负面提示词"],"color":"#432","bgcolor":"#653"},{"id":223,"type":"ImageCompositedMaskedWeight","pos":[-2180,490],"size":{"0":315,"1":78},"flags":{},"order":62,"mode":0,"inputs":[{"name":"source","type":"IMAGE","link":430,"label":"source"},{"name":"mask","type":"IMAGE","link":871,"label":"mask"}],"outputs":[{"name":"IMAGE","type":"IMAGE","links":[492,1463],"shape":3,"label":"IMAGE","slot_index":0}],"properties":{"Node name for S&R":"ImageCompositedMaskedWeight"},"widgets_values":[0.1]},{"id":245,"type":"CR Seed","pos":[-1530,-290],"size":{"0":216.6881103515625,"1":102},"flags":{},"order":11,"mode":0,"outputs":[{"name":"seed","type":"INT","links":[1451],"shape":3,"label":"随机种","slot_index":0},{"name":"show_help","type":"STRING","links":null,"shape":3,"label":"show_help"}],"properties":{"Node name for S&R":"CR Seed"},"widgets_values":[655129957292300,"randomize"]},{"id":615,"type":"LoraControlNetImg2ImgeInpaint","pos":[-1280,-560],"size":[315,474],"flags":{},"order":72,"mode":0,"inputs":[{"name":"face_image","type":"IMAGE","link":1459,"label":"face_image"},{"name":"mask_image","type":"IMAGE","link":1456,"label":"mask_image"},{"name":"pose_image","type":"IMAGE","link":1460,"label":"pose_image"},{"name":"depth_image","type":"IMAGE","link":1465,"label":"depth_image"},{"name":"canny_image","type":"IMAGE","link":1464,"label":"canny_image"},{"name":"prompt","type":"STRING","link":1471,"widget":{"name":"prompt"}},{"name":"n_prompt","type":"STRING","link":1470,"widget":{"name":"n_prompt"}},{"name":"seed","type":"INT","link":1451,"widget":{"name":"seed"}}],"outputs":[{"name":"IMAGE","type":"IMAGE","links":[1466,1467,1468],"shape":3,"label":"IMAGE","slot_index":0}],"properties":{"Node name for S&R":"LoraControlNetImg2ImgeInpaint"},"widgets_values":["snapmecloth/0702/webulora/Black-suit-white-T.safetensors","","",40,3,1,286,"randomize",1,true,0.5,true,0.5,true,0.5]}],"links":[[429,218,0,228,0,"IMAGE"],[430,228,0,223,0,"IMAGE"],[444,37,0,239,0,"STRING"],[492,223,0,274,0,"*"],[513,282,0,218,0,"IMAGE"],[517,283,0,228,1,"INT"],[518,284,0,228,2,"INT"],[535,288,0,254,0,"*"],[579,302,0,307,1,"INT"],[580,303,0,307,2,"INT"],[657,322,0,293,0,"*"],[659,309,0,278,0,"*"],[669,322,0,282,0,"*"],[695,333,0,302,0,"*"],[696,333,1,303,0,"*"],[697,333,0,283,0,"*"],[698,333,1,284,0,"*"],[699,333,0,286,0,"*"],[700,333,1,287,0,"*"],[714,286,0,252,0,"*"],[715,287,0,253,0,"*"],[740,322,0,301,0,"*"],[761,301,0,353,0,"IMAGE"],[762,353,0,307,0,"IMAGE"],[814,322,0,333,0,"IMAGE"],[830,362,0,201,0,"*"],[831,366,0,321,0,"*"],[855,342,0,280,0,"*"],[861,368,0,199,0,"*"],[862,370,0,198,0,"*"],[864,248,0,200,0,"*"],[868,333,0,227,1,"INT"],[869,333,1,227,2,"INT"],[870,227,0,379,0,"*"],[871,379,0,223,1,"IMAGE"],[872,227,0,304,0,"*"],[879,198,0,382,1,"IMAGE"],[881,200,0,382,3,"IMAGE"],[910,307,0,309,0,"IMAGE"],[990,238,0,239,1,"STRING"],[1006,239,0,288,0,"*"],[1025,304,0,309,1,"IMAGE"],[1114,342,0,227,0,"IMAGE"],[1125,280,0,139,0,"IMAGE"],[1185,139,0,480,0,"MASK"],[1189,480,0,277,0,"*"],[1251,219,0,518,0,"IMAGE"],[1252,37,0,518,1,"STRING"],[1253,238,0,518,2,"STRING"],[1254,518,2,368,0,"*"],[1255,518,0,365,0,"*"],[1256,518,0,322,0,"*"],[1257,518,2,342,0,"*"],[1258,518,4,391,0,"*"],[1259,518,5,366,0,"*"],[1261,518,4,362,0,"*"],[1265,201,0,382,4,"INT"],[1268,248,0,523,0,"IMAGE"],[1271,523,0,524,0,"LATENT"],[1279,293,0,498,0,"IMAGE"],[1280,498,0,275,0,"*"],[1294,288,0,541,0,"*"],[1369,578,1,579,0,"CLIP"],[1370,578,1,580,0,"CLIP"],[1371,582,0,583,1,"CONTROL_NET"],[1372,567,0,583,2,"IMAGE"],[1373,579,0,583,0,"CONDITIONING"],[1376,541,0,579,1,"STRING"],[1378,556,0,584,0,"*"],[1379,584,0,580,1,"STRING"],[1380,583,0,585,1,"CONDITIONING"],[1381,580,0,585,2,"CONDITIONING"],[1382,578,0,585,0,"MODEL"],[1384,586,0,585,3,"LATENT"],[1386,585,0,587,0,"LATENT"],[1387,587,0,197,0,"*"],[1388,578,2,586,1,"VAE"],[1389,578,2,587,1,"VAE"],[1412,197,0,382,0,"IMAGE"],[1413,199,0,382,2,"IMAGE"],[1426,607,0,219,0,"*"],[1427,518,2,370,0,"*"],[1428,382,0,608,0,"IMAGE"],[1429,587,0,608,1,"IMAGE"],[1439,382,0,613,1,"IMAGE"],[1443,555,0,556,0,"*"],[1444,518,1,248,0,"*"],[1445,277,0,524,1,"MASK"],[1451,245,0,615,7,"INT"],[1453,277,0,623,0,"MASK"],[1455,623,0,624,0,"*"],[1456,624,0,615,1,"IMAGE"],[1458,275,0,625,0,"*"],[1459,625,0,615,0,"IMAGE"],[1460,625,0,615,2,"IMAGE"],[1461,309,0,626,0,"*"],[1463,223,0,627,0,"*"],[1464,626,0,615,4,"IMAGE"],[1465,627,0,615,3,"IMAGE"],[1466,615,0,629,0,"IMAGE"],[1467,615,0,567,0,"IMAGE"],[1468,615,0,586,0,"IMAGE"],[1470,556,0,615,6,"STRING"],[1471,556,0,615,5,"STRING"]],"groups":[{"title":"头部回帖","bounding":[1480,-702,666,431],"color":"#3f789e","font_size":24,"locked":false},{"title":"服装+背景一次生成","bounding":[-1713,-691,1515,819],"color":"#3f789e","font_size":24,"locked":false},{"title":"重回区域遮罩","bounding":[-2921,-86,1123,210],"color":"#3f789e","font_size":24,"locked":false},{"title":"ControlNet-pose","bounding":[-2920,622,1107,206],"color":"#3f789e","font_size":24,"locked":false},{"title":"ControlNet-Depth","bounding":[-2927,383,1109,203],"color":"#3f789e","font_size":24,"locked":false},{"title":"ControlNet-Canny","bounding":[-2926,154,1119,204],"color":"#3f789e","font_size":24,"locked":false},{"title":"图像预处理","bounding":[-2912,-661,1112,548],"color":"#3f789e","font_size":24,"locked":false},{"title":"用户输入","bounding":[-2930,-1675,1015,882],"color":"#3f789e","font_size":24,"locked":false},{"title":"ControlNet","bounding":[-1411,203,643,628],"color":"#3f789e","font_size":24,"locked":false},{"title":"Group","bounding":[232,-703,1170,852],"color":"#3f789e","font_size":24,"locked":false}],"config":{},"extra":{"ds":{"scale":0.5730855330116909,"offset":{"0":2942.52928893798,"1":807.3748358602202}},"workspace_info":{"id":"8aaqGylxj-iJ9z-2Sy7uC"}},"version":0.4}