{"last_node_id":677,"last_link_id":1554,"nodes":[{"id":284,"type":"Reroute","pos":[-2634.8503504017513,532.8736003179253],"size":[75,26],"flags":{},"order":54,"mode":0,"inputs":[{"name":"","type":"*","link":698,"label":"","widget":{"name":"value"}}],"outputs":[{"name":"INT","type":"INT","links":[518],"slot_index":0,"label":"INT"}],"properties":{"showOutputText":true,"horizontal":false}},{"id":283,"type":"Reroute","pos":[-2635.8503504017513,493.8736003179254],"size":[75,26],"flags":{},"order":51,"mode":0,"inputs":[{"name":"","type":"*","link":697,"label":"","widget":{"name":"value"}}],"outputs":[{"name":"INT","type":"INT","links":[517],"slot_index":0,"label":"INT"}],"properties":{"showOutputText":true,"horizontal":false}},{"id":287,"type":"Reroute","pos":[-2241.703148464851,-80.2561826202844],"size":[75,26],"flags":{},"order":55,"mode":0,"inputs":[{"name":"","type":"*","link":700,"label":"","widget":{"name":"value"}}],"outputs":[{"name":"INT","type":"INT","links":[715],"slot_index":0,"label":"INT"}],"properties":{"showOutputText":true,"horizontal":false}},{"id":282,"type":"Reroute","pos":[-2643.8503504017513,422.87360031792537],"size":[82,26],"flags":{},"order":36,"mode":0,"inputs":[{"name":"","type":"*","link":669,"label":""}],"outputs":[{"name":"IMAGE","type":"IMAGE","links":[513],"slot_index":0,"label":"IMAGE"}],"properties":{"showOutputText":true,"horizontal":false}},{"id":253,"type":"Reroute","pos":[-1360.2450526437965,-352.5929478820171],"size":[75,26],"flags":{},"order":68,"mode":0,"inputs":[{"name":"","type":"*","link":715,"label":"","widget":{"name":"value"}}],"outputs":[{"name":"INT","type":"INT","links":[702],"slot_index":0,"label":"INT"}],"properties":{"showOutputText":true,"horizontal":false}},{"id":301,"type":"Reroute","pos":[-2620.028350629956,277.8134030098019],"size":[82,26],"flags":{},"order":37,"mode":0,"inputs":[{"name":"","type":"*","link":740,"label":""}],"outputs":[{"name":"IMAGE","type":"IMAGE","links":[761],"slot_index":0,"label":"IMAGE"}],"properties":{"showOutputText":true,"horizontal":false}},{"id":366,"type":"Reroute","pos":[-1713.8597161919204,-315.247533543653],"size":[98.8,26],"flags":{},"order":33,"mode":0,"inputs":[{"name":"","type":"*","link":1259,"label":""}],"outputs":[{"name":"BOOLEAN","type":"BOOLEAN","links":[831],"slot_index":0,"label":"BOOLEAN"}],"properties":{"showOutputText":true,"horizontal":false}},{"id":379,"type":"Reroute","pos":[-2640.8503504017513,459.87360031792537],"size":[75,26],"flags":{},"order":69,"mode":0,"inputs":[{"name":"","type":"*","link":870,"label":""}],"outputs":[{"name":"","type":"IMAGE","links":[871],"slot_index":0,"label":""}],"properties":{"showOutputText":false,"horizontal":false}},{"id":365,"type":"Reroute","pos":[-2664.859716191923,-461.247533543653],"size":[75,26],"flags":{},"order":21,"mode":0,"inputs":[{"name":"","type":"*","link":1255,"label":""}],"outputs":[{"name":"","type":"IMAGE","links":[],"slot_index":0,"label":""}],"properties":{"showOutputText":false,"horizontal":false}},{"id":286,"type":"Reroute","pos":[-1704.8597161919204,-255.24753354365237],"size":[75,26],"flags":{},"order":52,"mode":0,"inputs":[{"name":"","type":"*","link":699,"label":"","widget":{"name":"value"}}],"outputs":[{"name":"INT","type":"INT","links":[714],"slot_index":0,"label":"INT"}],"properties":{"showOutputText":true,"horizontal":false}},{"id":304,"type":"Reroute","pos":[-2624.028350629956,314.8134030098019],"size":[82,26],"flags":{},"order":70,"mode":0,"inputs":[{"name":"","type":"*","link":872,"label":""}],"outputs":[{"name":"IMAGE","type":"IMAGE","links":[1025],"slot_index":0,"label":"IMAGE"}],"properties":{"showOutputText":true,"horizontal":false}},{"id":362,"type":"Reroute","pos":[-1698.8597161919204,-384.247533543653],"size":[75,26],"flags":{},"order":32,"mode":0,"inputs":[{"name":"","type":"*","link":1261,"label":"","widget":{"name":"value"}}],"outputs":[{"name":"INT","type":"INT","links":[830],"slot_index":0,"label":"INT"}],"properties":{"showOutputText":true,"horizontal":false}},{"id":370,"type":"Reroute","pos":[-1711.0122226198926,-482.79519486326376],"size":[75,26],"flags":{},"order":28,"mode":0,"inputs":[{"name":"","type":"*","link":1260,"label":""}],"outputs":[{"name":"","type":"IMAGE","links":[862],"slot_index":0,"label":""}],"properties":{"showOutputText":false,"horizontal":false}},{"id":322,"type":"Reroute","pos":[-2679.1343694791703,-350.2419661898464],"size":[75,26],"flags":{},"order":22,"mode":0,"inputs":[{"name":"","type":"*","link":1256,"label":""}],"outputs":[{"name":"","type":"IMAGE","links":[657,669,740,814],"slot_index":0,"label":""}],"properties":{"showOutputText":false,"horizontal":false}},{"id":228,"type":"ImageResize+","pos":[-2164.8503504017513,403.87360031792537],"size":{"0":315,"1":218},"flags":{"collapsed":true},"order":67,"mode":0,"inputs":[{"name":"image","type":"IMAGE","link":429,"label":"图像"},{"name":"width","type":"INT","link":517,"widget":{"name":"width"},"label":"宽度"},{"name":"height","type":"INT","link":518,"widget":{"name":"height"},"label":"高度"}],"outputs":[{"name":"IMAGE","type":"IMAGE","links":[430],"shape":3,"label":"图像","slot_index":0},{"name":"width","type":"INT","links":null,"shape":3,"label":"宽度"},{"name":"height","type":"INT","links":null,"shape":3,"label":"高度"}],"properties":{"Node name for S&R":"ImageResize+"},"widgets_values":[768,1024,"nearest",false,"always",0]},{"id":353,"type":"AnyLineArtPreprocessor_aux","pos":[-2452.305771982037,346.45423581060635],"size":{"0":315,"1":178},"flags":{"collapsed":true},"order":49,"mode":0,"inputs":[{"name":"image","type":"IMAGE","link":761,"label":"图像"}],"outputs":[{"name":"image","type":"IMAGE","links":[762],"shape":3,"label":"图像","slot_index":0}],"properties":{"Node name for S&R":"AnyLineArtPreprocessor_aux"},"widgets_values":["lineart_standard",768,0,1,36,1]},{"id":307,"type":"ImageResize+","pos":[-2099.7213176114915,342.87912016178194],"size":{"0":315,"1":218},"flags":{"collapsed":true},"order":66,"mode":0,"inputs":[{"name":"image","type":"IMAGE","link":762,"label":"图像"},{"name":"width","type":"INT","link":579,"widget":{"name":"width"},"label":"宽度"},{"name":"height","type":"INT","link":580,"widget":{"name":"height"},"label":"高度"}],"outputs":[{"name":"IMAGE","type":"IMAGE","links":[910],"shape":3,"label":"图像","slot_index":0},{"name":"width","type":"INT","links":null,"shape":3,"label":"宽度"},{"name":"height","type":"INT","links":null,"shape":3,"label":"高度"}],"properties":{"Node name for S&R":"ImageResize+"},"widgets_values":[768,1024,"nearest",false,"always",0]},{"id":303,"type":"Reroute","pos":[-2627.028350629956,396.81340300980145],"size":[75,26],"flags":{},"order":53,"mode":0,"inputs":[{"name":"","type":"*","link":696,"label":"","widget":{"name":"value"}}],"outputs":[{"name":"INT","type":"INT","links":[580],"slot_index":0,"label":"INT"}],"properties":{"showOutputText":true,"horizontal":false}},{"id":302,"type":"Reroute","pos":[-2632.365507676469,361.6088661482948],"size":[75,26],"flags":{},"order":50,"mode":0,"inputs":[{"name":"","type":"*","link":695,"label":"","widget":{"name":"value"}}],"outputs":[{"name":"INT","type":"INT","links":[579],"slot_index":0,"label":"INT"}],"properties":{"showOutputText":true,"horizontal":false}},{"id":201,"type":"Reroute","pos":[1904.119149355443,-292.6219931436179],"size":[75,26],"flags":{},"order":44,"mode":0,"inputs":[{"name":"","type":"*","link":830,"label":"","widget":{"name":"value"}}],"outputs":[{"name":"INT","type":"INT","links":[1265],"slot_index":0,"label":"INT"}],"properties":{"showOutputText":true,"horizontal":false}},{"id":321,"type":"Reroute","pos":[1893.0615467564162,-214.62701393542733],"size":[98.8,26],"flags":{},"order":45,"mode":0,"inputs":[{"name":"","type":"*","link":831,"label":""}],"outputs":[{"name":"BOOLEAN","type":"BOOLEAN","links":[],"slot_index":0,"label":"BOOLEAN"}],"properties":{"showOutputText":true,"horizontal":false}},{"id":555,"type":"String Literal","pos":[-2890,-1080],"size":{"0":400,"1":200},"flags":{},"order":0,"mode":0,"outputs":[{"name":"STRING","type":"STRING","links":[1326],"shape":3,"label":"STRING","slot_index":0}],"properties":{"Node name for S&R":"String Literal"},"widgets_values":["NSFW, worst quality, low quality, illustration, 3d, 2d, cartoon, painting, cartoons, sketch, open mouth, (long neck), (watermark)+, (text), extra fingers, inverted nipple, busty, large breasts, ugly, disgusting,embedding:negativeXL_D, "]},{"id":227,"type":"ImageResize+","pos":[-3260,130],"size":{"0":336.06451416015625,"1":199.49752807617188},"flags":{"collapsed":false},"order":56,"mode":0,"inputs":[{"name":"image","type":"IMAGE","link":1114,"label":"图像"},{"name":"width","type":"INT","link":868,"widget":{"name":"width"},"label":"宽度"},{"name":"height","type":"INT","link":869,"widget":{"name":"height"},"label":"高度"}],"outputs":[{"name":"IMAGE","type":"IMAGE","links":[870,872],"shape":3,"label":"图像","slot_index":0},{"name":"width","type":"INT","links":null,"shape":3,"label":"宽度"},{"name":"height","type":"INT","links":null,"shape":3,"label":"高度"}],"properties":{"Node name for S&R":"ImageResize+"},"widgets_values":[768,1024,"nearest",false,"always",0]},{"id":250,"type":"Reroute","pos":[-1390,-470],"size":[124,26],"flags":{},"order":10,"mode":0,"inputs":[{"name":"","type":"*","link":476,"slot_index":0,"label":""}],"outputs":[{"name":"LORA_STACK","type":"LORA_STACK","links":[1226],"slot_index":0,"label":"LORA_STACK"}],"properties":{"showOutputText":true,"horizontal":false}},{"id":252,"type":"Reroute","pos":[-1360,-410],"size":[75,26],"flags":{},"order":65,"mode":0,"inputs":[{"name":"","type":"*","link":714,"label":"","widget":{"name":"value"}}],"outputs":[{"name":"INT","type":"INT","links":[701],"slot_index":0,"label":"INT"}],"properties":{"showOutputText":true,"horizontal":false}},{"id":333,"type":"Get resolution [Crystools]","pos":[-2300,-320],"size":{"0":210,"1":100},"flags":{},"order":38,"mode":0,"inputs":[{"name":"image","type":"IMAGE","link":814,"label":"图像"}],"outputs":[{"name":"width","type":"INT","links":[695,697,699,868],"shape":3,"label":"宽度","slot_index":0},{"name":"height","type":"INT","links":[696,698,700,869],"shape":3,"label":"高度","slot_index":1}],"properties":{"Node name for S&R":"Get resolution [Crystools]"}},{"id":620,"type":"Reroute","pos":[-1710,-530],"size":[75,26],"flags":{},"order":29,"mode":0,"inputs":[{"name":"","type":"*","link":1455}],"outputs":[{"name":"","type":"IMAGE","links":[1456],"slot_index":0}],"properties":{"showOutputText":false,"horizontal":false}},{"id":623,"type":"ImageToMask","pos":[622.6877916709025,-313.8728744969164],"size":{"0":315,"1":58},"flags":{"collapsed":true},"order":61,"mode":0,"inputs":[{"name":"image","type":"IMAGE","link":1458,"label":"图像"}],"outputs":[{"name":"MASK","type":"MASK","links":[1461],"shape":3,"label":"遮罩","slot_index":0}],"properties":{"Node name for S&R":"ImageToMask"},"widgets_values":["red"]},{"id":621,"type":"Reroute","pos":[522.6877916709025,-343.8728744969164],"size":[75,26],"flags":{},"order":43,"mode":0,"inputs":[{"name":"","type":"*","link":1456}],"outputs":[{"name":"","type":"IMAGE","links":[1458],"slot_index":0}],"properties":{"showOutputText":false,"horizontal":false}},{"id":218,"type":"AIO_Preprocessor","pos":[-2484.8503504017513,473.87360031792537],"size":{"0":315,"1":82},"flags":{},"order":48,"mode":0,"inputs":[{"name":"image","type":"IMAGE","link":513,"label":"图像"}],"outputs":[{"name":"IMAGE","type":"IMAGE","links":[429,1503],"shape":3,"label":"图像","slot_index":0}],"properties":{"Node name for S&R":"AIO_Preprocessor"},"widgets_values":["DepthAnythingV2Preprocessor",768]},{"id":219,"type":"Reroute","pos":[-2652.1343694791703,-593.2419661898463],"size":[75,26],"flags":{},"order":13,"mode":0,"inputs":[{"name":"","type":"*","link":1504,"label":"","slot_index":0}],"outputs":[{"name":"","type":"IMAGE","links":[1251],"slot_index":0,"label":""}],"properties":{"showOutputText":false,"horizontal":false}},{"id":639,"type":"Load Image From Url","pos":[-3320,-270],"size":{"0":400,"1":200},"flags":{},"order":1,"mode":0,"outputs":[{"name":"IMAGE","type":"IMAGE","links":[],"shape":3,"label":"IMAGE","slot_index":0},{"name":"MASK","type":"MASK","links":null,"shape":3,"label":"MASK"}],"properties":{"Node name for S&R":"Load Image From Url"},"widgets_values":[""]},{"id":648,"type":"Reroute","pos":[940,-840],"size":[75,26],"flags":{},"order":98,"mode":0,"inputs":[{"name":"","type":"*","link":1510}],"outputs":[{"name":"","type":"IMAGE","links":[1511],"slot_index":0}],"properties":{"showOutputText":false,"horizontal":false}},{"id":274,"type":"Reroute","pos":[-1546.9608023174653,448.45423581060635],"size":[82,26],"flags":{},"order":78,"mode":0,"inputs":[{"name":"","type":"*","link":492,"label":""}],"outputs":[{"name":"IMAGE","type":"IMAGE","links":[505],"slot_index":0,"label":"IMAGE"}],"properties":{"showOutputText":true,"horizontal":false}},{"id":223,"type":"ImageCompositedMaskedWeight","pos":[-1960,470],"size":{"0":315,"1":78},"flags":{},"order":74,"mode":0,"inputs":[{"name":"source","type":"IMAGE","link":430,"label":"source"},{"name":"mask","type":"IMAGE","link":871,"label":"mask"}],"outputs":[{"name":"IMAGE","type":"IMAGE","links":[492,1520],"shape":3,"label":"IMAGE","slot_index":0}],"properties":{"Node name for S&R":"ImageCompositedMaskedWeight"},"widgets_values":[0.1]},{"id":660,"type":"Reroute","pos":[-1360,-270],"size":[75,26],"flags":{},"order":12,"mode":0,"inputs":[{"name":"","type":"*","link":1526}],"outputs":[{"name":"","type":"STRING","links":[],"slot_index":0}],"properties":{"showOutputText":false,"horizontal":false}},{"id":239,"type":"JoinStrings","pos":[-2290,-1110],"size":{"0":315,"1":106},"flags":{},"order":11,"mode":0,"inputs":[{"name":"string1","type":"STRING","link":444,"widget":{"name":"string1"},"label":"字符串1"},{"name":"string2","type":"STRING","link":990,"widget":{"name":"string2"},"label":"字符串2"}],"outputs":[{"name":"STRING","type":"STRING","links":[1006,1529],"shape":3,"label":"字符串","slot_index":0}],"properties":{"Node name for S&R":"JoinStrings"},"widgets_values":["","",","]},{"id":650,"type":"PreviewImage","pos":[2608.0416088995694,-1138.643898710255],"size":{"0":240,"1":380},"flags":{},"order":111,"mode":0,"inputs":[{"name":"images","type":"IMAGE","link":1514,"label":"图像"}],"properties":{"Node name for S&R":"PreviewImage"}},{"id":578,"type":"CheckpointLoaderSimple","pos":[502.68779167090247,-423.87287449691615],"size":{"0":315,"1":98},"flags":{"collapsed":true},"order":2,"mode":0,"outputs":[{"name":"MODEL","type":"MODEL","links":[1478],"shape":3,"label":"模型","slot_index":0},{"name":"CLIP","type":"CLIP","links":[1369,1370],"shape":3,"label":"CLIP","slot_index":1},{"name":"VAE","type":"VAE","links":[1473,1484],"shape":3,"label":"VAE","slot_index":2}],"properties":{"Node name for S&R":"CheckpointLoaderSimple"},"widgets_values":["sdxl/realvisxlV40_v40LightningBakedvae.safetensors"]},{"id":582,"type":"ControlNetLoader","pos":[562.6877916709024,-243.87287449691647],"size":{"0":315,"1":58},"flags":{},"order":3,"mode":0,"outputs":[{"name":"CONTROL_NET","type":"CONTROL_NET","links":[1371],"shape":3,"label":"ControlNet","slot_index":0}],"properties":{"Node name for S&R":"ControlNetLoader"},"widgets_values":["diffusers_xl_canny_full.safetensors"]},{"id":391,"type":"Display Any (rgthree)","pos":[-1942.134369479169,-343.2419661898464],"size":{"0":210,"1":76.00001525878906},"flags":{},"order":31,"mode":0,"inputs":[{"name":"source","type":"*","link":1258,"label":"输入","dir":3}],"properties":{"Node name for S&R":"Display Any (rgthree)"},"widgets_values":["12"]},{"id":251,"type":"Reroute","pos":[-1360,-230],"size":[75,26],"flags":{},"order":86,"mode":0,"inputs":[{"name":"","type":"*","link":479,"label":""}],"outputs":[{"name":"","type":"CONTROL_NET_STACK","links":[465],"label":""}],"properties":{"showOutputText":false,"horizontal":false}},{"id":254,"type":"Reroute","pos":[-1360,-330],"size":[90.4,26],"flags":{},"order":19,"mode":0,"inputs":[{"name":"","type":"*","link":535,"label":"","widget":{"name":"value"}}],"outputs":[{"name":"STRING","type":"STRING","links":[1528],"slot_index":0,"label":"STRING"}],"properties":{"showOutputText":true,"horizontal":false}},{"id":556,"type":"Reroute","pos":[-1894.8434322729322,-47.00864907663197],"size":[75,26],"flags":{},"order":9,"mode":0,"inputs":[{"name":"","type":"*","link":1326,"widget":{"name":"value"}}],"outputs":[{"name":"","type":"STRING","links":[1327,1378],"slot_index":0}],"properties":{"showOutputText":false,"horizontal":false}},{"id":584,"type":"Reroute","pos":[582.6877916709024,-43.87287449691646],"size":[90.4,26],"flags":{},"order":14,"mode":0,"inputs":[{"name":"","type":"*","link":1378,"widget":{"name":"value"}}],"outputs":[{"name":"STRING","type":"STRING","links":[1379],"slot_index":0}],"properties":{"showOutputText":true,"horizontal":false}},{"id":580,"type":"CLIPTextEncode","pos":[790,-390],"size":{"0":400,"1":200},"flags":{"collapsed":true},"order":18,"mode":0,"inputs":[{"name":"clip","type":"CLIP","link":1370,"label":"CLIP"},{"name":"text","type":"STRING","link":1379,"widget":{"name":"text"},"label":"文本"}],"outputs":[{"name":"CONDITIONING","type":"CONDITIONING","links":[1471],"shape":3,"label":"条件","slot_index":0}],"properties":{"Node name for S&R":"CLIPTextEncode"},"widgets_values":[""]},{"id":288,"type":"Reroute","pos":[-1810,-690],"size":[90.4,26],"flags":{},"order":15,"mode":0,"inputs":[{"name":"","type":"*","link":1006,"label":"","widget":{"name":"value"}}],"outputs":[{"name":"STRING","type":"STRING","links":[535,1537],"slot_index":0,"label":"STRING"}],"properties":{"showOutputText":true,"horizontal":false}},{"id":541,"type":"Reroute","pos":[530,-550],"size":[75,26],"flags":{},"order":20,"mode":0,"inputs":[{"name":"","type":"*","link":1537,"widget":{"name":"value"}}],"outputs":[{"name":"","type":"STRING","links":[1376],"slot_index":0}],"properties":{"showOutputText":false,"horizontal":false}},{"id":579,"type":"CLIPTextEncode","pos":[780,-480],"size":{"0":400,"1":200},"flags":{"collapsed":true},"order":34,"mode":0,"inputs":[{"name":"clip","type":"CLIP","link":1369,"label":"CLIP"},{"name":"text","type":"STRING","link":1376,"widget":{"name":"text"},"label":"文本"}],"outputs":[{"name":"CONDITIONING","type":"CONDITIONING","links":[1467],"shape":3,"label":"条件","slot_index":0}],"properties":{"Node name for S&R":"CLIPTextEncode"},"widgets_values":[""]},{"id":640,"type":"Save Image To OSS And Display","pos":[3250,-330],"size":{"0":315,"1":58},"flags":{},"order":109,"mode":0,"inputs":[{"name":"images","type":"IMAGE","link":1502,"label":"images"}],"properties":{"Node name for S&R":"Save Image To OSS And Display"},"widgets_values":["comfyui"]},{"id":649,"type":"Image Comparer (rgthree)","pos":{"0":1850,"1":-1140,"2":0,"3":0,"4":0,"5":0,"6":0,"7":0,"8":0,"9":0},"size":{"0":290,"1":380},"flags":{},"order":110,"mode":0,"inputs":[{"name":"image_a","type":"IMAGE","link":1512,"label":"图像_A","dir":3},{"name":"image_b","type":"IMAGE","link":1513,"label":"图像_B","dir":3}],"outputs":[],"properties":{"comparer_mode":"Slide"},"widgets_values":[["/view?filename=rgthree.compare._temp_hposq_00009_.png&type=temp&subfolder=&rand=0.39615718647498155","/view?filename=rgthree.compare._temp_hposq_00010_.png&type=temp&subfolder=&rand=0.9282423169950409"]]},{"id":661,"type":"Display Any (rgthree)","pos":[110,-970],"size":{"0":270,"1":250},"flags":{},"order":16,"mode":0,"inputs":[{"name":"source","type":"*","link":1529,"label":"输入","dir":3}],"properties":{"Node name for S&R":"Display Any (rgthree)"},"widgets_values":["\"(a female in blue suit),blue suit,snap_blue_suit_v5,blue suit\\\\((suit), casual suit,(long-sleeved suit),fitted suit,(obvious granular texture),lapel line shaping,(tie),material,natural,details,white Lapel shirt inside the blue suit\\\\),,inside the office,office\\\\(High-end office furnished with premium desks and chairs,laptop,business atmosphere,Reasonable perspective, spatial sense,lush green potted plant,Prosperity Tree,large floor-to-ceiling windows in the background,\\\\),and depth perception, depth of field, \""]},{"id":309,"type":"ImageCompositedMaskedWeight","pos":[-1960,320],"size":{"0":315,"1":78},"flags":{},"order":75,"mode":0,"inputs":[{"name":"source","type":"IMAGE","link":910,"label":"source"},{"name":"mask","type":"IMAGE","link":1025,"label":"mask"}],"outputs":[{"name":"IMAGE","type":"IMAGE","links":[659,1521],"shape":3,"label":"IMAGE","slot_index":0}],"properties":{"Node name for S&R":"ImageCompositedMaskedWeight"},"widgets_values":[0.1]},{"id":293,"type":"Reroute","pos":[-2641.228813488276,704.5896414919674],"size":[82,26],"flags":{},"order":35,"mode":0,"inputs":[{"name":"","type":"*","link":657,"label":""}],"outputs":[{"name":"IMAGE","type":"IMAGE","links":[1279,1525],"slot_index":0,"label":"IMAGE"}],"properties":{"showOutputText":true,"horizontal":false}},{"id":658,"type":"PreviewImage","pos":[-1340,680],"size":{"0":210,"1":250},"flags":{},"order":63,"mode":0,"inputs":[{"name":"images","type":"IMAGE","link":1522,"label":"图像"}],"properties":{"Node name for S&R":"PreviewImage"}},{"id":275,"type":"Reroute","pos":[-1830,710],"size":[82,26],"flags":{},"order":47,"mode":0,"inputs":[{"name":"","type":"*","link":1525,"label":""}],"outputs":[{"name":"IMAGE","type":"IMAGE","links":[1522],"slot_index":0,"label":"IMAGE"}],"properties":{"showOutputText":true,"horizontal":false}},{"id":264,"type":"CR Multi-ControlNet Stack","pos":[-1160,240],"size":{"0":418.1999816894531,"1":454},"flags":{},"order":84,"mode":0,"inputs":[{"name":"image_1","type":"IMAGE","link":504,"label":"图像1"},{"name":"image_2","type":"IMAGE","link":505,"label":"图像2"},{"name":"image_3","type":"IMAGE","link":1541,"label":"图像3"},{"name":"controlnet_stack","type":"CONTROL_NET_STACK","link":null,"label":"ControlNet堆"}],"outputs":[{"name":"CONTROLNET_STACK","type":"CONTROL_NET_STACK","links":[479],"shape":3,"label":"ControlNet堆","slot_index":0},{"name":"show_help","type":"STRING","links":null,"shape":3,"label":"show_help"}],"properties":{"Node name for S&R":"CR Multi-ControlNet Stack"},"widgets_values":["On","diffusers_xl_canny_small.safetensors",0.3,0,1,"On","diffusers_xl_depth_small.safetensors",0.3,0,1,"On","thibaud_xl_openpose_256lora.safetensors",0.3,0,1]},{"id":498,"type":"OpenposePreprocessor","pos":[-2030,710],"size":{"0":315,"1":150},"flags":{"collapsed":false},"order":46,"mode":0,"inputs":[{"name":"image","type":"IMAGE","link":1279,"label":"图像"}],"outputs":[{"name":"IMAGE","type":"IMAGE","links":[1540,1541],"shape":3,"label":"图像","slot_index":0},{"name":"POSE_KEYPOINT","type":"POSE_KEYPOINT","links":null,"shape":3,"label":"姿态关键点"}],"properties":{"Node name for S&R":"OpenposePreprocessor"},"widgets_values":["enable","enable","disable",768]},{"id":667,"type":"PreviewImage","pos":[-1570,650],"size":{"0":210,"1":250},"flags":{},"order":62,"mode":0,"inputs":[{"name":"images","type":"IMAGE","link":1540,"label":"图像"}],"properties":{"Node name for S&R":"PreviewImage"}},{"id":647,"type":"Image Comparer (rgthree)","pos":{"0":980,"1":-1160,"2":0,"3":0,"4":0,"5":0,"6":0,"7":0,"8":0,"9":0},"size":{"0":420,"1":450},"flags":{},"order":104,"mode":0,"inputs":[{"name":"image_a","type":"IMAGE","link":1511,"label":"图像_A","dir":3},{"name":"image_b","type":"IMAGE","link":1509,"label":"图像_B","dir":3}],"outputs":[],"properties":{"comparer_mode":"Slide"},"widgets_values":[["/view?filename=rgthree.compare._temp_moccb_00009_.png&type=temp&subfolder=&rand=0.34179059681550283","/view?filename=rgthree.compare._temp_moccb_00010_.png&type=temp&subfolder=&rand=0.3981191773995185"]]},{"id":651,"type":"PreviewImage","pos":[920,-90],"size":{"0":240,"1":350},"flags":{},"order":100,"mode":0,"inputs":[{"name":"images","type":"IMAGE","link":1515,"label":"图像"}],"properties":{"Node name for S&R":"PreviewImage"}},{"id":567,"type":"AIO_Preprocessor","pos":[570,-130],"size":{"0":315,"1":82},"flags":{"collapsed":false},"order":96,"mode":0,"inputs":[{"name":"image","type":"IMAGE","link":1398,"label":"图像"}],"outputs":[{"name":"IMAGE","type":"IMAGE","links":[1372,1515],"shape":3,"label":"图像","slot_index":0}],"properties":{"Node name for S&R":"AIO_Preprocessor"},"widgets_values":["CannyEdgePreprocessor",768]},{"id":644,"type":"MaskToImage","pos":[1010,-190],"size":{"0":210,"1":26},"flags":{},"order":77,"mode":0,"inputs":[{"name":"mask","type":"MASK","link":1506,"label":"遮罩"}],"outputs":[{"name":"IMAGE","type":"IMAGE","links":[1531],"shape":3,"label":"图像","slot_index":0}],"properties":{"Node name for S&R":"MaskToImage"}},{"id":663,"type":"PreviewImage","pos":[1240,-80],"size":{"0":290,"1":350},"flags":{},"order":83,"mode":0,"inputs":[{"name":"images","type":"IMAGE","link":1531,"label":"图像"}],"properties":{"Node name for S&R":"PreviewImage"}},{"id":583,"type":"ControlNetApply","pos":[1050,-490],"size":{"0":317.4000244140625,"1":98},"flags":{},"order":99,"mode":0,"inputs":[{"name":"conditioning","type":"CONDITIONING","link":1467,"label":"条件","slot_index":0},{"name":"control_net","type":"CONTROL_NET","link":1371,"label":"ControlNet"},{"name":"image","type":"IMAGE","link":1372,"label":"图像"}],"outputs":[{"name":"CONDITIONING","type":"CONDITIONING","links":[1472],"shape":3,"label":"条件","slot_index":0}],"properties":{"Node name for S&R":"ControlNetApply"},"widgets_values":[1]},{"id":629,"type":"INPAINT_VAEEncodeInpaintConditioning","pos":[1070,-360],"size":{"0":292.20001220703125,"1":106},"flags":{},"order":101,"mode":0,"inputs":[{"name":"positive","type":"CONDITIONING","link":1472,"label":"正面条件"},{"name":"negative","type":"CONDITIONING","link":1471,"label":"负面条件"},{"name":"vae","type":"VAE","link":1473,"label":"VAE"},{"name":"pixels","type":"IMAGE","link":1474,"label":"图像"},{"name":"mask","type":"MASK","link":1475,"label":"遮罩"}],"outputs":[{"name":"positive","type":"CONDITIONING","links":[1476],"shape":3,"label":"正面条件","slot_index":0},{"name":"negative","type":"CONDITIONING","links":[1477],"shape":3,"label":"负面条件","slot_index":1},{"name":"latent_inpaint","type":"LATENT","links":null,"shape":3,"label":"局部重绘Latent"},{"name":"latent_samples","type":"LATENT","links":[1479],"shape":3,"label":"采样Latent","slot_index":3}],"properties":{"Node name for S&R":"INPAINT_VAEEncodeInpaintConditioning"}},{"id":240,"type":"Eff. Loader SDXL","pos":[-1240,-460],"size":{"0":400,"1":410},"flags":{},"order":88,"mode":0,"inputs":[{"name":"lora_stack","type":"LORA_STACK","link":1226,"label":"LoRA堆","slot_index":0},{"name":"cnet_stack","type":"CONTROL_NET_STACK","link":465,"label":"ControlNet堆","slot_index":1},{"name":"empty_latent_width","type":"INT","link":701,"widget":{"name":"empty_latent_width"},"label":"宽度","slot_index":2},{"name":"empty_latent_height","type":"INT","link":702,"widget":{"name":"empty_latent_height"},"label":"高度","slot_index":3},{"name":"positive","type":"STRING","link":1528,"widget":{"name":"positive"},"label":"正面条件","slot_index":4},{"name":"negative","type":"STRING","link":1327,"widget":{"name":"negative"},"label":"负面条件","slot_index":5}],"outputs":[{"name":"SDXL_TUPLE","type":"SDXL_TUPLE","links":[1486],"shape":3,"label":"SDXL元组","slot_index":0},{"name":"LATENT","type":"LATENT","links":[],"shape":3,"label":"Latent","slot_index":1},{"name":"VAE","type":"VAE","links":[459,1269],"shape":3,"label":"VAE","slot_index":2},{"name":"DEPENDENCIES","type":"DEPENDENCIES","links":null,"shape":3,"label":"依赖"}],"properties":{"Node name for S&R":"Eff. Loader SDXL"},"widgets_values":["sdxl/realvisxlV40_v40Bakedvae.safetensors",-1,"None",-2,6,2,"Baked VAE","CLIP_POSITIVE","embedding:negativeXL_D.safetensors, NSFW, worst quality, low quality, illustration, 3d, 2d, cartoon, painting, cartoons, sketch, open mouth, long neck, watermark, text, extra fingers, inverted nipple, busty, large breasts, ugly, disgusting","none","compel",1024,1024,1],"color":"#332233","bgcolor":"#553355","shape":1},{"id":634,"type":"Unpack SDXL Tuple","pos":[-790,-430],"size":{"0":405.5999755859375,"1":166},"flags":{"collapsed":true},"order":90,"mode":0,"inputs":[{"name":"sdxl_tuple","type":"SDXL_TUPLE","link":1486,"label":"SDXL元组"}],"outputs":[{"name":"BASE_MODEL","type":"MODEL","links":[1487],"shape":3,"label":"模型","slot_index":0},{"name":"BASE_CLIP","type":"CLIP","links":[1490],"shape":3,"label":"CLIP","slot_index":1},{"name":"BASE_CONDITIONING+","type":"CONDITIONING","links":[1491],"shape":3,"label":"正面条件","slot_index":2},{"name":"BASE_CONDITIONING-","type":"CONDITIONING","links":[1492],"shape":3,"label":"负面条件","slot_index":3},{"name":"REFINER_MODEL","type":"MODEL","links":[1493],"shape":3,"label":"模型(Refiner)","slot_index":4},{"name":"REFINER_CLIP","type":"CLIP","links":[1494],"shape":3,"label":"CLIP(Refiner)","slot_index":5},{"name":"REFINER_CONDITIONING+","type":"CONDITIONING","links":[1495],"shape":3,"label":"正面条件(Refiner)","slot_index":6},{"name":"REFINER_CONDITIONING-","type":"CONDITIONING","links":[1496],"shape":3,"label":"负面条件(Refiner)","slot_index":7}],"properties":{"Node name for S&R":"Unpack SDXL Tuple"},"shape":1},{"id":633,"type":"PerturbedAttentionGuidance","pos":[-660,-300],"size":{"0":315,"1":58},"flags":{"collapsed":true},"order":92,"mode":0,"inputs":[{"name":"model","type":"MODEL","link":1487,"label":"模型"}],"outputs":[{"name":"MODEL","type":"MODEL","links":[1489],"shape":3,"label":"模型","slot_index":0}],"properties":{"Node name for S&R":"PerturbedAttentionGuidance"},"widgets_values":[3]},{"id":635,"type":"Pack SDXL Tuple","pos":[-550,-430],"size":{"0":342.5999755859375,"1":166},"flags":{"collapsed":true},"order":94,"mode":0,"inputs":[{"name":"base_model","type":"MODEL","link":1489,"label":"模型"},{"name":"base_clip","type":"CLIP","link":1490,"label":"CLIP"},{"name":"base_positive","type":"CONDITIONING","link":1491,"label":"正面条件"},{"name":"base_negative","type":"CONDITIONING","link":1492,"label":"负面条件"},{"name":"refiner_model","type":"MODEL","link":1493,"label":"模型(Refiner)"},{"name":"refiner_clip","type":"CLIP","link":1494,"label":"CLIP(Refiner)"},{"name":"refiner_positive","type":"CONDITIONING","link":1495,"label":"正面条件(Refiner)"},{"name":"refiner_negative","type":"CONDITIONING","link":1496,"label":"负面条件(Refiner)"}],"outputs":[{"name":"SDXL_TUPLE","type":"SDXL_TUPLE","links":[1488],"shape":3,"label":"SDXL元组"}],"properties":{"Node name for S&R":"Pack SDXL Tuple"},"shape":1},{"id":524,"type":"SetLatentNoiseMask","pos":[-100,-640],"size":{"0":210,"1":46},"flags":{},"order":93,"mode":0,"inputs":[{"name":"samples","type":"LATENT","link":1271,"label":"Latent"},{"name":"mask","type":"MASK","link":1270,"label":"遮罩"}],"outputs":[{"name":"LATENT","type":"LATENT","links":[1368],"shape":3,"label":"Latent","slot_index":0}],"properties":{"Node name for S&R":"SetLatentNoiseMask"}},{"id":139,"type":"ImageToMask","pos":[-2505.1722972630937,27.89240441949461],"size":{"0":315,"1":58},"flags":{},"order":59,"mode":0,"inputs":[{"name":"image","type":"IMAGE","link":1125,"label":"图像"}],"outputs":[{"name":"MASK","type":"MASK","links":[1546],"shape":3,"label":"遮罩","slot_index":0}],"properties":{"Node name for S&R":"ImageToMask"},"widgets_values":["red"]},{"id":671,"type":"InvertMask","pos":[-2150,30],"size":{"0":210,"1":26},"flags":{},"order":72,"mode":0,"inputs":[{"name":"mask","type":"MASK","link":1546,"label":"遮罩"}],"outputs":[{"name":"MASK","type":"MASK","links":[1547],"shape":3,"label":"遮罩","slot_index":0}],"properties":{"Node name for S&R":"InvertMask"}},{"id":657,"type":"PreviewImage","pos":[-1460,370],"size":{"0":210,"1":250},"flags":{},"order":81,"mode":0,"inputs":[{"name":"images","type":"IMAGE","link":1521,"label":"图像"}],"properties":{"Node name for S&R":"PreviewImage"}},{"id":625,"type":"GrowMaskWithBlur","pos":[630,-300],"size":{"0":315,"1":246},"flags":{"collapsed":false},"order":73,"mode":0,"inputs":[{"name":"mask","type":"MASK","link":1461,"label":"遮罩"}],"outputs":[{"name":"mask","type":"MASK","links":[1475,1506],"shape":3,"label":"遮罩","slot_index":0},{"name":"mask_inverted","type":"MASK","links":[],"shape":3,"label":"反转遮罩","slot_index":1}],"properties":{"Node name for S&R":"GrowMaskWithBlur"},"widgets_values":[20,3,true,true,5,0.6,0.6,false]},{"id":382,"type":"Snapme ImgProcess Step3","pos":[2120,-460],"size":{"0":315,"1":166},"flags":{},"order":105,"mode":0,"inputs":[{"name":"image_res_1","type":"IMAGE","link":1412,"label":"image_res_1"},{"name":"face_mask","type":"IMAGE","link":879,"label":"face_mask"},{"name":"control_mask_face","type":"IMAGE","link":1413,"label":"control_mask_face"},{"name":"face_image_pad","type":"IMAGE","link":881,"label":"face_image_pad"},{"name":"dilate_iter","type":"INT","link":1265,"widget":{"name":"dilate_iter"},"label":"dilate_iter"}],"outputs":[{"name":"脸部回帖图","type":"IMAGE","links":[1465,1505],"shape":3,"label":"脸部回帖图","slot_index":0}],"properties":{"Node name for S&R":"Snapme ImgProcess Step3"},"widgets_values":[0,false,false]},{"id":630,"type":"KSampler (Efficient)","pos":[1410,-460],"size":{"0":330,"1":560},"flags":{"collapsed":false},"order":102,"mode":0,"inputs":[{"name":"model","type":"MODEL","link":1478,"label":"模型"},{"name":"positive","type":"CONDITIONING","link":1476,"label":"正面条件"},{"name":"negative","type":"CONDITIONING","link":1477,"label":"负面条件"},{"name":"latent_image","type":"LATENT","link":1479,"label":"Latent"},{"name":"optional_vae","type":"VAE","link":1484,"label":"VAE(可选)"},{"name":"script","type":"SCRIPT","link":null,"label":"脚本"}],"outputs":[{"name":"MODEL","type":"MODEL","links":null,"shape":3,"label":"模型"},{"name":"CONDITIONING+","type":"CONDITIONING","links":null,"shape":3,"label":"正面条件"},{"name":"CONDITIONING-","type":"CONDITIONING","links":null,"shape":3,"label":"负面条件"},{"name":"LATENT","type":"LATENT","links":null,"shape":3,"label":"Latent"},{"name":"VAE","type":"VAE","links":null,"shape":3,"label":"VAE"},{"name":"IMAGE","type":"IMAGE","links":[1485,1509,1513],"shape":3,"label":"图像","slot_index":5}],"properties":{"Node name for S&R":"KSampler (Efficient)"},"widgets_values":[-1,null,6,2,"dpmpp_2m","karras",0.9,"none","true (tiled)"],"color":"#223322","bgcolor":"#335533","shape":1},{"id":368,"type":"Reroute","pos":[-1690,-570],"size":[75,26],"flags":{},"order":26,"mode":0,"inputs":[{"name":"","type":"*","link":1254,"label":""}],"outputs":[{"name":"","type":"IMAGE","links":[1497],"slot_index":0,"label":""}],"properties":{"showOutputText":false,"horizontal":false}},{"id":367,"type":"Reroute","pos":[-1680,-600],"size":[75,26],"flags":{},"order":24,"mode":0,"inputs":[{"name":"","type":"*","link":1266,"label":""}],"outputs":[{"name":"","type":"IMAGE","links":[1247],"slot_index":0,"label":""}],"properties":{"showOutputText":false,"horizontal":false}},{"id":197,"type":"Reroute","pos":[1905.20321136643,-487.8769977208054],"size":[82,26],"flags":{},"order":103,"mode":0,"inputs":[{"name":"","type":"*","link":1485,"label":""}],"outputs":[{"name":"IMAGE","type":"IMAGE","links":[1412,1548],"slot_index":0,"label":"IMAGE"}],"properties":{"showOutputText":true,"horizontal":false}},{"id":198,"type":"Reroute","pos":[1900,-440],"size":[82,26],"flags":{},"order":42,"mode":0,"inputs":[{"name":"","type":"*","link":862,"label":""}],"outputs":[{"name":"IMAGE","type":"IMAGE","links":[879,1549],"slot_index":0,"label":"IMAGE"}],"properties":{"showOutputText":true,"horizontal":false}},{"id":199,"type":"Reroute","pos":[1900,-400],"size":[82,26],"flags":{},"order":40,"mode":0,"inputs":[{"name":"","type":"*","link":1497,"label":""}],"outputs":[{"name":"IMAGE","type":"IMAGE","links":[1413,1550],"slot_index":0,"label":"IMAGE"}],"properties":{"showOutputText":true,"horizontal":false}},{"id":200,"type":"Reroute","pos":[1897.017132402591,-339.2151409744422],"size":[82,26],"flags":{},"order":57,"mode":0,"inputs":[{"name":"","type":"*","link":864,"label":""}],"outputs":[{"name":"IMAGE","type":"IMAGE","links":[881,1551],"slot_index":0,"label":"IMAGE"}],"properties":{"showOutputText":true,"horizontal":false}},{"id":626,"type":"Film Grain","pos":[2700,-530],"size":{"0":315,"1":178},"flags":{"collapsed":false},"order":107,"mode":0,"inputs":[{"name":"image","type":"IMAGE","link":1465,"label":"image"}],"outputs":[{"name":"IMAGE","type":"IMAGE","links":[1502,1512,1514],"shape":3,"label":"IMAGE","slot_index":0}],"properties":{"Node name for S&R":"Film Grain"},"widgets_values":[0.5,0.3,0.5,0,544465973135853,"randomize"]},{"id":643,"type":"PreviewImage","pos":[3080,-1090],"size":{"0":250,"1":360},"flags":{},"order":108,"mode":0,"inputs":[{"name":"images","type":"IMAGE","link":1505,"label":"图像"}],"properties":{"Node name for S&R":"PreviewImage"}},{"id":277,"type":"Reroute","pos":[-1490,40],"size":[75,26],"flags":{},"order":82,"mode":0,"inputs":[{"name":"","type":"*","link":1189,"label":""}],"outputs":[{"name":"MASK","type":"MASK","links":[717],"slot_index":0,"label":"MASK"}],"properties":{"showOutputText":true,"horizontal":false}},{"id":249,"type":"Reroute","pos":[-960,20],"size":[75,26],"flags":{},"order":85,"mode":0,"inputs":[{"name":"","type":"*","link":717,"label":""}],"outputs":[{"name":"MASK","type":"MASK","links":[1270,1552],"slot_index":0,"label":"MASK"}],"properties":{"showOutputText":true,"horizontal":false}},{"id":676,"type":"MaskToImage","pos":[-713.9944610436803,131.0683257922321],"size":{"0":210,"1":26},"flags":{},"order":87,"mode":0,"inputs":[{"name":"mask","type":"MASK","link":1552,"label":"遮罩"}],"outputs":[{"name":"IMAGE","type":"IMAGE","links":[1553],"shape":3,"label":"图像","slot_index":0}],"properties":{"Node name for S&R":"MaskToImage"}},{"id":677,"type":"PreviewImage","pos":[-340,-930],"size":{"0":210,"1":250},"flags":{},"order":89,"mode":0,"inputs":[{"name":"images","type":"IMAGE","link":1553,"label":"图像"}],"properties":{"Node name for S&R":"PreviewImage"}},{"id":607,"type":"Note","pos":[-950,-750],"size":{"0":210,"1":58},"flags":{},"order":4,"mode":0,"properties":{"text":""},"widgets_values":["头部灰度填充图"],"color":"#432","bgcolor":"#653"},{"id":656,"type":"PreviewImage","pos":[-1140,350],"size":{"0":210,"1":250},"flags":{},"order":79,"mode":0,"inputs":[{"name":"images","type":"IMAGE","link":1520,"label":"图像"}],"properties":{"Node name for S&R":"PreviewImage"}},{"id":652,"type":"PreviewImage","pos":[-1300,-960],"size":{"0":210,"1":250},"flags":{},"order":23,"mode":0,"inputs":[{"name":"images","type":"IMAGE","link":1516,"label":"图像"}],"properties":{"Node name for S&R":"PreviewImage"}},{"id":238,"type":"String Literal","pos":[-2890,-1320],"size":{"0":400,"1":200},"flags":{},"order":5,"mode":0,"outputs":[{"name":"STRING","type":"STRING","links":[990,1253],"shape":3,"label":"STRING","slot_index":0}],"properties":{"Node name for S&R":"String Literal"},"widgets_values":["inside the office,office\\(High-end office furnished with premium desks and chairs,laptop,business atmosphere,Reasonable perspective, spatial sense,lush green potted plant,Prosperity Tree,large floor-to-ceiling windows in the background,\\),and depth perception, depth of field, "]},{"id":655,"type":"PreviewImage","pos":[-1600,-270],"size":{"0":210,"1":250},"flags":{},"order":30,"mode":0,"inputs":[{"name":"images","type":"IMAGE","link":1519,"label":"图像"}],"properties":{"Node name for S&R":"PreviewImage"}},{"id":278,"type":"Reroute","pos":[-1611.0283506299597,250.81340300980176],"size":[82,26],"flags":{},"order":80,"mode":0,"inputs":[{"name":"","type":"*","link":659,"label":""}],"outputs":[{"name":"IMAGE","type":"IMAGE","links":[504],"slot_index":0,"label":"IMAGE"}],"properties":{"showOutputText":true,"horizontal":false}},{"id":641,"type":"PreviewImage","pos":[-1730,550],"size":{"0":210,"1":250},"flags":{},"order":64,"mode":0,"inputs":[{"name":"images","type":"IMAGE","link":1503,"label":"图像"}],"properties":{"Node name for S&R":"PreviewImage"}},{"id":241,"type":"KSampler SDXL (Eff.)","pos":[-350,-510],"size":{"0":330,"1":540},"flags":{"collapsed":false},"order":95,"mode":0,"inputs":[{"name":"sdxl_tuple","type":"SDXL_TUPLE","link":1488,"label":"SDXL元组","slot_index":0},{"name":"latent_image","type":"LATENT","link":1368,"label":"Latent","slot_index":1},{"name":"optional_vae","type":"VAE","link":459,"label":"VAE(可选)"},{"name":"script","type":"SCRIPT","link":null,"label":"脚本"}],"outputs":[{"name":"SDXL_TUPLE","type":"SDXL_TUPLE","links":[],"shape":3,"label":"SDXL元组","slot_index":0},{"name":"LATENT","type":"LATENT","links":[],"shape":3,"label":"Latent","slot_index":1},{"name":"VAE","type":"VAE","links":[],"shape":3,"label":"VAE","slot_index":2},{"name":"IMAGE","type":"IMAGE","links":[1398,1474,1508,1510],"shape":3,"label":"图像","slot_index":3}],"properties":{"Node name for S&R":"KSampler SDXL (Eff.)"},"widgets_values":[-1,null,30,7,"dpmpp_2m","karras",1,-1,"none","true (tiled)"],"color":"#2a363b","bgcolor":"#3f5159","shape":1},{"id":672,"type":"PreviewImage","pos":[2200,-810],"size":{"0":210,"1":250},"flags":{},"order":106,"mode":0,"inputs":[{"name":"images","type":"IMAGE","link":1548,"label":"图像"}],"properties":{"Node name for S&R":"PreviewImage"}},{"id":673,"type":"PreviewImage","pos":[2240,-440],"size":{"0":210,"1":250},"flags":{},"order":60,"mode":0,"inputs":[{"name":"images","type":"IMAGE","link":1549,"label":"图像"}],"properties":{"Node name for S&R":"PreviewImage"}},{"id":675,"type":"PreviewImage","pos":[2500,-420],"size":{"0":210,"1":250},"flags":{},"order":71,"mode":0,"inputs":[{"name":"images","type":"IMAGE","link":1551,"label":"图像"}],"properties":{"Node name for S&R":"PreviewImage"}},{"id":480,"type":"GrowMaskWithBlur","pos":[-1850,50],"size":{"0":315,"1":246},"flags":{"collapsed":true},"order":76,"mode":0,"inputs":[{"name":"mask","type":"MASK","link":1547,"label":"遮罩"}],"outputs":[{"name":"mask","type":"MASK","links":[1189],"shape":3,"label":"遮罩","slot_index":0},{"name":"mask_inverted","type":"MASK","links":[],"shape":3,"label":"反转遮罩","slot_index":1}],"properties":{"Node name for S&R":"GrowMaskWithBlur"},"widgets_values":[20,3,true,false,3,0.6,0.6,false]},{"id":523,"type":"VAEEncode","pos":[-960,-640],"size":{"0":210,"1":46},"flags":{},"order":91,"mode":0,"inputs":[{"name":"pixels","type":"IMAGE","link":1554,"label":"图像"},{"name":"vae","type":"VAE","link":1269,"label":"VAE"}],"outputs":[{"name":"LATENT","type":"LATENT","links":[1271],"shape":3,"label":"Latent","slot_index":0}],"properties":{"Node name for S&R":"VAEEncode"}},{"id":248,"type":"Reroute","pos":[-1320,-610],"size":[82,26],"flags":{},"order":39,"mode":0,"inputs":[{"name":"","type":"*","link":1247,"label":""}],"outputs":[{"name":"IMAGE","type":"IMAGE","links":[864,1554],"slot_index":0,"label":"IMAGE"}],"properties":{"showOutputText":true,"horizontal":false}},{"id":518,"type":"AliSegBodyHead","pos":[-2260,-590],"size":{"0":315,"1":206},"flags":{},"order":17,"mode":0,"inputs":[{"name":"images","type":"IMAGE","link":1251,"label":"images"},{"name":"prompt_cloth","type":"STRING","link":1252,"widget":{"name":"prompt_cloth"},"label":"prompt_cloth"},{"name":"prompt_background","type":"STRING","link":1253,"widget":{"name":"prompt_background"},"label":"prompt_background"}],"outputs":[{"name":"原图","type":"IMAGE","links":[1255,1256,1516],"shape":3,"label":"原图","slot_index":0},{"name":"head_gray","type":"IMAGE","links":[1266,1517],"shape":3,"label":"head_gray","slot_index":1},{"name":"head_mask","type":"IMAGE","links":[1254,1257,1260],"shape":3,"label":"head_mask","slot_index":2},{"name":"人体mask","type":"IMAGE","links":[1455,1519],"shape":3,"label":"人体mask","slot_index":3},{"name":"动态膨胀系数","type":"INT","links":[1258,1261],"shape":3,"label":"动态膨胀系数","slot_index":4},{"name":"不保留头发","type":"BOOLEAN","links":[1259],"shape":3,"label":"不保留头发","slot_index":5}],"properties":{"Node name for S&R":"AliSegBodyHead"},"widgets_values":["","",false]},{"id":342,"type":"Reroute","pos":[-2700,-270],"size":[75,26],"flags":{},"order":27,"mode":0,"inputs":[{"name":"","type":"*","link":1257,"label":""}],"outputs":[{"name":"","type":"IMAGE","links":[855,1114],"slot_index":0,"label":""}],"properties":{"showOutputText":false,"horizontal":false}},{"id":280,"type":"Reroute","pos":[-2658.172297263092,-26.107595580505485],"size":[75,26],"flags":{},"order":41,"mode":0,"inputs":[{"name":"","type":"*","link":855,"label":""}],"outputs":[{"name":"","type":"IMAGE","links":[1125],"slot_index":0,"label":""}],"properties":{"showOutputText":false,"horizontal":false}},{"id":674,"type":"PreviewImage","pos":[2550,-840],"size":{"0":210,"1":250},"flags":{},"order":58,"mode":0,"inputs":[{"name":"images","type":"IMAGE","link":1550,"label":"图像"}],"properties":{"Node name for S&R":"PreviewImage"}},{"id":653,"type":"PreviewImage","pos":[80,-1200],"size":{"0":210,"1":250},"flags":{},"order":25,"mode":0,"inputs":[{"name":"images","type":"IMAGE","link":1517,"label":"图像"}],"properties":{"Node name for S&R":"PreviewImage"}},{"id":646,"type":"PreviewImage","pos":[500,-1200],"size":{"0":400,"1":450},"flags":{},"order":97,"mode":0,"inputs":[{"name":"images","type":"IMAGE","link":1508,"label":"图像"}],"properties":{"Node name for S&R":"PreviewImage"}},{"id":263,"type":"CR LoRA Stack","pos":[-2350,-1530],"size":{"0":394.4184265136719,"1":342},"flags":{},"order":6,"mode":0,"inputs":[{"name":"lora_stack","type":"LORA_STACK","link":null,"label":"LoRA堆"}],"outputs":[{"name":"LORA_STACK","type":"LORA_STACK","links":[476],"shape":3,"slot_index":0,"label":"LORA_STACK"},{"name":"show_help","type":"STRING","links":null,"shape":3,"label":"show_help"}],"properties":{"Node name for S&R":"CR LoRA Stack"},"widgets_values":["On","train_lora/Leisure Suit/snap_blue_suit_v5.safetensors",1,1,"Off","add-detail-xl.safetensors",1,1,"Off","None",1,1]},{"id":37,"type":"String Literal","pos":[-2890,-1550],"size":{"0":391.5850524902344,"1":152.6741180419922},"flags":{},"order":7,"mode":0,"outputs":[{"name":"STRING","type":"STRING","links":[444,1252,1526],"shape":3,"label":"STRING","slot_index":0}],"properties":{"Node name for S&R":"String Literal"},"widgets_values":["(a female in blue suit),blue suit,snap_blue_suit_v5,blue suit\\((suit), casual suit,(long-sleeved suit),fitted suit,(obvious granular texture),lapel line shaping,(tie),material,natural,details,white Lapel shirt inside the blue suit\\),"]},{"id":642,"type":"LoadImage","pos":[-410,-1250],"size":[320,310],"flags":{},"order":8,"mode":0,"outputs":[{"name":"IMAGE","type":"IMAGE","links":[1504],"shape":3,"label":"图像"},{"name":"MASK","type":"MASK","links":null,"shape":3,"label":"遮罩"}],"properties":{"Node name for S&R":"LoadImage"},"widgets_values":["76c5604d-bc8c-4435-bf63-15b19c7fb747.png","image"]}],"links":[[429,218,0,228,0,"IMAGE"],[430,228,0,223,0,"IMAGE"],[444,37,0,239,0,"STRING"],[459,240,2,241,2,"VAE"],[465,251,0,240,1,"CONTROL_NET_STACK"],[476,263,0,250,0,"*"],[479,264,0,251,0,"*"],[492,223,0,274,0,"*"],[504,278,0,264,0,"IMAGE"],[505,274,0,264,1,"IMAGE"],[513,282,0,218,0,"IMAGE"],[517,283,0,228,1,"INT"],[518,284,0,228,2,"INT"],[535,288,0,254,0,"*"],[579,302,0,307,1,"INT"],[580,303,0,307,2,"INT"],[657,322,0,293,0,"*"],[659,309,0,278,0,"*"],[669,322,0,282,0,"*"],[695,333,0,302,0,"*"],[696,333,1,303,0,"*"],[697,333,0,283,0,"*"],[698,333,1,284,0,"*"],[699,333,0,286,0,"*"],[700,333,1,287,0,"*"],[701,252,0,240,2,"INT"],[702,253,0,240,3,"INT"],[714,286,0,252,0,"*"],[715,287,0,253,0,"*"],[717,277,0,249,0,"*"],[740,322,0,301,0,"*"],[761,301,0,353,0,"IMAGE"],[762,353,0,307,0,"IMAGE"],[814,322,0,333,0,"IMAGE"],[830,362,0,201,0,"*"],[831,366,0,321,0,"*"],[855,342,0,280,0,"*"],[862,370,0,198,0,"*"],[864,248,0,200,0,"*"],[868,333,0,227,1,"INT"],[869,333,1,227,2,"INT"],[870,227,0,379,0,"*"],[871,379,0,223,1,"IMAGE"],[872,227,0,304,0,"*"],[879,198,0,382,1,"IMAGE"],[881,200,0,382,3,"IMAGE"],[910,307,0,309,0,"IMAGE"],[990,238,0,239,1,"STRING"],[1006,239,0,288,0,"*"],[1025,304,0,309,1,"IMAGE"],[1114,342,0,227,0,"IMAGE"],[1125,280,0,139,0,"IMAGE"],[1189,480,0,277,0,"*"],[1226,250,0,240,0,"LORA_STACK"],[1247,367,0,248,0,"*"],[1251,219,0,518,0,"IMAGE"],[1252,37,0,518,1,"STRING"],[1253,238,0,518,2,"STRING"],[1254,518,2,368,0,"*"],[1255,518,0,365,0,"*"],[1256,518,0,322,0,"*"],[1257,518,2,342,0,"*"],[1258,518,4,391,0,"*"],[1259,518,5,366,0,"*"],[1260,518,2,370,0,"*"],[1261,518,4,362,0,"*"],[1265,201,0,382,4,"INT"],[1266,518,1,367,0,"*"],[1269,240,2,523,1,"VAE"],[1270,249,0,524,1,"MASK"],[1271,523,0,524,0,"LATENT"],[1279,293,0,498,0,"IMAGE"],[1326,555,0,556,0,"*"],[1327,556,0,240,5,"STRING"],[1368,524,0,241,1,"LATENT"],[1369,578,1,579,0,"CLIP"],[1370,578,1,580,0,"CLIP"],[1371,582,0,583,1,"CONTROL_NET"],[1372,567,0,583,2,"IMAGE"],[1376,541,0,579,1,"STRING"],[1378,556,0,584,0,"*"],[1379,584,0,580,1,"STRING"],[1398,241,3,567,0,"IMAGE"],[1412,197,0,382,0,"IMAGE"],[1413,199,0,382,2,"IMAGE"],[1455,518,3,620,0,"*"],[1456,620,0,621,0,"*"],[1458,621,0,623,0,"IMAGE"],[1461,623,0,625,0,"MASK"],[1465,382,0,626,0,"IMAGE"],[1467,579,0,583,0,"CONDITIONING"],[1471,580,0,629,1,"CONDITIONING"],[1472,583,0,629,0,"CONDITIONING"],[1473,578,2,629,2,"VAE"],[1474,241,3,629,3,"IMAGE"],[1475,625,0,629,4,"MASK"],[1476,629,0,630,1,"CONDITIONING"],[1477,629,1,630,2,"CONDITIONING"],[1478,578,0,630,0,"MODEL"],[1479,629,3,630,3,"LATENT"],[1484,578,2,630,4,"VAE"],[1485,630,5,197,0,"*"],[1486,240,0,634,0,"SDXL_TUPLE"],[1487,634,0,633,0,"MODEL"],[1488,635,0,241,0,"SDXL_TUPLE"],[1489,633,0,635,0,"MODEL"],[1490,634,1,635,1,"CLIP"],[1491,634,2,635,2,"CONDITIONING"],[1492,634,3,635,3,"CONDITIONING"],[1493,634,4,635,4,"MODEL"],[1494,634,5,635,5,"CLIP"],[1495,634,6,635,6,"CONDITIONING"],[1496,634,7,635,7,"CONDITIONING"],[1497,368,0,199,0,"*"],[1502,626,0,640,0,"IMAGE"],[1503,218,0,641,0,"IMAGE"],[1504,642,0,219,0,"*"],[1505,382,0,643,0,"IMAGE"],[1506,625,0,644,0,"MASK"],[1508,241,3,646,0,"IMAGE"],[1509,630,5,647,1,"IMAGE"],[1510,241,3,648,0,"*"],[1511,648,0,647,0,"IMAGE"],[1512,626,0,649,0,"IMAGE"],[1513,630,5,649,1,"IMAGE"],[1514,626,0,650,0,"IMAGE"],[1515,567,0,651,0,"IMAGE"],[1516,518,0,652,0,"IMAGE"],[1517,518,1,653,0,"IMAGE"],[1519,518,3,655,0,"IMAGE"],[1520,223,0,656,0,"IMAGE"],[1521,309,0,657,0,"IMAGE"],[1522,275,0,658,0,"IMAGE"],[1525,293,0,275,0,"*"],[1526,37,0,660,0,"*"],[1528,254,0,240,4,"STRING"],[1529,239,0,661,0,"*"],[1531,644,0,663,0,"IMAGE"],[1537,288,0,541,0,"*"],[1540,498,0,667,0,"IMAGE"],[1541,498,0,264,2,"IMAGE"],[1546,139,0,671,0,"MASK"],[1547,671,0,480,0,"MASK"],[1548,197,0,672,0,"IMAGE"],[1549,198,0,673,0,"IMAGE"],[1550,199,0,674,0,"IMAGE"],[1551,200,0,675,0,"IMAGE"],[1552,249,0,676,0,"MASK"],[1553,676,0,677,0,"IMAGE"],[1554,248,0,523,0,"IMAGE"]],"groups":[{"title":"头部回帖","bounding":[1836,-589,666,431],"color":"#3f789e","font_size":24,"locked":false},{"title":"服装+背景一次生成","bounding":[-1412,-665,1515,819],"color":"#3f789e","font_size":24,"locked":false},{"title":"重回区域遮罩","bounding":[-2685,-66,1123,210],"color":"#3f789e","font_size":24,"locked":false},{"title":"ControlNet-pose","bounding":[-2660,642,1107,206],"color":"#3f789e","font_size":24,"locked":false},{"title":"ControlNet-Depth","bounding":[-2665,383,1109,203],"color":"#3f789e","font_size":24,"locked":false},{"title":"ControlNet-Canny","bounding":[-2648,228,1119,204],"color":"#3f789e","font_size":24,"locked":false},{"title":"图像预处理","bounding":[-2711,-687,1112,548],"color":"#3f789e","font_size":24,"locked":false},{"title":"用户输入","bounding":[-2930,-1675,1015,882],"color":"#3f789e","font_size":24,"locked":false},{"title":"ControlNet","bounding":[-1359,193,643,628],"color":"#3f789e","font_size":24,"locked":false},{"title":"Group","bounding":[512,-558,1227,824],"color":"#3f789e","font_size":24,"locked":false}],"config":{},"extra":{"ds":{"scale":0.2309211532038239,"offset":{"0":4752.737173313112,"1":1720.6219199269924}},"workspace_info":{"id":"AgTcTgL_Ca54_XTvri5Lo","saveLock":false,"cloudID":null,"coverMediaPath":null}},"version":0.4}