{"last_node_id":1054,"last_link_id":2666,"nodes":[{"id":250,"type":"Reroute","pos":[-1334.7567603954292,-549.5843387281747],"size":[75,26],"flags":{},"order":10,"mode":0,"inputs":[{"name":"","type":"*","link":1617,"slot_index":0,"label":""}],"outputs":[{"name":"","type":"LORA_STACK","links":[1585],"slot_index":0,"label":""}],"properties":{"showOutputText":false,"horizontal":false}},{"id":778,"type":"Reroute","pos":[-1337.4747667376898,-74.95752677724329],"size":[75,26],"flags":{},"order":87,"mode":0,"inputs":[{"name":"","type":"*","link":1799,"label":""}],"outputs":[{"name":"","type":"CONTROL_NET_STACK","links":[1800],"slot_index":0,"label":""}],"properties":{"showOutputText":false,"horizontal":false}},{"id":690,"type":"Reroute","pos":[-3367.4332513524478,-1631.3762887421276],"size":[124,26],"flags":{},"order":7,"mode":0,"inputs":[{"name":"","type":"*","link":1581,"label":""}],"outputs":[{"name":"LORA_STACK","type":"LORA_STACK","links":[1617],"slot_index":0,"label":"LORA_STACK"}],"properties":{"showOutputText":true,"horizontal":false}},{"id":303,"type":"Reroute","pos":[-2970,680],"size":[75,26],"flags":{},"order":34,"mode":0,"inputs":[{"name":"","type":"*","link":1666,"label":"","widget":{"name":"value"}}],"outputs":[{"name":"INT","type":"INT","links":[580,1658],"slot_index":0,"label":"INT"}],"properties":{"showOutputText":true,"horizontal":false}},{"id":288,"type":"Reroute","pos":[-3357.4332513524478,-1561.3762887421276],"size":[90.4,26],"flags":{},"order":11,"mode":0,"inputs":[{"name":"","type":"*","link":1006,"label":"","widget":{"name":"value"}}],"outputs":[{"name":"STRING","type":"STRING","links":[2088],"slot_index":0,"label":"STRING"}],"properties":{"showOutputText":true,"horizontal":false}},{"id":767,"type":"SolidMask","pos":[-4330,-940],"size":{"0":320,"1":110},"flags":{},"order":35,"mode":0,"inputs":[{"name":"width","type":"INT","link":1775,"widget":{"name":"width"},"label":"宽度"},{"name":"height","type":"INT","link":1776,"widget":{"name":"height"},"label":"高度"}],"outputs":[{"name":"MASK","type":"MASK","links":[1777],"shape":3,"label":"遮罩","slot_index":0}],"properties":{"Node name for S&R":"SolidMask"},"widgets_values":[1,512,512]},{"id":304,"type":"Reroute","pos":[-2980,450],"size":[82,26],"flags":{},"order":41,"mode":0,"inputs":[{"name":"","type":"*","link":2334,"label":""}],"outputs":[{"name":"IMAGE","type":"IMAGE","links":[1663,1995],"slot_index":0,"label":"IMAGE"}],"properties":{"showOutputText":true,"horizontal":false}},{"id":788,"type":"ImageBlend","pos":[-2010,-450],"size":{"0":315,"1":102},"flags":{},"order":80,"mode":0,"inputs":[{"name":"image1","type":"IMAGE","link":1848,"label":"图像1"},{"name":"image2","type":"IMAGE","link":1907,"label":"图像2"}],"outputs":[{"name":"IMAGE","type":"IMAGE","links":[1840],"shape":3,"label":"图像","slot_index":0}],"properties":{"Node name for S&R":"ImageBlend"},"widgets_values":[1,"multiply"]},{"id":772,"type":"ImageToMask","pos":[-2020,-580],"size":{"0":315,"1":58},"flags":{},"order":79,"mode":0,"inputs":[{"name":"image","type":"IMAGE","link":1906,"label":"图像"}],"outputs":[{"name":"MASK","type":"MASK","links":[1796],"shape":3,"label":"遮罩","slot_index":0}],"properties":{"Node name for S&R":"ImageToMask"},"widgets_values":["blue"]},{"id":277,"type":"Reroute","pos":[-1650,-580],"size":[75,26],"flags":{},"order":85,"mode":0,"inputs":[{"name":"","type":"*","link":1796,"label":""}],"outputs":[{"name":"MASK","type":"MASK","links":[2219],"slot_index":0,"label":"MASK"}],"properties":{"showOutputText":true,"horizontal":false}},{"id":803,"type":"ImageInvert","pos":[-2820,-460],"size":{"0":210,"1":26},"flags":{},"order":58,"mode":0,"inputs":[{"name":"image","type":"IMAGE","link":1883,"label":"图像"}],"outputs":[{"name":"IMAGE","type":"IMAGE","links":[1884],"shape":3,"label":"图像","slot_index":0}],"properties":{"Node name for S&R":"ImageInvert"}},{"id":239,"type":"JoinStrings","pos":[-3817.4332513524496,-1821.3762887421278],"size":{"0":315,"1":106},"flags":{},"order":8,"mode":0,"inputs":[{"name":"string1","type":"STRING","link":444,"widget":{"name":"string1"},"label":"字符串1"},{"name":"string2","type":"STRING","link":990,"widget":{"name":"string2"},"label":"字符串2"}],"outputs":[{"name":"STRING","type":"STRING","links":[1006],"shape":3,"label":"字符串","slot_index":0}],"properties":{"Node name for S&R":"JoinStrings"},"widgets_values":["","",","]},{"id":555,"type":"String Literal","pos":[-4377.433251352455,-1761.3762887421276],"size":{"0":400,"1":200},"flags":{},"order":0,"mode":0,"outputs":[{"name":"STRING","type":"STRING","links":[1326],"shape":3,"label":"STRING","slot_index":0}],"properties":{"Node name for S&R":"String Literal"},"widgets_values":["\"embedding:negativeXL_D.safetensors\", \"NSFW\", (worst quality, low quality, illustration, 3d, 2d, cartoon, painting, cartoons, sketch)+, open mouth, (long neck)+, (watermark)+, (text)+, extra fingers, inverted nipple, busty, large breasts, ugly, disgusting,(beard)++\""]},{"id":906,"type":"GrowMaskWithBlur","pos":[-2850,-360],"size":{"0":315,"1":246},"flags":{},"order":66,"mode":0,"inputs":[{"name":"mask","type":"MASK","link":2238,"label":"遮罩"}],"outputs":[{"name":"mask","type":"MASK","links":null,"shape":3,"label":"遮罩"},{"name":"mask_inverted","type":"MASK","links":[],"shape":3,"label":"反转遮罩","slot_index":1}],"properties":{"Node name for S&R":"GrowMaskWithBlur"},"widgets_values":[5,2,true,true,2,0.5,0.5,false]},{"id":280,"type":"Reroute","pos":[-2970,-630],"size":[82,26],"flags":{},"order":44,"mode":0,"inputs":[{"name":"","type":"*","link":2367,"label":""}],"outputs":[{"name":"IMAGE","type":"IMAGE","links":[1125,1883],"slot_index":0,"label":"IMAGE"}],"properties":{"showOutputText":true,"horizontal":false}},{"id":884,"type":"Reroute","pos":[-2970,-540],"size":[75,26],"flags":{},"order":63,"mode":0,"inputs":[{"name":"","type":"*","link":2168,"label":""}],"outputs":[{"name":"","type":"IMAGE","links":[2169],"slot_index":0,"label":""}],"properties":{"showOutputText":false,"horizontal":false}},{"id":676,"type":"MaskToImage","pos":[-2390,-430],"size":{"0":200,"1":30},"flags":{},"order":67,"mode":0,"inputs":[{"name":"mask","type":"MASK","link":2375,"label":"遮罩"}],"outputs":[{"name":"IMAGE","type":"IMAGE","links":[1905],"shape":3,"label":"图像","slot_index":0}],"properties":{"Node name for S&R":"MaskToImage"}},{"id":789,"type":"PreviewImage","pos":[-1910,-260],"size":{"0":210,"1":250},"flags":{},"order":86,"mode":0,"inputs":[{"name":"images","type":"IMAGE","link":1840,"label":"图像"}],"properties":{"Node name for S&R":"PreviewImage"}},{"id":768,"type":"MaskToImage","pos":[-3920,-910],"size":{"0":210,"1":26},"flags":{},"order":53,"mode":0,"inputs":[{"name":"mask","type":"MASK","link":1777,"label":"遮罩"}],"outputs":[{"name":"IMAGE","type":"IMAGE","links":[2168],"shape":3,"label":"图像","slot_index":0}],"properties":{"Node name for S&R":"MaskToImage"}},{"id":301,"type":"Reroute","pos":[-2980,370],"size":[82,26],"flags":{},"order":51,"mode":0,"inputs":[{"name":"","type":"*","link":1983,"label":""}],"outputs":[{"name":"IMAGE","type":"IMAGE","links":[1902,2021],"slot_index":0,"label":"IMAGE"}],"properties":{"showOutputText":true,"horizontal":false}},{"id":391,"type":"Display Any (rgthree)","pos":[-3550,-1440],"size":{"0":210,"1":76.00001525878906},"flags":{},"order":23,"mode":0,"inputs":[{"name":"source","type":"*","link":2562,"label":"输入","dir":3}],"properties":{"Node name for S&R":"Display Any (rgthree)"},"widgets_values":["9"]},{"id":815,"type":"Get resolution [Crystools]","pos":[-4680,-1130],"size":{"0":210,"1":100},"flags":{},"order":12,"mode":0,"inputs":[{"name":"image","type":"IMAGE","link":1933,"label":"图像"}],"outputs":[{"name":"width","type":"INT","links":[],"shape":3,"label":"宽度","slot_index":0},{"name":"height","type":"INT","links":[],"shape":3,"label":"高度","slot_index":1}],"properties":{"Node name for S&R":"Get resolution [Crystools]"}},{"id":333,"type":"Get resolution [Crystools]","pos":[-4260,-1130],"size":{"0":210,"1":100},"flags":{},"order":16,"mode":0,"inputs":[{"name":"image","type":"IMAGE","link":2555,"label":"图像"}],"outputs":[{"name":"width","type":"INT","links":[1665,1775,2380],"shape":3,"label":"宽度","slot_index":0},{"name":"height","type":"INT","links":[1666,1776,2381],"shape":3,"label":"高度","slot_index":1}],"properties":{"Node name for S&R":"Get resolution [Crystools]"}},{"id":219,"type":"Reroute","pos":[-4440,-1240],"size":[75,26],"flags":{},"order":9,"mode":0,"inputs":[{"name":"","type":"*","link":1559,"label":"","slot_index":0}],"outputs":[{"name":"","type":"IMAGE","links":[1933,2551],"slot_index":0,"label":""}],"properties":{"showOutputText":false,"horizontal":false}},{"id":249,"type":"Reroute","pos":[-1340,-310],"size":[75,26],"flags":{},"order":88,"mode":0,"inputs":[{"name":"","type":"*","link":2219,"label":""}],"outputs":[{"name":"MASK","type":"MASK","links":[2211],"slot_index":0,"label":"MASK"}],"properties":{"showOutputText":true,"horizontal":false}},{"id":686,"type":"PreviewImage","pos":[-2400,990],"size":{"0":210,"1":250},"flags":{},"order":83,"mode":0,"inputs":[{"name":"images","type":"IMAGE","link":1808,"label":"图像"}],"properties":{"Node name for S&R":"PreviewImage"}},{"id":139,"type":"ImageToMask","pos":[-2830,-590],"size":{"0":315,"1":58},"flags":{},"order":57,"mode":0,"inputs":[{"name":"image","type":"IMAGE","link":1125,"label":"图像"}],"outputs":[{"name":"MASK","type":"MASK","links":[2238,2375],"shape":3,"label":"遮罩","slot_index":0}],"properties":{"Node name for S&R":"ImageToMask"},"widgets_values":["red"]},{"id":988,"type":"PreviewImage","pos":[-2400,1290],"size":{"0":210,"1":250},"flags":{},"order":72,"mode":0,"inputs":[{"name":"images","type":"IMAGE","link":2481,"label":"图像"}],"properties":{"Node name for S&R":"PreviewImage"}},{"id":989,"type":"PreviewImage","pos":[-2090,1290],"size":{"0":210,"1":250},"flags":{},"order":70,"mode":0,"inputs":[{"name":"images","type":"IMAGE","link":2482,"label":"图像"}],"properties":{"Node name for S&R":"PreviewImage"}},{"id":876,"type":"BrushNetLoader","pos":[-620,-170],"size":{"0":315,"1":82},"flags":{},"order":1,"mode":0,"outputs":[{"name":"brushnet","type":"BRMODEL","links":[2207],"shape":3,"label":"BrushNet"}],"properties":{"Node name for S&R":"BrushNetLoader"},"widgets_values":["brushnet_xl/segmentation_mask_brushnet_ckpt_v1.safetensors","float16"]},{"id":362,"type":"Reroute","pos":[-3330,-970],"size":[75,26],"flags":{},"order":24,"mode":0,"inputs":[{"name":"","type":"*","link":2563,"label":"","widget":{"name":"value"}}],"outputs":[{"name":"INT","type":"INT","links":[2317],"slot_index":0,"label":"INT"}],"properties":{"showOutputText":true,"horizontal":false}},{"id":949,"type":"Reroute","pos":[-3330,-910],"size":[98.8,26],"flags":{},"order":26,"mode":0,"inputs":[{"name":"","type":"*","link":2565,"widget":{"name":"value"}}],"outputs":[{"name":"BOOLEAN","type":"BOOLEAN","links":[2374],"slot_index":0}],"properties":{"showOutputText":true,"horizontal":false}},{"id":890,"type":"Reroute","pos":[-3330,-1020],"size":[82,26],"flags":{},"order":21,"mode":0,"inputs":[{"name":"","type":"*","link":2560,"label":""}],"outputs":[{"name":"IMAGE","type":"IMAGE","links":[2195],"slot_index":0,"label":""}],"properties":{"showOutputText":true,"horizontal":false}},{"id":888,"type":"PreviewImage","pos":[-2780,-1970],"size":{"0":210,"1":250},"flags":{},"order":39,"mode":0,"inputs":[{"name":"images","type":"IMAGE","link":2174,"label":"图像"}],"properties":{"Node name for S&R":"PreviewImage"}},{"id":939,"type":"Reroute","pos":[440,-490],"size":[75,26],"flags":{},"order":47,"mode":0,"inputs":[{"name":"","type":"*","link":2317,"label":"","widget":{"name":"value"}}],"outputs":[{"name":"","type":"INT","links":[2430],"slot_index":0,"label":""}],"properties":{"showOutputText":false,"horizontal":false}},{"id":1009,"type":"Display Any (rgthree)","pos":[-3300,-1440],"size":{"0":210,"1":76},"flags":{},"order":25,"mode":0,"inputs":[{"name":"source","type":"*","link":2564,"label":"输入","dir":3}],"properties":{"Node name for S&R":"Display Any (rgthree)"},"widgets_values":["False"]},{"id":954,"type":"Reroute","pos":[440,-430],"size":[75,26],"flags":{},"order":48,"mode":0,"inputs":[{"name":"","type":"*","link":2374,"slot_index":0,"widget":{"name":"value"}}],"outputs":[{"name":"","type":"BOOLEAN","links":[2509],"slot_index":0}],"properties":{"showOutputText":false,"horizontal":false}},{"id":786,"type":"PreviewImage","pos":[-2460,-250],"size":{"0":210,"1":250},"flags":{},"order":55,"mode":0,"inputs":[{"name":"images","type":"IMAGE","link":1835,"label":"图像"}],"properties":{"Node name for S&R":"PreviewImage"}},{"id":796,"type":"Image Comparer (rgthree)","pos":{"0":-2190,"1":-250,"2":0,"3":0,"4":0,"5":0,"6":0,"7":0,"8":0,"9":0},"size":{"0":240,"1":250},"flags":{},"order":81,"mode":0,"inputs":[{"name":"image_a","type":"IMAGE","link":1908,"label":"图像_A","dir":3},{"name":"image_b","type":"IMAGE","link":1884,"label":"图像_B","dir":3}],"outputs":[],"properties":{"comparer_mode":"Slide"},"widgets_values":[["/view?filename=rgthree.compare._temp_snrtr_00013_.png&type=temp&subfolder=&rand=0.4553479733348089","/view?filename=rgthree.compare._temp_snrtr_00014_.png&type=temp&subfolder=&rand=0.1419439027889684"]]},{"id":885,"type":"Reroute","pos":[-3340,-1270],"size":[82,26],"flags":{},"order":15,"mode":0,"inputs":[{"name":"","type":"*","link":2554,"label":""}],"outputs":[{"name":"IMAGE","type":"IMAGE","links":[2172,2524,2589],"slot_index":0,"label":"IMAGE"}],"properties":{"showOutputText":true,"horizontal":false}},{"id":322,"type":"Reroute","pos":[-3340,-840],"size":[75,26],"flags":{},"order":30,"mode":0,"inputs":[{"name":"","type":"*","link":2524,"label":""}],"outputs":[{"name":"","type":"IMAGE","links":[1983],"slot_index":0,"label":""}],"properties":{"showOutputText":false,"horizontal":false}},{"id":368,"type":"Reroute","pos":[-3330,-1170],"size":[82,26],"flags":{},"order":18,"mode":0,"inputs":[{"name":"","type":"*","link":2557,"label":""}],"outputs":[{"name":"IMAGE","type":"IMAGE","links":[2174,2299,2334],"slot_index":0,"label":""}],"properties":{"showOutputText":true,"horizontal":false}},{"id":947,"type":"Reroute","pos":[-3330,-1120],"size":[82,26],"flags":{},"order":19,"mode":0,"inputs":[{"name":"","type":"*","link":2558}],"outputs":[{"name":"IMAGE","type":"IMAGE","links":[2365],"slot_index":0}],"properties":{"showOutputText":true,"horizontal":false}},{"id":951,"type":"PreviewImage","pos":[-2320,-1970],"size":{"0":210,"1":250},"flags":{},"order":43,"mode":0,"inputs":[{"name":"images","type":"IMAGE","link":2366,"label":"图像"}],"properties":{"Node name for S&R":"PreviewImage"}},{"id":948,"type":"Reroute","pos":[-3330,-1070],"size":[82,26],"flags":{},"order":20,"mode":0,"inputs":[{"name":"","type":"*","link":2559}],"outputs":[{"name":"IMAGE","type":"IMAGE","links":[2366,2367,2368],"slot_index":0}],"properties":{"showOutputText":true,"horizontal":false}},{"id":991,"type":"SaveImage","pos":[-2990,-1490],"size":{"0":210,"1":330},"flags":{},"order":22,"mode":0,"inputs":[{"name":"images","type":"IMAGE","link":2561,"label":"图像"}],"properties":{},"widgets_values":["ComfyUI"]},{"id":844,"type":"AIO_Preprocessor","pos":[-2820,440],"size":{"0":320,"1":80},"flags":{},"order":61,"mode":0,"inputs":[{"name":"image","type":"IMAGE","link":2021,"label":"图像"},{"name":"resolution","type":"INT","link":2542,"widget":{"name":"resolution"},"label":"分辨率"}],"outputs":[{"name":"IMAGE","type":"IMAGE","links":[2022,2481],"shape":3,"label":"图像","slot_index":0}],"properties":{"Node name for S&R":"AIO_Preprocessor"},"widgets_values":["AnyLineArtPreprocessor_aux",768]},{"id":218,"type":"AIO_Preprocessor","pos":[-2810,760],"size":{"0":320,"1":80},"flags":{},"order":60,"mode":0,"inputs":[{"name":"image","type":"IMAGE","link":1902,"label":"图像"},{"name":"resolution","type":"INT","link":2543,"widget":{"name":"resolution"},"label":"分辨率"}],"outputs":[{"name":"IMAGE","type":"IMAGE","links":[429,2482],"shape":3,"label":"图像","slot_index":0}],"properties":{"Node name for S&R":"AIO_Preprocessor"},"widgets_values":["DepthAnythingV2Preprocessor",768]},{"id":302,"type":"Reroute","pos":[-2970,620],"size":[75,26],"flags":{},"order":32,"mode":0,"inputs":[{"name":"","type":"*","link":1665,"label":"","widget":{"name":"value"}}],"outputs":[{"name":"INT","type":"INT","links":[579,1657,2542,2543],"slot_index":0,"label":"INT"}],"properties":{"showOutputText":true,"horizontal":false}},{"id":307,"type":"ImageResize+","pos":[-2420,430],"size":{"0":315,"1":218},"flags":{"collapsed":false},"order":71,"mode":0,"inputs":[{"name":"image","type":"IMAGE","link":2022,"label":"图像"},{"name":"width","type":"INT","link":579,"widget":{"name":"width"},"label":"宽度"},{"name":"height","type":"INT","link":580,"widget":{"name":"height"},"label":"高度"}],"outputs":[{"name":"IMAGE","type":"IMAGE","links":[910],"shape":3,"label":"图像","slot_index":0},{"name":"width","type":"INT","links":null,"shape":3,"label":"宽度"},{"name":"height","type":"INT","links":null,"shape":3,"label":"高度"}],"properties":{"Node name for S&R":"ImageResize+"},"widgets_values":[768,1024,"nearest",false,"always",0]},{"id":228,"type":"ImageResize+","pos":[-2420,710],"size":{"0":315,"1":218},"flags":{"collapsed":false},"order":69,"mode":0,"inputs":[{"name":"image","type":"IMAGE","link":429,"label":"图像"},{"name":"width","type":"INT","link":1657,"widget":{"name":"width"},"label":"宽度"},{"name":"height","type":"INT","link":1658,"widget":{"name":"height"},"label":"高度"}],"outputs":[{"name":"IMAGE","type":"IMAGE","links":[1996],"shape":3,"label":"图像","slot_index":0},{"name":"width","type":"INT","links":null,"shape":3,"label":"宽度"},{"name":"height","type":"INT","links":null,"shape":3,"label":"高度"}],"properties":{"Node name for S&R":"ImageResize+"},"widgets_values":[768,1024,"nearest",false,"always",0]},{"id":1013,"type":"Reroute","pos":[-2970,1020],"size":[75,26],"flags":{},"order":27,"mode":0,"inputs":[{"name":"","type":"*","link":2566}],"outputs":[{"name":"","type":"IMAGE","links":[2545,2548],"slot_index":0}],"properties":{"showOutputText":false,"horizontal":false}},{"id":807,"type":"ImageBlend","pos":[-2430,-600],"size":{"0":315,"1":102},"flags":{},"order":74,"mode":0,"inputs":[{"name":"image1","type":"IMAGE","link":2169,"label":"图像1"},{"name":"image2","type":"IMAGE","link":1905,"label":"图像2"}],"outputs":[{"name":"IMAGE","type":"IMAGE","links":[1906,1907,1908],"shape":3,"label":"图像","slot_index":0}],"properties":{"Node name for S&R":"ImageBlend"},"widgets_values":[1,"difference"]},{"id":886,"type":"PreviewImage","pos":[-3270,-1980],"size":{"0":210,"1":250},"flags":{},"order":29,"mode":0,"inputs":[{"name":"images","type":"IMAGE","link":2172,"label":"图像"}],"properties":{"Node name for S&R":"PreviewImage"}},{"id":683,"type":"Image Comparer (rgthree)","pos":{"0":-800,"1":-2190,"2":0,"3":0,"4":0,"5":0,"6":0,"7":0,"8":0,"9":0},"size":{"0":800,"1":1120},"flags":{},"order":93,"mode":0,"inputs":[{"name":"image_a","type":"IMAGE","link":1812,"label":"图像_A","dir":3},{"name":"image_b","type":"IMAGE","link":1619,"label":"图像_B","dir":3}],"outputs":[],"properties":{"comparer_mode":"Slide"},"widgets_values":[["/view?filename=rgthree.compare._temp_tghss_00023_.png&type=temp&subfolder=&rand=0.8989815506400591","/view?filename=rgthree.compare._temp_tghss_00024_.png&type=temp&subfolder=&rand=0.3820473688799213"]]},{"id":263,"type":"CR LoRA Stack","pos":[-3840,-2250],"size":{"0":394.4184265136719,"1":342},"flags":{},"order":2,"mode":0,"inputs":[{"name":"lora_stack","type":"LORA_STACK","link":null,"label":"LoRA堆"}],"outputs":[{"name":"LORA_STACK","type":"LORA_STACK","links":[1581],"shape":3,"slot_index":0,"label":"LORA_STACK"},{"name":"show_help","type":"STRING","links":null,"shape":3,"label":"show_help"}],"properties":{"Node name for S&R":"CR LoRA Stack"},"widgets_values":["On","snapmecloth/0702/webulora/Black-suit-textured-sweater.safetensors",1,1,"Off","None",1,1,"Off","None",1,1]},{"id":37,"type":"String Literal","pos":[-4377.433251352455,-2261.3762887421276],"size":{"0":391.5850524902344,"1":152.6741180419922},"flags":{},"order":3,"mode":0,"outputs":[{"name":"STRING","type":"STRING","links":[444,2552],"shape":3,"label":"STRING","slot_index":0}],"properties":{"Node name for S&R":"String Literal"},"widgets_values":["snap_Black-suit-textured, photo of a female,(solo)+++, black tailored charcoal suit, matte black turtleneck, matte finish,  long sleeves, Rough, Natural, Textured\n"]},{"id":931,"type":"PreviewImage","pos":[-1830,990],"size":{"0":210,"1":250},"flags":{},"order":49,"mode":0,"inputs":[{"name":"images","type":"IMAGE","link":2545,"label":"图像"}],"properties":{"Node name for S&R":"PreviewImage"}},{"id":238,"type":"String Literal","pos":[-4377.433251352455,-2041.3762887421276],"size":{"0":400,"1":200},"flags":{},"order":4,"mode":0,"outputs":[{"name":"STRING","type":"STRING","links":[990,2553],"shape":3,"label":"STRING","slot_index":0}],"properties":{"Node name for S&R":"String Literal"},"widgets_values":["\"solo,focuses on the people face,(polished white marble wall)++,There is a reflection on the wall, (intricate veins)+, (luxurious sheen)+, (seamless grandiose presence)+, (sophistication)++\""]},{"id":875,"type":"BrushNet","pos":[-630,-460],"size":{"0":315,"1":226},"flags":{},"order":90,"mode":0,"inputs":[{"name":"model","type":"MODEL","link":2472,"label":"模型"},{"name":"vae","type":"VAE","link":2076,"label":"VAE"},{"name":"image","type":"IMAGE","link":2550,"label":"图像"},{"name":"mask","type":"MASK","link":2211,"label":"遮罩"},{"name":"brushnet","type":"BRMODEL","link":2207,"label":"BrushNet","slot_index":4},{"name":"positive","type":"CONDITIONING","link":2225,"label":"正面条件"},{"name":"negative","type":"CONDITIONING","link":2226,"label":"负面条件"}],"outputs":[{"name":"model","type":"MODEL","links":[2467],"shape":3,"label":"模型","slot_index":0},{"name":"positive","type":"CONDITIONING","links":[2468],"shape":3,"label":"正面条件","slot_index":1},{"name":"negative","type":"CONDITIONING","links":[2469],"shape":3,"label":"负面条件","slot_index":2},{"name":"latent","type":"LATENT","links":[2470],"shape":3,"label":"Latent","slot_index":3}],"properties":{"Node name for S&R":"BrushNet"},"widgets_values":[0.30000000000000004,0,10000]},{"id":896,"type":"PreviewImage","pos":[-2040,-1980],"size":{"0":210,"1":250},"flags":{},"order":46,"mode":0,"inputs":[{"name":"images","type":"IMAGE","link":2195,"label":"图像"}],"properties":{"Node name for S&R":"PreviewImage"}},{"id":838,"type":"PreviewImage","pos":[-2100,1000],"size":{"0":210,"1":250},"flags":{},"order":82,"mode":0,"inputs":[{"name":"images","type":"IMAGE","link":2018,"label":"图像"}],"properties":{"Node name for S&R":"PreviewImage"}},{"id":223,"type":"ImageCompositedMaskedWeight","pos":[-1980,710],"size":{"0":315,"1":78},"flags":{},"order":75,"mode":0,"inputs":[{"name":"source","type":"IMAGE","link":1996,"label":"source"},{"name":"mask","type":"IMAGE","link":1995,"label":"mask"}],"outputs":[{"name":"IMAGE","type":"IMAGE","links":[2018,2019],"shape":3,"label":"IMAGE","slot_index":0}],"properties":{"Node name for S&R":"ImageCompositedMaskedWeight"},"widgets_values":[0.1]},{"id":309,"type":"ImageCompositedMaskedWeight","pos":[-1980,430],"size":{"0":315,"1":78},"flags":{},"order":76,"mode":0,"inputs":[{"name":"source","type":"IMAGE","link":910,"label":"source"},{"name":"mask","type":"IMAGE","link":1663,"label":"mask"}],"outputs":[{"name":"IMAGE","type":"IMAGE","links":[1808,2297],"shape":3,"label":"IMAGE","slot_index":0}],"properties":{"Node name for S&R":"ImageCompositedMaskedWeight"},"widgets_values":[0.1]},{"id":1018,"type":"AliSegBodyHeadFace","pos":[-3890,-1270],"size":{"0":315,"1":286},"flags":{},"order":13,"mode":0,"inputs":[{"name":"images","type":"IMAGE","link":2551,"label":"images"},{"name":"bodys","type":"IMAGE","link":null,"label":"bodys"},{"name":"prompt_cloth","type":"STRING","link":2552,"widget":{"name":"prompt_cloth"},"label":"prompt_cloth"},{"name":"prompt_background","type":"STRING","link":2553,"widget":{"name":"prompt_background"},"label":"prompt_background"}],"outputs":[{"name":"原图","type":"IMAGE","links":[2554,2555],"shape":3,"label":"原图"},{"name":"head_gray","type":"IMAGE","links":[2556],"shape":3,"label":"head_gray"},{"name":"head_mask","type":"IMAGE","links":[2557],"shape":3,"label":"head_mask"},{"name":"hair_mask","type":"IMAGE","links":[2558],"shape":3,"label":"hair_mask"},{"name":"face_mask","type":"IMAGE","links":[2559],"shape":3,"label":"face_mask"},{"name":"人体mask","type":"IMAGE","links":[2560],"shape":3,"label":"人体mask"},{"name":"cloth_mask","type":"IMAGE","links":[2561],"shape":3,"label":"cloth_mask"},{"name":"动态膨胀系数","type":"INT","links":[2562,2563],"shape":3,"label":"动态膨胀系数"},{"name":"头发是否过肩膀","type":"BOOLEAN","links":[2564,2565],"shape":3,"label":"头发是否过肩膀"},{"name":"openpose","type":"IMAGE","links":[2566],"shape":3,"label":"openpose"}],"properties":{"Node name for S&R":"AliSegBodyHeadFace"},"widgets_values":["","",false]},{"id":264,"type":"CR Multi-ControlNet Stack","pos":[-1450,440],"size":{"0":418.1999816894531,"1":454},"flags":{},"order":84,"mode":0,"inputs":[{"name":"image_1","type":"IMAGE","link":2297,"label":"图像1"},{"name":"image_2","type":"IMAGE","link":2019,"label":"图像2"},{"name":"image_3","type":"IMAGE","link":2548,"label":"图像3"},{"name":"controlnet_stack","type":"CONTROL_NET_STACK","link":null,"label":"ControlNet堆"}],"outputs":[{"name":"CONTROLNET_STACK","type":"CONTROL_NET_STACK","links":[1799],"shape":3,"label":"ControlNet堆","slot_index":0},{"name":"show_help","type":"STRING","links":null,"shape":3,"label":"show_help"}],"properties":{"Node name for S&R":"CR Multi-ControlNet Stack"},"widgets_values":["On","controlnet-union-sdxl-1.0.safetensors",0.2,0,1,"On","controlnet-union-sdxl-1.0.safetensors",0.15,0,1,"On","controlnet-union-sdxl-1.0.safetensors",0.1,0,1]},{"id":1007,"type":"PreviewImage","pos":[350,-220],"size":{"0":210,"1":250},"flags":{},"order":98,"mode":0,"inputs":[{"name":"images","type":"IMAGE","link":2506,"label":"图像"}],"properties":{"Node name for S&R":"PreviewImage"}},{"id":1006,"type":"PreviewImage","pos":[880,-200],"size":{"0":210,"1":250},"flags":{},"order":68,"mode":0,"inputs":[{"name":"images","type":"IMAGE","link":2505,"label":"图像"}],"properties":{"Node name for S&R":"PreviewImage"}},{"id":691,"type":"Efficient Loader","pos":[-1150,-570],"size":{"0":400,"1":460},"flags":{},"order":89,"mode":0,"inputs":[{"name":"lora_stack","type":"LORA_STACK","link":1585,"label":"LoRA堆"},{"name":"cnet_stack","type":"CONTROL_NET_STACK","link":1800,"label":"ControlNet堆"},{"name":"positive","type":"STRING","link":1583,"widget":{"name":"positive"},"label":"正面条件"},{"name":"negative","type":"STRING","link":1584,"widget":{"name":"negative"},"label":"负面条件"}],"outputs":[{"name":"MODEL","type":"MODEL","links":[2472],"shape":3,"label":"模型","slot_index":0},{"name":"CONDITIONING+","type":"CONDITIONING","links":[2225],"shape":3,"label":"正面条件","slot_index":1},{"name":"CONDITIONING-","type":"CONDITIONING","links":[2226],"shape":3,"label":"负面条件","slot_index":2},{"name":"LATENT","type":"LATENT","links":null,"shape":3,"label":"Latent","slot_index":3},{"name":"VAE","type":"VAE","links":[2076,2347],"shape":3,"label":"VAE","slot_index":4},{"name":"CLIP","type":"CLIP","links":null,"shape":3,"label":"CLIP"},{"name":"DEPENDENCIES","type":"DEPENDENCIES","links":null,"shape":3,"label":"依赖"}],"properties":{"Node name for S&R":"Efficient Loader"},"widgets_values":["sdxl/realvisxlV40_v40Bakedvae.safetensors","Baked VAE",-2,"None",1,1,"CLIP_POSITIVE","CLIP_NEGATIVE","none","compel",512,512,1],"color":"#2a363b","bgcolor":"#3f5159","shape":1},{"id":254,"type":"Reroute","pos":[-1347.4747667376894,-474.95752677724323],"size":[90.4,26],"flags":{},"order":14,"mode":0,"inputs":[{"name":"","type":"*","link":2088,"label":"","widget":{"name":"value"}}],"outputs":[{"name":"STRING","type":"STRING","links":[1583,2570],"slot_index":0,"label":"STRING"}],"properties":{"showOutputText":true,"horizontal":false}},{"id":556,"type":"Reroute","pos":[-1344.7567603954292,-419.58433872817494],"size":[90.4,26],"flags":{},"order":6,"mode":0,"inputs":[{"name":"","type":"*","link":1326,"label":"","widget":{"name":"value"}}],"outputs":[{"name":"STRING","type":"STRING","links":[1584,2571],"slot_index":0,"label":"STRING"}],"properties":{"showOutputText":true,"horizontal":false}},{"id":990,"type":"Image Comparer (rgthree)","pos":{"0":1010,"1":-2180,"2":0,"3":0,"4":0,"5":0,"6":0,"7":0,"8":0,"9":0},"size":{"0":750,"1":1100},"flags":{},"order":101,"mode":0,"inputs":[{"name":"image_a","type":"IMAGE","link":2484,"label":"图像_A","dir":3},{"name":"image_b","type":"IMAGE","link":2485,"label":"图像_B","dir":3}],"outputs":[],"properties":{"comparer_mode":"Slide"},"widgets_values":[["/view?filename=rgthree.compare._temp_ossxq_00033_.png&type=temp&subfolder=&rand=0.3387655390605775","/view?filename=rgthree.compare._temp_ossxq_00034_.png&type=temp&subfolder=&rand=0.5086516874494169"]]},{"id":945,"type":"KSampler (Efficient)","pos":[-220,-540],"size":[330,560],"flags":{},"order":91,"mode":0,"inputs":[{"name":"model","type":"MODEL","link":2467,"label":"模型"},{"name":"positive","type":"CONDITIONING","link":2468,"label":"正面条件"},{"name":"negative","type":"CONDITIONING","link":2469,"label":"负面条件"},{"name":"latent_image","type":"LATENT","link":2470,"label":"Latent"},{"name":"optional_vae","type":"VAE","link":2347,"label":"VAE(可选)"},{"name":"script","type":"SCRIPT","link":null,"label":"脚本"}],"outputs":[{"name":"MODEL","type":"MODEL","links":null,"shape":3,"label":"模型"},{"name":"CONDITIONING+","type":"CONDITIONING","links":null,"shape":3,"label":"正面条件"},{"name":"CONDITIONING-","type":"CONDITIONING","links":null,"shape":3,"label":"负面条件"},{"name":"LATENT","type":"LATENT","links":[],"shape":3,"label":"Latent","slot_index":3},{"name":"VAE","type":"VAE","links":null,"shape":3,"label":"VAE"},{"name":"IMAGE","type":"IMAGE","links":[2348],"shape":3,"label":"图像","slot_index":5}],"properties":{"Node name for S&R":"KSampler (Efficient)"},"widgets_values":[768355520056703,null,30,7,"dpmpp_2m_sde_gpu","karras",1,"auto","true (tiled)"],"color":"#222233","bgcolor":"#333355","shape":1},{"id":1004,"type":"PreviewImage","pos":[1150,-200],"size":{"0":210,"1":250},"flags":{},"order":62,"mode":0,"inputs":[{"name":"images","type":"IMAGE","link":2503,"label":"图像"}],"properties":{"Node name for S&R":"PreviewImage"}},{"id":950,"type":"PreviewImage","pos":[-2550,-1980],"size":{"0":210,"1":250},"flags":{},"order":42,"mode":0,"inputs":[{"name":"images","type":"IMAGE","link":2365,"label":"图像"}],"properties":{"Node name for S&R":"PreviewImage"}},{"id":1005,"type":"PreviewImage","pos":[620,-210],"size":{"0":210,"1":250},"flags":{},"order":65,"mode":0,"inputs":[{"name":"images","type":"IMAGE","link":2504,"label":"图像"}],"properties":{"Node name for S&R":"PreviewImage"}},{"id":680,"type":"LoadImage","pos":[-1810,-2190],"size":{"0":840,"1":1110},"flags":{},"order":5,"mode":0,"outputs":[{"name":"IMAGE","type":"IMAGE","links":[1559,1619,2485],"shape":3,"label":"图像","slot_index":0},{"name":"MASK","type":"MASK","links":[],"shape":3,"label":"遮罩","slot_index":1}],"properties":{"Node name for S&R":"LoadImage"},"widgets_values":["29eb8d9a-e0fb-42e1-be92-00c908433849.png","image"]},{"id":693,"type":"Reroute","pos":[152.52523326231,-624.9575267772427],"size":[75,26],"flags":{},"order":92,"mode":0,"inputs":[{"name":"","type":"*","link":2348,"label":""}],"outputs":[{"name":"","type":"IMAGE","links":[1812,2282,2644],"slot_index":0,"label":""}],"properties":{"showOutputText":false,"horizontal":false}},{"id":958,"type":"Reroute","pos":[90,-980],"size":[75,26],"flags":{},"order":33,"mode":0,"inputs":[{"name":"","type":"*","link":2380,"widget":{"name":"value"}}],"outputs":[{"name":"","type":"INT","links":[2382,2654],"slot_index":0}],"properties":{"showOutputText":false,"horizontal":false}},{"id":959,"type":"Reroute","pos":[90,-920],"size":[75,26],"flags":{},"order":36,"mode":0,"inputs":[{"name":"","type":"*","link":2381,"widget":{"name":"value"}}],"outputs":[{"name":"","type":"INT","links":[2383,2655],"slot_index":0}],"properties":{"showOutputText":false,"horizontal":false}},{"id":953,"type":"Reroute","pos":[440,-580],"size":[75,26],"flags":{},"order":56,"mode":0,"inputs":[{"name":"","type":"*","link":2371,"label":""}],"outputs":[{"name":"","type":"IMAGE","links":[2504,2586],"slot_index":0}],"properties":{"showOutputText":false,"horizontal":false}},{"id":936,"type":"Reroute","pos":[440,-670],"size":[75,26],"flags":{},"order":97,"mode":0,"inputs":[{"name":"","type":"*","link":2666,"label":""}],"outputs":[{"name":"","type":"IMAGE","links":[2506,2585],"slot_index":0,"label":""}],"properties":{"showOutputText":false,"horizontal":false}},{"id":932,"type":"Reroute","pos":[90,-850],"size":[75,26],"flags":{},"order":40,"mode":0,"inputs":[{"name":"","type":"*","link":2299,"label":""}],"outputs":[{"name":"","type":"IMAGE","links":[2371],"slot_index":0,"label":""}],"properties":{"showOutputText":false,"horizontal":false}},{"id":938,"type":"Reroute","pos":[440,-530],"size":[75,26],"flags":{},"order":52,"mode":0,"inputs":[{"name":"","type":"*","link":2641,"label":""}],"outputs":[{"name":"","type":"IMAGE","links":[2316,2503],"slot_index":0,"label":""}],"properties":{"showOutputText":false,"horizontal":false}},{"id":937,"type":"Reroute","pos":[440,-620],"size":[75,26],"flags":{},"order":59,"mode":0,"inputs":[{"name":"","type":"*","link":2370,"label":""}],"outputs":[{"name":"","type":"IMAGE","links":[2505,2584],"slot_index":0,"label":""}],"properties":{"showOutputText":false,"horizontal":false}},{"id":1027,"type":"Reroute","pos":[90,-730],"size":[75,26],"flags":{},"order":31,"mode":0,"inputs":[{"name":"","type":"*","link":2589}],"outputs":[{"name":"","type":"IMAGE","links":[2641],"slot_index":0}],"properties":{"showOutputText":false,"horizontal":false}},{"id":952,"type":"Reroute","pos":[90,-780],"size":[75,26],"flags":{},"order":45,"mode":0,"inputs":[{"name":"","type":"*","link":2368}],"outputs":[{"name":"","type":"IMAGE","links":[2370],"slot_index":0}],"properties":{"showOutputText":false,"horizontal":false}},{"id":1029,"type":"Image Comparer (rgthree)","pos":{"0":1870,"1":-2180,"2":0,"3":0,"4":0,"5":0,"6":0,"7":0,"8":0,"9":0},"size":{"0":750,"1":1100},"flags":{},"order":102,"mode":0,"inputs":[{"name":"image_a","type":"IMAGE","link":2640,"label":"图像_A","dir":3},{"name":"image_b","type":"IMAGE","link":2601,"label":"图像_B","dir":3}],"outputs":[],"properties":{"comparer_mode":"Slide"},"widgets_values":[["/view?filename=rgthree.compare._temp_rzvda_00019_.png&type=temp&subfolder=&rand=0.5609909720130406","/view?filename=rgthree.compare._temp_rzvda_00020_.png&type=temp&subfolder=&rand=0.8125270445200865"]]},{"id":887,"type":"PreviewImage","pos":[-3020,-1980],"size":{"0":210,"1":250},"flags":{},"order":37,"mode":0,"inputs":[{"name":"images","type":"IMAGE","link":2173,"label":"图像"}],"properties":{"Node name for S&R":"PreviewImage"}},{"id":367,"type":"Reroute","pos":[-3330,-1220],"size":[82,26],"flags":{},"order":17,"mode":0,"inputs":[{"name":"","type":"*","link":2556,"label":""}],"outputs":[{"name":"IMAGE","type":"IMAGE","links":[2173,2319],"slot_index":0,"label":"IMAGE"}],"properties":{"showOutputText":true,"horizontal":false}},{"id":248,"type":"Reroute","pos":[-1330,-620],"size":[82,26],"flags":{},"order":38,"mode":0,"inputs":[{"name":"","type":"*","link":2319,"label":""}],"outputs":[{"name":"IMAGE","type":"IMAGE","links":[1835,1848,2550],"slot_index":0,"label":"IMAGE"}],"properties":{"showOutputText":true,"horizontal":false}},{"id":1048,"type":"VAEEncode","pos":[730,1090],"size":{"0":210,"1":46},"flags":{},"order":78,"mode":0,"inputs":[{"name":"pixels","type":"IMAGE","link":2649,"label":"图像"},{"name":"vae","type":"VAE","link":2648,"label":"VAE"}],"outputs":[{"name":"LATENT","type":"LATENT","links":[2650],"shape":3,"label":"Latent","slot_index":0}],"properties":{"Node name for S&R":"VAEEncode"}},{"id":1046,"type":"MaskToImage","pos":[480,1110],"size":{"0":210,"1":26},"flags":{},"order":73,"mode":0,"inputs":[{"name":"mask","type":"MASK","link":2646,"label":"遮罩"}],"outputs":[{"name":"IMAGE","type":"IMAGE","links":[2647,2649],"shape":3,"label":"图像","slot_index":0}],"properties":{"Node name for S&R":"MaskToImage"}},{"id":1047,"type":"PreviewImage","pos":[790,1200],"size":{"0":210,"1":250},"flags":{},"order":77,"mode":0,"inputs":[{"name":"images","type":"IMAGE","link":2647,"label":"图像"}],"properties":{"Node name for S&R":"PreviewImage"}},{"id":882,"type":"Snapme ImgProcess Step3","pos":[630,-620],"size":{"0":320,"1":260},"flags":{},"order":99,"mode":0,"inputs":[{"name":"image_res_1","type":"IMAGE","link":2585,"label":"image_res_1"},{"name":"face_mask","type":"IMAGE","link":2584,"label":"face_mask"},{"name":"control_mask_face","type":"IMAGE","link":2586,"label":"control_mask_face"},{"name":"face_image_pad","type":"IMAGE","link":2316,"label":"face_image_pad"},{"name":"dilate_iter","type":"INT","link":2430,"widget":{"name":"dilate_iter"},"label":"dilate_iter","slot_index":4},{"name":"use_hair","type":"BOOLEAN","link":2509,"widget":{"name":"use_hair"},"slot_index":5,"label":"use_hair"},{"name":"restore_width","type":"INT","link":2382,"widget":{"name":"restore_width"},"label":"restore_width"},{"name":"restore_height","type":"INT","link":2383,"widget":{"name":"restore_height"},"label":"restore_height"}],"outputs":[{"name":"脸部回帖图","type":"IMAGE","links":[2281,2484,2601,2662],"shape":3,"label":"脸部回帖图","slot_index":0}],"properties":{"Node name for S&R":"Snapme ImgProcess Step3"},"widgets_values":[0,6,false,0,0,true,false]},{"id":1024,"type":"VAEEncode","pos":[460,510],"size":{"0":210,"1":46},"flags":{},"order":103,"mode":0,"inputs":[{"name":"pixels","type":"IMAGE","link":2662,"label":"图像"},{"name":"vae","type":"VAE","link":2577,"label":"VAE"}],"outputs":[{"name":"LATENT","type":"LATENT","links":[],"shape":3,"label":"Latent","slot_index":0}],"properties":{"Node name for S&R":"VAEEncode"}},{"id":1022,"type":"LoadAndApplyICLightUnet","pos":[410,660],"size":{"0":315,"1":58},"flags":{},"order":50,"mode":0,"inputs":[{"name":"model","type":"MODEL","link":2572,"label":"模型"}],"outputs":[{"name":"MODEL","type":"MODEL","links":[2579],"shape":3,"label":"模型","slot_index":0}],"properties":{"Node name for S&R":"LoadAndApplyICLightUnet"},"widgets_values":["iclight_sd15_fc.safetensors"]},{"id":1023,"type":"ICLightConditioning","pos":[400,800],"size":{"0":342.5999755859375,"1":138},"flags":{},"order":95,"mode":0,"inputs":[{"name":"positive","type":"CONDITIONING","link":2573,"label":"正面条件"},{"name":"negative","type":"CONDITIONING","link":2574,"label":"负面条件"},{"name":"vae","type":"VAE","link":2575,"label":"VAE"},{"name":"foreground","type":"LATENT","link":2665,"label":"前景Latent"},{"name":"opt_background","type":"LATENT","link":null,"label":"背景Latent(可选)"}],"outputs":[{"name":"positive","type":"CONDITIONING","links":[2580],"shape":3,"label":"正面条件","slot_index":0},{"name":"negative","type":"CONDITIONING","links":[2581],"shape":3,"label":"负面条件","slot_index":1},{"name":"empty_latent","type":"LATENT","links":[],"shape":3,"label":"空Latent","slot_index":2}],"properties":{"Node name for S&R":"ICLightConditioning"},"widgets_values":[0.18215]},{"id":1021,"type":"Efficient Loader","pos":[-220,630],"size":{"0":400,"1":460},"flags":{},"order":28,"mode":0,"inputs":[{"name":"lora_stack","type":"LORA_STACK","link":null,"label":"LoRA堆"},{"name":"cnet_stack","type":"CONTROL_NET_STACK","link":null,"label":"ControlNet堆"},{"name":"positive","type":"STRING","link":2570,"widget":{"name":"positive"},"label":"正面条件"},{"name":"negative","type":"STRING","link":2571,"widget":{"name":"negative"},"label":"负面条件"}],"outputs":[{"name":"MODEL","type":"MODEL","links":[2572],"shape":3,"label":"模型","slot_index":0},{"name":"CONDITIONING+","type":"CONDITIONING","links":[2573],"shape":3,"label":"正面条件","slot_index":1},{"name":"CONDITIONING-","type":"CONDITIONING","links":[2574],"shape":3,"label":"负面条件","slot_index":2},{"name":"LATENT","type":"LATENT","links":null,"shape":3,"label":"Latent","slot_index":3},{"name":"VAE","type":"VAE","links":[2575,2577,2587,2605,2648],"shape":3,"label":"VAE","slot_index":4},{"name":"CLIP","type":"CLIP","links":null,"shape":3,"label":"CLIP"},{"name":"DEPENDENCIES","type":"DEPENDENCIES","links":null,"shape":3,"label":"依赖"}],"properties":{"Node name for S&R":"Efficient Loader"},"widgets_values":["sd1.5/dreamshaper_8.safetensors","vae-ft-mse-840000-ema-pruned.safetensors",-2,"None",1,1,"CLIP_POSITIVE","CLIP_NEGATIVE","none","compel",512,512,1],"color":"#2a363b","bgcolor":"#3f5159","shape":1},{"id":1045,"type":"GrowMaskWithBlur","pos":[430,1190],"size":{"0":315,"1":246},"flags":{},"order":64,"mode":0,"inputs":[{"name":"mask","type":"MASK","link":2645,"label":"遮罩"}],"outputs":[{"name":"mask","type":"MASK","links":[2646],"shape":3,"label":"遮罩","slot_index":0},{"name":"mask_inverted","type":"MASK","links":null,"shape":3,"label":"反转遮罩"}],"properties":{"Node name for S&R":"GrowMaskWithBlur"},"widgets_values":[0,0,true,false,14,1,1,false]},{"id":1031,"type":"VAEEncode","pos":[470,340],"size":{"0":210,"1":46},"flags":{},"order":94,"mode":0,"inputs":[{"name":"pixels","type":"IMAGE","link":2644,"label":"图像"},{"name":"vae","type":"VAE","link":2605,"label":"VAE"}],"outputs":[{"name":"LATENT","type":"LATENT","links":[2665],"shape":3,"label":"Latent","slot_index":0}],"properties":{"Node name for S&R":"VAEEncode"}},{"id":1025,"type":"KSampler (Efficient)","pos":[980,570],"size":[330,560],"flags":{},"order":96,"mode":0,"inputs":[{"name":"model","type":"MODEL","link":2579,"label":"模型"},{"name":"positive","type":"CONDITIONING","link":2580,"label":"正面条件"},{"name":"negative","type":"CONDITIONING","link":2581,"label":"负面条件"},{"name":"latent_image","type":"LATENT","link":2650,"label":"Latent"},{"name":"optional_vae","type":"VAE","link":2587,"label":"VAE(可选)"},{"name":"script","type":"SCRIPT","link":null,"label":"脚本"}],"outputs":[{"name":"MODEL","type":"MODEL","links":null,"shape":3,"label":"模型"},{"name":"CONDITIONING+","type":"CONDITIONING","links":null,"shape":3,"label":"正面条件"},{"name":"CONDITIONING-","type":"CONDITIONING","links":null,"shape":3,"label":"负面条件"},{"name":"LATENT","type":"LATENT","links":null,"shape":3,"label":"Latent"},{"name":"VAE","type":"VAE","links":null,"shape":3,"label":"VAE"},{"name":"IMAGE","type":"IMAGE","links":[2640,2666],"shape":3,"label":"图像","slot_index":5}],"properties":{"Node name for S&R":"KSampler (Efficient)"},"widgets_values":[-1,null,25,7,"dpmpp_2m","karras",1,"auto","true"],"color":"#222233","bgcolor":"#333355","shape":1},{"id":923,"type":"Image Comparer (rgthree)","pos":{"0":140,"1":-2170,"2":0,"3":0,"4":0,"5":0,"6":0,"7":0,"8":0,"9":0},"size":{"0":750,"1":1100},"flags":{},"order":100,"mode":0,"inputs":[{"name":"image_a","type":"IMAGE","link":2281,"label":"图像_A","dir":3},{"name":"image_b","type":"IMAGE","link":2282,"label":"图像_B","dir":3}],"outputs":[],"properties":{"comparer_mode":"Slide"},"widgets_values":[["/view?filename=rgthree.compare._temp_soiik_00033_.png&type=temp&subfolder=&rand=0.31553329207384695","/view?filename=rgthree.compare._temp_soiik_00034_.png&type=temp&subfolder=&rand=0.28852678935712084"]]},{"id":1044,"type":"CreateShapeMask","pos":[50,1180],"size":{"0":320,"1":270},"flags":{},"order":54,"mode":0,"inputs":[{"name":"frame_width","type":"INT","link":2654,"widget":{"name":"frame_width"},"label":"宽度"},{"name":"frame_height","type":"INT","link":2655,"widget":{"name":"frame_height"},"label":"高度"}],"outputs":[{"name":"mask","type":"MASK","links":[2645],"shape":3,"label":"遮罩","slot_index":0},{"name":"mask_inverted","type":"MASK","links":null,"shape":3,"label":"反转遮罩"}],"properties":{"Node name for S&R":"CreateShapeMask"},"widgets_values":["circle",1,600,256,81,256,512,256,512]}],"links":[[429,218,0,228,0,"IMAGE"],[444,37,0,239,0,"STRING"],[579,302,0,307,1,"INT"],[580,303,0,307,2,"INT"],[910,307,0,309,0,"IMAGE"],[990,238,0,239,1,"STRING"],[1006,239,0,288,0,"*"],[1125,280,0,139,0,"IMAGE"],[1326,555,0,556,0,"*"],[1559,680,0,219,0,"*"],[1581,263,0,690,0,"*"],[1583,254,0,691,2,"STRING"],[1584,556,0,691,3,"STRING"],[1585,250,0,691,0,"LORA_STACK"],[1617,690,0,250,0,"*"],[1619,680,0,683,1,"IMAGE"],[1657,302,0,228,1,"INT"],[1658,303,0,228,2,"INT"],[1663,304,0,309,1,"IMAGE"],[1665,333,0,302,0,"*"],[1666,333,1,303,0,"*"],[1775,333,0,767,0,"INT"],[1776,333,1,767,1,"INT"],[1777,767,0,768,0,"MASK"],[1796,772,0,277,0,"*"],[1799,264,0,778,0,"*"],[1800,778,0,691,1,"CONTROL_NET_STACK"],[1808,309,0,686,0,"IMAGE"],[1812,693,0,683,0,"IMAGE"],[1835,248,0,786,0,"IMAGE"],[1840,788,0,789,0,"IMAGE"],[1848,248,0,788,0,"IMAGE"],[1883,280,0,803,0,"IMAGE"],[1884,803,0,796,1,"IMAGE"],[1902,301,0,218,0,"IMAGE"],[1905,676,0,807,1,"IMAGE"],[1906,807,0,772,0,"IMAGE"],[1907,807,0,788,1,"IMAGE"],[1908,807,0,796,0,"IMAGE"],[1933,219,0,815,0,"IMAGE"],[1983,322,0,301,0,"*"],[1995,304,0,223,1,"IMAGE"],[1996,228,0,223,0,"IMAGE"],[2018,223,0,838,0,"IMAGE"],[2019,223,0,264,1,"IMAGE"],[2021,301,0,844,0,"IMAGE"],[2022,844,0,307,0,"IMAGE"],[2076,691,4,875,1,"VAE"],[2088,288,0,254,0,"*"],[2168,768,0,884,0,"*"],[2169,884,0,807,0,"IMAGE"],[2172,885,0,886,0,"IMAGE"],[2173,367,0,887,0,"IMAGE"],[2174,368,0,888,0,"IMAGE"],[2195,890,0,896,0,"IMAGE"],[2207,876,0,875,4,"BRMODEL"],[2211,249,0,875,3,"MASK"],[2219,277,0,249,0,"*"],[2225,691,1,875,5,"CONDITIONING"],[2226,691,2,875,6,"CONDITIONING"],[2238,139,0,906,0,"MASK"],[2281,882,0,923,0,"IMAGE"],[2282,693,0,923,1,"IMAGE"],[2297,309,0,264,0,"IMAGE"],[2299,368,0,932,0,"*"],[2316,938,0,882,3,"IMAGE"],[2317,362,0,939,0,"*"],[2319,367,0,248,0,"*"],[2334,368,0,304,0,"*"],[2347,691,4,945,4,"VAE"],[2348,945,5,693,0,"*"],[2365,947,0,950,0,"IMAGE"],[2366,948,0,951,0,"IMAGE"],[2367,948,0,280,0,"*"],[2368,948,0,952,0,"*"],[2370,952,0,937,0,"*"],[2371,932,0,953,0,"*"],[2374,949,0,954,0,"*"],[2375,139,0,676,0,"MASK"],[2380,333,0,958,0,"*"],[2381,333,1,959,0,"*"],[2382,958,0,882,6,"INT"],[2383,959,0,882,7,"INT"],[2430,939,0,882,4,"INT"],[2467,875,0,945,0,"MODEL"],[2468,875,1,945,1,"CONDITIONING"],[2469,875,2,945,2,"CONDITIONING"],[2470,875,3,945,3,"LATENT"],[2472,691,0,875,0,"MODEL"],[2481,844,0,988,0,"IMAGE"],[2482,218,0,989,0,"IMAGE"],[2484,882,0,990,0,"IMAGE"],[2485,680,0,990,1,"IMAGE"],[2503,938,0,1004,0,"IMAGE"],[2504,953,0,1005,0,"IMAGE"],[2505,937,0,1006,0,"IMAGE"],[2506,936,0,1007,0,"IMAGE"],[2509,954,0,882,5,"BOOLEAN"],[2524,885,0,322,0,"*"],[2542,302,0,844,1,"INT"],[2543,302,0,218,1,"INT"],[2545,1013,0,931,0,"IMAGE"],[2548,1013,0,264,2,"IMAGE"],[2550,248,0,875,2,"IMAGE"],[2551,219,0,1018,0,"IMAGE"],[2552,37,0,1018,2,"STRING"],[2553,238,0,1018,3,"STRING"],[2554,1018,0,885,0,"*"],[2555,1018,0,333,0,"IMAGE"],[2556,1018,1,367,0,"*"],[2557,1018,2,368,0,"*"],[2558,1018,3,947,0,"*"],[2559,1018,4,948,0,"*"],[2560,1018,5,890,0,"*"],[2561,1018,6,991,0,"IMAGE"],[2562,1018,7,391,0,"*"],[2563,1018,7,362,0,"*"],[2564,1018,8,1009,0,"*"],[2565,1018,8,949,0,"*"],[2566,1018,9,1013,0,"*"],[2570,254,0,1021,2,"STRING"],[2571,556,0,1021,3,"STRING"],[2572,1021,0,1022,0,"MODEL"],[2573,1021,1,1023,0,"CONDITIONING"],[2574,1021,2,1023,1,"CONDITIONING"],[2575,1021,4,1023,2,"VAE"],[2577,1021,4,1024,1,"VAE"],[2579,1022,0,1025,0,"MODEL"],[2580,1023,0,1025,1,"CONDITIONING"],[2581,1023,1,1025,2,"CONDITIONING"],[2584,937,0,882,1,"IMAGE"],[2585,936,0,882,0,"IMAGE"],[2586,953,0,882,2,"IMAGE"],[2587,1021,4,1025,4,"VAE"],[2589,885,0,1027,0,"*"],[2601,882,0,1029,1,"IMAGE"],[2605,1021,4,1031,1,"VAE"],[2640,1025,5,1029,0,"IMAGE"],[2641,1027,0,938,0,"*"],[2644,693,0,1031,0,"IMAGE"],[2645,1044,0,1045,0,"MASK"],[2646,1045,0,1046,0,"MASK"],[2647,1046,0,1047,0,"IMAGE"],[2648,1021,4,1048,1,"VAE"],[2649,1046,0,1048,0,"IMAGE"],[2650,1048,0,1025,3,"LATENT"],[2654,958,0,1044,0,"INT"],[2655,959,0,1044,1,"INT"],[2662,882,0,1024,0,"IMAGE"],[2665,1031,0,1023,3,"LATENT"],[2666,1025,5,936,0,"*"]],"groups":[{"title":"服装+背景一次生成","bounding":[-1307,-686,1504,865],"color":"#3f789e","font_size":24,"locked":false},{"title":"重回区域遮罩","bounding":[-2924,-685,1311,854],"color":"#3f789e","font_size":24,"locked":false},{"title":"ControlNet","bounding":[-2930,260,2139,1184],"color":"#3f789e","font_size":24,"locked":false},{"title":"图像预处理","bounding":[-4404,-1348,1112,548],"color":"#3f789e","font_size":24,"locked":false},{"title":"用户输入","bounding":[-4434,-2390,1126,877],"color":"#3f789e","font_size":24,"locked":false}],"config":{},"extra":{"ds":{"scale":0.450000000000005,"offset":{"0":592.3731155144969,"1":2310.2903143806425}},"workspace_info":{"id":"ll9VQrR7x1zG7ELYvKPOA","saveLock":false,"cloudID":null,"coverMediaPath":null}},"version":0.4}