{"last_node_id":1057,"last_link_id":2230,"nodes":[{"id":284,"type":"Reroute","pos":[-3099.032685157949,1210.4762776193686],"size":[75,26],"flags":{},"order":65,"mode":0,"inputs":[{"name":"","type":"*","link":698,"label":"","widget":{"name":"value"}}],"outputs":[{"name":"INT","type":"INT","links":[518],"slot_index":0,"label":"INT"}],"properties":{"showOutputText":true,"horizontal":false}},{"id":283,"type":"Reroute","pos":[-3100.032685157949,1171.4762776193688],"size":[75,26],"flags":{},"order":59,"mode":0,"inputs":[{"name":"","type":"*","link":697,"label":"","widget":{"name":"value"}}],"outputs":[{"name":"INT","type":"INT","links":[517],"slot_index":0,"label":"INT"}],"properties":{"showOutputText":true,"horizontal":false}},{"id":293,"type":"Reroute","pos":[-3112.9926292878677,1503.5344153341853],"size":[82,26],"flags":{},"order":49,"mode":0,"inputs":[{"name":"","type":"*","link":657,"label":""}],"outputs":[{"name":"IMAGE","type":"IMAGE","links":[1279],"slot_index":0,"label":"IMAGE"}],"properties":{"showOutputText":true,"horizontal":false}},{"id":843,"type":"Reroute","pos":[-3530,-940],"size":[75,26],"flags":{},"order":0,"mode":0,"inputs":[{"name":"","type":"*","link":null}],"outputs":[{"name":"","type":"*","links":[],"slot_index":0}],"properties":{"showOutputText":false,"horizontal":false}},{"id":238,"type":"String Literal","pos":[-2970,-1450],"size":{"0":400,"1":200},"flags":{},"order":1,"mode":0,"outputs":[{"name":"STRING","type":"STRING","links":[990,1253,1715],"shape":3,"label":"STRING","slot_index":0}],"properties":{"Node name for S&R":"String Literal"},"widgets_values":["inside the office,office\\(High-end office furnished with premium desks and chairs,laptop,business atmosphere,Reasonable perspective, spatial sense,lush green potted plant,Prosperity Tree,large floor-to-ceiling windows in the background,\\),and depth perception, depth of field, "]},{"id":239,"type":"JoinStrings","pos":[-2350,-1140],"size":{"0":315,"1":106},"flags":{},"order":21,"mode":0,"inputs":[{"name":"string1","type":"STRING","link":444,"widget":{"name":"string1"},"label":"字符串1"},{"name":"string2","type":"STRING","link":990,"widget":{"name":"string2"},"label":"字符串2"}],"outputs":[{"name":"STRING","type":"STRING","links":[1006],"shape":3,"label":"字符串","slot_index":0}],"properties":{"Node name for S&R":"JoinStrings"},"widgets_values":["","",","]},{"id":555,"type":"String Literal","pos":[-2970,-1190],"size":{"0":400,"1":200},"flags":{},"order":2,"mode":0,"outputs":[{"name":"STRING","type":"STRING","links":[1326],"shape":3,"label":"STRING","slot_index":0}],"properties":{"Node name for S&R":"String Literal"},"widgets_values":["NSFW, worst quality, low quality, illustration, 3d, 2d, cartoon, painting, cartoons, sketch, open mouth, (long neck), (watermark)+, (text), extra fingers, inverted nipple, busty, large breasts, ugly, disgusting,embedding:negativeXL_D, beard，"]},{"id":342,"type":"Reroute","pos":[-2931.1440249335315,-40.883437488438254],"size":[75,26],"flags":{},"order":39,"mode":0,"inputs":[{"name":"","type":"*","link":1257,"label":""}],"outputs":[{"name":"","type":"IMAGE","links":[1114],"slot_index":0,"label":""}],"properties":{"showOutputText":false,"horizontal":false}},{"id":227,"type":"ImageResize+","pos":[-3910,190],"size":{"0":336.06451416015625,"1":199.49752807617188},"flags":{"collapsed":false},"order":66,"mode":0,"inputs":[{"name":"image","type":"IMAGE","link":1114,"label":"图像"},{"name":"width","type":"INT","link":868,"widget":{"name":"width"},"label":"宽度"},{"name":"height","type":"INT","link":869,"widget":{"name":"height"},"label":"高度"}],"outputs":[{"name":"IMAGE","type":"IMAGE","links":[870,872],"shape":3,"label":"图像","slot_index":0},{"name":"width","type":"INT","links":null,"shape":3,"label":"宽度"},{"name":"height","type":"INT","links":null,"shape":3,"label":"高度"}],"properties":{"Node name for S&R":"ImageResize+"},"widgets_values":[768,1024,"nearest",false,"always",0]},{"id":301,"type":"Reroute","pos":[-3107.954520821574,815.8290588032459],"size":[82,26],"flags":{},"order":51,"mode":0,"inputs":[{"name":"","type":"*","link":740,"label":""}],"outputs":[{"name":"IMAGE","type":"IMAGE","links":[761],"slot_index":0,"label":"IMAGE"}],"properties":{"showOutputText":true,"horizontal":false}},{"id":304,"type":"Reroute","pos":[-3117.954520821574,855.8290588032456],"size":[82,26],"flags":{},"order":77,"mode":0,"inputs":[{"name":"","type":"*","link":872,"label":""}],"outputs":[{"name":"IMAGE","type":"IMAGE","links":[1025],"slot_index":0,"label":"IMAGE"}],"properties":{"showOutputText":true,"horizontal":false}},{"id":302,"type":"Reroute","pos":[-3107.954520821574,895.8290588032463],"size":[75,26],"flags":{},"order":58,"mode":0,"inputs":[{"name":"","type":"*","link":695,"label":"","widget":{"name":"value"}}],"outputs":[{"name":"INT","type":"INT","links":[579],"slot_index":0,"label":"INT"}],"properties":{"showOutputText":true,"horizontal":false}},{"id":303,"type":"Reroute","pos":[-3107.954520821574,935.8290588032459],"size":[75,26],"flags":{},"order":64,"mode":0,"inputs":[{"name":"","type":"*","link":696,"label":"","widget":{"name":"value"}}],"outputs":[{"name":"INT","type":"INT","links":[580],"slot_index":0,"label":"INT"}],"properties":{"showOutputText":true,"horizontal":false}},{"id":282,"type":"Reroute","pos":[-3107.954520821574,965.8290588032456],"size":[82,26],"flags":{},"order":50,"mode":0,"inputs":[{"name":"","type":"*","link":669,"label":""}],"outputs":[{"name":"IMAGE","type":"IMAGE","links":[513],"slot_index":0,"label":"IMAGE"}],"properties":{"showOutputText":true,"horizontal":false}},{"id":755,"type":"ImageScale","pos":[314.08068866989277,801.6965471435203],"size":{"0":320,"1":130},"flags":{},"order":112,"mode":0,"inputs":[{"name":"image","type":"IMAGE","link":1710,"label":"图像"},{"name":"width","type":"INT","link":1706,"widget":{"name":"width"},"label":"宽度"},{"name":"height","type":"INT","link":1707,"widget":{"name":"height"},"label":"高度"}],"outputs":[{"name":"IMAGE","type":"IMAGE","links":[1708],"shape":3,"label":"图像","slot_index":0}],"properties":{"Node name for S&R":"ImageScale"},"widgets_values":["nearest-exact",512,512,"disabled"]},{"id":367,"type":"Reroute","pos":[-1920,-640],"size":[75,26],"flags":{},"order":36,"mode":0,"inputs":[{"name":"","type":"*","link":1266,"label":""}],"outputs":[{"name":"","type":"IMAGE","links":[1247],"slot_index":0,"label":""}],"properties":{"showOutputText":false,"horizontal":false}},{"id":802,"type":"Reroute","pos":[1798.8713465629958,-293.69883065111424],"size":[75,26],"flags":{},"order":48,"mode":0,"inputs":[{"name":"","type":"*","link":1793,"widget":{"name":"value"}}],"outputs":[{"name":"","type":"BOOLEAN","links":[1809],"slot_index":0}],"properties":{"showOutputText":false,"horizontal":false}},{"id":823,"type":"Reroute","pos":[1798.8713465629958,-323.69883065111435],"size":[75,26],"flags":{},"order":40,"mode":0,"inputs":[{"name":"","type":"*","link":1829,"widget":{"name":"value"}}],"outputs":[{"name":"","type":"INT","links":[1832],"slot_index":0}],"properties":{"showOutputText":false,"horizontal":false}},{"id":200,"type":"Reroute","pos":[1798.8713465629958,-373.69883065111424],"size":[82,26],"flags":{},"order":71,"mode":0,"inputs":[{"name":"","type":"*","link":864,"label":""}],"outputs":[{"name":"IMAGE","type":"IMAGE","links":[881],"slot_index":0,"label":"IMAGE"}],"properties":{"showOutputText":true,"horizontal":false}},{"id":253,"type":"Reroute","pos":[-1640.2745850580438,-263.8378601675078],"size":[75,26],"flags":{},"order":68,"mode":0,"inputs":[{"name":"","type":"*","link":1996,"label":"","widget":{"name":"value"}}],"outputs":[{"name":"INT","type":"INT","links":[702],"slot_index":0,"label":"INT"}],"properties":{"showOutputText":true,"horizontal":false}},{"id":252,"type":"Reroute","pos":[-1650.2745850580438,-313.8378601675078],"size":[75,26],"flags":{},"order":61,"mode":0,"inputs":[{"name":"","type":"*","link":1997,"label":"","widget":{"name":"value"}}],"outputs":[{"name":"INT","type":"INT","links":[701],"slot_index":0,"label":"INT"}],"properties":{"showOutputText":true,"horizontal":false}},{"id":717,"type":"Pack SDXL Tuple","pos":[4400.219229376635,541.9660976978431],"size":{"0":342.5999755859375,"1":166},"flags":{"collapsed":true},"order":120,"mode":0,"inputs":[{"name":"base_model","type":"MODEL","link":1969,"label":"模型","slot_index":0},{"name":"base_clip","type":"CLIP","link":1632,"label":"CLIP"},{"name":"base_positive","type":"CONDITIONING","link":1639,"label":"正面条件"},{"name":"base_negative","type":"CONDITIONING","link":1640,"label":"负面条件"},{"name":"refiner_model","type":"MODEL","link":1635,"label":"模型(Refiner)"},{"name":"refiner_clip","type":"CLIP","link":1636,"label":"CLIP(Refiner)"},{"name":"refiner_positive","type":"CONDITIONING","link":1637,"label":"正面条件(Refiner)"},{"name":"refiner_negative","type":"CONDITIONING","link":1638,"label":"负面条件(Refiner)"}],"outputs":[{"name":"SDXL_TUPLE","type":"SDXL_TUPLE","links":[1630],"shape":3,"label":"SDXL元组"}],"properties":{"Node name for S&R":"Pack SDXL Tuple"},"shape":1},{"id":902,"type":"PerturbedAttentionGuidance","pos":[3908.0638875693376,-653.0081726644848],"size":{"0":315,"1":58},"flags":{"collapsed":true},"order":3,"mode":0,"inputs":[{"name":"model","type":"MODEL","link":null,"label":"模型"}],"outputs":[{"name":"MODEL","type":"MODEL","links":[],"shape":3,"label":"模型","slot_index":0}],"properties":{"Node name for S&R":"PerturbedAttentionGuidance"},"widgets_values":[3]},{"id":197,"type":"Reroute","pos":[1781.9369736509746,-517.7579978340889],"size":[82,26],"flags":{},"order":128,"mode":0,"inputs":[{"name":"","type":"*","link":1973,"label":""}],"outputs":[{"name":"IMAGE","type":"IMAGE","links":[1869],"slot_index":0,"label":"IMAGE"}],"properties":{"showOutputText":true,"horizontal":false}},{"id":251,"type":"Reroute","pos":[-1620.2745850580436,-63.83786016750748],"size":[75,26],"flags":{},"order":91,"mode":0,"inputs":[{"name":"","type":"*","link":479,"label":""}],"outputs":[{"name":"","type":"CONTROL_NET_STACK","links":[465],"label":""}],"properties":{"showOutputText":false,"horizontal":false}},{"id":897,"type":"CLIPTextEncode","pos":[395.09841498174393,-292.39886017320714],"size":{"0":400,"1":200},"flags":{"collapsed":true},"order":34,"mode":0,"inputs":[{"name":"clip","type":"CLIP","link":1963,"label":"CLIP"},{"name":"text","type":"STRING","link":1975,"widget":{"name":"text"},"label":"文本"}],"outputs":[{"name":"CONDITIONING","type":"CONDITIONING","links":[1965],"shape":3,"label":"条件","slot_index":0}],"properties":{"Node name for S&R":"CLIPTextEncode"},"widgets_values":[""]},{"id":904,"type":"Reroute","pos":[75.09841498174531,-262.39886017320725],"size":[75,26],"flags":{},"order":31,"mode":0,"inputs":[{"name":"","type":"*","link":2034,"widget":{"name":"value"}}],"outputs":[{"name":"","type":"STRING","links":[1975],"slot_index":0}],"properties":{"showOutputText":false,"horizontal":false}},{"id":905,"type":"Reroute","pos":[115.09841498174522,-132.39886017320737],"size":[75,26],"flags":{},"order":25,"mode":0,"inputs":[{"name":"","type":"*","link":1976,"widget":{"name":"value"}}],"outputs":[{"name":"","type":"STRING","links":[1977],"slot_index":0}],"properties":{"showOutputText":false,"horizontal":false}},{"id":898,"type":"CLIPTextEncode","pos":[405.0984149817437,-222.39886017320728],"size":{"0":400,"1":200},"flags":{"collapsed":true},"order":29,"mode":0,"inputs":[{"name":"clip","type":"CLIP","link":1964,"label":"CLIP"},{"name":"text","type":"STRING","link":1977,"widget":{"name":"text"},"label":"文本"}],"outputs":[{"name":"CONDITIONING","type":"CONDITIONING","links":[1966],"shape":3,"label":"条件","slot_index":0}],"properties":{"Node name for S&R":"CLIPTextEncode"},"widgets_values":[""]},{"id":894,"type":"CheckpointLoaderSimple","pos":[-34.90158501825495,-482.39886017320737],"size":{"0":315,"1":98},"flags":{},"order":4,"mode":0,"outputs":[{"name":"MODEL","type":"MODEL","links":[1970],"shape":3,"label":"模型","slot_index":0},{"name":"CLIP","type":"CLIP","links":[1963,1964],"shape":3,"label":"CLIP","slot_index":1},{"name":"VAE","type":"VAE","links":[1960,1978],"shape":3,"label":"VAE","slot_index":2}],"properties":{"Node name for S&R":"CheckpointLoaderSimple"},"widgets_values":["sdxl/sd_xl_refiner_1.0.safetensors"]},{"id":556,"type":"Reroute","pos":[-1643.8729816416392,-107.17606899607239],"size":[75,26],"flags":{},"order":17,"mode":0,"inputs":[{"name":"","type":"*","link":1326,"widget":{"name":"value"}}],"outputs":[{"name":"","type":"STRING","links":[1327,1586,1976],"slot_index":0}],"properties":{"showOutputText":false,"horizontal":false}},{"id":278,"type":"Reroute","pos":[-1224.8601835078582,1187.754895340759],"size":[82,26],"flags":{},"order":85,"mode":0,"inputs":[{"name":"","type":"*","link":659,"label":""}],"outputs":[{"name":"IMAGE","type":"IMAGE","links":[504],"slot_index":0,"label":"IMAGE"}],"properties":{"showOutputText":true,"horizontal":false}},{"id":379,"type":"Reroute","pos":[-3097.0262020995888,1008.7089185664862],"size":[75,26],"flags":{},"order":76,"mode":0,"inputs":[{"name":"","type":"*","link":870,"label":""}],"outputs":[{"name":"","type":"IMAGE","links":[871],"slot_index":0,"label":""}],"properties":{"showOutputText":false,"horizontal":false}},{"id":731,"type":"AIO_Preprocessor","pos":[-385.3300431468119,514.8545130302458],"size":{"0":315,"1":82},"flags":{},"order":109,"mode":0,"inputs":[{"name":"image","type":"IMAGE","link":1665,"label":"图像"}],"outputs":[{"name":"IMAGE","type":"IMAGE","links":[1693],"shape":3,"label":"图像","slot_index":0}],"properties":{"Node name for S&R":"AIO_Preprocessor"},"widgets_values":["AnyLineArtPreprocessor_aux",768]},{"id":748,"type":"ImageScale","pos":[334.66995685319137,514.8545130302458],"size":{"0":320,"1":130},"flags":{},"order":111,"mode":0,"inputs":[{"name":"image","type":"IMAGE","link":1693,"label":"图像"},{"name":"width","type":"INT","link":1701,"widget":{"name":"width"},"label":"宽度"},{"name":"height","type":"INT","link":1702,"widget":{"name":"height"},"label":"高度"}],"outputs":[{"name":"IMAGE","type":"IMAGE","links":[1695],"shape":3,"label":"图像","slot_index":0}],"properties":{"Node name for S&R":"ImageScale"},"widgets_values":["nearest-exact",512,512,"disabled"]},{"id":750,"type":"ImageCompositedMaskedWeight","pos":[834.6699568531898,524.8545130302459],"size":{"0":315,"1":78},"flags":{},"order":113,"mode":0,"inputs":[{"name":"source","type":"IMAGE","link":1695,"label":"source"},{"name":"mask","type":"IMAGE","link":1696,"label":"mask"}],"outputs":[{"name":"IMAGE","type":"IMAGE","links":[],"shape":3,"label":"IMAGE","slot_index":0}],"properties":{"Node name for S&R":"ImageCompositedMaskedWeight"},"widgets_values":[0]},{"id":900,"type":"PerturbedAttentionGuidance","pos":[431.04152109960063,-519.9914729338559],"size":{"0":315,"1":58},"flags":{"collapsed":true},"order":18,"mode":0,"inputs":[{"name":"model","type":"MODEL","link":1970,"label":"模型"}],"outputs":[{"name":"MODEL","type":"MODEL","links":[1971],"shape":3,"label":"模型","slot_index":0}],"properties":{"Node name for S&R":"PerturbedAttentionGuidance"},"widgets_values":[3]},{"id":756,"type":"ImageCompositedMaskedWeight","pos":[904.6699568531898,724.8545130302467],"size":{"0":315,"1":78},"flags":{},"order":114,"mode":0,"inputs":[{"name":"source","type":"IMAGE","link":1708,"label":"source"},{"name":"mask","type":"IMAGE","link":1709,"label":"mask"}],"outputs":[{"name":"IMAGE","type":"IMAGE","links":[1712],"shape":3,"label":"IMAGE","slot_index":0}],"properties":{"Node name for S&R":"ImageCompositedMaskedWeight"},"widgets_values":[0]},{"id":754,"type":"AIO_Preprocessor","pos":[-375.33004314681176,824.854513030247],"size":{"0":315,"1":82},"flags":{},"order":110,"mode":0,"inputs":[{"name":"image","type":"IMAGE","link":1704,"label":"图像"}],"outputs":[{"name":"IMAGE","type":"IMAGE","links":[1710],"shape":3,"label":"图像","slot_index":0}],"properties":{"Node name for S&R":"AIO_Preprocessor"},"widgets_values":["DepthAnythingV2Preprocessor",768]},{"id":929,"type":"Reroute","pos":[-1641.7888121276767,-217.94464853203627],"size":[75,26],"flags":{},"order":22,"mode":0,"inputs":[{"name":"","type":"*","link":2031}],"outputs":[{"name":"","type":"STRING","links":[],"slot_index":0}],"properties":{"showOutputText":false,"horizontal":false}},{"id":607,"type":"Note","pos":[-1673.8729816416385,-567.1760689960721],"size":{"0":210,"1":58},"flags":{},"order":5,"mode":0,"properties":{"text":""},"widgets_values":["头部灰度填充图"],"color":"#432","bgcolor":"#653"},{"id":288,"type":"Reroute","pos":[-1910,-680],"size":[90.4,26],"flags":{},"order":27,"mode":0,"inputs":[{"name":"","type":"*","link":1006,"label":"","widget":{"name":"value"}}],"outputs":[{"name":"STRING","type":"STRING","links":[1537,2034,2053],"slot_index":0,"label":"STRING"}],"properties":{"showOutputText":true,"horizontal":false}},{"id":842,"type":"Load Image From Url","pos":[-3830,-670],"size":{"0":400,"1":200},"flags":{},"order":6,"mode":0,"outputs":[{"name":"IMAGE","type":"IMAGE","links":[],"shape":3,"label":"IMAGE","slot_index":0},{"name":"MASK","type":"MASK","links":null,"shape":3,"label":"MASK"}],"properties":{"Node name for S&R":"Load Image From Url"},"widgets_values":["http://snapme-zh.oss-cn-hangzhou.aliyuncs.com/comfyui/0715comfy_idphoto/20240715-10c0a956-4283-11ef-92ec-3cecefbbea27.png?OSSAccessKeyId=LTAI5tK1697ReEg87k2WPQJk&Expires=1721665377&Signature=g4tHhX0eDWuw5TZ3oNTEQe%2BMgx4%3D"]},{"id":219,"type":"Reroute","pos":[-3020,-370],"size":[75,26],"flags":{},"order":28,"mode":0,"inputs":[{"name":"","type":"*","link":2056,"label":"","slot_index":0}],"outputs":[{"name":"","type":"IMAGE","links":[1251,1713],"slot_index":0,"label":""}],"properties":{"showOutputText":false,"horizontal":false}},{"id":939,"type":"Reroute","pos":[-1780,-970],"size":[75,26],"flags":{},"order":23,"mode":0,"inputs":[{"name":"","type":"*","link":2057,"slot_index":0}],"outputs":[{"name":"","type":"IMAGE","links":[2056]}],"properties":{"showOutputText":false,"horizontal":false}},{"id":907,"type":"Reroute","pos":[-909.8065138493366,-1195.686489853506],"size":[75,26],"flags":{},"order":107,"mode":0,"inputs":[{"name":"","type":"*","link":1979}],"outputs":[{"name":"","type":"IMAGE","links":[2064],"slot_index":0}],"properties":{"showOutputText":false,"horizontal":false}},{"id":909,"type":"Reroute","pos":[-907.6429461597904,-1118.285569551598],"size":[75,26],"flags":{},"order":122,"mode":0,"inputs":[{"name":"","type":"*","link":1985}],"outputs":[{"name":"","type":"IMAGE","links":[2065,2066],"slot_index":0}],"properties":{"showOutputText":false,"horizontal":false}},{"id":908,"type":"Reroute","pos":[-907.6429461597904,-1048.2855695515982],"size":[75,26],"flags":{},"order":129,"mode":0,"inputs":[{"name":"","type":"*","link":1981}],"outputs":[{"name":"","type":"IMAGE","links":[2067,2068],"slot_index":0}],"properties":{"showOutputText":false,"horizontal":false}},{"id":954,"type":"Reroute","pos":[-3149.608063681658,685.6182059368982],"size":[75,26],"flags":{},"order":45,"mode":0,"inputs":[{"name":"","type":"*","link":2075}],"outputs":[{"name":"","type":"IMAGE","links":[],"slot_index":0}],"properties":{"showOutputText":false,"horizontal":false}},{"id":956,"type":"Reroute","pos":[2270,1670],"size":[75,26],"flags":{},"order":20,"mode":0,"inputs":[{"name":"","type":"*","link":2082}],"outputs":[{"name":"","type":"*","links":[],"slot_index":0}],"properties":{"showOutputText":false,"horizontal":false}},{"id":307,"type":"ImageResize+","pos":[-2623.1954401341254,877.1972084767353],"size":{"0":315,"1":218},"flags":{"collapsed":true},"order":74,"mode":0,"inputs":[{"name":"image","type":"IMAGE","link":762,"label":"图像"},{"name":"width","type":"INT","link":579,"widget":{"name":"width"},"label":"宽度"},{"name":"height","type":"INT","link":580,"widget":{"name":"height"},"label":"高度"}],"outputs":[{"name":"IMAGE","type":"IMAGE","links":[910],"shape":3,"label":"图像","slot_index":0},{"name":"width","type":"INT","links":null,"shape":3,"label":"宽度"},{"name":"height","type":"INT","links":null,"shape":3,"label":"高度"}],"properties":{"Node name for S&R":"ImageResize+"},"widgets_values":[768,1024,"nearest",false,"always",0]},{"id":309,"type":"ImageCompositedMaskedWeight","pos":[-2283.195440134124,847.1972084767353],"size":{"0":315,"1":78},"flags":{},"order":81,"mode":0,"inputs":[{"name":"source","type":"IMAGE","link":910,"label":"source"},{"name":"mask","type":"IMAGE","link":1025,"label":"mask"}],"outputs":[{"name":"IMAGE","type":"IMAGE","links":[659],"shape":3,"label":"IMAGE","slot_index":0}],"properties":{"Node name for S&R":"ImageCompositedMaskedWeight"},"widgets_values":[0.1]},{"id":228,"type":"ImageResize+","pos":[-2570,1300],"size":{"0":315,"1":218},"flags":{"collapsed":true},"order":75,"mode":0,"inputs":[{"name":"image","type":"IMAGE","link":429,"label":"图像"},{"name":"width","type":"INT","link":517,"widget":{"name":"width"},"label":"宽度"},{"name":"height","type":"INT","link":518,"widget":{"name":"height"},"label":"高度"}],"outputs":[{"name":"IMAGE","type":"IMAGE","links":[430],"shape":3,"label":"图像","slot_index":0},{"name":"width","type":"INT","links":null,"shape":3,"label":"宽度"},{"name":"height","type":"INT","links":null,"shape":3,"label":"高度"}],"properties":{"Node name for S&R":"ImageResize+"},"widgets_values":[768,1024,"nearest",false,"always",0]},{"id":223,"type":"ImageCompositedMaskedWeight","pos":[-2310,1230],"size":{"0":315,"1":78},"flags":{},"order":80,"mode":0,"inputs":[{"name":"source","type":"IMAGE","link":430,"label":"source"},{"name":"mask","type":"IMAGE","link":871,"label":"mask"}],"outputs":[{"name":"IMAGE","type":"IMAGE","links":[492],"shape":3,"label":"IMAGE","slot_index":0}],"properties":{"Node name for S&R":"ImageCompositedMaskedWeight"},"widgets_values":[0.1]},{"id":274,"type":"Reroute","pos":[-1970,1220],"size":[82,26],"flags":{},"order":84,"mode":0,"inputs":[{"name":"","type":"*","link":492,"label":""}],"outputs":[{"name":"IMAGE","type":"IMAGE","links":[2000],"slot_index":0,"label":"IMAGE"}],"properties":{"showOutputText":true,"horizontal":false}},{"id":889,"type":"Reroute","pos":[-1867.5294808466572,1540.3923434350775],"size":[75,26],"flags":{},"order":72,"mode":0,"inputs":[{"name":"","type":"*","link":1949}],"outputs":[{"name":"","type":"IMAGE","links":[1950,1952,1953],"slot_index":0}],"properties":{"showOutputText":false,"horizontal":false}},{"id":353,"type":"AnyLineArtPreprocessor_aux","pos":[-2840,880],"size":{"0":315,"1":178},"flags":{"collapsed":true},"order":57,"mode":0,"inputs":[{"name":"image","type":"IMAGE","link":761,"label":"图像"}],"outputs":[{"name":"image","type":"IMAGE","links":[762],"shape":3,"label":"图像","slot_index":0}],"properties":{"Node name for S&R":"AnyLineArtPreprocessor_aux"},"widgets_values":["lineart_standard",768,0,1,36,1]},{"id":218,"type":"AIO_Preprocessor","pos":[-2860,1180],"size":{"0":315,"1":82},"flags":{"collapsed":true},"order":56,"mode":0,"inputs":[{"name":"image","type":"IMAGE","link":513,"label":"图像"}],"outputs":[{"name":"IMAGE","type":"IMAGE","links":[429],"shape":3,"label":"图像","slot_index":0}],"properties":{"Node name for S&R":"AIO_Preprocessor"},"widgets_values":["DepthAnythingV2Preprocessor",768]},{"id":881,"type":"Note","pos":[-2790.734646806534,688.6308310359033],"size":{"0":210,"1":58},"flags":{},"order":7,"mode":0,"properties":{"text":""},"widgets_values":["头部掩码与脸部掩码混合，仅保留脸部掩码，削弱头发掩码"],"color":"#432","bgcolor":"#653"},{"id":886,"type":"Note","pos":[845.3675191608567,418.6978979116398],"size":{"0":210,"1":58},"flags":{},"order":8,"mode":0,"properties":{"text":""},"widgets_values":["仅保留头部的canny"],"color":"#432","bgcolor":"#653"},{"id":634,"type":"Unpack SDXL Tuple","pos":[-1041.7888121276746,-377.94464853203584],"size":{"0":405.5999755859375,"1":166},"flags":{"collapsed":true},"order":99,"mode":0,"inputs":[{"name":"sdxl_tuple","type":"SDXL_TUPLE","link":1486,"label":"SDXL元组"}],"outputs":[{"name":"BASE_MODEL","type":"MODEL","links":[2070],"shape":3,"label":"模型","slot_index":0},{"name":"BASE_CLIP","type":"CLIP","links":[1490],"shape":3,"label":"CLIP","slot_index":1},{"name":"BASE_CONDITIONING+","type":"CONDITIONING","links":[1491],"shape":3,"label":"正面条件","slot_index":2},{"name":"BASE_CONDITIONING-","type":"CONDITIONING","links":[1492],"shape":3,"label":"负面条件","slot_index":3},{"name":"REFINER_MODEL","type":"MODEL","links":[1493],"shape":3,"label":"模型(Refiner)","slot_index":4},{"name":"REFINER_CLIP","type":"CLIP","links":[1494],"shape":3,"label":"CLIP(Refiner)","slot_index":5},{"name":"REFINER_CONDITIONING+","type":"CONDITIONING","links":[1495],"shape":3,"label":"正面条件(Refiner)","slot_index":6},{"name":"REFINER_CONDITIONING-","type":"CONDITIONING","links":[1496],"shape":3,"label":"负面条件(Refiner)","slot_index":7}],"properties":{"Node name for S&R":"Unpack SDXL Tuple"},"shape":1},{"id":851,"type":"Reroute","pos":[-1650,-700],"size":[124,26],"flags":{},"order":19,"mode":0,"inputs":[{"name":"","type":"*","link":1880}],"outputs":[{"name":"LORA_STACK","type":"LORA_STACK","links":[1881,2086],"slot_index":0}],"properties":{"showOutputText":true,"horizontal":false}},{"id":524,"type":"SetLatentNoiseMask","pos":[-721.0273415036419,-496.3734487274896],"size":{"0":210,"1":46},"flags":{},"order":103,"mode":0,"inputs":[{"name":"samples","type":"LATENT","link":1271,"label":"Latent"},{"name":"mask","type":"MASK","link":1954,"label":"遮罩"}],"outputs":[{"name":"LATENT","type":"LATENT","links":[1368],"shape":3,"label":"Latent","slot_index":0}],"properties":{"Node name for S&R":"SetLatentNoiseMask"}},{"id":961,"type":"Reroute","pos":[2720,-670],"size":[75,26],"flags":{},"order":26,"mode":0,"inputs":[{"name":"","type":"*","link":2086}],"outputs":[{"name":"","type":"LORA_STACK","links":[2087],"slot_index":0}],"properties":{"showOutputText":false,"horizontal":false}},{"id":541,"type":"Reroute","pos":[2261.6605140593174,471.26155776048904],"size":[90.4,26],"flags":{},"order":30,"mode":0,"inputs":[{"name":"","type":"*","link":1537,"widget":{"name":"value"}}],"outputs":[{"name":"STRING","type":"STRING","links":[1585],"slot_index":0}],"properties":{"showOutputText":true,"horizontal":false}},{"id":694,"type":"Reroute","pos":[2251.6605140593174,521.261557760489],"size":[90.4,26],"flags":{},"order":24,"mode":0,"inputs":[{"name":"","type":"*","link":1586,"widget":{"name":"value"}}],"outputs":[{"name":"STRING","type":"STRING","links":[1587],"slot_index":0}],"properties":{"showOutputText":true,"horizontal":false}},{"id":635,"type":"Pack SDXL Tuple","pos":[-771.0273415036417,-376.37344872748935],"size":{"0":342.5999755859375,"1":166},"flags":{"collapsed":true},"order":104,"mode":0,"inputs":[{"name":"base_model","type":"MODEL","link":2071,"label":"模型"},{"name":"base_clip","type":"CLIP","link":1490,"label":"CLIP"},{"name":"base_positive","type":"CONDITIONING","link":1491,"label":"正面条件"},{"name":"base_negative","type":"CONDITIONING","link":1492,"label":"负面条件"},{"name":"refiner_model","type":"MODEL","link":1493,"label":"模型(Refiner)"},{"name":"refiner_clip","type":"CLIP","link":1494,"label":"CLIP(Refiner)"},{"name":"refiner_positive","type":"CONDITIONING","link":1495,"label":"正面条件(Refiner)"},{"name":"refiner_negative","type":"CONDITIONING","link":1496,"label":"负面条件(Refiner)"}],"outputs":[{"name":"SDXL_TUPLE","type":"SDXL_TUPLE","links":[1488],"shape":3,"label":"SDXL元组"}],"properties":{"Node name for S&R":"Pack SDXL Tuple"},"shape":1},{"id":950,"type":"PerturbedAttentionGuidance","pos":[-991.0273415036407,-246.3734487274894],"size":{"0":315,"1":58},"flags":{},"order":102,"mode":0,"inputs":[{"name":"model","type":"MODEL","link":2070,"label":"模型"}],"outputs":[{"name":"MODEL","type":"MODEL","links":[2071],"shape":3,"label":"模型","slot_index":0}],"properties":{"Node name for S&R":"PerturbedAttentionGuidance"},"widgets_values":[3]},{"id":910,"type":"Reroute","pos":[-907.6429461597904,-998.2855695515983],"size":[75,26],"flags":{},"order":133,"mode":0,"inputs":[{"name":"","type":"*","link":1992}],"outputs":[{"name":"","type":"IMAGE","links":[2069],"slot_index":0}],"properties":{"showOutputText":false,"horizontal":false}},{"id":714,"type":"CR LoRA Stack","pos":[-2360,-1590],"size":{"0":315,"1":342},"flags":{"collapsed":false},"order":9,"mode":0,"inputs":[{"name":"lora_stack","type":"LORA_STACK","link":null,"label":"LoRA堆"}],"outputs":[{"name":"LORA_STACK","type":"LORA_STACK","links":[1880],"shape":3,"slot_index":0},{"name":"show_help","type":"STRING","links":null,"shape":3}],"properties":{"Node name for S&R":"CR LoRA Stack"},"widgets_values":["On","train_lora/Leisure Suit/snap_blue_suit_v5.safetensors",1,1,"Off","None",1,1,"Off","None",1,1]},{"id":968,"type":"Image Comparer (rgthree)","pos":{"0":1520,"1":-1730,"2":0,"3":0,"4":0,"5":0,"6":0,"7":0,"8":0,"9":0},"size":{"0":810,"1":1070},"flags":{},"order":136,"mode":0,"inputs":[{"name":"image_a","type":"IMAGE","link":2097,"label":"图像_A","dir":3},{"name":"image_b","type":"IMAGE","link":2096,"label":"图像_B","dir":3}],"outputs":[],"properties":{"comparer_mode":"Slide"},"widgets_values":[["/view?filename=rgthree.compare._temp_yatox_00191_.png&type=temp&subfolder=&rand=0.11686589789348245","/view?filename=rgthree.compare._temp_yatox_00192_.png&type=temp&subfolder=&rand=0.8372307253101412"]]},{"id":620,"type":"Reroute","pos":[-2410,-550],"size":[75,26],"flags":{},"order":42,"mode":0,"inputs":[{"name":"","type":"*","link":1721}],"outputs":[{"name":"","type":"IMAGE","links":[],"slot_index":0}],"properties":{"showOutputText":false,"horizontal":false}},{"id":688,"type":"Eff. Loader SDXL","pos":[3160.461173239005,860.4613868620515],"size":{"0":400,"1":460},"flags":{},"order":116,"mode":0,"inputs":[{"name":"lora_stack","type":"LORA_STACK","link":2087,"label":"LoRA堆","slot_index":0},{"name":"cnet_stack","type":"CONTROL_NET_STACK","link":1663,"label":"ControlNet堆","slot_index":1},{"name":"empty_latent_width","type":"INT","link":1931,"widget":{"name":"empty_latent_width"},"label":"宽度"},{"name":"empty_latent_height","type":"INT","link":1932,"widget":{"name":"empty_latent_height"},"label":"高度"},{"name":"positive","type":"STRING","link":1585,"widget":{"name":"positive"},"label":"正面条件"},{"name":"negative","type":"STRING","link":1587,"widget":{"name":"negative"},"label":"负面条件"}],"outputs":[{"name":"SDXL_TUPLE","type":"SDXL_TUPLE","links":[1629],"shape":3,"label":"SDXL元组","slot_index":0},{"name":"LATENT","type":"LATENT","links":[],"shape":3,"label":"Latent","slot_index":1},{"name":"VAE","type":"VAE","links":[1624,1628],"shape":3,"label":"VAE","slot_index":2},{"name":"DEPENDENCIES","type":"DEPENDENCIES","links":null,"shape":3,"label":"依赖"}],"properties":{"Node name for S&R":"Eff. Loader SDXL"},"widgets_values":["sdxl/dreamshaperXL_v21TurboDPMSDE.safetensors",-1,"None",-2,6,2,"sdxl-vae-fp16-fix.safetensors","CLIP_POSITIVE","CLIP_NEGATIVE","none","comfy",1024,1024,1],"color":"#443322","bgcolor":"#665533","shape":1},{"id":965,"type":"Film Grain","pos":[1980,-190],"size":{"0":315,"1":178},"flags":{},"order":134,"mode":0,"inputs":[{"name":"image","type":"IMAGE","link":2092,"label":"image"}],"outputs":[{"name":"IMAGE","type":"IMAGE","links":[2096],"shape":3,"label":"IMAGE","slot_index":0}],"properties":{"Node name for S&R":"Film Grain"},"widgets_values":[0.3,0.3,0.4,0,256102181382806,"randomize"]},{"id":844,"type":"Save Image To OSS And Display","pos":[2470,-400],"size":{"0":315,"1":58},"flags":{},"order":132,"mode":0,"inputs":[{"name":"images","type":"IMAGE","link":1873,"label":"images"}],"properties":{"Node name for S&R":"Save Image To OSS And Display"},"widgets_values":["comfyui"]},{"id":901,"type":"VAEDecode","pos":[1150.2104731715726,-419.1155403775689],"size":{"0":210,"1":46},"flags":{},"order":127,"mode":0,"inputs":[{"name":"samples","type":"LATENT","link":1972,"label":"Latent"},{"name":"vae","type":"VAE","link":1978,"label":"VAE"}],"outputs":[{"name":"IMAGE","type":"IMAGE","links":[1973,1981],"shape":3,"label":"图像","slot_index":0}],"properties":{"Node name for S&R":"VAEDecode"}},{"id":949,"type":"Image Comparer (rgthree)","pos":{"0":670,"1":-1720,"2":0,"3":0,"4":0,"5":0,"6":0,"7":0,"8":0,"9":0},"size":{"0":800,"1":1090},"flags":{},"order":135,"mode":0,"inputs":[{"name":"image_a","type":"IMAGE","link":2068,"label":"图像_A","dir":3},{"name":"image_b","type":"IMAGE","link":2069,"label":"图像_B","dir":3}],"outputs":[],"properties":{"comparer_mode":"Slide"},"widgets_values":[["/view?filename=rgthree.compare._temp_ketze_00191_.png&type=temp&subfolder=&rand=0.7455495088754174","/view?filename=rgthree.compare._temp_ketze_00192_.png&type=temp&subfolder=&rand=0.5919572824127644"]]},{"id":983,"type":"Reroute","pos":[100,-70],"size":[75,26],"flags":{},"order":123,"mode":0,"inputs":[{"name":"","type":"*","link":2117}],"outputs":[{"name":"","type":"IMAGE","links":[2118],"slot_index":0}],"properties":{"showOutputText":false,"horizontal":false}},{"id":382,"type":"Snapme ImgProcess Step3","pos":[1970,-480],"size":{"0":320,"1":230},"flags":{},"order":130,"mode":0,"inputs":[{"name":"image_res_1","type":"IMAGE","link":1869,"label":"image_res_1"},{"name":"face_mask","type":"IMAGE","link":2230,"label":"face_mask"},{"name":"control_mask_face","type":"IMAGE","link":1413,"label":"control_mask_face"},{"name":"face_image_pad","type":"IMAGE","link":881,"label":"face_image_pad"},{"name":"dilate_iter","type":"INT","link":1832,"widget":{"name":"dilate_iter"},"label":"dilate_iter","slot_index":4},{"name":"use_hair","type":"BOOLEAN","link":1809,"widget":{"name":"use_hair"},"label":"use_hair"}],"outputs":[{"name":"脸部回帖图","type":"IMAGE","links":[1873,1992,2092,2097],"shape":3,"label":"脸部回帖图","slot_index":0}],"properties":{"Node name for S&R":"Snapme ImgProcess Step3"},"widgets_values":[0,3,false,0,0,false]},{"id":715,"type":"INPAINT_VAEEncodeInpaintConditioning","pos":[4010,660],"size":{"0":292.20001220703125,"1":106},"flags":{},"order":119,"mode":0,"inputs":[{"name":"positive","type":"CONDITIONING","link":1633,"label":"正面条件"},{"name":"negative","type":"CONDITIONING","link":1634,"label":"负面条件"},{"name":"vae","type":"VAE","link":1628,"label":"VAE"},{"name":"pixels","type":"IMAGE","link":2191,"label":"图像"},{"name":"mask","type":"MASK","link":2226,"label":"遮罩"}],"outputs":[{"name":"positive","type":"CONDITIONING","links":[1639],"shape":3,"label":"正面条件","slot_index":0},{"name":"negative","type":"CONDITIONING","links":[1640],"shape":3,"label":"负面条件","slot_index":1},{"name":"latent_inpaint","type":"LATENT","links":null,"shape":3,"label":"局部重绘Latent"},{"name":"latent_samples","type":"LATENT","links":[1641],"shape":3,"label":"采样Latent","slot_index":3}],"properties":{"Node name for S&R":"INPAINT_VAEEncodeInpaintConditioning"}},{"id":895,"type":"VAEEncode","pos":[390,-400],"size":{"0":210,"1":46},"flags":{},"order":125,"mode":0,"inputs":[{"name":"pixels","type":"IMAGE","link":2118,"label":"图像"},{"name":"vae","type":"VAE","link":1960,"label":"VAE"}],"outputs":[{"name":"LATENT","type":"LATENT","links":[1962],"shape":3,"label":"Latent","slot_index":0}],"properties":{"Node name for S&R":"VAEEncode"}},{"id":699,"type":"KSampler SDXL (Eff.)","pos":[4400,720],"size":{"0":325,"1":334},"flags":{"collapsed":false},"order":121,"mode":0,"inputs":[{"name":"sdxl_tuple","type":"SDXL_TUPLE","link":1630,"label":"SDXL元组","slot_index":0},{"name":"latent_image","type":"LATENT","link":1641,"label":"Latent"},{"name":"optional_vae","type":"VAE","link":1624,"label":"VAE(可选)"},{"name":"script","type":"SCRIPT","link":null,"label":"脚本"}],"outputs":[{"name":"SDXL_TUPLE","type":"SDXL_TUPLE","links":[],"shape":3,"label":"SDXL元组","slot_index":0},{"name":"LATENT","type":"LATENT","links":[],"shape":3,"label":"Latent","slot_index":1},{"name":"VAE","type":"VAE","links":[],"shape":3,"label":"VAE","slot_index":2},{"name":"IMAGE","type":"IMAGE","links":[1985,2117],"shape":3,"label":"图像","slot_index":3}],"properties":{"Node name for S&R":"KSampler SDXL (Eff.)"},"widgets_values":[245215776937967,null,7,2,"dpmpp_sde","karras",0,-1,"none","true (tiled)"],"color":"#332222","bgcolor":"#553333","shape":1},{"id":985,"type":"Note","pos":[419.6308556306015,374.75086258491586],"size":{"0":210,"1":58},"flags":{},"order":10,"mode":0,"properties":{"text":""},"widgets_values":[""],"color":"#432","bgcolor":"#653"},{"id":948,"type":"Image Comparer (rgthree)","pos":{"0":20,"1":-1670,"2":0,"3":0,"4":0,"5":0,"6":0,"7":0,"8":0,"9":0},"size":{"0":640,"1":1040},"flags":{},"order":131,"mode":0,"inputs":[{"name":"image_a","type":"IMAGE","link":2066,"label":"图像_A","dir":3},{"name":"image_b","type":"IMAGE","link":2067,"label":"图像_B","dir":3}],"outputs":[],"properties":{"comparer_mode":"Slide"},"widgets_values":[["/view?filename=rgthree.compare._temp_sitpp_00191_.png&type=temp&subfolder=&rand=0.6126219443122618","/view?filename=rgthree.compare._temp_sitpp_00192_.png&type=temp&subfolder=&rand=0.691849936556286"]]},{"id":896,"type":"KSampler","pos":[685.0984149817434,-452.39886017320737],"size":{"0":315,"1":262},"flags":{},"order":126,"mode":0,"inputs":[{"name":"model","type":"MODEL","link":1971,"label":"模型"},{"name":"positive","type":"CONDITIONING","link":1965,"label":"正面条件"},{"name":"negative","type":"CONDITIONING","link":1966,"label":"负面条件"},{"name":"latent_image","type":"LATENT","link":1962,"label":"Latent"}],"outputs":[{"name":"LATENT","type":"LATENT","links":[1972],"shape":3,"label":"Latent","slot_index":0}],"properties":{"Node name for S&R":"KSampler"},"widgets_values":[716949134467615,"randomize",2,7,"dpmpp_sde","karras",0.2]},{"id":947,"type":"Image Comparer (rgthree)","pos":{"0":-700,"1":-1700,"2":0,"3":0,"4":0,"5":0,"6":0,"7":0,"8":0,"9":0},"size":{"0":670,"1":1020},"flags":{},"order":124,"mode":0,"inputs":[{"name":"image_a","type":"IMAGE","link":2064,"label":"图像_A","dir":3},{"name":"image_b","type":"IMAGE","link":2065,"label":"图像_B","dir":3}],"outputs":[],"properties":{"comparer_mode":"Slide"},"widgets_values":[["/view?filename=rgthree.compare._temp_gerrm_00111_.png&type=temp&subfolder=&rand=0.4031142687608966","/view?filename=rgthree.compare._temp_gerrm_00112_.png&type=temp&subfolder=&rand=0.7315893671527574"]]},{"id":368,"type":"Reroute","pos":[-2420,-220],"size":[75,26],"flags":{},"order":38,"mode":0,"inputs":[{"name":"","type":"*","link":1254,"label":""}],"outputs":[{"name":"","type":"IMAGE","links":[1497],"slot_index":0,"label":""}],"properties":{"showOutputText":false,"horizontal":false}},{"id":248,"type":"Reroute","pos":[-1620,-440],"size":[82,26],"flags":{},"order":53,"mode":0,"inputs":[{"name":"","type":"*","link":1247,"label":""}],"outputs":[{"name":"IMAGE","type":"IMAGE","links":[864],"slot_index":0,"label":"IMAGE"}],"properties":{"showOutputText":true,"horizontal":false}},{"id":277,"type":"Reroute","pos":[-1630,-400],"size":[75,26],"flags":{},"order":96,"mode":0,"inputs":[{"name":"","type":"*","link":1753,"label":""}],"outputs":[{"name":"MASK","type":"MASK","links":[1954],"slot_index":0,"label":"MASK"}],"properties":{"showOutputText":true,"horizontal":false}},{"id":240,"type":"Eff. Loader SDXL","pos":[-1440,-340],"size":{"0":400,"1":410},"flags":{},"order":94,"mode":0,"inputs":[{"name":"lora_stack","type":"LORA_STACK","link":1881,"label":"LoRA堆","slot_index":0},{"name":"cnet_stack","type":"CONTROL_NET_STACK","link":465,"label":"ControlNet堆","slot_index":1},{"name":"empty_latent_width","type":"INT","link":701,"widget":{"name":"empty_latent_width"},"label":"宽度","slot_index":2},{"name":"empty_latent_height","type":"INT","link":702,"widget":{"name":"empty_latent_height"},"label":"高度","slot_index":3},{"name":"positive","type":"STRING","link":2053,"widget":{"name":"positive"},"label":"正面条件","slot_index":4},{"name":"negative","type":"STRING","link":1327,"widget":{"name":"negative"},"label":"负面条件","slot_index":5}],"outputs":[{"name":"SDXL_TUPLE","type":"SDXL_TUPLE","links":[1486],"shape":3,"label":"SDXL元组","slot_index":0},{"name":"LATENT","type":"LATENT","links":[],"shape":3,"label":"Latent","slot_index":1},{"name":"VAE","type":"VAE","links":[459,1269],"shape":3,"label":"VAE","slot_index":2},{"name":"DEPENDENCIES","type":"DEPENDENCIES","links":null,"shape":3,"label":"依赖"}],"properties":{"Node name for S&R":"Eff. Loader SDXL"},"widgets_values":["sdxl/realvisxlV40_v40Bakedvae.safetensors",-1,"None",-2,6,2,"Baked VAE","CLIP_POSITIVE","embedding:negativeXL_D.safetensors, NSFW, worst quality, low quality, illustration, 3d, 2d, cartoon, painting, cartoons, sketch, open mouth, long neck, watermark, text, extra fingers, inverted nipple, busty, large breasts, ugly, disgusting","none","compel",1024,1024,1],"color":"#332233","bgcolor":"#553355","shape":1},{"id":749,"type":"Reroute","pos":[-1000,670],"size":[82,26],"flags":{},"order":47,"mode":0,"inputs":[{"name":"","type":"*","link":2007}],"outputs":[{"name":"IMAGE","type":"IMAGE","links":[1696,1709],"slot_index":0}],"properties":{"showOutputText":true,"horizontal":false}},{"id":752,"type":"Reroute","pos":[-970,740],"size":[75,26],"flags":{},"order":60,"mode":0,"inputs":[{"name":"","type":"*","link":1698,"widget":{"name":"value"}}],"outputs":[{"name":"INT","type":"INT","links":[1701,1706],"slot_index":0}],"properties":{"showOutputText":true,"horizontal":false}},{"id":753,"type":"Reroute","pos":[-970,810],"size":[75,26],"flags":{},"order":67,"mode":0,"inputs":[{"name":"","type":"*","link":1700,"widget":{"name":"value"}}],"outputs":[{"name":"INT","type":"INT","links":[1702,1707],"slot_index":0}],"properties":{"showOutputText":true,"horizontal":false}},{"id":730,"type":"Reroute","pos":[-1010,600],"size":[82,26],"flags":{},"order":106,"mode":0,"inputs":[{"name":"","type":"*","link":1664}],"outputs":[{"name":"IMAGE","type":"IMAGE","links":[1665,1704],"slot_index":0}],"properties":{"showOutputText":true,"horizontal":false}},{"id":518,"type":"AliSegBodyHead","pos":[-2900.6853339739196,-274.703021267443],"size":{"0":315,"1":206},"flags":{},"order":32,"mode":0,"inputs":[{"name":"images","type":"IMAGE","link":1251,"label":"images"},{"name":"prompt_cloth","type":"STRING","link":1252,"widget":{"name":"prompt_cloth"},"label":"prompt_cloth"},{"name":"prompt_background","type":"STRING","link":1253,"widget":{"name":"prompt_background"},"label":"prompt_background"}],"outputs":[{"name":"原图","type":"IMAGE","links":[1256],"shape":3,"label":"原图","slot_index":0},{"name":"head_gray","type":"IMAGE","links":[1266,2179],"shape":3,"label":"head_gray","slot_index":1},{"name":"head_mask","type":"IMAGE","links":[1254,1257],"shape":3,"label":"head_mask","slot_index":2},{"name":"人体mask","type":"IMAGE","links":[],"shape":3,"label":"人体mask","slot_index":3},{"name":"动态膨胀系数","type":"INT","links":[1829],"shape":3,"label":"动态膨胀系数","slot_index":4},{"name":"不保留头发","type":"BOOLEAN","links":[],"shape":3,"label":"不保留头发","slot_index":5}],"properties":{"Node name for S&R":"AliSegBodyHead"},"widgets_values":["","",false]},{"id":241,"type":"KSampler SDXL (Eff.)","pos":[-530,-370],"size":{"0":330,"1":540},"flags":{"collapsed":false},"order":105,"mode":0,"inputs":[{"name":"sdxl_tuple","type":"SDXL_TUPLE","link":1488,"label":"SDXL元组","slot_index":0},{"name":"latent_image","type":"LATENT","link":1368,"label":"Latent","slot_index":1},{"name":"optional_vae","type":"VAE","link":459,"label":"VAE(可选)"},{"name":"script","type":"SCRIPT","link":null,"label":"脚本"}],"outputs":[{"name":"SDXL_TUPLE","type":"SDXL_TUPLE","links":[],"shape":3,"label":"SDXL元组","slot_index":0},{"name":"LATENT","type":"LATENT","links":[],"shape":3,"label":"Latent","slot_index":1},{"name":"VAE","type":"VAE","links":[],"shape":3,"label":"VAE","slot_index":2},{"name":"IMAGE","type":"IMAGE","links":[1664,1979,2120],"shape":3,"label":"图像","slot_index":3}],"properties":{"Node name for S&R":"KSampler SDXL (Eff.)"},"widgets_values":[91657418773059,null,31,7.5,"dpmpp_sde","karras",0,-1,"none","true (tiled)"],"color":"#2a363b","bgcolor":"#3f5159","shape":1},{"id":523,"type":"VAEEncode","pos":[-950,-520],"size":{"0":210,"1":46},"flags":{},"order":100,"mode":0,"inputs":[{"name":"pixels","type":"IMAGE","link":2163,"label":"图像"},{"name":"vae","type":"VAE","link":1269,"label":"VAE"}],"outputs":[{"name":"LATENT","type":"LATENT","links":[1271],"shape":3,"label":"Latent","slot_index":0}],"properties":{"Node name for S&R":"VAEEncode"}},{"id":322,"type":"Reroute","pos":[-2380,-320],"size":[75,26],"flags":{},"order":35,"mode":0,"inputs":[{"name":"","type":"*","link":1256,"label":""}],"outputs":[{"name":"","type":"IMAGE","links":[657,669,740,814,2163],"slot_index":0,"label":""}],"properties":{"showOutputText":false,"horizontal":false}},{"id":1027,"type":"Reroute","pos":[2350,960],"size":[75,26],"flags":{},"order":37,"mode":0,"inputs":[{"name":"","type":"*","link":2179}],"outputs":[{"name":"","type":"IMAGE","links":[],"slot_index":0}],"properties":{"showOutputText":false,"horizontal":false}},{"id":977,"type":"Note","pos":[2260,880],"size":{"0":210,"1":58},"flags":{},"order":11,"mode":0,"properties":{"text":""},"widgets_values":["头像灰度图,不可用"],"color":"#432","bgcolor":"#653"},{"id":979,"type":"Note","pos":[2240,670],"size":{"0":210,"1":58},"flags":{},"order":12,"mode":0,"properties":{"text":""},"widgets_values":["第一次生成结果图，可用"],"color":"#432","bgcolor":"#653"},{"id":890,"type":"Note","pos":[2210,390],"size":{"0":210,"1":58},"flags":{},"order":13,"mode":0,"properties":{"text":""},"widgets_values":["正面提示词"],"color":"#432","bgcolor":"#653"},{"id":766,"type":"ImageToMask","pos":[-2220,410],"size":{"0":315,"1":58},"flags":{"collapsed":false},"order":90,"mode":0,"inputs":[{"name":"image","type":"IMAGE","link":2218,"label":"图像"}],"outputs":[{"name":"MASK","type":"MASK","links":[1938],"shape":3,"label":"遮罩","slot_index":0}],"properties":{"Node name for S&R":"ImageToMask"},"widgets_values":["red"]},{"id":1030,"type":"Reroute","pos":[-930,310],"size":[75,26],"flags":{},"order":97,"mode":0,"inputs":[{"name":"","type":"*","link":2185}],"outputs":[{"name":"","type":"MASK","links":[],"slot_index":0}],"properties":{"showOutputText":false,"horizontal":false}},{"id":1038,"type":"Reroute","pos":[2310,570],"size":[75,26],"flags":{},"order":62,"mode":0,"inputs":[{"name":"","type":"*","link":2199,"widget":{"name":"value"}}],"outputs":[{"name":"","type":"INT","links":[2200],"slot_index":0}],"properties":{"showOutputText":false,"horizontal":false}},{"id":1039,"type":"Reroute","pos":[2310,620],"size":[75,26],"flags":{},"order":69,"mode":0,"inputs":[{"name":"","type":"*","link":2198,"widget":{"name":"value"}}],"outputs":[{"name":"","type":"INT","links":[2201],"slot_index":0}],"properties":{"showOutputText":false,"horizontal":false}},{"id":984,"type":"Reroute","pos":[2310,770],"size":[75,26],"flags":{},"order":108,"mode":0,"inputs":[{"name":"","type":"*","link":2120}],"outputs":[{"name":"","type":"IMAGE","links":[2191],"slot_index":0}],"properties":{"showOutputText":false,"horizontal":false}},{"id":957,"type":"Reroute","pos":[-1850,1650],"size":[75,26],"flags":{},"order":14,"mode":0,"inputs":[{"name":"","type":"*","link":null}],"outputs":[{"name":"","type":"*","links":[2082],"slot_index":0}],"properties":{"showOutputText":false,"horizontal":false}},{"id":498,"type":"OpenposePreprocessor","pos":[-2927.5294808466565,1530.3923434350775],"size":{"0":315,"1":150},"flags":{"collapsed":false},"order":55,"mode":0,"inputs":[{"name":"image","type":"IMAGE","link":1279,"label":"图像"}],"outputs":[{"name":"IMAGE","type":"IMAGE","links":[1949,2205],"shape":3,"label":"图像","slot_index":0},{"name":"POSE_KEYPOINT","type":"POSE_KEYPOINT","links":null,"shape":3,"label":"姿态关键点"}],"properties":{"Node name for S&R":"OpenposePreprocessor"},"widgets_values":["enable","enable","disable",768]},{"id":1042,"type":"PreviewImage","pos":[-2324.4822405791006,1609.1687176773748],"size":{"0":210,"1":250},"flags":{},"order":73,"mode":0,"inputs":[{"name":"images","type":"IMAGE","link":2205,"label":"图像"}],"properties":{"Node name for S&R":"PreviewImage"}},{"id":1013,"type":"PreviewImage","pos":[-2450,-770],"size":{"0":210,"1":250},"flags":{},"order":41,"mode":0,"inputs":[{"name":"images","type":"IMAGE","link":2161,"label":"图像"}],"properties":{"Node name for S&R":"PreviewImage"}},{"id":333,"type":"Get resolution [Crystools]","pos":[-2150,-270],"size":{"0":210,"1":100},"flags":{"collapsed":false},"order":52,"mode":0,"inputs":[{"name":"image","type":"IMAGE","link":814,"label":"图像"}],"outputs":[{"name":"width","type":"INT","links":[695,697,868,1698,1931,1997,2199,2208],"shape":3,"label":"宽度","slot_index":0},{"name":"height","type":"INT","links":[696,698,869,1700,1932,1996,2198,2209],"shape":3,"label":"高度","slot_index":1}],"properties":{"Node name for S&R":"Get resolution [Crystools]"}},{"id":1046,"type":"Reroute","pos":[-3070,350],"size":[75,26],"flags":{},"order":63,"mode":0,"inputs":[{"name":"","type":"*","link":2208,"widget":{"name":"value"}}],"outputs":[{"name":"","type":"INT","links":[2210],"slot_index":0}],"properties":{"showOutputText":false,"horizontal":false}},{"id":1047,"type":"Reroute","pos":[-3050,400],"size":[75,26],"flags":{},"order":70,"mode":0,"inputs":[{"name":"","type":"*","link":2209,"widget":{"name":"value"}}],"outputs":[{"name":"","type":"INT","links":[2211],"slot_index":0}],"properties":{"showOutputText":false,"horizontal":false}},{"id":1044,"type":"SolidMask","pos":[-3080,560],"size":{"0":320,"1":110},"flags":{},"order":79,"mode":0,"inputs":[{"name":"width","type":"INT","link":2210,"widget":{"name":"width"},"label":"宽度"},{"name":"height","type":"INT","link":2211,"widget":{"name":"height"},"label":"高度"}],"outputs":[{"name":"MASK","type":"MASK","links":[2212],"shape":3,"label":"遮罩","slot_index":0}],"properties":{"Node name for S&R":"SolidMask"},"widgets_values":[1,512,512]},{"id":1048,"type":"MaskToImage","pos":[-2690,560],"size":{"0":210,"1":26},"flags":{},"order":83,"mode":0,"inputs":[{"name":"mask","type":"MASK","link":2212,"label":"遮罩"}],"outputs":[{"name":"IMAGE","type":"IMAGE","links":[2215],"shape":3,"label":"图像","slot_index":0}],"properties":{"Node name for S&R":"MaskToImage"}},{"id":880,"type":"Reroute","pos":[-3050,460],"size":[75,26],"flags":{},"order":44,"mode":0,"inputs":[{"name":"","type":"*","link":1941}],"outputs":[{"name":"","type":"IMAGE","links":[2216],"slot_index":0}],"properties":{"showOutputText":false,"horizontal":false}},{"id":1052,"type":"MaskToImage","pos":[-1310,260],"size":{"0":210,"1":26},"flags":{},"order":98,"mode":0,"inputs":[{"name":"mask","type":"MASK","link":2222,"label":"遮罩"}],"outputs":[{"name":"IMAGE","type":"IMAGE","links":[2221],"shape":3,"label":"图像","slot_index":0}],"properties":{"Node name for S&R":"MaskToImage"}},{"id":480,"type":"GrowMaskWithBlur","pos":[-1790,410],"size":{"0":320,"1":250},"flags":{"collapsed":false},"order":93,"mode":0,"inputs":[{"name":"mask","type":"MASK","link":1938,"label":"遮罩"}],"outputs":[{"name":"mask","type":"MASK","links":[1753,2185,2222],"shape":3,"label":"遮罩","slot_index":0},{"name":"mask_inverted","type":"MASK","links":[],"shape":3,"label":"反转遮罩","slot_index":1}],"properties":{"Node name for S&R":"GrowMaskWithBlur"},"widgets_values":[10,3,true,true,5,0.3,0.3,false]},{"id":1053,"type":"PreviewImage","pos":[-1040,430],"size":{"0":210,"1":250},"flags":{},"order":101,"mode":0,"inputs":[{"name":"images","type":"IMAGE","link":2221,"label":"图像"}],"properties":{"Node name for S&R":"PreviewImage"}},{"id":760,"type":"AliSegBodyHeadFace","pos":[-2893.3997192382812,-561.9999694824219],"size":{"0":315,"1":226},"flags":{},"order":33,"mode":0,"inputs":[{"name":"images","type":"IMAGE","link":1713,"label":"images"},{"name":"prompt_cloth","type":"STRING","link":1714,"widget":{"name":"prompt_cloth"},"label":"prompt_cloth"},{"name":"prompt_background","type":"STRING","link":1715,"widget":{"name":"prompt_background"},"label":"prompt_background"}],"outputs":[{"name":"原图","type":"IMAGE","links":[2161],"shape":3,"label":"原图","slot_index":0},{"name":"head_mask","type":"IMAGE","links":[1721],"shape":3,"label":"head_mask","slot_index":1},{"name":"hair_mask","type":"IMAGE","links":[],"shape":3,"label":"hair_mask","slot_index":2},{"name":"face_mask","type":"IMAGE","links":[1821,1941,2075,2223],"shape":3,"label":"face_mask","slot_index":3},{"name":"人体mask","type":"IMAGE","links":[2007],"shape":3,"label":"人体mask","slot_index":4},{"name":"动态膨胀系数","type":"INT","links":[],"shape":3,"label":"动态膨胀系数","slot_index":5},{"name":"不保留头发","type":"BOOLEAN","links":[1793],"shape":3,"label":"不保留头发","slot_index":6}],"properties":{"Node name for S&R":"AliSegBodyHeadFace"},"widgets_values":["","",false]},{"id":1054,"type":"Reroute","pos":[2270,300],"size":[75,26],"flags":{},"order":46,"mode":0,"inputs":[{"name":"","type":"*","link":2223}],"outputs":[{"name":"","type":"IMAGE","links":[2224],"slot_index":0}],"properties":{"showOutputText":false,"horizontal":false}},{"id":1034,"type":"SolidMask","pos":[2510,550],"size":{"0":320,"1":110},"flags":{},"order":78,"mode":0,"inputs":[{"name":"width","type":"INT","link":2200,"widget":{"name":"width"},"label":"宽度"},{"name":"height","type":"INT","link":2201,"widget":{"name":"height"},"label":"高度"}],"outputs":[{"name":"MASK","type":"MASK","links":[2192],"shape":3,"label":"遮罩","slot_index":0}],"properties":{"Node name for S&R":"SolidMask"},"widgets_values":[1,512,512]},{"id":1035,"type":"MaskToImage","pos":[2530,440],"size":{"0":210,"1":26},"flags":{},"order":82,"mode":0,"inputs":[{"name":"mask","type":"MASK","link":2192,"label":"遮罩"}],"outputs":[{"name":"IMAGE","type":"IMAGE","links":[2194],"shape":3,"label":"图像","slot_index":0}],"properties":{"Node name for S&R":"MaskToImage"}},{"id":1040,"type":"ImageToMask","pos":[3180,350],"size":{"0":315,"1":58},"flags":{},"order":89,"mode":0,"inputs":[{"name":"image","type":"IMAGE","link":2202,"label":"图像"}],"outputs":[{"name":"MASK","type":"MASK","links":[2225],"shape":3,"label":"遮罩","slot_index":0}],"properties":{"Node name for S&R":"ImageToMask"},"widgets_values":["red"]},{"id":899,"type":"PerturbedAttentionGuidance","pos":[4230,470],"size":{"0":315,"1":58},"flags":{"collapsed":true},"order":118,"mode":0,"inputs":[{"name":"model","type":"MODEL","link":1968,"label":"模型"}],"outputs":[{"name":"MODEL","type":"MODEL","links":[1969],"shape":3,"label":"模型","slot_index":0}],"properties":{"Node name for S&R":"PerturbedAttentionGuidance"},"widgets_values":[1]},{"id":716,"type":"Unpack SDXL Tuple","pos":[4000,520],"size":{"0":405.5999755859375,"1":166},"flags":{"collapsed":true},"order":117,"mode":0,"inputs":[{"name":"sdxl_tuple","type":"SDXL_TUPLE","link":1629,"label":"SDXL元组"}],"outputs":[{"name":"BASE_MODEL","type":"MODEL","links":[1968],"shape":3,"label":"模型","slot_index":0},{"name":"BASE_CLIP","type":"CLIP","links":[1632],"shape":3,"label":"CLIP","slot_index":1},{"name":"BASE_CONDITIONING+","type":"CONDITIONING","links":[1633],"shape":3,"label":"正面条件","slot_index":2},{"name":"BASE_CONDITIONING-","type":"CONDITIONING","links":[1634],"shape":3,"label":"负面条件","slot_index":3},{"name":"REFINER_MODEL","type":"MODEL","links":[1635],"shape":3,"label":"模型(Refiner)","slot_index":4},{"name":"REFINER_CLIP","type":"CLIP","links":[1636],"shape":3,"label":"CLIP(Refiner)","slot_index":5},{"name":"REFINER_CONDITIONING+","type":"CONDITIONING","links":[1637],"shape":3,"label":"正面条件(Refiner)","slot_index":6},{"name":"REFINER_CONDITIONING-","type":"CONDITIONING","links":[1638],"shape":3,"label":"负面条件(Refiner)","slot_index":7}],"properties":{"Node name for S&R":"Unpack SDXL Tuple"},"shape":1},{"id":1056,"type":"MaskToImage","pos":[3190,550],"size":{"0":210,"1":26},"flags":{},"order":95,"mode":0,"inputs":[{"name":"mask","type":"MASK","link":2227,"label":"遮罩"}],"outputs":[{"name":"IMAGE","type":"IMAGE","links":[],"shape":3,"label":"图像","slot_index":0}],"properties":{"Node name for S&R":"MaskToImage"}},{"id":1036,"type":"ImageBlend","pos":[2810,330],"size":{"0":315,"1":102},"flags":{},"order":86,"mode":0,"inputs":[{"name":"image1","type":"IMAGE","link":2224,"label":"图像1"},{"name":"image2","type":"IMAGE","link":2194,"label":"图像2"}],"outputs":[{"name":"IMAGE","type":"IMAGE","links":[2202],"shape":3,"label":"图像","slot_index":0}],"properties":{"Node name for S&R":"ImageBlend"},"widgets_values":[0.4,"difference"]},{"id":1055,"type":"GrowMaskWithBlur","pos":[3580,350],"size":{"0":315,"1":246},"flags":{},"order":92,"mode":0,"inputs":[{"name":"mask","type":"MASK","link":2225,"label":"遮罩"}],"outputs":[{"name":"mask","type":"MASK","links":[2226,2227],"shape":3,"label":"遮罩","slot_index":0},{"name":"mask_inverted","type":"MASK","links":null,"shape":3,"label":"反转遮罩"}],"properties":{"Node name for S&R":"GrowMaskWithBlur"},"widgets_values":[10,2,true,true,3,0.3,0.3,false]},{"id":37,"type":"String Literal","pos":[-2950,-1650],"size":{"0":391.5850524902344,"1":152.6741180419922},"flags":{},"order":15,"mode":0,"outputs":[{"name":"STRING","type":"STRING","links":[444,1252,1714,2031],"shape":3,"label":"STRING","slot_index":0}],"properties":{"Node name for S&R":"String Literal"},"widgets_values":["ybr3,a female in  blue suit, blue suit\\(long-sleeved suit top,low saturation, rough, natural, material, detail, texture, fabric texture, weaving, white round neck T-shirt, white short-sleeved T-shirt, small neck round neck T-shirt,\\),"]},{"id":1049,"type":"ImageBlend","pos":[-2770,310],"size":{"0":315,"1":102},"flags":{},"order":87,"mode":0,"inputs":[{"name":"image1","type":"IMAGE","link":2216,"label":"图像1"},{"name":"image2","type":"IMAGE","link":2215,"label":"图像2"}],"outputs":[{"name":"IMAGE","type":"IMAGE","links":[2218],"shape":3,"label":"图像","slot_index":0}],"properties":{"Node name for S&R":"ImageBlend"},"widgets_values":[0.4,"difference"]},{"id":199,"type":"Reroute","pos":[1798.8713465629958,-413.6988306511141],"size":[82,26],"flags":{},"order":54,"mode":0,"inputs":[{"name":"","type":"*","link":1497,"label":""}],"outputs":[{"name":"IMAGE","type":"IMAGE","links":[1413],"slot_index":0,"label":"IMAGE"}],"properties":{"showOutputText":true,"horizontal":false}},{"id":264,"type":"CR Multi-ControlNet Stack","pos":[-760,1040],"size":{"0":418.1999816894531,"1":454},"flags":{},"order":88,"mode":0,"inputs":[{"name":"image_1","type":"IMAGE","link":504,"label":"图像1"},{"name":"image_2","type":"IMAGE","link":2000,"label":"图像2"},{"name":"image_3","type":"IMAGE","link":1953,"label":"图像3"},{"name":"controlnet_stack","type":"CONTROL_NET_STACK","link":null,"label":"ControlNet堆"}],"outputs":[{"name":"CONTROLNET_STACK","type":"CONTROL_NET_STACK","links":[479],"shape":3,"label":"ControlNet堆","slot_index":0},{"name":"show_help","type":"STRING","links":null,"shape":3,"label":"show_help"}],"properties":{"Node name for S&R":"CR Multi-ControlNet Stack"},"widgets_values":["On","controlnet-union-sdxl-1.0.safetensors",0.4,0,1,"On","controlnet-union-sdxl-1.0.safetensors",0.4,0,1,"On","controlnet-union-sdxl-1.0.safetensors",0.3,0,1]},{"id":817,"type":"Reroute","pos":[1799.1472976909338,-466.5472912023321],"size":[75,26],"flags":{},"order":43,"mode":0,"inputs":[{"name":"","type":"*","link":1821}],"outputs":[{"name":"","type":"IMAGE","links":[2230],"slot_index":0}],"properties":{"showOutputText":false,"horizontal":false}},{"id":940,"type":"LoadImage","pos":[-1530,-1670],"size":{"0":600,"1":1000},"flags":{},"order":16,"mode":0,"outputs":[{"name":"IMAGE","type":"IMAGE","links":[2057],"shape":3,"label":"图像"},{"name":"MASK","type":"MASK","links":null,"shape":3,"label":"遮罩"}],"properties":{"Node name for S&R":"LoadImage"},"widgets_values":["29eb8d9a-e0fb-42e1-be92-00c908433849.png","image"]},{"id":729,"type":"CR Multi-ControlNet Stack","pos":[1210,980],"size":{"0":418.1999816894531,"1":454},"flags":{},"order":115,"mode":0,"inputs":[{"name":"image_1","type":"IMAGE","link":1950,"label":"图像1"},{"name":"image_2","type":"IMAGE","link":1712,"label":"图像2"},{"name":"image_3","type":"IMAGE","link":1952,"label":"图像3"},{"name":"controlnet_stack","type":"CONTROL_NET_STACK","link":null,"label":"ControlNet堆"}],"outputs":[{"name":"CONTROLNET_STACK","type":"CONTROL_NET_STACK","links":[1663],"shape":3,"label":"ControlNet堆"},{"name":"show_help","type":"STRING","links":null,"shape":3}],"properties":{"Node name for S&R":"CR Multi-ControlNet Stack"},"widgets_values":["On","controlnet-union-sdxl-1.0.safetensors",0.3,0,1,"On","controlnet-union-sdxl-1.0.safetensors",0.3,0,1,"On","controlnet-union-sdxl-1.0.safetensors",0.3,0,1]}],"links":[[429,218,0,228,0,"IMAGE"],[430,228,0,223,0,"IMAGE"],[444,37,0,239,0,"STRING"],[459,240,2,241,2,"VAE"],[465,251,0,240,1,"CONTROL_NET_STACK"],[479,264,0,251,0,"*"],[492,223,0,274,0,"*"],[504,278,0,264,0,"IMAGE"],[513,282,0,218,0,"IMAGE"],[517,283,0,228,1,"INT"],[518,284,0,228,2,"INT"],[579,302,0,307,1,"INT"],[580,303,0,307,2,"INT"],[657,322,0,293,0,"*"],[659,309,0,278,0,"*"],[669,322,0,282,0,"*"],[695,333,0,302,0,"*"],[696,333,1,303,0,"*"],[697,333,0,283,0,"*"],[698,333,1,284,0,"*"],[701,252,0,240,2,"INT"],[702,253,0,240,3,"INT"],[740,322,0,301,0,"*"],[761,301,0,353,0,"IMAGE"],[762,353,0,307,0,"IMAGE"],[814,322,0,333,0,"IMAGE"],[864,248,0,200,0,"*"],[868,333,0,227,1,"INT"],[869,333,1,227,2,"INT"],[870,227,0,379,0,"*"],[871,379,0,223,1,"IMAGE"],[872,227,0,304,0,"*"],[881,200,0,382,3,"IMAGE"],[910,307,0,309,0,"IMAGE"],[990,238,0,239,1,"STRING"],[1006,239,0,288,0,"*"],[1025,304,0,309,1,"IMAGE"],[1114,342,0,227,0,"IMAGE"],[1247,367,0,248,0,"*"],[1251,219,0,518,0,"IMAGE"],[1252,37,0,518,1,"STRING"],[1253,238,0,518,2,"STRING"],[1254,518,2,368,0,"*"],[1256,518,0,322,0,"*"],[1257,518,2,342,0,"*"],[1266,518,1,367,0,"*"],[1269,240,2,523,1,"VAE"],[1271,523,0,524,0,"LATENT"],[1279,293,0,498,0,"IMAGE"],[1326,555,0,556,0,"*"],[1327,556,0,240,5,"STRING"],[1368,524,0,241,1,"LATENT"],[1413,199,0,382,2,"IMAGE"],[1486,240,0,634,0,"SDXL_TUPLE"],[1488,635,0,241,0,"SDXL_TUPLE"],[1490,634,1,635,1,"CLIP"],[1491,634,2,635,2,"CONDITIONING"],[1492,634,3,635,3,"CONDITIONING"],[1493,634,4,635,4,"MODEL"],[1494,634,5,635,5,"CLIP"],[1495,634,6,635,6,"CONDITIONING"],[1496,634,7,635,7,"CONDITIONING"],[1497,368,0,199,0,"*"],[1537,288,0,541,0,"*"],[1585,541,0,688,4,"STRING"],[1586,556,0,694,0,"*"],[1587,694,0,688,5,"STRING"],[1624,688,2,699,2,"VAE"],[1628,688,2,715,2,"VAE"],[1629,688,0,716,0,"SDXL_TUPLE"],[1630,717,0,699,0,"SDXL_TUPLE"],[1632,716,1,717,1,"CLIP"],[1633,716,2,715,0,"CONDITIONING"],[1634,716,3,715,1,"CONDITIONING"],[1635,716,4,717,4,"MODEL"],[1636,716,5,717,5,"CLIP"],[1637,716,6,717,6,"CONDITIONING"],[1638,716,7,717,7,"CONDITIONING"],[1639,715,0,717,2,"CONDITIONING"],[1640,715,1,717,3,"CONDITIONING"],[1641,715,3,699,1,"LATENT"],[1663,729,0,688,1,"CONTROL_NET_STACK"],[1664,241,3,730,0,"*"],[1665,730,0,731,0,"IMAGE"],[1693,731,0,748,0,"IMAGE"],[1695,748,0,750,0,"IMAGE"],[1696,749,0,750,1,"IMAGE"],[1698,333,0,752,0,"*"],[1700,333,1,753,0,"*"],[1701,752,0,748,1,"INT"],[1702,753,0,748,2,"INT"],[1704,730,0,754,0,"IMAGE"],[1706,752,0,755,1,"INT"],[1707,753,0,755,2,"INT"],[1708,755,0,756,0,"IMAGE"],[1709,749,0,756,1,"IMAGE"],[1710,754,0,755,0,"IMAGE"],[1712,756,0,729,1,"IMAGE"],[1713,219,0,760,0,"IMAGE"],[1714,37,0,760,1,"STRING"],[1715,238,0,760,2,"STRING"],[1721,760,1,620,0,"*"],[1753,480,0,277,0,"*"],[1793,760,6,802,0,"*"],[1809,802,0,382,5,"BOOLEAN"],[1821,760,3,817,0,"*"],[1829,518,4,823,0,"*"],[1832,823,0,382,4,"INT"],[1869,197,0,382,0,"IMAGE"],[1873,382,0,844,0,"IMAGE"],[1880,714,0,851,0,"*"],[1881,851,0,240,0,"LORA_STACK"],[1931,333,0,688,2,"INT"],[1932,333,1,688,3,"INT"],[1938,766,0,480,0,"MASK"],[1941,760,3,880,0,"*"],[1949,498,0,889,0,"*"],[1950,889,0,729,0,"IMAGE"],[1952,889,0,729,2,"IMAGE"],[1953,889,0,264,2,"IMAGE"],[1954,277,0,524,1,"MASK"],[1960,894,2,895,1,"VAE"],[1962,895,0,896,3,"LATENT"],[1963,894,1,897,0,"CLIP"],[1964,894,1,898,0,"CLIP"],[1965,897,0,896,1,"CONDITIONING"],[1966,898,0,896,2,"CONDITIONING"],[1968,716,0,899,0,"MODEL"],[1969,899,0,717,0,"MODEL"],[1970,894,0,900,0,"MODEL"],[1971,900,0,896,0,"MODEL"],[1972,896,0,901,0,"LATENT"],[1973,901,0,197,0,"*"],[1975,904,0,897,1,"STRING"],[1976,556,0,905,0,"*"],[1977,905,0,898,1,"STRING"],[1978,894,2,901,1,"VAE"],[1979,241,3,907,0,"*"],[1981,901,0,908,0,"*"],[1985,699,3,909,0,"*"],[1992,382,0,910,0,"*"],[1996,333,1,253,0,"*"],[1997,333,0,252,0,"*"],[2000,274,0,264,1,"IMAGE"],[2007,760,4,749,0,"*"],[2031,37,0,929,0,"*"],[2034,288,0,904,0,"*"],[2053,288,0,240,4,"STRING"],[2056,939,0,219,0,"*"],[2057,940,0,939,0,"*"],[2064,907,0,947,0,"IMAGE"],[2065,909,0,947,1,"IMAGE"],[2066,909,0,948,0,"IMAGE"],[2067,908,0,948,1,"IMAGE"],[2068,908,0,949,0,"IMAGE"],[2069,910,0,949,1,"IMAGE"],[2070,634,0,950,0,"MODEL"],[2071,950,0,635,0,"MODEL"],[2075,760,3,954,0,"*"],[2082,957,0,956,0,"*"],[2086,851,0,961,0,"*"],[2087,961,0,688,0,"LORA_STACK"],[2092,382,0,965,0,"IMAGE"],[2096,965,0,968,1,"IMAGE"],[2097,382,0,968,0,"IMAGE"],[2117,699,3,983,0,"*"],[2118,983,0,895,0,"IMAGE"],[2120,241,3,984,0,"*"],[2161,760,0,1013,0,"IMAGE"],[2163,322,0,523,0,"IMAGE"],[2179,518,1,1027,0,"*"],[2185,480,0,1030,0,"*"],[2191,984,0,715,3,"IMAGE"],[2192,1034,0,1035,0,"MASK"],[2194,1035,0,1036,1,"IMAGE"],[2198,333,1,1039,0,"*"],[2199,333,0,1038,0,"*"],[2200,1038,0,1034,0,"INT"],[2201,1039,0,1034,1,"INT"],[2202,1036,0,1040,0,"IMAGE"],[2205,498,0,1042,0,"IMAGE"],[2208,333,0,1046,0,"*"],[2209,333,1,1047,0,"*"],[2210,1046,0,1044,0,"INT"],[2211,1047,0,1044,1,"INT"],[2212,1044,0,1048,0,"MASK"],[2215,1048,0,1049,1,"IMAGE"],[2216,880,0,1049,0,"IMAGE"],[2218,1049,0,766,0,"IMAGE"],[2221,1052,0,1053,0,"IMAGE"],[2222,480,0,1052,0,"MASK"],[2223,760,3,1054,0,"*"],[2224,1054,0,1036,0,"IMAGE"],[2225,1040,0,1055,0,"MASK"],[2226,1055,0,715,4,"MASK"],[2227,1055,0,1056,0,"MASK"],[2230,817,0,382,1,"IMAGE"]],"groups":[{"title":"头部回帖","bounding":[1710,-595,891,786],"color":"#3f789e","font_size":24,"locked":false},{"title":"服装+背景一次生成","bounding":[-1707,-615,1515,819],"color":"#A88","font_size":24,"locked":false},{"title":"重回区域遮罩","bounding":[-3114,252,1724,466],"color":"#3f789e","font_size":24,"locked":false},{"title":"ControlNet-pose","bounding":[-3133,1440,1701,373],"color":"#3f789e","font_size":24,"locked":false},{"title":"ControlNet-Depth","bounding":[-3129,1060,1679,334],"color":"#3f789e","font_size":24,"locked":false},{"title":"ControlNet-Canny","bounding":[-3151,772,1692,268],"color":"#3f789e","font_size":24,"locked":false},{"title":"图像预处理","bounding":[-3065,-616,1213,826],"color":"#3f789e","font_size":24,"locked":false},{"title":"用户输入","bounding":[-2974,-1701,1015,882],"color":"#3f789e","font_size":24,"locked":false},{"title":"ControlNet","bounding":[-1274,372,3459,1110],"color":"#3f789e","font_size":24,"locked":false},{"title":"第二次生成","bounding":[2218,283,2662,1222],"color":"#b58b2a","font_size":24,"locked":false},{"title":"Group","bounding":[-81,-611,1671,772],"color":"#88A","font_size":24,"locked":false},{"title":"Group","bounding":[-1618,-1703,3753,986],"color":"#3f789e","font_size":24,"locked":false}],"config":{},"extra":{"ds":{"scale":0.5559917313492246,"offset":{"0":1842.2055247043168,"1":1768.509853383673}},"workspace_info":{"id":"OrtdJgiGH1PzoHs_-Hy2W"}},"version":0.4}