{"last_node_id":333,"last_link_id":702,"nodes":[{"id":201,"type":"Reroute","pos":[396.84698471763556,-267.5843326923499],"size":[82,26],"flags":{},"order":21,"mode":0,"inputs":[{"name":"","type":"*","link":649,"widget":{"name":"value"}}],"outputs":[{"name":"FLOAT","type":"FLOAT","links":[381],"slot_index":0}],"properties":{"showOutputText":true,"horizontal":false}},{"id":244,"type":"SetLatentNoiseMask","pos":[-455.16811716589297,-268.0053039494718],"size":{"0":210,"1":46},"flags":{},"order":69,"mode":0,"inputs":[{"name":"samples","type":"LATENT","link":456,"label":"Latent"},{"name":"mask","type":"MASK","link":463,"label":"遮罩","slot_index":1}],"outputs":[{"name":"LATENT","type":"LATENT","links":[458],"shape":3,"label":"Latent","slot_index":0}],"properties":{"Node name for S&R":"SetLatentNoiseMask"}},{"id":274,"type":"Reroute","pos":[-1932,385],"size":[82,26],"flags":{},"order":58,"mode":0,"inputs":[{"name":"","type":"*","link":492}],"outputs":[{"name":"IMAGE","type":"IMAGE","links":[493,505],"slot_index":0}],"properties":{"showOutputText":true,"horizontal":false}},{"id":275,"type":"Reroute","pos":[-1918,624],"size":[82,26],"flags":{},"order":49,"mode":0,"inputs":[{"name":"","type":"*","link":565}],"outputs":[{"name":"IMAGE","type":"IMAGE","links":[495,506],"slot_index":0}],"properties":{"showOutputText":true,"horizontal":false}},{"id":277,"type":"Reroute","pos":[-1943.9639714129776,-80.71477084207703],"size":[75,26],"flags":{},"order":57,"mode":0,"inputs":[{"name":"","type":"*","link":539}],"outputs":[{"name":"MASK","type":"MASK","links":[497,507],"slot_index":0}],"properties":{"showOutputText":true,"horizontal":false}},{"id":249,"type":"Reroute","pos":[-1126,-472],"size":[75,26],"flags":{},"order":61,"mode":0,"inputs":[{"name":"","type":"*","link":507}],"outputs":[{"name":"MASK","type":"MASK","links":[463]}],"properties":{"showOutputText":true,"horizontal":false}},{"id":248,"type":"Reroute","pos":[-1133,-539],"size":[82,26],"flags":{},"order":10,"mode":0,"inputs":[{"name":"","type":"*","link":642}],"outputs":[{"name":"IMAGE","type":"IMAGE","links":[461]}],"properties":{"showOutputText":true,"horizontal":false}},{"id":284,"type":"Reroute","pos":[-2910,529],"size":[75,26],"flags":{},"order":34,"mode":0,"inputs":[{"name":"","type":"*","link":698,"widget":{"name":"value"}}],"outputs":[{"name":"INT","type":"INT","links":[518,520],"slot_index":0}],"properties":{"showOutputText":true,"horizontal":false}},{"id":283,"type":"Reroute","pos":[-2911,490],"size":[75,26],"flags":{},"order":31,"mode":0,"inputs":[{"name":"","type":"*","link":697,"widget":{"name":"value"}}],"outputs":[{"name":"INT","type":"INT","links":[517,519],"slot_index":0}],"properties":{"showOutputText":true,"horizontal":false}},{"id":139,"type":"ImageToMask","pos":[-2871,26],"size":{"0":315,"1":58},"flags":{},"order":38,"mode":0,"inputs":[{"name":"image","type":"IMAGE","link":509,"label":"图像"}],"outputs":[{"name":"MASK","type":"MASK","links":[301],"shape":3,"label":"遮罩","slot_index":0}],"properties":{"Node name for S&R":"ImageToMask"},"widgets_values":["red"]},{"id":255,"type":"Reroute","pos":[104.4071316189256,-530.3368064523069],"size":[82,26],"flags":{},"order":71,"mode":0,"inputs":[{"name":"","type":"*","link":469}],"outputs":[{"name":"IMAGE","type":"IMAGE","links":[524,528,676],"slot_index":0}],"properties":{"showOutputText":true,"horizontal":false}},{"id":287,"type":"Reroute","pos":[-1923,-184],"size":[75,26],"flags":{},"order":35,"mode":0,"inputs":[{"name":"","type":"*","link":700,"widget":{"name":"value"}}],"outputs":[{"name":"INT","type":"INT","links":[533],"slot_index":0}],"properties":{"showOutputText":true,"horizontal":false}},{"id":286,"type":"Reroute","pos":[-1931,-236],"size":[75,26],"flags":{},"order":32,"mode":0,"inputs":[{"name":"","type":"*","link":699,"widget":{"name":"value"}}],"outputs":[{"name":"INT","type":"INT","links":[532],"slot_index":0}],"properties":{"showOutputText":true,"horizontal":false}},{"id":288,"type":"Reroute","pos":[-1936,-710],"size":[90.4,26],"flags":{},"order":9,"mode":0,"inputs":[{"name":"","type":"*","link":534,"widget":{"name":"value"}}],"outputs":[{"name":"STRING","type":"STRING","links":[535],"slot_index":0}],"properties":{"showOutputText":true,"horizontal":false}},{"id":239,"type":"JoinStrings","pos":[-3227.338834893322,-1431.8334585737734],"size":{"0":315,"1":106},"flags":{},"order":7,"mode":0,"inputs":[{"name":"string1","type":"STRING","link":444,"widget":{"name":"string1"},"label":"字符串1"},{"name":"string2","type":"STRING","link":445,"widget":{"name":"string2"},"label":"字符串2"}],"outputs":[{"name":"STRING","type":"STRING","links":[534],"shape":3,"label":"字符串","slot_index":0}],"properties":{"Node name for S&R":"JoinStrings"},"widgets_values":["","",","]},{"id":213,"type":"PreviewImage","pos":[249,260],"size":{"0":210,"1":246},"flags":{},"order":74,"mode":0,"inputs":[{"name":"images","type":"IMAGE","link":411,"label":"图像"}],"properties":{"Node name for S&R":"PreviewImage"}},{"id":278,"type":"Reroute","pos":[-1920,158],"size":[82,26],"flags":{},"order":59,"mode":0,"inputs":[{"name":"","type":"*","link":659}],"outputs":[{"name":"IMAGE","type":"IMAGE","links":[504,547],"slot_index":0}],"properties":{"showOutputText":true,"horizontal":false}},{"id":168,"type":"InvertMask","pos":[-2494.471955493272,47.145121585073],"size":{"0":140,"1":26},"flags":{},"order":48,"mode":0,"inputs":[{"name":"mask","type":"MASK","link":301,"label":"遮罩"}],"outputs":[{"name":"MASK","type":"MASK","links":[538],"shape":3,"label":"遮罩","slot_index":0}],"properties":{"Node name for S&R":"InvertMask"}},{"id":264,"type":"CR Multi-ControlNet Stack","pos":[-1015.7348011812013,317.74948502637665],"size":{"0":418.1999816894531,"1":454},"flags":{},"order":63,"mode":0,"inputs":[{"name":"image_1","type":"IMAGE","link":504,"label":"图像1"},{"name":"image_2","type":"IMAGE","link":505,"label":"图像2"},{"name":"image_3","type":"IMAGE","link":506,"label":"图像3"},{"name":"controlnet_stack","type":"CONTROL_NET_STACK","link":null,"label":"ControlNet堆"}],"outputs":[{"name":"CONTROLNET_STACK","type":"CONTROL_NET_STACK","links":[479],"shape":3,"label":"ControlNet堆","slot_index":0},{"name":"show_help","type":"STRING","links":null,"shape":3}],"properties":{"Node name for S&R":"CR Multi-ControlNet Stack"},"widgets_values":["On","diffusers_xl_canny_small.safetensors",0.3,0,1,"On","diffusers_xl_depth_small.safetensors",0.3,0,1,"On","thibaud_xl_openpose_256lora.safetensors",0.3,0,1]},{"id":245,"type":"CR Seed","pos":[-452,-158],"size":{"0":216.6881103515625,"1":102},"flags":{},"order":0,"mode":0,"outputs":[{"name":"seed","type":"INT","links":[457],"shape":3,"label":"随机种","slot_index":0},{"name":"show_help","type":"STRING","links":null,"shape":3}],"properties":{"Node name for S&R":"CR Seed"},"widgets_values":[778522939913282,"randomize"]},{"id":243,"type":"VAEEncode","pos":[-465,-368],"size":{"0":210,"1":46},"flags":{},"order":68,"mode":0,"inputs":[{"name":"pixels","type":"IMAGE","link":461,"label":"图像","slot_index":0},{"name":"vae","type":"VAE","link":462,"label":"VAE"}],"outputs":[{"name":"LATENT","type":"LATENT","links":[456],"shape":3,"label":"Latent","slot_index":0}],"properties":{"Node name for S&R":"VAEEncode"}},{"id":241,"type":"KSampler SDXL (Eff.)","pos":[-181,-382],"size":{"0":325,"1":542},"flags":{},"order":70,"mode":0,"inputs":[{"name":"sdxl_tuple","type":"SDXL_TUPLE","link":454,"label":"SDXL元组"},{"name":"latent_image","type":"LATENT","link":458,"label":"Latent","slot_index":1},{"name":"optional_vae","type":"VAE","link":459,"label":"VAE(可选)"},{"name":"script","type":"SCRIPT","link":null,"label":"脚本"},{"name":"noise_seed","type":"INT","link":457,"widget":{"name":"noise_seed"},"label":"随机种","slot_index":4}],"outputs":[{"name":"SDXL_TUPLE","type":"SDXL_TUPLE","links":null,"shape":3,"label":"SDXL元组"},{"name":"LATENT","type":"LATENT","links":null,"shape":3,"label":"Latent"},{"name":"VAE","type":"VAE","links":null,"shape":3,"label":"VAE"},{"name":"IMAGE","type":"IMAGE","links":[469],"shape":3,"label":"图像","slot_index":3}],"properties":{"Node name for S&R":"KSampler SDXL (Eff.)"},"widgets_values":[257677540971141,null,7,2,"dpmpp_sde","karras",0,-1,"auto","true (tiled)"],"color":"#2a363b","bgcolor":"#3f5159","shape":1},{"id":202,"type":"PreviewImage","pos":[-411,-1523],"size":{"0":581.824462890625,"1":748.2606201171875},"flags":{},"order":77,"mode":0,"inputs":[{"name":"images","type":"IMAGE","link":382,"label":"图像"}],"properties":{"Node name for S&R":"PreviewImage"}},{"id":79,"type":"PreviewImage","pos":[-1144,-1516],"size":{"0":606.870361328125,"1":748.5443725585938},"flags":{},"order":72,"mode":0,"inputs":[{"name":"images","type":"IMAGE","link":524,"label":"图像"}],"properties":{"Node name for S&R":"PreviewImage"}},{"id":190,"type":"Image Comparer (rgthree)","pos":{"0":259,"1":-1523,"2":0,"3":0,"4":0,"5":0,"6":0,"7":0,"8":0,"9":0},"size":{"0":574.4107666015625,"1":758.3173217773438},"flags":{},"order":78,"mode":0,"inputs":[{"name":"image_a","type":"IMAGE","link":527,"label":"图像_A","dir":3},{"name":"image_b","type":"IMAGE","link":528,"label":"图像_B","dir":3}],"outputs":[],"properties":{"comparer_mode":"Slide"},"widgets_values":[["/view?filename=rgthree.compare._temp_pjqtm_00101_.png&type=temp&subfolder=&rand=0.743765843609302","/view?filename=rgthree.compare._temp_pjqtm_00102_.png&type=temp&subfolder=&rand=0.8278166629988284"]]},{"id":263,"type":"CR LoRA Stack","pos":[-3693,-1074],"size":{"0":394.4184265136719,"1":342},"flags":{},"order":1,"mode":0,"inputs":[{"name":"lora_stack","type":"LORA_STACK","link":null,"label":"LoRA堆"}],"outputs":[{"name":"LORA_STACK","type":"LORA_STACK","links":[476],"shape":3,"slot_index":0},{"name":"show_help","type":"STRING","links":null,"shape":3}],"properties":{"Node name for S&R":"CR LoRA Stack"},"widgets_values":["On","snapmecloth/0702/webulora/Pink-shirt.safetensors",1,1,"Off","None",1,1,"Off","None",1,1]},{"id":228,"type":"ImageResize+","pos":[-2423,481],"size":{"0":315,"1":218},"flags":{"collapsed":true},"order":50,"mode":0,"inputs":[{"name":"image","type":"IMAGE","link":429,"label":"图像"},{"name":"width","type":"INT","link":517,"widget":{"name":"width"},"label":"宽度"},{"name":"height","type":"INT","link":518,"widget":{"name":"height"},"label":"高度"}],"outputs":[{"name":"IMAGE","type":"IMAGE","links":[430],"shape":3,"label":"图像","slot_index":0},{"name":"width","type":"INT","links":null,"shape":3,"label":"宽度"},{"name":"height","type":"INT","links":null,"shape":3,"label":"高度"}],"properties":{"Node name for S&R":"ImageResize+"},"widgets_values":[768,1024,"nearest",false,"always",0]},{"id":223,"type":"ImageCompositedMaskedWeight","pos":[-2211,463],"size":{"0":315,"1":78},"flags":{},"order":55,"mode":0,"inputs":[{"name":"source","type":"IMAGE","link":430,"label":"source"},{"name":"mask","type":"IMAGE","link":428,"label":"mask"}],"outputs":[{"name":"IMAGE","type":"IMAGE","links":[492],"shape":3,"label":"IMAGE","slot_index":0}],"properties":{"Node name for S&R":"ImageCompositedMaskedWeight"},"widgets_values":[0.1]},{"id":302,"type":"Reroute","pos":[-2925,279],"size":[75,26],"flags":{},"order":30,"mode":0,"inputs":[{"name":"","type":"*","link":695,"widget":{"name":"value"}}],"outputs":[{"name":"INT","type":"INT","links":[576,579],"slot_index":0}],"properties":{"showOutputText":true,"horizontal":false}},{"id":303,"type":"Reroute","pos":[-2925,318],"size":[75,26],"flags":{},"order":33,"mode":0,"inputs":[{"name":"","type":"*","link":696,"widget":{"name":"value"}}],"outputs":[{"name":"INT","type":"INT","links":[577,580],"slot_index":0}],"properties":{"showOutputText":true,"horizontal":false}},{"id":271,"type":"PreviewImage","pos":[-1800,854],"size":{"0":210,"1":246},"flags":{},"order":54,"mode":0,"inputs":[{"name":"images","type":"IMAGE","link":495,"label":"图像"}],"properties":{"Node name for S&R":"PreviewImage"}},{"id":290,"type":"GrowMaskWithBlur","pos":[-2309,53],"size":{"0":291.99395751953125,"1":246},"flags":{"collapsed":true},"order":53,"mode":0,"inputs":[{"name":"mask","type":"MASK","link":538,"label":"遮罩"}],"outputs":[{"name":"mask","type":"MASK","links":[539],"shape":3,"label":"遮罩","slot_index":0},{"name":"mask_inverted","type":"MASK","links":null,"shape":3,"label":"反转遮罩"}],"properties":{"Node name for S&R":"GrowMaskWithBlur"},"widgets_values":[10,3,true,false,3,0.5,0.5,false]},{"id":296,"type":"DWPreprocessor","pos":[-2733,688],"size":{"0":315,"1":198},"flags":{},"order":41,"mode":0,"inputs":[{"name":"image","type":"IMAGE","link":559,"label":"图像"}],"outputs":[{"name":"IMAGE","type":"IMAGE","links":[565],"shape":3,"label":"图像","slot_index":0},{"name":"POSE_KEYPOINT","type":"POSE_KEYPOINT","links":null,"shape":3,"label":"姿态关键点"}],"properties":{"Node name for S&R":"DWPreprocessor"},"widgets_values":["enable","enable","disable",768,"yolox_l.onnx","dw-ll_ucoco_384_bs5.torchscript.pt"]},{"id":272,"type":"MaskToImage","pos":[-1778,-44],"size":{"0":210,"1":26},"flags":{},"order":60,"mode":0,"inputs":[{"name":"mask","type":"MASK","link":497,"label":"遮罩"}],"outputs":[{"name":"IMAGE","type":"IMAGE","links":[491],"shape":3,"label":"图像","slot_index":0}],"properties":{"Node name for S&R":"MaskToImage"}},{"id":146,"type":"LoadImage","pos":[-2066,-1515],"size":{"0":612.2113037109375,"1":734.7125244140625},"flags":{},"order":2,"mode":0,"outputs":[{"name":"IMAGE","type":"IMAGE","links":[417],"shape":3,"label":"图像","slot_index":0},{"name":"MASK","type":"MASK","links":null,"shape":3,"label":"遮罩"}],"properties":{"Node name for S&R":"LoadImage"},"widgets_values":["20-harry potter girl-pose (6).jpg","image"]},{"id":313,"type":"PreviewImage","pos":[-3473,-290],"size":{"0":210,"1":246},"flags":{},"order":14,"mode":0,"inputs":[{"name":"images","type":"IMAGE","link":650,"label":"图像"}],"properties":{"Node name for S&R":"PreviewImage"}},{"id":307,"type":"ImageResize+","pos":[-2389,239],"size":{"0":315,"1":218},"flags":{"collapsed":true},"order":51,"mode":0,"inputs":[{"name":"image","type":"IMAGE","link":616,"label":"图像"},{"name":"width","type":"INT","link":579,"widget":{"name":"width"},"label":"宽度"},{"name":"height","type":"INT","link":580,"widget":{"name":"height"},"label":"高度"}],"outputs":[{"name":"IMAGE","type":"IMAGE","links":[585],"shape":3,"label":"图像","slot_index":0},{"name":"width","type":"INT","links":null,"shape":3,"label":"宽度"},{"name":"height","type":"INT","links":null,"shape":3,"label":"高度"}],"properties":{"Node name for S&R":"ImageResize+"},"widgets_values":[768,1024,"nearest",false,"always",0]},{"id":317,"type":"AIO_Preprocessor","pos":[-2783,230],"size":{"0":315,"1":82},"flags":{},"order":43,"mode":0,"inputs":[{"name":"image","type":"IMAGE","link":615,"label":"图像"}],"outputs":[{"name":"IMAGE","type":"IMAGE","links":[616,617],"shape":3,"label":"图像","slot_index":0}],"properties":{"Node name for S&R":"AIO_Preprocessor"},"widgets_values":["AnyLineArtPreprocessor_aux",768]},{"id":37,"type":"String Literal","pos":[-3674,-1465],"size":{"0":387.0954284667969,"1":82.31596374511719},"flags":{},"order":3,"mode":0,"outputs":[{"name":"STRING","type":"STRING","links":[444,621],"shape":3,"label":"STRING","slot_index":0}],"properties":{"Node name for S&R":"String Literal"},"widgets_values":["snap_Pink-shirt, photo of a female,(solo)+++, pink color shirt, matte finish, long sleeves, Rough, (pink)+, Natural, Textured\n"]},{"id":238,"type":"String Literal","pos":[-3681.338834893322,-1323.8334585737734],"size":{"0":400,"1":200},"flags":{},"order":4,"mode":0,"outputs":[{"name":"STRING","type":"STRING","links":[445,622],"shape":3,"label":"STRING","slot_index":0}],"properties":{"Node name for S&R":"String Literal"},"widgets_values":["\"(pure white background)++,solo, focuses on the people face,(solid background)++,(smooth background)+,\", \"photo of a female,(solo)+++\""]},{"id":219,"type":"Reroute","pos":[-2898,-609],"size":[75,26],"flags":{},"order":6,"mode":0,"inputs":[{"name":"","type":"*","link":417}],"outputs":[{"name":"","type":"IMAGE","links":[623],"slot_index":0}],"properties":{"showOutputText":false,"horizontal":false}},{"id":280,"type":"Reroute","pos":[-2918,-45],"size":[75,26],"flags":{},"order":16,"mode":0,"inputs":[{"name":"","type":"*","link":628}],"outputs":[{"name":"","type":"IMAGE","links":[509],"slot_index":0}],"properties":{"showOutputText":false,"horizontal":false}},{"id":293,"type":"Reroute","pos":[-2914,678],"size":[82,26],"flags":{},"order":26,"mode":0,"inputs":[{"name":"","type":"*","link":657}],"outputs":[{"name":"IMAGE","type":"IMAGE","links":[559],"slot_index":0}],"properties":{"showOutputText":true,"horizontal":false}},{"id":321,"type":"Reroute","pos":[400,-218],"size":[98.8,26],"flags":{},"order":22,"mode":0,"inputs":[{"name":"","type":"*","link":648,"widget":{"name":"value"}}],"outputs":[{"name":"BOOLEAN","type":"BOOLEAN","links":[647]}],"properties":{"showOutputText":true,"horizontal":false}},{"id":309,"type":"ImageCompositedMaskedWeight","pos":[-2217,239],"size":{"0":315,"1":78},"flags":{},"order":56,"mode":0,"inputs":[{"name":"source","type":"IMAGE","link":585,"label":"source"},{"name":"mask","type":"IMAGE","link":584,"label":"mask"}],"outputs":[{"name":"IMAGE","type":"IMAGE","links":[659],"shape":3,"label":"IMAGE","slot_index":0}],"properties":{"Node name for S&R":"ImageCompositedMaskedWeight"},"widgets_values":[0.1]},{"id":322,"type":"Reroute","pos":[-2878.755157551872,-185.15331638152475],"size":[75,26],"flags":{},"order":12,"mode":0,"inputs":[{"name":"","type":"*","link":652}],"outputs":[{"name":"","type":"IMAGE","links":[657,660,669,670],"slot_index":0}],"properties":{"showOutputText":false,"horizontal":false}},{"id":291,"type":"PreviewImage","pos":[-3450,-589],"size":{"0":210,"1":246},"flags":{},"order":27,"mode":0,"inputs":[{"name":"images","type":"IMAGE","link":660,"label":"图像"}],"properties":{"Node name for S&R":"PreviewImage"}},{"id":265,"type":"PreviewImage","pos":[-1758,538],"size":{"0":210,"1":246},"flags":{},"order":62,"mode":0,"inputs":[{"name":"images","type":"IMAGE","link":493,"label":"图像"}],"properties":{"Node name for S&R":"PreviewImage"}},{"id":218,"type":"AIO_Preprocessor","pos":[-2785,461],"size":{"0":315,"1":82},"flags":{},"order":42,"mode":0,"inputs":[{"name":"image","type":"IMAGE","link":513,"label":"图像"}],"outputs":[{"name":"IMAGE","type":"IMAGE","links":[429],"shape":3,"label":"图像","slot_index":0}],"properties":{"Node name for S&R":"AIO_Preprocessor"},"widgets_values":["DepthAnythingV2Preprocessor",768]},{"id":273,"type":"PreviewImage","pos":[-1540,-109],"size":{"0":210,"1":246},"flags":{},"order":65,"mode":0,"inputs":[{"name":"images","type":"IMAGE","link":491,"label":"图像"}],"properties":{"Node name for S&R":"PreviewImage"}},{"id":289,"type":"PreviewImage","pos":[-1757,311],"size":{"0":210,"1":246},"flags":{},"order":64,"mode":0,"inputs":[{"name":"images","type":"IMAGE","link":547,"label":"图像"}],"properties":{"Node name for S&R":"PreviewImage"}},{"id":312,"type":"PreviewImage","pos":[-1483,173],"size":{"0":210,"1":246},"flags":{},"order":52,"mode":0,"inputs":[{"name":"images","type":"IMAGE","link":617,"label":"图像"}],"properties":{"Node name for S&R":"PreviewImage"}},{"id":227,"type":"ImageResize+","pos":[-2440,530],"size":{"0":315,"1":218},"flags":{"collapsed":true},"order":46,"mode":0,"inputs":[{"name":"image","type":"IMAGE","link":661,"label":"图像"},{"name":"width","type":"INT","link":519,"widget":{"name":"width"},"label":"宽度"},{"name":"height","type":"INT","link":520,"widget":{"name":"height"},"label":"高度"}],"outputs":[{"name":"IMAGE","type":"IMAGE","links":[428],"shape":3,"label":"图像","slot_index":0},{"name":"width","type":"INT","links":null,"shape":3,"label":"宽度"},{"name":"height","type":"INT","links":null,"shape":3,"label":"高度"}],"properties":{"Node name for S&R":"ImageResize+"},"widgets_values":[768,1024,"nearest",false,"always",0]},{"id":308,"type":"ImageResize+","pos":[-2391,301],"size":{"0":315,"1":218},"flags":{"collapsed":true},"order":45,"mode":0,"inputs":[{"name":"image","type":"IMAGE","link":662,"label":"图像"},{"name":"width","type":"INT","link":576,"widget":{"name":"width"},"label":"宽度"},{"name":"height","type":"INT","link":577,"widget":{"name":"height"},"label":"高度"}],"outputs":[{"name":"IMAGE","type":"IMAGE","links":[584],"shape":3,"label":"图像","slot_index":0},{"name":"width","type":"INT","links":null,"shape":3,"label":"宽度"},{"name":"height","type":"INT","links":null,"shape":3,"label":"高度"}],"properties":{"Node name for S&R":"ImageResize+"},"widgets_values":[768,1024,"nearest",false,"always",0]},{"id":282,"type":"Reroute","pos":[-2919,419],"size":[82,26],"flags":{},"order":28,"mode":0,"inputs":[{"name":"","type":"*","link":669}],"outputs":[{"name":"IMAGE","type":"IMAGE","links":[513],"slot_index":0}],"properties":{"showOutputText":true,"horizontal":false}},{"id":301,"type":"Reroute","pos":[-2918,199],"size":[82,26],"flags":{},"order":29,"mode":0,"inputs":[{"name":"","type":"*","link":670}],"outputs":[{"name":"IMAGE","type":"IMAGE","links":[615],"slot_index":0}],"properties":{"showOutputText":true,"horizontal":false}},{"id":304,"type":"Reroute","pos":[-2923,234],"size":[82,26],"flags":{},"order":18,"mode":0,"inputs":[{"name":"","type":"*","link":671}],"outputs":[{"name":"IMAGE","type":"IMAGE","links":[662],"slot_index":0}],"properties":{"showOutputText":true,"horizontal":false}},{"id":285,"type":"Reroute","pos":[-2923,455],"size":[82,26],"flags":{},"order":19,"mode":0,"inputs":[{"name":"","type":"*","link":674}],"outputs":[{"name":"IMAGE","type":"IMAGE","links":[661],"slot_index":0}],"properties":{"showOutputText":true,"horizontal":false}},{"id":314,"type":"PreviewImage","pos":[-3177,-290],"size":{"0":210,"1":246},"flags":{},"order":17,"mode":0,"inputs":[{"name":"images","type":"IMAGE","link":651,"label":"图像"}],"properties":{"Node name for S&R":"PreviewImage"}},{"id":191,"type":"Snapme ImgProcess Step3","pos":[622,-460],"size":[313.4547424316406,193.3686981201172],"flags":{},"order":75,"mode":0,"inputs":[{"name":"image_res_1","type":"IMAGE","link":550,"label":"image_res_1"},{"name":"face_mask","type":"IMAGE","link":551,"label":"face_mask"},{"name":"control_mask_face","type":"IMAGE","link":603,"label":"control_mask_face"},{"name":"face_image_pad","type":"IMAGE","link":378,"label":"face_image_pad"},{"name":"dilate_iter","type":"FLOAT","link":381,"widget":{"name":"dilate_iter"},"slot_index":4,"label":"dilate_iter"},{"name":"use_hair","type":"BOOLEAN","link":647,"widget":{"name":"use_hair"},"slot_index":5}],"outputs":[{"name":"脸部回帖图","type":"IMAGE","links":[382,527],"shape":3,"label":"脸部回帖图","slot_index":0}],"properties":{"Node name for S&R":"Snapme ImgProcess Step3"},"widgets_values":[0.5,true,false]},{"id":214,"type":"PreviewImage","pos":[526,257],"size":{"0":210,"1":246},"flags":{},"order":39,"mode":0,"inputs":[{"name":"images","type":"IMAGE","link":412,"label":"图像"}],"properties":{"Node name for S&R":"PreviewImage"}},{"id":215,"type":"PreviewImage","pos":[827,258],"size":{"0":210,"1":246},"flags":{},"order":36,"mode":0,"inputs":[{"name":"images","type":"IMAGE","link":413,"label":"图像"}],"properties":{"Node name for S&R":"PreviewImage"}},{"id":216,"type":"PreviewImage","pos":[1180,271],"size":{"0":210,"1":246},"flags":{},"order":24,"mode":0,"inputs":[{"name":"images","type":"IMAGE","link":414,"label":"图像"}],"properties":{"Node name for S&R":"PreviewImage"}},{"id":240,"type":"Eff. Loader SDXL","pos":[-954,-395],"size":{"0":400,"1":402},"flags":{},"order":67,"mode":0,"inputs":[{"name":"lora_stack","type":"LORA_STACK","link":477,"label":"LoRA堆","slot_index":0},{"name":"cnet_stack","type":"CONTROL_NET_STACK","link":465,"label":"ControlNet堆","slot_index":1},{"name":"empty_latent_width","type":"INT","link":701,"widget":{"name":"empty_latent_width"},"label":"宽度","slot_index":2},{"name":"empty_latent_height","type":"INT","link":702,"widget":{"name":"empty_latent_height"},"label":"高度","slot_index":3},{"name":"positive","type":"STRING","link":468,"widget":{"name":"positive"},"label":"正面条件","slot_index":4}],"outputs":[{"name":"SDXL_TUPLE","type":"SDXL_TUPLE","links":[454],"shape":3,"label":"SDXL元组","slot_index":0},{"name":"LATENT","type":"LATENT","links":null,"shape":3,"label":"Latent"},{"name":"VAE","type":"VAE","links":[459,462],"shape":3,"label":"VAE","slot_index":2},{"name":"DEPENDENCIES","type":"DEPENDENCIES","links":null,"shape":3,"label":"依赖"}],"properties":{"Node name for S&R":"Eff. Loader SDXL"},"widgets_values":["sdxl/dreamshaperXL_v21TurboDPMSDE.safetensors",-1,"None",-2,6,2,"Baked VAE","CLIP_POSITIVE","embedding:negativeXL_D.safetensors, NSFW, worst quality, low quality, illustration, 3d, 2d, cartoon, painting, cartoons, sketch, open mouth, long neck, watermark, text, extra fingers, inverted nipple, busty, large breasts, ugly, disgusting","mean","compel",1024,1024,1],"color":"#332233","bgcolor":"#553355","shape":1},{"id":197,"type":"Reroute","pos":[391.34996497777536,-488.02798353734045],"size":[82,26],"flags":{},"order":73,"mode":0,"inputs":[{"name":"","type":"*","link":676}],"outputs":[{"name":"IMAGE","type":"IMAGE","links":[411,550,680],"slot_index":0}],"properties":{"showOutputText":true,"horizontal":false}},{"id":200,"type":"Reroute","pos":[394.84698471763556,-325.58433269234973],"size":[82,26],"flags":{},"order":11,"mode":0,"inputs":[{"name":"","type":"*","link":646}],"outputs":[{"name":"IMAGE","type":"IMAGE","links":[378,414,681],"slot_index":0}],"properties":{"showOutputText":true,"horizontal":false}},{"id":329,"type":"Get resolution [Crystools]","pos":[1139,-416],"size":{"0":210,"1":96},"flags":{},"order":40,"mode":0,"inputs":[{"name":"image","type":"IMAGE","link":686,"label":"图像"}],"outputs":[{"name":"width","type":"INT","links":[],"shape":3,"label":"宽度","slot_index":0},{"name":"height","type":"INT","links":[],"shape":3,"label":"高度","slot_index":1}],"properties":{"Node name for S&R":"Get resolution [Crystools]"}},{"id":330,"type":"Get resolution [Crystools]","pos":[1141,-268],"size":{"0":210,"1":96},"flags":{},"order":37,"mode":0,"inputs":[{"name":"image","type":"IMAGE","link":687,"label":"图像"}],"outputs":[{"name":"width","type":"INT","links":[],"shape":3,"label":"宽度","slot_index":0},{"name":"height","type":"INT","links":[],"shape":3,"label":"高度","slot_index":1}],"properties":{"Node name for S&R":"Get resolution [Crystools]"}},{"id":198,"type":"Reroute","pos":[396.84698471763556,-431.58433269234985],"size":[82,26],"flags":{},"order":20,"mode":0,"inputs":[{"name":"","type":"*","link":679}],"outputs":[{"name":"IMAGE","type":"IMAGE","links":[412,551,686],"slot_index":0}],"properties":{"showOutputText":true,"horizontal":false}},{"id":199,"type":"Reroute","pos":[396.84698471763556,-379.58433269234956],"size":[82,26],"flags":{},"order":15,"mode":0,"inputs":[{"name":"","type":"*","link":675}],"outputs":[{"name":"IMAGE","type":"IMAGE","links":[413,603,687],"slot_index":0}],"properties":{"showOutputText":true,"horizontal":false}},{"id":324,"type":"Get resolution [Crystools]","pos":[1141,-117],"size":{"0":210,"1":96},"flags":{},"order":25,"mode":0,"inputs":[{"name":"image","type":"IMAGE","link":681,"label":"图像"}],"outputs":[{"name":"width","type":"INT","links":[],"shape":3,"label":"宽度","slot_index":0},{"name":"height","type":"INT","links":[],"shape":3,"label":"高度","slot_index":1}],"properties":{"Node name for S&R":"Get resolution [Crystools]"}},{"id":323,"type":"Get resolution [Crystools]","pos":[1139,-551],"size":{"0":210,"1":96},"flags":{},"order":76,"mode":0,"inputs":[{"name":"image","type":"IMAGE","link":680,"label":"图像"}],"outputs":[{"name":"width","type":"INT","links":[],"shape":3,"label":"宽度","slot_index":0},{"name":"height","type":"INT","links":[],"shape":3,"label":"高度","slot_index":1}],"properties":{"Node name for S&R":"Get resolution [Crystools]"}},{"id":320,"type":"AliSegBodyHeadFace","pos":[-2546,-494],"size":[315,206],"flags":{},"order":8,"mode":0,"inputs":[{"name":"images","type":"IMAGE","link":623,"label":"images"},{"name":"prompt_cloth","type":"STRING","link":621,"widget":{"name":"prompt_cloth"}},{"name":"prompt_background","type":"STRING","link":622,"widget":{"name":"prompt_background"}}],"outputs":[{"name":"原图","type":"IMAGE","links":[642,646,652,690],"shape":3,"label":"原图","slot_index":0},{"name":"head_mask","type":"IMAGE","links":[650,675],"shape":3,"label":"head_mask","slot_index":1},{"name":"face_mask","type":"IMAGE","links":[628,651,671,674,679],"shape":3,"label":"face_mask","slot_index":2},{"name":"人体mask","type":"IMAGE","links":null,"shape":3,"label":"人体mask"},{"name":"动态膨胀系数","type":"FLOAT","links":[649],"shape":3,"label":"动态膨胀系数","slot_index":4},{"name":"不使用头发","type":"BOOLEAN","links":[648],"shape":3,"label":"不使用头发","slot_index":5}],"properties":{"Node name for S&R":"AliSegBodyHeadFace"},"widgets_values":["","",false]},{"id":333,"type":"Get resolution [Crystools]","pos":[-2718,-235],"size":{"0":210,"1":96},"flags":{},"order":13,"mode":0,"inputs":[{"name":"image","type":"IMAGE","link":690,"label":"图像"}],"outputs":[{"name":"width","type":"INT","links":[695,697,699],"shape":3,"label":"宽度","slot_index":0},{"name":"height","type":"INT","links":[696,698,700],"shape":3,"label":"高度","slot_index":1}],"properties":{"Node name for S&R":"Get resolution [Crystools]"}},{"id":254,"type":"Reroute","pos":[-1126,-224],"size":[90.4,26],"flags":{},"order":23,"mode":0,"inputs":[{"name":"","type":"*","link":535,"widget":{"name":"value"}}],"outputs":[{"name":"STRING","type":"STRING","links":[468],"slot_index":0}],"properties":{"showOutputText":true,"horizontal":false}},{"id":250,"type":"Reroute","pos":[-1128,-399],"size":[124,26],"flags":{},"order":5,"mode":0,"inputs":[{"name":"","type":"*","link":476,"slot_index":0}],"outputs":[{"name":"LORA_STACK","type":"LORA_STACK","links":[477],"slot_index":0}],"properties":{"showOutputText":true,"horizontal":false}},{"id":251,"type":"Reroute","pos":[-1172,-360],"size":[182.79999999999998,26],"flags":{},"order":66,"mode":0,"inputs":[{"name":"","type":"*","link":479}],"outputs":[{"name":"CONTROL_NET_STACK","type":"CONTROL_NET_STACK","links":[465]}],"properties":{"showOutputText":true,"horizontal":false}},{"id":252,"type":"Reroute","pos":[-1129,-313],"size":[75,26],"flags":{},"order":44,"mode":0,"inputs":[{"name":"","type":"*","link":532,"widget":{"name":"value"}}],"outputs":[{"name":"INT","type":"INT","links":[701],"slot_index":0}],"properties":{"showOutputText":true,"horizontal":false}},{"id":253,"type":"Reroute","pos":[-1127,-268],"size":[75,26],"flags":{},"order":47,"mode":0,"inputs":[{"name":"","type":"*","link":533,"widget":{"name":"value"}}],"outputs":[{"name":"INT","type":"INT","links":[702],"slot_index":0}],"properties":{"showOutputText":true,"horizontal":false}}],"links":[[301,139,0,168,0,"MASK"],[378,200,0,191,3,"IMAGE"],[381,201,0,191,4,"FLOAT"],[382,191,0,202,0,"IMAGE"],[411,197,0,213,0,"IMAGE"],[412,198,0,214,0,"IMAGE"],[413,199,0,215,0,"IMAGE"],[414,200,0,216,0,"IMAGE"],[417,146,0,219,0,"*"],[428,227,0,223,1,"IMAGE"],[429,218,0,228,0,"IMAGE"],[430,228,0,223,0,"IMAGE"],[444,37,0,239,0,"STRING"],[445,238,0,239,1,"STRING"],[454,240,0,241,0,"SDXL_TUPLE"],[456,243,0,244,0,"LATENT"],[457,245,0,241,4,"INT"],[458,244,0,241,1,"LATENT"],[459,240,2,241,2,"VAE"],[461,248,0,243,0,"IMAGE"],[462,240,2,243,1,"VAE"],[463,249,0,244,1,"MASK"],[465,251,0,240,1,"CONTROL_NET_STACK"],[468,254,0,240,4,"STRING"],[469,241,3,255,0,"*"],[476,263,0,250,0,"*"],[477,250,0,240,0,"LORA_STACK"],[479,264,0,251,0,"*"],[491,272,0,273,0,"IMAGE"],[492,223,0,274,0,"*"],[493,274,0,265,0,"IMAGE"],[495,275,0,271,0,"IMAGE"],[497,277,0,272,0,"MASK"],[504,278,0,264,0,"IMAGE"],[505,274,0,264,1,"IMAGE"],[506,275,0,264,2,"IMAGE"],[507,277,0,249,0,"*"],[509,280,0,139,0,"IMAGE"],[513,282,0,218,0,"IMAGE"],[517,283,0,228,1,"INT"],[518,284,0,228,2,"INT"],[519,283,0,227,1,"INT"],[520,284,0,227,2,"INT"],[524,255,0,79,0,"IMAGE"],[527,191,0,190,0,"IMAGE"],[528,255,0,190,1,"IMAGE"],[532,286,0,252,0,"*"],[533,287,0,253,0,"*"],[534,239,0,288,0,"*"],[535,288,0,254,0,"*"],[538,168,0,290,0,"MASK"],[539,290,0,277,0,"*"],[547,278,0,289,0,"IMAGE"],[550,197,0,191,0,"IMAGE"],[551,198,0,191,1,"IMAGE"],[559,293,0,296,0,"IMAGE"],[565,296,0,275,0,"*"],[576,302,0,308,1,"INT"],[577,303,0,308,2,"INT"],[579,302,0,307,1,"INT"],[580,303,0,307,2,"INT"],[584,308,0,309,1,"IMAGE"],[585,307,0,309,0,"IMAGE"],[603,199,0,191,2,"IMAGE"],[615,301,0,317,0,"IMAGE"],[616,317,0,307,0,"IMAGE"],[617,317,0,312,0,"IMAGE"],[621,37,0,320,1,"STRING"],[622,238,0,320,2,"STRING"],[623,219,0,320,0,"IMAGE"],[628,320,2,280,0,"*"],[642,320,0,248,0,"*"],[646,320,0,200,0,"*"],[647,321,0,191,5,"BOOLEAN"],[648,320,5,321,0,"*"],[649,320,4,201,0,"*"],[650,320,1,313,0,"IMAGE"],[651,320,2,314,0,"IMAGE"],[652,320,0,322,0,"*"],[657,322,0,293,0,"*"],[659,309,0,278,0,"*"],[660,322,0,291,0,"IMAGE"],[661,285,0,227,0,"IMAGE"],[662,304,0,308,0,"IMAGE"],[669,322,0,282,0,"*"],[670,322,0,301,0,"*"],[671,320,2,304,0,"*"],[674,320,2,285,0,"*"],[675,320,1,199,0,"*"],[676,255,0,197,0,"*"],[679,320,2,198,0,"*"],[680,197,0,323,0,"IMAGE"],[681,200,0,324,0,"IMAGE"],[686,198,0,329,0,"IMAGE"],[687,199,0,330,0,"IMAGE"],[690,320,0,333,0,"IMAGE"],[695,333,0,302,0,"*"],[696,333,1,303,0,"*"],[697,333,0,283,0,"*"],[698,333,1,284,0,"*"],[699,333,0,286,0,"*"],[700,333,1,287,0,"*"],[701,252,0,240,2,"INT"],[702,253,0,240,3,"INT"]],"groups":[{"title":"头部回帖","bounding":[374,-578,666,431],"color":"#3f789e","font_size":24,"locked":false},{"title":"服装+背景一次生成","bounding":[-1179,-581,1394,773],"color":"#3f789e","font_size":24,"locked":false},{"title":"重回区域遮罩","bounding":[-2945,-85,1123,210],"color":"#3f789e","font_size":24,"locked":false},{"title":"ControlNet-pose","bounding":[-2937,616,1107,206],"color":"#3f789e","font_size":24,"locked":false},{"title":"ControlNet-Depth","bounding":[-2940,379,1109,203],"color":"#3f789e","font_size":24,"locked":false},{"title":"ControlNet-Canny","bounding":[-2944,150,1119,204],"color":"#3f789e","font_size":24,"locked":false},{"title":"图像预处理","bounding":[-2937,-667,1112,548],"color":"#3f789e","font_size":24,"locked":false},{"title":"用户输入","bounding":[-3793,-1609,1015,882],"color":"#3f789e","font_size":24,"locked":false},{"title":"ControlNet","bounding":[-1171,234,764,624],"color":"#3f789e","font_size":24,"locked":false}],"config":{},"extra":{"ds":{"scale":1.0610764609500023,"offset":{"0":3157.176025390625,"1":608.705078125}},"workspace_info":{"id":"qd8Wbtw6ZPQj42y7bkbCA","saveLock":false,"cloudID":null,"coverMediaPath":null}},"version":0.4}