{"last_node_id":380,"last_link_id":870,"nodes":[{"id":274,"type":"Reroute","pos":[-1932,385],"size":[82,26],"flags":{},"order":66,"mode":0,"inputs":[{"name":"","type":"*","link":492}],"outputs":[{"name":"IMAGE","type":"IMAGE","links":[493,505],"slot_index":0}],"properties":{"showOutputText":true,"horizontal":false}},{"id":275,"type":"Reroute","pos":[-1918,624],"size":[82,26],"flags":{},"order":40,"mode":0,"inputs":[{"name":"","type":"*","link":859}],"outputs":[{"name":"IMAGE","type":"IMAGE","links":[506],"slot_index":0}],"properties":{"showOutputText":true,"horizontal":false}},{"id":284,"type":"Reroute","pos":[-2910,529],"size":[75,26],"flags":{},"order":47,"mode":0,"inputs":[{"name":"","type":"*","link":698,"widget":{"name":"value"}}],"outputs":[{"name":"INT","type":"INT","links":[518,520],"slot_index":0}],"properties":{"showOutputText":true,"horizontal":false}},{"id":283,"type":"Reroute","pos":[-2911,490],"size":[75,26],"flags":{},"order":44,"mode":0,"inputs":[{"name":"","type":"*","link":697,"widget":{"name":"value"}}],"outputs":[{"name":"INT","type":"INT","links":[517,519],"slot_index":0}],"properties":{"showOutputText":true,"horizontal":false}},{"id":287,"type":"Reroute","pos":[-1923,-184],"size":[75,26],"flags":{},"order":48,"mode":0,"inputs":[{"name":"","type":"*","link":700,"widget":{"name":"value"}}],"outputs":[{"name":"INT","type":"INT","links":[715],"slot_index":0}],"properties":{"showOutputText":true,"horizontal":false}},{"id":286,"type":"Reroute","pos":[-1931,-236],"size":[75,26],"flags":{},"order":45,"mode":0,"inputs":[{"name":"","type":"*","link":699,"widget":{"name":"value"}}],"outputs":[{"name":"INT","type":"INT","links":[714],"slot_index":0}],"properties":{"showOutputText":true,"horizontal":false}},{"id":288,"type":"Reroute","pos":[-1936,-710],"size":[90.4,26],"flags":{},"order":9,"mode":0,"inputs":[{"name":"","type":"*","link":534,"widget":{"name":"value"}}],"outputs":[{"name":"STRING","type":"STRING","links":[535],"slot_index":0}],"properties":{"showOutputText":true,"horizontal":false}},{"id":278,"type":"Reroute","pos":[-1920,158],"size":[82,26],"flags":{},"order":65,"mode":0,"inputs":[{"name":"","type":"*","link":659}],"outputs":[{"name":"IMAGE","type":"IMAGE","links":[547,861],"slot_index":0}],"properties":{"showOutputText":true,"horizontal":false}},{"id":202,"type":"PreviewImage","pos":[-411,-1523],"size":{"0":581.824462890625,"1":748.2606201171875},"flags":{},"order":85,"mode":0,"inputs":[{"name":"images","type":"IMAGE","link":791,"label":"图像"}],"properties":{"Node name for S&R":"PreviewImage"}},{"id":228,"type":"ImageResize+","pos":[-2423,481],"size":{"0":315,"1":218},"flags":{"collapsed":true},"order":57,"mode":0,"inputs":[{"name":"image","type":"IMAGE","link":429,"label":"图像"},{"name":"width","type":"INT","link":517,"widget":{"name":"width"},"label":"宽度"},{"name":"height","type":"INT","link":518,"widget":{"name":"height"},"label":"高度"}],"outputs":[{"name":"IMAGE","type":"IMAGE","links":[430],"shape":3,"label":"图像","slot_index":0},{"name":"width","type":"INT","links":null,"shape":3,"label":"宽度"},{"name":"height","type":"INT","links":null,"shape":3,"label":"高度"}],"properties":{"Node name for S&R":"ImageResize+"},"widgets_values":[768,1024,"nearest",false,"always",0]},{"id":302,"type":"Reroute","pos":[-2925,279],"size":[75,26],"flags":{},"order":43,"mode":0,"inputs":[{"name":"","type":"*","link":695,"widget":{"name":"value"}}],"outputs":[{"name":"INT","type":"INT","links":[576,579],"slot_index":0}],"properties":{"showOutputText":true,"horizontal":false}},{"id":303,"type":"Reroute","pos":[-2925,318],"size":[75,26],"flags":{},"order":46,"mode":0,"inputs":[{"name":"","type":"*","link":696,"widget":{"name":"value"}}],"outputs":[{"name":"INT","type":"INT","links":[577,580],"slot_index":0}],"properties":{"showOutputText":true,"horizontal":false}},{"id":293,"type":"Reroute","pos":[-2914,678],"size":[82,26],"flags":{},"order":23,"mode":0,"inputs":[{"name":"","type":"*","link":657}],"outputs":[{"name":"IMAGE","type":"IMAGE","links":[859],"slot_index":0}],"properties":{"showOutputText":true,"horizontal":false}},{"id":265,"type":"PreviewImage","pos":[-1758,538],"size":{"0":210,"1":246},"flags":{},"order":70,"mode":0,"inputs":[{"name":"images","type":"IMAGE","link":493,"label":"图像"}],"properties":{"Node name for S&R":"PreviewImage"}},{"id":218,"type":"AIO_Preprocessor","pos":[-2785,461],"size":{"0":315,"1":82},"flags":{},"order":41,"mode":0,"inputs":[{"name":"image","type":"IMAGE","link":513,"label":"图像"}],"outputs":[{"name":"IMAGE","type":"IMAGE","links":[429],"shape":3,"label":"图像","slot_index":0}],"properties":{"Node name for S&R":"AIO_Preprocessor"},"widgets_values":["DepthAnythingV2Preprocessor",768]},{"id":227,"type":"ImageResize+","pos":[-2440,530],"size":{"0":315,"1":218},"flags":{"collapsed":true},"order":58,"mode":0,"inputs":[{"name":"image","type":"IMAGE","link":661,"label":"图像"},{"name":"width","type":"INT","link":519,"widget":{"name":"width"},"label":"宽度"},{"name":"height","type":"INT","link":520,"widget":{"name":"height"},"label":"高度"}],"outputs":[{"name":"IMAGE","type":"IMAGE","links":[428],"shape":3,"label":"图像","slot_index":0},{"name":"width","type":"INT","links":null,"shape":3,"label":"宽度"},{"name":"height","type":"INT","links":null,"shape":3,"label":"高度"}],"properties":{"Node name for S&R":"ImageResize+"},"widgets_values":[768,1024,"nearest",false,"always",0]},{"id":282,"type":"Reroute","pos":[-2919,419],"size":[82,26],"flags":{},"order":25,"mode":0,"inputs":[{"name":"","type":"*","link":669}],"outputs":[{"name":"IMAGE","type":"IMAGE","links":[513],"slot_index":0}],"properties":{"showOutputText":true,"horizontal":false}},{"id":285,"type":"Reroute","pos":[-2923,455],"size":[82,26],"flags":{},"order":31,"mode":0,"inputs":[{"name":"","type":"*","link":742}],"outputs":[{"name":"IMAGE","type":"IMAGE","links":[661],"slot_index":0}],"properties":{"showOutputText":true,"horizontal":false}},{"id":254,"type":"Reroute","pos":[-1126,-224],"size":[90.4,26],"flags":{},"order":22,"mode":0,"inputs":[{"name":"","type":"*","link":535,"widget":{"name":"value"}}],"outputs":[{"name":"STRING","type":"STRING","links":[468],"slot_index":0}],"properties":{"showOutputText":true,"horizontal":false}},{"id":243,"type":"VAEEncode","pos":[-465,-368],"size":{"0":210,"1":46},"flags":{},"order":76,"mode":0,"inputs":[{"name":"pixels","type":"IMAGE","link":704,"label":"图像","slot_index":0},{"name":"vae","type":"VAE","link":462,"label":"VAE"}],"outputs":[{"name":"LATENT","type":"LATENT","links":[456],"shape":3,"label":"Latent","slot_index":0}],"properties":{"Node name for S&R":"VAEEncode"}},{"id":255,"type":"Reroute","pos":[104.4071316189256,-530.3368064523069],"size":[82,26],"flags":{},"order":80,"mode":0,"inputs":[{"name":"","type":"*","link":469}],"outputs":[{"name":"IMAGE","type":"IMAGE","links":[524,528,713],"slot_index":0}],"properties":{"showOutputText":true,"horizontal":false}},{"id":252,"type":"Reroute","pos":[-1129,-313],"size":[75,26],"flags":{},"order":54,"mode":0,"inputs":[{"name":"","type":"*","link":714,"widget":{"name":"value"}}],"outputs":[{"name":"INT","type":"INT","links":[701],"slot_index":0}],"properties":{"showOutputText":true,"horizontal":false}},{"id":253,"type":"Reroute","pos":[-1127,-268],"size":[75,26],"flags":{},"order":59,"mode":0,"inputs":[{"name":"","type":"*","link":715,"widget":{"name":"value"}}],"outputs":[{"name":"INT","type":"INT","links":[702],"slot_index":0}],"properties":{"showOutputText":true,"horizontal":false}},{"id":277,"type":"Reroute","pos":[-1943.9639714129776,-80.71477084207703],"size":[75,26],"flags":{},"order":64,"mode":0,"inputs":[{"name":"","type":"*","link":860}],"outputs":[{"name":"MASK","type":"MASK","links":[497,717],"slot_index":0}],"properties":{"showOutputText":true,"horizontal":false}},{"id":250,"type":"Reroute","pos":[-1142,-400],"size":[124,26],"flags":{},"order":6,"mode":0,"inputs":[{"name":"","type":"*","link":476,"slot_index":0}],"outputs":[{"name":"LORA_STACK","type":"LORA_STACK","links":[477],"slot_index":0}],"properties":{"showOutputText":true,"horizontal":false}},{"id":307,"type":"ImageResize+","pos":[-2408,229],"size":{"0":315,"1":218},"flags":{"collapsed":true},"order":56,"mode":0,"inputs":[{"name":"image","type":"IMAGE","link":762,"label":"图像"},{"name":"width","type":"INT","link":579,"widget":{"name":"width"},"label":"宽度"},{"name":"height","type":"INT","link":580,"widget":{"name":"height"},"label":"高度"}],"outputs":[{"name":"IMAGE","type":"IMAGE","links":[585],"shape":3,"label":"图像","slot_index":0},{"name":"width","type":"INT","links":null,"shape":3,"label":"宽度"},{"name":"height","type":"INT","links":null,"shape":3,"label":"高度"}],"properties":{"Node name for S&R":"ImageResize+"},"widgets_values":[768,1024,"nearest",false,"always",0]},{"id":308,"type":"ImageResize+","pos":[-2414,314],"size":{"0":315,"1":218},"flags":{"collapsed":true},"order":55,"mode":0,"inputs":[{"name":"image","type":"IMAGE","link":662,"label":"图像"},{"name":"width","type":"INT","link":576,"widget":{"name":"width"},"label":"宽度"},{"name":"height","type":"INT","link":577,"widget":{"name":"height"},"label":"高度"}],"outputs":[{"name":"IMAGE","type":"IMAGE","links":[584],"shape":3,"label":"图像","slot_index":0},{"name":"width","type":"INT","links":null,"shape":3,"label":"宽度"},{"name":"height","type":"INT","links":null,"shape":3,"label":"高度"}],"properties":{"Node name for S&R":"ImageResize+"},"widgets_values":[768,1024,"nearest",false,"always",0]},{"id":304,"type":"Reroute","pos":[-2923,234],"size":[82,26],"flags":{},"order":30,"mode":0,"inputs":[{"name":"","type":"*","link":741}],"outputs":[{"name":"IMAGE","type":"IMAGE","links":[662],"slot_index":0}],"properties":{"showOutputText":true,"horizontal":false}},{"id":309,"type":"ImageCompositedMaskedWeight","pos":[-2243,240],"size":{"0":315,"1":78},"flags":{},"order":62,"mode":0,"inputs":[{"name":"source","type":"IMAGE","link":585,"label":"source"},{"name":"mask","type":"IMAGE","link":584,"label":"mask"}],"outputs":[{"name":"IMAGE","type":"IMAGE","links":[659],"shape":3,"label":"IMAGE","slot_index":0}],"properties":{"Node name for S&R":"ImageCompositedMaskedWeight"},"widgets_values":[0.30000000000000004]},{"id":353,"type":"AnyLineArtPreprocessor_aux","pos":[-2782,192],"size":{"0":315,"1":178},"flags":{},"order":42,"mode":0,"inputs":[{"name":"image","type":"IMAGE","link":761,"label":"图像"}],"outputs":[{"name":"image","type":"IMAGE","links":[762,763],"shape":3,"label":"图像","slot_index":0}],"properties":{"Node name for S&R":"AnyLineArtPreprocessor_aux"},"widgets_values":["lineart_standard",768,0,1,36,1]},{"id":313,"type":"PreviewImage","pos":[-3768,-256],"size":{"0":210,"1":246},"flags":{},"order":32,"mode":0,"inputs":[{"name":"images","type":"IMAGE","link":810,"label":"图像"}],"properties":{"Node name for S&R":"PreviewImage"}},{"id":291,"type":"PreviewImage","pos":[-3773,-600],"size":{"0":210,"1":246},"flags":{},"order":24,"mode":0,"inputs":[{"name":"images","type":"IMAGE","link":660,"label":"图像"}],"properties":{"Node name for S&R":"PreviewImage"}},{"id":357,"type":"PreviewImage","pos":[-3768,72],"size":{"0":210,"1":246},"flags":{},"order":37,"mode":0,"inputs":[{"name":"images","type":"IMAGE","link":813,"label":"图像"}],"properties":{"Node name for S&R":"PreviewImage"}},{"id":190,"type":"Image Comparer (rgthree)","pos":{"0":315,"1":-1535,"2":0,"3":0,"4":0,"5":0,"6":0,"7":0,"8":0,"9":0},"size":{"0":574.4107666015625,"1":758.3173217773438},"flags":{},"order":86,"mode":0,"inputs":[{"name":"image_a","type":"IMAGE","link":792,"label":"图像_A","dir":3},{"name":"image_b","type":"IMAGE","link":528,"label":"图像_B","dir":3}],"outputs":[],"properties":{"comparer_mode":"Slide"},"widgets_values":[["/view?filename=rgthree.compare._temp_gzjkl_00039_.png&type=temp&subfolder=&rand=0.46035906601128307","/view?filename=rgthree.compare._temp_gzjkl_00040_.png&type=temp&subfolder=&rand=0.9453966043025139"]]},{"id":219,"type":"Reroute","pos":[-2898,-609],"size":[75,26],"flags":{},"order":5,"mode":0,"inputs":[{"name":"","type":"*","link":417}],"outputs":[{"name":"","type":"IMAGE","links":[802],"slot_index":0}],"properties":{"showOutputText":false,"horizontal":false}},{"id":333,"type":"Get resolution [Crystools]","pos":[-2294,-248],"size":{"0":210,"1":96},"flags":{},"order":27,"mode":0,"inputs":[{"name":"image","type":"IMAGE","link":814,"label":"图像"}],"outputs":[{"name":"width","type":"INT","links":[695,697,699],"shape":3,"label":"宽度","slot_index":0},{"name":"height","type":"INT","links":[696,698,700],"shape":3,"label":"高度","slot_index":1}],"properties":{"Node name for S&R":"Get resolution [Crystools]"}},{"id":369,"type":"Reroute","pos":[-1939,-528],"size":[75,26],"flags":{},"order":14,"mode":0,"inputs":[{"name":"","type":"*","link":820}],"outputs":[{"name":"","type":"IMAGE","links":null}],"properties":{"showOutputText":false,"horizontal":false}},{"id":371,"type":"Reroute","pos":[-1937,-430],"size":[75,26],"flags":{},"order":18,"mode":0,"inputs":[{"name":"","type":"*","link":822}],"outputs":[{"name":"","type":"IMAGE","links":null}],"properties":{"showOutputText":false,"horizontal":false}},{"id":367,"type":"Reroute","pos":[-1939,-630],"size":[75,26],"flags":{},"order":11,"mode":0,"inputs":[{"name":"","type":"*","link":818}],"outputs":[{"name":"","type":"IMAGE","links":[826],"slot_index":0}],"properties":{"showOutputText":false,"horizontal":false}},{"id":362,"type":"Reroute","pos":[-1925,-365],"size":[75,26],"flags":{},"order":20,"mode":0,"inputs":[{"name":"","type":"*","link":796,"widget":{"name":"value"}}],"outputs":[{"name":"INT","type":"INT","links":[830],"slot_index":0}],"properties":{"showOutputText":true,"horizontal":false}},{"id":201,"type":"Reroute","pos":[396,-275],"size":[75,26],"flags":{},"order":38,"mode":0,"inputs":[{"name":"","type":"*","link":830,"widget":{"name":"value"}}],"outputs":[{"name":"INT","type":"INT","links":[832],"slot_index":0}],"properties":{"showOutputText":true,"horizontal":false}},{"id":251,"type":"Reroute","pos":[-1124,-150],"size":[75,26],"flags":{},"order":73,"mode":0,"inputs":[{"name":"","type":"*","link":479}],"outputs":[{"name":"","type":"CONTROL_NET_STACK","links":[465]}],"properties":{"showOutputText":false,"horizontal":false}},{"id":322,"type":"Reroute","pos":[-2893,-370],"size":[75,26],"flags":{},"order":10,"mode":0,"inputs":[{"name":"","type":"*","link":804}],"outputs":[{"name":"","type":"IMAGE","links":[657,660,669,740,814],"slot_index":0}],"properties":{"showOutputText":false,"horizontal":false}},{"id":214,"type":"PreviewImage","pos":[537,6],"size":{"0":210,"1":246},"flags":{},"order":51,"mode":0,"inputs":[{"name":"images","type":"IMAGE","link":412,"label":"图像"}],"properties":{"Node name for S&R":"PreviewImage"}},{"id":215,"type":"PreviewImage","pos":[842,0],"size":{"0":210,"1":246},"flags":{},"order":50,"mode":0,"inputs":[{"name":"images","type":"IMAGE","link":413,"label":"图像"}],"properties":{"Node name for S&R":"PreviewImage"}},{"id":216,"type":"PreviewImage","pos":[1155,4],"size":{"0":210,"1":246},"flags":{},"order":60,"mode":0,"inputs":[{"name":"images","type":"IMAGE","link":414,"label":"图像"}],"properties":{"Node name for S&R":"PreviewImage"}},{"id":213,"type":"PreviewImage","pos":[281,18],"size":{"0":210,"1":246},"flags":{},"order":83,"mode":0,"inputs":[{"name":"images","type":"IMAGE","link":411,"label":"图像"}],"properties":{"Node name for S&R":"PreviewImage"}},{"id":79,"type":"PreviewImage","pos":[-1131,-1520],"size":{"0":606.870361328125,"1":748.5443725585938},"flags":{},"order":81,"mode":0,"inputs":[{"name":"images","type":"IMAGE","link":524,"label":"图像"}],"properties":{"Node name for S&R":"PreviewImage"}},{"id":223,"type":"ImageCompositedMaskedWeight","pos":[-2211,463],"size":{"0":315,"1":78},"flags":{},"order":63,"mode":0,"inputs":[{"name":"source","type":"IMAGE","link":430,"label":"source"},{"name":"mask","type":"IMAGE","link":428,"label":"mask"}],"outputs":[{"name":"IMAGE","type":"IMAGE","links":[492],"shape":3,"label":"IMAGE","slot_index":0}],"properties":{"Node name for S&R":"ImageCompositedMaskedWeight"},"widgets_values":[0.1]},{"id":197,"type":"Reroute","pos":[390.119955749137,-495.8864335632925],"size":[82,26],"flags":{},"order":82,"mode":0,"inputs":[{"name":"","type":"*","link":713}],"outputs":[{"name":"IMAGE","type":"IMAGE","links":[411,786],"slot_index":0}],"properties":{"showOutputText":true,"horizontal":false}},{"id":366,"type":"Reroute","pos":[-1940,-296],"size":[98.8,26],"flags":{},"order":21,"mode":0,"inputs":[{"name":"","type":"*","link":809,"widget":{"name":"value"}}],"outputs":[{"name":"BOOLEAN","type":"BOOLEAN","links":[831],"slot_index":0}],"properties":{"showOutputText":true,"horizontal":false}},{"id":198,"type":"Reroute","pos":[392,-448],"size":[82,26],"flags":{},"order":34,"mode":0,"inputs":[{"name":"","type":"*","link":829}],"outputs":[{"name":"IMAGE","type":"IMAGE","links":[412,787],"slot_index":0}],"properties":{"showOutputText":true,"horizontal":false}},{"id":199,"type":"Reroute","pos":[396,-387],"size":[82,26],"flags":{},"order":29,"mode":0,"inputs":[{"name":"","type":"*","link":828}],"outputs":[{"name":"IMAGE","type":"IMAGE","links":[413,788],"slot_index":0}],"properties":{"showOutputText":true,"horizontal":false}},{"id":368,"type":"Reroute","pos":[-1935,-578],"size":[75,26],"flags":{},"order":12,"mode":0,"inputs":[{"name":"","type":"*","link":842}],"outputs":[{"name":"","type":"IMAGE","links":[828],"slot_index":0}],"properties":{"showOutputText":false,"horizontal":false}},{"id":312,"type":"PreviewImage","pos":[-1524,237],"size":{"0":210,"1":246},"flags":{},"order":53,"mode":0,"inputs":[{"name":"images","type":"IMAGE","link":763,"label":"图像"}],"properties":{"Node name for S&R":"PreviewImage"}},{"id":370,"type":"Reroute","pos":[-1934,-479],"size":[75,26],"flags":{},"order":16,"mode":0,"inputs":[{"name":"","type":"*","link":849}],"outputs":[{"name":"","type":"IMAGE","links":[829],"slot_index":0}],"properties":{"showOutputText":false,"horizontal":false}},{"id":361,"type":"AliSegBodyHeadFace","pos":[-2632,-598],"size":{"0":315,"1":226},"flags":{},"order":8,"mode":0,"inputs":[{"name":"images","type":"IMAGE","link":802,"label":"images"},{"name":"prompt_cloth","type":"STRING","link":801,"widget":{"name":"prompt_cloth"},"label":"prompt_cloth"},{"name":"prompt_background","type":"STRING","link":800,"widget":{"name":"prompt_background"},"label":"prompt_background"}],"outputs":[{"name":"原图","type":"IMAGE","links":[804,818],"shape":3,"label":"原图","slot_index":0},{"name":"head_mask","type":"IMAGE","links":[842,853],"shape":3,"label":"head_mask","slot_index":1},{"name":"hair_mask","type":"IMAGE","links":[820,854],"shape":3,"label":"hair_mask","slot_index":2},{"name":"face_mask","type":"IMAGE","links":[849,855],"shape":3,"label":"face_mask","slot_index":3},{"name":"人体mask","type":"IMAGE","links":[822,851],"shape":3,"label":"人体mask","slot_index":4},{"name":"动态膨胀系数","type":"INT","links":[796],"shape":3,"label":"动态膨胀系数","slot_index":5},{"name":"不保留头发","type":"BOOLEAN","links":[809],"shape":3,"label":"不保留头发","slot_index":6}],"properties":{"Node name for S&R":"AliSegBodyHeadFace"},"widgets_values":["","",false]},{"id":139,"type":"ImageToMask","pos":[-2829,31],"size":{"0":315,"1":58},"flags":{},"order":52,"mode":0,"inputs":[{"name":"image","type":"IMAGE","link":753,"label":"图像"}],"outputs":[{"name":"MASK","type":"MASK","links":[856],"shape":3,"label":"遮罩","slot_index":0}],"properties":{"Node name for S&R":"ImageToMask"},"widgets_values":["red"]},{"id":342,"type":"Reroute","pos":[-2888,-275],"size":[75,26],"flags":{},"order":13,"mode":0,"inputs":[{"name":"","type":"*","link":853}],"outputs":[{"name":"","type":"IMAGE","links":[741,742,810],"slot_index":0}],"properties":{"showOutputText":false,"horizontal":false}},{"id":238,"type":"String Literal","pos":[-3702,-968],"size":{"0":400,"1":200},"flags":{},"order":0,"mode":0,"outputs":[{"name":"STRING","type":"STRING","links":[445,800],"shape":3,"label":"STRING","slot_index":0}],"properties":{"Node name for S&R":"String Literal"},"widgets_values":["\"subject in modern office,solo, focuses on the people face, (cityscape window view)+, (business atmosphere)+, (deep depth of field)+++,(defoucs)++,(bokeh)+,\", \"photo of a male,(solo)+++\""]},{"id":354,"type":"Image Comparer (rgthree)","pos":{"0":1197,"1":-826,"2":0,"3":0,"4":0,"5":0,"6":0,"7":0,"8":0,"9":0},"size":{"0":574.4107666015625,"1":758.3173217773438},"flags":{},"order":87,"mode":0,"inputs":[{"name":"image_a","type":"IMAGE","link":858,"label":"图像_A","dir":3},{"name":"image_b","type":"IMAGE","link":857,"label":"图像_B","dir":3}],"outputs":[],"properties":{"comparer_mode":"Slide"},"widgets_values":[["/view?filename=rgthree.compare._temp_lmmoh_00039_.png&type=temp&subfolder=&rand=0.7849022505106447","/view?filename=rgthree.compare._temp_lmmoh_00040_.png&type=temp&subfolder=&rand=0.012739693399759666"]]},{"id":200,"type":"Reroute","pos":[393.6169754889972,-333.4427827183019],"size":[82,26],"flags":{},"order":49,"mode":0,"inputs":[{"name":"","type":"*","link":827}],"outputs":[{"name":"IMAGE","type":"IMAGE","links":[414,789,857],"slot_index":0}],"properties":{"showOutputText":true,"horizontal":false}},{"id":358,"type":"Snapme ImgProcess Step3","pos":[610,-485],"size":{"0":315,"1":166},"flags":{},"order":84,"mode":0,"inputs":[{"name":"image_res_1","type":"IMAGE","link":786,"label":"image_res_1"},{"name":"face_mask","type":"IMAGE","link":787,"label":"face_mask"},{"name":"control_mask_face","type":"IMAGE","link":788,"label":"control_mask_face"},{"name":"face_image_pad","type":"IMAGE","link":789,"label":"face_image_pad"},{"name":"dilate_iter","type":"INT","link":832,"widget":{"name":"dilate_iter"},"slot_index":4,"label":"dilate_iter"},{"name":"use_hair","type":"BOOLEAN","link":846,"widget":{"name":"use_hair"},"label":"use_hair"}],"outputs":[{"name":"脸部回帖图","type":"IMAGE","links":[791,792,858],"shape":3,"label":"脸部回帖图","slot_index":0}],"properties":{"Node name for S&R":"Snapme ImgProcess Step3"},"widgets_values":[0,false,false]},{"id":290,"type":"GrowMaskWithBlur","pos":[-2354,-4],"size":{"0":291.99395751953125,"1":246},"flags":{"collapsed":false},"order":61,"mode":0,"inputs":[{"name":"mask","type":"MASK","link":856,"label":"遮罩"}],"outputs":[{"name":"mask","type":"MASK","links":[],"shape":3,"label":"遮罩","slot_index":0},{"name":"mask_inverted","type":"MASK","links":[860],"shape":3,"label":"反转遮罩","slot_index":1}],"properties":{"Node name for S&R":"GrowMaskWithBlur"},"widgets_values":[1,1,true,false,1,0.5,0.5,false]},{"id":146,"type":"LoadImage","pos":[-1789,-1495],"size":{"0":612.2113037109375,"1":734.7125244140625},"flags":{},"order":1,"mode":0,"outputs":[{"name":"IMAGE","type":"IMAGE","links":[417],"shape":3,"label":"图像","slot_index":0},{"name":"MASK","type":"MASK","links":null,"shape":3,"label":"遮罩"}],"properties":{"Node name for S&R":"LoadImage"},"widgets_values":["6fddc4ee-2600-409e-924a-3e52fbd01978 (2).png","image"]},{"id":321,"type":"Reroute","pos":[395,-225],"size":[98.8,26],"flags":{},"order":39,"mode":0,"inputs":[{"name":"","type":"*","link":831,"widget":{"name":"value"}}],"outputs":[{"name":"BOOLEAN","type":"BOOLEAN","links":[846],"slot_index":0}],"properties":{"showOutputText":true,"horizontal":false}},{"id":363,"type":"Reroute","pos":[-2883,-193],"size":[75,26],"flags":{},"order":15,"mode":0,"inputs":[{"name":"","type":"*","link":854}],"outputs":[{"name":"","type":"IMAGE","links":[811],"slot_index":0}],"properties":{"showOutputText":false,"horizontal":false}},{"id":356,"type":"PreviewImage","pos":[-3273,-265],"size":{"0":210,"1":246},"flags":{},"order":35,"mode":0,"inputs":[{"name":"images","type":"IMAGE","link":812,"label":"图像"}],"properties":{"Node name for S&R":"PreviewImage"}},{"id":314,"type":"PreviewImage","pos":[-3522,-263],"size":{"0":210,"1":246},"flags":{},"order":33,"mode":0,"inputs":[{"name":"images","type":"IMAGE","link":811,"label":"图像"}],"properties":{"Node name for S&R":"PreviewImage"}},{"id":289,"type":"PreviewImage","pos":[-1739,147],"size":{"0":210,"1":246},"flags":{},"order":69,"mode":0,"inputs":[{"name":"images","type":"IMAGE","link":547,"label":"图像"}],"properties":{"Node name for S&R":"PreviewImage"}},{"id":264,"type":"CR Multi-ControlNet Stack","pos":[-1021,364],"size":{"0":418.1999816894531,"1":454},"flags":{},"order":71,"mode":0,"inputs":[{"name":"image_1","type":"IMAGE","link":861,"label":"图像1"},{"name":"image_2","type":"IMAGE","link":505,"label":"图像2"},{"name":"image_3","type":"IMAGE","link":506,"label":"图像3"},{"name":"controlnet_stack","type":"CONTROL_NET_STACK","link":null,"label":"ControlNet堆"}],"outputs":[{"name":"CONTROLNET_STACK","type":"CONTROL_NET_STACK","links":[479],"shape":3,"label":"ControlNet堆","slot_index":0},{"name":"show_help","type":"STRING","links":null,"shape":3}],"properties":{"Node name for S&R":"CR Multi-ControlNet Stack"},"widgets_values":["On","diffusers_xl_canny_small.safetensors",0.3,0,1,"On","diffusers_xl_depth_small.safetensors",0.3,0,1,"Off","None",0.3,0,1]},{"id":248,"type":"Reroute","pos":[-1133,-539],"size":[82,26],"flags":{},"order":28,"mode":0,"inputs":[{"name":"","type":"*","link":826}],"outputs":[{"name":"IMAGE","type":"IMAGE","links":[704,827,862],"slot_index":0}],"properties":{"showOutputText":true,"horizontal":false}},{"id":249,"type":"Reroute","pos":[-1126,-472],"size":[75,26],"flags":{},"order":68,"mode":0,"inputs":[{"name":"","type":"*","link":717}],"outputs":[{"name":"MASK","type":"MASK","links":[705,864],"slot_index":0}],"properties":{"showOutputText":true,"horizontal":false}},{"id":245,"type":"CR Seed","pos":[-465,-154],"size":{"0":216.6881103515625,"1":102},"flags":{},"order":2,"mode":0,"outputs":[{"name":"seed","type":"INT","links":[457],"shape":3,"label":"随机种","slot_index":0},{"name":"show_help","type":"STRING","links":null,"shape":3}],"properties":{"Node name for S&R":"CR Seed"},"widgets_values":[249289129036534,"randomize"]},{"id":239,"type":"JoinStrings","pos":[-3194,-1048],"size":{"0":315,"1":106},"flags":{},"order":7,"mode":0,"inputs":[{"name":"string1","type":"STRING","link":444,"widget":{"name":"string1"},"label":"字符串1"},{"name":"string2","type":"STRING","link":445,"widget":{"name":"string2"},"label":"字符串2"}],"outputs":[{"name":"STRING","type":"STRING","links":[534],"shape":3,"label":"字符串","slot_index":0}],"properties":{"Node name for S&R":"JoinStrings"},"widgets_values":["","",","]},{"id":244,"type":"SetLatentNoiseMask","pos":[-455.16811716589297,-268.0053039494718],"size":{"0":210,"1":46},"flags":{},"order":78,"mode":0,"inputs":[{"name":"samples","type":"LATENT","link":456,"label":"Latent"},{"name":"mask","type":"MASK","link":705,"label":"遮罩","slot_index":1}],"outputs":[{"name":"LATENT","type":"LATENT","links":[],"shape":3,"label":"Latent","slot_index":0}],"properties":{"Node name for S&R":"SetLatentNoiseMask"}},{"id":263,"type":"CR LoRA Stack","pos":[-3215,-1461],"size":{"0":394.4184265136719,"1":342},"flags":{},"order":3,"mode":0,"inputs":[{"name":"lora_stack","type":"LORA_STACK","link":null,"label":"LoRA堆"}],"outputs":[{"name":"LORA_STACK","type":"LORA_STACK","links":[476],"shape":3,"slot_index":0},{"name":"show_help","type":"STRING","links":null,"shape":3}],"properties":{"Node name for S&R":"CR LoRA Stack"},"widgets_values":["On","train_lora/cloth_lora/spmf_cl_leisure_suit3/spmf_cl_leisure_sui3.safetensors",1,1,"Off","None",1,1,"Off","None",1,1]},{"id":378,"type":"VAEEncodeForInpaint","pos":[-511,-598],"size":{"0":315,"1":98},"flags":{},"order":77,"mode":0,"inputs":[{"name":"pixels","type":"IMAGE","link":862,"label":"图像"},{"name":"vae","type":"VAE","link":863,"label":"VAE"},{"name":"mask","type":"MASK","link":864,"label":"遮罩"}],"outputs":[{"name":"LATENT","type":"LATENT","links":[867],"shape":3,"label":"Latent","slot_index":0}],"properties":{"Node name for S&R":"VAEEncodeForInpaint"},"widgets_values":[0]},{"id":240,"type":"Eff. Loader SDXL","pos":[-954,-395],"size":{"0":400,"1":402},"flags":{},"order":75,"mode":0,"inputs":[{"name":"lora_stack","type":"LORA_STACK","link":477,"label":"LoRA堆","slot_index":0},{"name":"cnet_stack","type":"CONTROL_NET_STACK","link":465,"label":"ControlNet堆","slot_index":1},{"name":"empty_latent_width","type":"INT","link":701,"widget":{"name":"empty_latent_width"},"label":"宽度","slot_index":2},{"name":"empty_latent_height","type":"INT","link":702,"widget":{"name":"empty_latent_height"},"label":"高度","slot_index":3},{"name":"positive","type":"STRING","link":468,"widget":{"name":"positive"},"label":"正面条件","slot_index":4}],"outputs":[{"name":"SDXL_TUPLE","type":"SDXL_TUPLE","links":[454],"shape":3,"label":"SDXL元组","slot_index":0},{"name":"LATENT","type":"LATENT","links":null,"shape":3,"label":"Latent"},{"name":"VAE","type":"VAE","links":[459,462,863],"shape":3,"label":"VAE","slot_index":2},{"name":"DEPENDENCIES","type":"DEPENDENCIES","links":null,"shape":3,"label":"依赖"}],"properties":{"Node name for S&R":"Eff. Loader SDXL"},"widgets_values":["sdxl/realvisxlV40_v40Bakedvae.safetensors",-1,"None",-2,6,2,"Baked VAE","CLIP_POSITIVE","embedding:negativeXL_D.safetensors, NSFW, worst quality, low quality, illustration, 3d, 2d, cartoon, painting, cartoons, sketch, open mouth, long neck, watermark, text, extra fingers, inverted nipple, busty, large breasts, ugly, disgusting","mean","compel",1024,1024,1],"color":"#332233","bgcolor":"#553355","shape":1},{"id":241,"type":"KSampler SDXL (Eff.)","pos":[-181,-382],"size":{"0":325,"1":542},"flags":{},"order":79,"mode":0,"inputs":[{"name":"sdxl_tuple","type":"SDXL_TUPLE","link":454,"label":"SDXL元组"},{"name":"latent_image","type":"LATENT","link":867,"label":"Latent","slot_index":1},{"name":"optional_vae","type":"VAE","link":459,"label":"VAE(可选)"},{"name":"script","type":"SCRIPT","link":null,"label":"脚本"},{"name":"noise_seed","type":"INT","link":457,"widget":{"name":"noise_seed"},"label":"随机种","slot_index":4}],"outputs":[{"name":"SDXL_TUPLE","type":"SDXL_TUPLE","links":null,"shape":3,"label":"SDXL元组"},{"name":"LATENT","type":"LATENT","links":null,"shape":3,"label":"Latent"},{"name":"VAE","type":"VAE","links":null,"shape":3,"label":"VAE"},{"name":"IMAGE","type":"IMAGE","links":[469],"shape":3,"label":"图像","slot_index":3}],"properties":{"Node name for S&R":"KSampler SDXL (Eff.)"},"widgets_values":[257677540971141,null,40,2,"dpmpp_2m_sde","karras",0,-1,"auto","true (tiled)"],"color":"#2a363b","bgcolor":"#3f5159","shape":1},{"id":37,"type":"String Literal","pos":[-3687,-1364],"size":[379.7773337922549,183.3054814730715],"flags":{},"order":4,"mode":0,"outputs":[{"name":"STRING","type":"STRING","links":[444,801],"shape":3,"label":"STRING","slot_index":0}],"properties":{"Node name for S&R":"String Literal"},"widgets_values":["ybr3, navy blue suit, long-sleeved suit top, shorts,\nlow saturation,"]},{"id":272,"type":"MaskToImage","pos":[-1778,-44],"size":{"0":192.8408660888672,"1":45.47084045410156},"flags":{},"order":67,"mode":0,"inputs":[{"name":"mask","type":"MASK","link":497,"label":"遮罩"}],"outputs":[{"name":"IMAGE","type":"IMAGE","links":[868],"shape":3,"label":"图像","slot_index":0}],"properties":{"Node name for S&R":"MaskToImage"}},{"id":380,"type":"ImageInvert","pos":[-1756,43],"size":{"0":210,"1":26},"flags":{},"order":72,"mode":0,"inputs":[{"name":"image","type":"IMAGE","link":868,"label":"图像"}],"outputs":[{"name":"IMAGE","type":"IMAGE","links":[869],"shape":3,"label":"图像","slot_index":0}],"properties":{"Node name for S&R":"ImageInvert"}},{"id":379,"type":"Image Comparer (rgthree)","pos":{"0":-1488,"1":-68,"2":0,"3":0,"4":0,"5":0,"6":0,"7":0,"8":0,"9":0},"size":{"0":210,"1":122},"flags":{},"order":74,"mode":0,"inputs":[{"name":"image_a","type":"IMAGE","link":869,"label":"图像_A","dir":3},{"name":"image_b","type":"IMAGE","link":870,"label":"图像_B","dir":3}],"outputs":[],"properties":{"comparer_mode":"Slide"},"widgets_values":[[]]},{"id":365,"type":"Reroute","pos":[-2549,-201],"size":[75,26],"flags":{},"order":19,"mode":0,"inputs":[{"name":"","type":"*","link":851}],"outputs":[{"name":"","type":"IMAGE","links":[813],"slot_index":0}],"properties":{"showOutputText":false,"horizontal":false}},{"id":301,"type":"Reroute","pos":[-2918,199],"size":[82,26],"flags":{},"order":26,"mode":0,"inputs":[{"name":"","type":"*","link":740}],"outputs":[{"name":"IMAGE","type":"IMAGE","links":[761],"slot_index":0}],"properties":{"showOutputText":true,"horizontal":false}},{"id":280,"type":"Reroute","pos":[-2918,-45],"size":[75,26],"flags":{},"order":36,"mode":0,"inputs":[{"name":"","type":"*","link":815}],"outputs":[{"name":"","type":"IMAGE","links":[753],"slot_index":0}],"properties":{"showOutputText":false,"horizontal":false}},{"id":364,"type":"Reroute","pos":[-2714,-187],"size":[75,26],"flags":{},"order":17,"mode":0,"inputs":[{"name":"","type":"*","link":855}],"outputs":[{"name":"","type":"IMAGE","links":[812,815,870],"slot_index":0}],"properties":{"showOutputText":false,"horizontal":false}}],"links":[[411,197,0,213,0,"IMAGE"],[412,198,0,214,0,"IMAGE"],[413,199,0,215,0,"IMAGE"],[414,200,0,216,0,"IMAGE"],[417,146,0,219,0,"*"],[428,227,0,223,1,"IMAGE"],[429,218,0,228,0,"IMAGE"],[430,228,0,223,0,"IMAGE"],[444,37,0,239,0,"STRING"],[445,238,0,239,1,"STRING"],[454,240,0,241,0,"SDXL_TUPLE"],[456,243,0,244,0,"LATENT"],[457,245,0,241,4,"INT"],[459,240,2,241,2,"VAE"],[462,240,2,243,1,"VAE"],[465,251,0,240,1,"CONTROL_NET_STACK"],[468,254,0,240,4,"STRING"],[469,241,3,255,0,"*"],[476,263,0,250,0,"*"],[477,250,0,240,0,"LORA_STACK"],[479,264,0,251,0,"*"],[492,223,0,274,0,"*"],[493,274,0,265,0,"IMAGE"],[497,277,0,272,0,"MASK"],[505,274,0,264,1,"IMAGE"],[506,275,0,264,2,"IMAGE"],[513,282,0,218,0,"IMAGE"],[517,283,0,228,1,"INT"],[518,284,0,228,2,"INT"],[519,283,0,227,1,"INT"],[520,284,0,227,2,"INT"],[524,255,0,79,0,"IMAGE"],[528,255,0,190,1,"IMAGE"],[534,239,0,288,0,"*"],[535,288,0,254,0,"*"],[547,278,0,289,0,"IMAGE"],[576,302,0,308,1,"INT"],[577,303,0,308,2,"INT"],[579,302,0,307,1,"INT"],[580,303,0,307,2,"INT"],[584,308,0,309,1,"IMAGE"],[585,307,0,309,0,"IMAGE"],[657,322,0,293,0,"*"],[659,309,0,278,0,"*"],[660,322,0,291,0,"IMAGE"],[661,285,0,227,0,"IMAGE"],[662,304,0,308,0,"IMAGE"],[669,322,0,282,0,"*"],[695,333,0,302,0,"*"],[696,333,1,303,0,"*"],[697,333,0,283,0,"*"],[698,333,1,284,0,"*"],[699,333,0,286,0,"*"],[700,333,1,287,0,"*"],[701,252,0,240,2,"INT"],[702,253,0,240,3,"INT"],[704,248,0,243,0,"IMAGE"],[705,249,0,244,1,"MASK"],[713,255,0,197,0,"*"],[714,286,0,252,0,"*"],[715,287,0,253,0,"*"],[717,277,0,249,0,"*"],[740,322,0,301,0,"*"],[741,342,0,304,0,"*"],[742,342,0,285,0,"*"],[753,280,0,139,0,"IMAGE"],[761,301,0,353,0,"IMAGE"],[762,353,0,307,0,"IMAGE"],[763,353,0,312,0,"IMAGE"],[786,197,0,358,0,"IMAGE"],[787,198,0,358,1,"IMAGE"],[788,199,0,358,2,"IMAGE"],[789,200,0,358,3,"IMAGE"],[791,358,0,202,0,"IMAGE"],[792,358,0,190,0,"IMAGE"],[796,361,5,362,0,"*"],[800,238,0,361,2,"STRING"],[801,37,0,361,1,"STRING"],[802,219,0,361,0,"IMAGE"],[804,361,0,322,0,"*"],[809,361,6,366,0,"*"],[810,342,0,313,0,"IMAGE"],[811,363,0,314,0,"IMAGE"],[812,364,0,356,0,"IMAGE"],[813,365,0,357,0,"IMAGE"],[814,322,0,333,0,"IMAGE"],[815,364,0,280,0,"*"],[818,361,0,367,0,"*"],[820,361,2,369,0,"*"],[822,361,4,371,0,"*"],[826,367,0,248,0,"*"],[827,248,0,200,0,"*"],[828,368,0,199,0,"*"],[829,370,0,198,0,"*"],[830,362,0,201,0,"*"],[831,366,0,321,0,"*"],[832,201,0,358,4,"INT"],[842,361,1,368,0,"*"],[846,321,0,358,5,"BOOLEAN"],[849,361,3,370,0,"*"],[851,361,4,365,0,"*"],[853,361,1,342,0,"*"],[854,361,2,363,0,"*"],[855,361,3,364,0,"*"],[856,139,0,290,0,"MASK"],[857,200,0,354,1,"IMAGE"],[858,358,0,354,0,"IMAGE"],[859,293,0,275,0,"*"],[860,290,1,277,0,"*"],[861,278,0,264,0,"IMAGE"],[862,248,0,378,0,"IMAGE"],[863,240,2,378,1,"VAE"],[864,249,0,378,2,"MASK"],[867,378,0,241,1,"LATENT"],[868,272,0,380,0,"IMAGE"],[869,380,0,379,0,"IMAGE"],[870,364,0,379,1,"IMAGE"]],"groups":[{"title":"头部回帖","bounding":[373,-587,666,431],"color":"#3f789e","font_size":24,"locked":false},{"title":"服装+背景一次生成","bounding":[-1179,-581,1394,773],"color":"#3f789e","font_size":24,"locked":false},{"title":"重回区域遮罩","bounding":[-2945,-85,1123,210],"color":"#3f789e","font_size":24,"locked":false},{"title":"ControlNet-pose","bounding":[-2937,616,1107,206],"color":"#3f789e","font_size":24,"locked":false},{"title":"ControlNet-Depth","bounding":[-2940,379,1109,203],"color":"#3f789e","font_size":24,"locked":false},{"title":"ControlNet-Canny","bounding":[-2944,150,1119,204],"color":"#3f789e","font_size":24,"locked":false},{"title":"图像预处理","bounding":[-2937,-667,1112,548],"color":"#3f789e","font_size":24,"locked":false},{"title":"用户输入","bounding":[-3793,-1609,1015,882],"color":"#3f789e","font_size":24,"locked":false},{"title":"ControlNet","bounding":[-1171,234,764,624],"color":"#3f789e","font_size":24,"locked":false}],"config":{},"extra":{"ds":{"scale":0.4950000000000114,"offset":{"0":3517.598388671875,"1":582.5887451171875}},"workspace_info":{"id":"DklhHhPQUsgfPdBxpYfqm","saveLock":false,"cloudID":null,"coverMediaPath":null}},"version":0.4}