{"last_node_id":176,"last_link_id":263,"nodes":[{"id":169,"type":"PreviewImage","pos":[1650,-690],"size":{"0":310,"1":300},"flags":{},"order":5,"mode":0,"inputs":[{"name":"images","type":"IMAGE","link":256,"label":"图像"}],"properties":{"Node name for S&R":"PreviewImage"}},{"id":166,"type":"ReActorFaceSwap","pos":[1340,-290],"size":{"0":315,"1":358},"flags":{},"order":3,"mode":0,"inputs":[{"name":"input_image","type":"IMAGE","link":254,"label":"目标图像","slot_index":0},{"name":"source_image","type":"IMAGE","link":255,"label":"源图像"},{"name":"face_model","type":"FACE_MODEL","link":null,"label":"面部模型"},{"name":"face_boost","type":"FACE_BOOST","link":257}],"outputs":[{"name":"IMAGE","type":"IMAGE","links":[256],"shape":3,"label":"图像","slot_index":0},{"name":"FACE_MODEL","type":"FACE_MODEL","links":null,"shape":3,"label":"面部模型"}],"properties":{"Node name for S&R":"ReActorFaceSwap"},"widgets_values":[true,"inswapper_128.onnx","retinaface_resnet50","none",1,0.5,"no","no","0","0",1]},{"id":164,"type":"ReActorFaceBoost","pos":[900,-200],"size":{"0":315,"1":178},"flags":{},"order":0,"mode":0,"outputs":[{"name":"FACE_BOOST","type":"FACE_BOOST","links":[257],"shape":3,"label":"FACE_BOOST","slot_index":0}],"properties":{"Node name for S&R":"ReActorFaceBoost"},"widgets_values":[true,"codeformer-v0.1.0.pth","Bicubic",1,0.5,true]},{"id":171,"type":"PreviewImage","pos":[2400,-570],"size":{"0":210,"1":250},"flags":{},"order":6,"mode":0,"inputs":[{"name":"images","type":"IMAGE","link":260,"label":"图像"}],"properties":{"Node name for S&R":"PreviewImage"}},{"id":170,"type":"ReActorMaskHelper","pos":[1880,-290],"size":{"0":330,"1":454},"flags":{},"order":4,"mode":0,"inputs":[{"name":"image","type":"IMAGE","link":258,"label":"图像"},{"name":"swapped_image","type":"IMAGE","link":259,"label":"替换图像"},{"name":"mask_optional","type":"MASK","link":null,"label":"遮罩(可选)"}],"outputs":[{"name":"IMAGE","type":"IMAGE","links":[260],"shape":3,"label":"图像","slot_index":0},{"name":"MASK","type":"MASK","links":null,"shape":3,"label":"遮罩"},{"name":"MASK_PREVIEW","type":"IMAGE","links":[261],"shape":3,"label":"遮罩预览图","slot_index":2},{"name":"SWAPPED_FACE","type":"IMAGE","links":[262],"shape":3,"slot_index":3}],"properties":{"Node name for S&R":"ReActorMaskHelper"},"widgets_values":["bbox/face_yolov8m.pt",0.5,10,3,10,"sam_vit_h_4b8939.pth",0,0.93,0,0.7,"False","dilate",0,9,1]},{"id":173,"type":"PreviewImage","pos":[2390,-150],"size":{"0":210,"1":250},"flags":{},"order":8,"mode":0,"inputs":[{"name":"images","type":"IMAGE","link":262,"label":"图像"}],"properties":{"Node name for S&R":"PreviewImage"}},{"id":172,"type":"PreviewImage","pos":[2720,-330],"size":{"0":210,"1":250},"flags":{},"order":7,"mode":0,"inputs":[{"name":"images","type":"IMAGE","link":261,"label":"图像"}],"properties":{"Node name for S&R":"PreviewImage"}},{"id":167,"type":"LoadImage","pos":[900,-690],"size":[320,310],"flags":{},"order":1,"mode":0,"outputs":[{"name":"IMAGE","type":"IMAGE","links":[254,258],"shape":3,"label":"图像","slot_index":0},{"name":"MASK","type":"MASK","links":null,"shape":3,"label":"遮罩"}],"properties":{"Node name for S&R":"LoadImage"},"widgets_values":["15_Exclusive _yacht_pose (1).jpg","image"]},{"id":168,"type":"LoadImage","pos":[1270,-680],"size":[320,310],"flags":{},"order":2,"mode":0,"outputs":[{"name":"IMAGE","type":"IMAGE","links":[255,259],"shape":3,"label":"图像","slot_index":0},{"name":"MASK","type":"MASK","links":null,"shape":3,"label":"遮罩"}],"properties":{"Node name for S&R":"LoadImage"},"widgets_values":["0f66f204-27c5-4788-a178-2660a90b541a.png","image"]}],"links":[[254,167,0,166,0,"IMAGE"],[255,168,0,166,1,"IMAGE"],[256,166,0,169,0,"IMAGE"],[257,164,0,166,3,"FACE_BOOST"],[258,167,0,170,0,"IMAGE"],[259,168,0,170,1,"IMAGE"],[260,170,0,171,0,"IMAGE"],[261,170,2,172,0,"IMAGE"],[262,170,3,173,0,"IMAGE"]],"groups":[],"config":{},"extra":{"ds":{"scale":1.0610764609500014,"offset":[-1247.2759507826731,601.9318472586449]},"workspace_info":{"id":"Y7tPjbayy8qzRemqg9hAa","saveLock":false,"cloudID":null,"coverMediaPath":null}},"version":0.4}