{"last_node_id":134,"last_link_id":241,"nodes":[{"id":99,"type":"Reroute","pos":[-140,-60],"size":[75,26],"flags":{},"order":7,"mode":0,"inputs":[{"name":"","type":"*","link":148}],"outputs":[{"name":"VAE","type":"VAE","links":[149],"slot_index":0}],"properties":{"showOutputText":true,"horizontal":false}},{"id":103,"type":"Reroute","pos":[-20,-60],"size":[75,26],"flags":{},"order":11,"mode":0,"inputs":[{"name":"","type":"*","link":155}],"outputs":[{"name":"CLIP","type":"CLIP","links":[156],"slot_index":0}],"properties":{"showOutputText":true,"horizontal":false}},{"id":104,"type":"Reroute","pos":[800,-60],"size":[75,26],"flags":{},"order":17,"mode":0,"inputs":[{"name":"","type":"*","link":156}],"outputs":[{"name":"CLIP","type":"CLIP","links":[157,158],"slot_index":0}],"properties":{"showOutputText":true,"horizontal":false}},{"id":8,"type":"VAEDecode","pos":[2412.434250504099,119.55293274812695],"size":{"0":220,"1":60},"flags":{},"order":27,"mode":0,"inputs":[{"name":"samples","type":"LATENT","link":7,"label":"Latent"},{"name":"vae","type":"VAE","link":151,"label":"VAE"}],"outputs":[{"name":"IMAGE","type":"IMAGE","links":[168],"slot_index":0,"label":"图像"}],"properties":{"Node name for S&R":"VAEDecode"}},{"id":127,"type":"Reroute","pos":[743.9025157989174,902.5226510426759],"size":[140.8,26],"flags":{},"order":22,"mode":0,"inputs":[{"name":"","type":"*","link":185}],"outputs":[{"name":"CONDITIONING","type":"CONDITIONING","links":[],"slot_index":0}],"properties":{"showOutputText":true,"horizontal":false}},{"id":128,"type":"Reroute","pos":[903.9025157989174,902.5226510426759],"size":[140.8,26],"flags":{},"order":23,"mode":0,"inputs":[{"name":"","type":"*","link":186}],"outputs":[{"name":"CONDITIONING","type":"CONDITIONING","links":[],"slot_index":0}],"properties":{"showOutputText":true,"horizontal":false}},{"id":129,"type":"Reroute","pos":[613.9025157989174,902.5226510426759],"size":[75,26],"flags":{},"order":16,"mode":0,"inputs":[{"name":"","type":"*","link":190}],"outputs":[{"name":"","type":"MODEL","links":[],"slot_index":0}],"properties":{"showOutputText":false,"horizontal":false}},{"id":94,"type":"CR Apply LoRA Stack","pos":[-600,330],"size":{"0":380,"1":80},"flags":{},"order":6,"mode":0,"inputs":[{"name":"model","type":"MODEL","link":135,"label":"模型"},{"name":"clip","type":"CLIP","link":136,"label":"CLIP"},{"name":"lora_stack","type":"LORA_STACK","link":131,"label":"LoRA堆"}],"outputs":[{"name":"MODEL","type":"MODEL","links":[159],"shape":3,"label":"模型","slot_index":0},{"name":"CLIP","type":"CLIP","links":[155],"shape":3,"label":"CLIP","slot_index":1},{"name":"show_help","type":"STRING","links":null,"shape":3,"label":"show_help"}],"properties":{"Node name for S&R":"CR Apply LoRA Stack"}},{"id":101,"type":"Reroute","pos":[300,-60],"size":[82,26],"flags":{},"order":10,"mode":0,"inputs":[{"name":"","type":"*","link":159}],"outputs":[{"name":"MODEL","type":"MODEL","links":[153,190],"slot_index":0}],"properties":{"showOutputText":true,"horizontal":false}},{"id":111,"type":"Reroute","pos":[1710,-310],"size":[82,26],"flags":{},"order":28,"mode":0,"inputs":[{"name":"","type":"*","link":168}],"outputs":[{"name":"IMAGE","type":"IMAGE","links":[175],"slot_index":0}],"properties":{"showOutputText":true,"horizontal":false}},{"id":47,"type":"SaveImage","pos":[830,-840],"size":{"0":460,"1":680},"flags":{},"order":29,"mode":0,"inputs":[{"name":"images","type":"IMAGE","link":175,"label":"图像"}],"properties":{"Node name for S&R":"SaveImage"},"widgets_values":["粘土style/image_"],"color":"#285c53","bgcolor":"#14483f"},{"id":100,"type":"Reroute","pos":[1590,-130],"size":[75,26],"flags":{},"order":12,"mode":0,"inputs":[{"name":"","type":"*","link":149}],"outputs":[{"name":"VAE","type":"VAE","links":[151],"slot_index":0}],"properties":{"showOutputText":true,"horizontal":false}},{"id":102,"type":"Reroute","pos":[1170,-60],"size":[82,26],"flags":{},"order":15,"mode":0,"inputs":[{"name":"","type":"*","link":153}],"outputs":[{"name":"MODEL","type":"MODEL","links":[226],"slot_index":0}],"properties":{"showOutputText":true,"horizontal":false}},{"id":15,"type":"RepeatLatentBatch","pos":[2060,300],"size":{"0":220,"1":60},"flags":{},"order":25,"mode":0,"inputs":[{"name":"samples","type":"LATENT","link":239,"label":"Latent"}],"outputs":[{"name":"LATENT","type":"LATENT","links":[20],"shape":3,"label":"Latent","slot_index":0}],"properties":{"Node name for S&R":"RepeatLatentBatch"},"widgets_values":[1]},{"id":92,"type":"CR LoRA Stack","pos":[-600,480],"size":{"0":380,"1":360},"flags":{},"order":0,"mode":0,"inputs":[{"name":"lora_stack","type":"LORA_STACK","link":null,"label":"LoRA堆"}],"outputs":[{"name":"LORA_STACK","type":"LORA_STACK","links":[131],"shape":3,"label":"LORA_STACK","slot_index":0},{"name":"show_help","type":"STRING","links":null,"shape":3,"label":"show_help"}],"properties":{"Node name for S&R":"CR LoRA Stack"},"widgets_values":["Off","None",0.8,1,"Off","None",0.6,1,"Off","None",0.1,1]},{"id":26,"type":"String Literal","pos":[303.90251579891753,132.5226510426762],"size":{"0":320,"1":120},"flags":{},"order":1,"mode":0,"outputs":[{"name":"STRING","type":"STRING","links":[25],"shape":3,"label":"STRING"}],"properties":{"Node name for S&R":"String Literal"},"widgets_values":[""],"color":"#90cf2e","bgcolor":"#7cbb1a"},{"id":37,"type":"ShowText|pysssss","pos":[653.9025157989174,482.5226510426763],"size":{"0":240,"1":240},"flags":{},"order":14,"mode":0,"inputs":[{"name":"text","type":"STRING","link":50,"widget":{"name":"text"},"label":"文本"}],"outputs":[{"name":"STRING","type":"STRING","links":null,"shape":6,"label":"字符串"}],"properties":{"Node name for S&R":"ShowText|pysssss"},"widgets_values":[""]},{"id":19,"type":"Text List to Text","pos":[663.9025157989174,362.5226510426763],"size":{"0":240,"1":60},"flags":{},"order":9,"mode":0,"inputs":[{"name":"text_list","type":"LIST","link":24,"label":"文本列表","slot_index":0}],"outputs":[{"name":"STRING","type":"STRING","links":[23,50],"shape":3,"label":"字符串","slot_index":0}],"properties":{"Node name for S&R":"Text List to Text"},"widgets_values":[", "]},{"id":25,"type":"Text List","pos":[663.9025157989174,142.5226510426762],"size":{"0":240,"1":160},"flags":{},"order":5,"mode":0,"inputs":[{"name":"text_a","type":"STRING","link":25,"widget":{"name":"text_a"},"slot_index":0,"label":"文本_A"},{"name":"text_b","type":"STRING","link":null,"widget":{"name":"text_b"},"label":"文本_B"},{"name":"text_c","type":"STRING","link":null,"widget":{"name":"text_c"},"label":"文本_C"},{"name":"text_d","type":"STRING","link":null,"widget":{"name":"text_d"},"label":"文本_D"},{"name":"text_e","type":"STRING","link":null,"widget":{"name":"text_e"},"label":"文本_E"},{"name":"text_f","type":"STRING","link":null,"widget":{"name":"text_f"},"label":"文本_F"},{"name":"text_g","type":"STRING","link":null,"widget":{"name":"text_g"},"label":"文本_g"}],"outputs":[{"name":"LIST","type":"LIST","links":[24],"shape":3,"label":"列表","slot_index":0}],"properties":{"Node name for S&R":"Text List"},"widgets_values":["","","","","","",""]},{"id":130,"type":"IPAdapterAdvanced","pos":[1640,110],"size":{"0":315,"1":278},"flags":{},"order":21,"mode":0,"inputs":[{"name":"model","type":"MODEL","link":227,"label":"模型","slot_index":0},{"name":"ipadapter","type":"IPADAPTER","link":225,"label":"IPAdapter","slot_index":1},{"name":"image","type":"IMAGE","link":228,"label":"正面图像","slot_index":2},{"name":"image_negative","type":"IMAGE","link":null,"label":"负面图像"},{"name":"attn_mask","type":"MASK","link":null,"label":"关注层遮罩"},{"name":"clip_vision","type":"CLIP_VISION","link":null,"label":"CLIP视觉"}],"outputs":[{"name":"MODEL","type":"MODEL","links":[229],"shape":3,"label":"模型","slot_index":0}],"properties":{"Node name for S&R":"IPAdapterAdvanced"},"widgets_values":[1.5,"strong style transfer","concat",0,1,"V only"]},{"id":131,"type":"IPAdapterUnifiedLoader","pos":[1280,150],"size":{"0":315,"1":78},"flags":{},"order":18,"mode":0,"inputs":[{"name":"model","type":"MODEL","link":226,"label":"模型"},{"name":"ipadapter","type":"IPADAPTER","link":null,"label":"IPAdapter"}],"outputs":[{"name":"model","type":"MODEL","links":[227],"shape":3,"label":"模型","slot_index":0},{"name":"ipadapter","type":"IPADAPTER","links":[225],"shape":3,"label":"IPAdapter"}],"properties":{"Node name for S&R":"IPAdapterUnifiedLoader"},"widgets_values":["PLUS (high strength)"]},{"id":132,"type":"LoadImage","pos":[1270,330],"size":[320,310],"flags":{},"order":2,"mode":0,"outputs":[{"name":"IMAGE","type":"IMAGE","links":[228],"shape":3,"label":"图像"},{"name":"MASK","type":"MASK","links":null,"shape":3,"label":"遮罩"}],"properties":{"Node name for S&R":"LoadImage"},"widgets_values":["小丑.jpg","image"]},{"id":6,"type":"CLIPTextEncode","pos":[942.3703812572273,138.79387472567322],"size":{"0":240,"1":60},"flags":{},"order":19,"mode":0,"inputs":[{"name":"clip","type":"CLIP","link":157,"label":"CLIP"},{"name":"text","type":"STRING","link":23,"widget":{"name":"text"},"label":"文本"}],"outputs":[{"name":"CONDITIONING","type":"CONDITIONING","links":[185,232],"slot_index":0,"label":"条件"}],"properties":{"Node name for S&R":"CLIPTextEncode"},"widgets_values":["clay character"]},{"id":7,"type":"CLIPTextEncode","pos":[953.9025157989174,262.5226510426763],"size":{"0":240,"1":460},"flags":{},"order":20,"mode":0,"inputs":[{"name":"clip","type":"CLIP","link":158,"label":"CLIP"}],"outputs":[{"name":"CONDITIONING","type":"CONDITIONING","links":[186,233],"slot_index":0,"label":"条件"}],"properties":{"Node name for S&R":"CLIPTextEncode"},"widgets_values":["nsfw, paintings, cartoon, anime, sketches, worst quality, low quality, normal quality, lowres, watermark, monochrome, grayscale, ugly, blurry, Tan skin, dark skin, black skin, skin spots, skin blemishes, age spot, glans, disabled, distorted, bad anatomy, morbid, malformation, amputation, bad proportions, twins, missing body, fused body, extra head, poorly drawn face, bad eyes, deformed eye, unclear eyes, cross-eyed, long neck, malformed limbs, extra limbs, extra arms, missing arms, bad tongue, strange fingers, mutated hands, missing hands, poorly drawn hands, extra hands, fused hands, connected hand, bad hands, wrong fingers, missing fingers, extra fingers, 4 fingers, 3 fingers, deformed hands, extra legs, bad legs, many legs, more than two legs, bad feet, wrong feet, extra feets,"],"color":"#914040","bgcolor":"#7d2c2c"},{"id":4,"type":"CheckpointLoaderSimple","pos":[-600,100],"size":{"0":380,"1":100},"flags":{},"order":3,"mode":0,"outputs":[{"name":"MODEL","type":"MODEL","links":[135],"slot_index":0,"label":"模型"},{"name":"CLIP","type":"CLIP","links":[136],"slot_index":1,"label":"CLIP"},{"name":"VAE","type":"VAE","links":[148,234],"slot_index":2,"label":"VAE"}],"properties":{"Node name for S&R":"CheckpointLoaderSimple"},"widgets_values":["sdxl/realvisxlV40_v40Bakedvae.safetensors"],"color":"#fff065","bgcolor":"#ffdc51"},{"id":133,"type":"LoadImage","pos":[350,-830],"size":{"0":450,"1":640},"flags":{},"order":4,"mode":0,"outputs":[{"name":"IMAGE","type":"IMAGE","links":[231],"shape":3,"label":"图像","slot_index":0},{"name":"MASK","type":"MASK","links":[236],"shape":3,"label":"遮罩","slot_index":1}],"properties":{"Node name for S&R":"LoadImage"},"widgets_values":["clipspace/clipspace-mask-363400.5.png [input]","image"]},{"id":13,"type":"ImageResize+","pos":[-120,130],"size":{"0":320,"1":220},"flags":{},"order":13,"mode":0,"inputs":[{"name":"image","type":"IMAGE","link":161,"label":"图像"}],"outputs":[{"name":"IMAGE","type":"IMAGE","links":[],"shape":3,"label":"图像","slot_index":0},{"name":"width","type":"INT","links":null,"shape":3,"label":"宽度"},{"name":"height","type":"INT","links":null,"shape":3,"label":"高度"}],"properties":{"Node name for S&R":"ImageResize+"},"widgets_values":[768,0,"lanczos",true,"always",8]},{"id":106,"type":"Reroute","pos":[110,-100],"size":[82,26],"flags":{},"order":8,"mode":0,"inputs":[{"name":"","type":"*","link":231}],"outputs":[{"name":"IMAGE","type":"IMAGE","links":[161,241],"slot_index":0}],"properties":{"showOutputText":true,"horizontal":false}},{"id":134,"type":"INPAINT_VAEEncodeInpaintConditioning","pos":[2010,70],"size":{"0":292.20001220703125,"1":106},"flags":{},"order":24,"mode":0,"inputs":[{"name":"positive","type":"CONDITIONING","link":232,"label":"正面条件"},{"name":"negative","type":"CONDITIONING","link":233,"label":"负面条件"},{"name":"vae","type":"VAE","link":234,"label":"VAE"},{"name":"pixels","type":"IMAGE","link":241,"label":"图像"},{"name":"mask","type":"MASK","link":236,"label":"遮罩"}],"outputs":[{"name":"positive","type":"CONDITIONING","links":[237],"shape":3,"label":"正面条件","slot_index":0},{"name":"negative","type":"CONDITIONING","links":[238],"shape":3,"label":"负面条件","slot_index":1},{"name":"latent_inpaint","type":"LATENT","links":null,"shape":3,"label":"局部重绘Latent"},{"name":"latent_samples","type":"LATENT","links":[239],"shape":3,"label":"采样Latent","slot_index":3}],"properties":{"Node name for S&R":"INPAINT_VAEEncodeInpaintConditioning"}},{"id":3,"type":"KSampler","pos":[2360,230],"size":{"0":320,"1":480},"flags":{},"order":26,"mode":0,"inputs":[{"name":"model","type":"MODEL","link":229,"label":"模型"},{"name":"positive","type":"CONDITIONING","link":237,"label":"正面条件"},{"name":"negative","type":"CONDITIONING","link":238,"label":"负面条件"},{"name":"latent_image","type":"LATENT","link":20,"label":"Latent","slot_index":3}],"outputs":[{"name":"LATENT","type":"LATENT","links":[7],"slot_index":0,"label":"Latent"}],"properties":{"Node name for S&R":"KSampler"},"widgets_values":[475266676908798,"randomize",30,7,"dpmpp_2m_sde","karras",0.5]}],"links":[[7,3,0,8,0,"LATENT"],[20,15,0,3,3,"LATENT"],[23,19,0,6,1,"STRING"],[24,25,0,19,0,"LIST"],[25,26,0,25,0,"STRING"],[50,19,0,37,0,"STRING"],[131,92,0,94,2,"LORA_STACK"],[135,4,0,94,0,"MODEL"],[136,4,1,94,1,"CLIP"],[148,4,2,99,0,"*"],[149,99,0,100,0,"*"],[151,100,0,8,1,"VAE"],[153,101,0,102,0,"*"],[155,94,1,103,0,"*"],[156,103,0,104,0,"*"],[157,104,0,6,0,"CLIP"],[158,104,0,7,0,"CLIP"],[159,94,0,101,0,"*"],[161,106,0,13,0,"IMAGE"],[168,8,0,111,0,"*"],[175,111,0,47,0,"IMAGE"],[185,6,0,127,0,"*"],[186,7,0,128,0,"*"],[190,101,0,129,0,"*"],[225,131,1,130,1,"IPADAPTER"],[226,102,0,131,0,"MODEL"],[227,131,0,130,0,"MODEL"],[228,132,0,130,2,"IMAGE"],[229,130,0,3,0,"MODEL"],[231,133,0,106,0,"*"],[232,6,0,134,0,"CONDITIONING"],[233,7,0,134,1,"CONDITIONING"],[234,4,2,134,2,"VAE"],[236,133,1,134,4,"MASK"],[237,134,0,3,1,"CONDITIONING"],[238,134,1,3,2,"CONDITIONING"],[239,134,3,15,0,"LATENT"],[241,106,0,134,3,"IMAGE"]],"groups":[{"title":"Prompt","bounding":[266,6,955,867],"color":"#7cbb1a","font_size":24,"locked":false},{"title":"Checkpoint & Lora","bounding":[-630,-3,434,872],"color":"#ffc83d","font_size":24,"locked":false},{"title":"ksampler","bounding":[2008,-5,701,872],"color":"#0d7876","font_size":24,"locked":false},{"title":"","bounding":[261,-991,1098,868],"color":"#ffffff","font_size":24,"locked":false},{"title":"IMAGE TO CLAY STYLE","bounding":[259,-1144,1099,133],"color":"#29a38f","font_size":96,"locked":false},{"title":"InstantStyle","bounding":[1248,1,742,737],"color":"#3f789e","font_size":24,"locked":false}],"config":{},"extra":{"ds":{"scale":1.0610764609500045,"offset":[-641.0118863306704,600.6825436547762]},"workspace_info":{"id":"6wwwAZqe5p7YHNZC_RgJw","saveLock":false,"cloudID":null,"coverMediaPath":null}},"version":0.4}