{"last_node_id":76,"last_link_id":174,"nodes":[{"id":39,"type":"PrepImageForClipVision","pos":[832.411678279369,1286.7164360416307],"size":{"0":315,"1":106},"flags":{},"order":18,"mode":0,"inputs":[{"name":"image","type":"IMAGE","link":75,"slot_index":0,"label":"图像"}],"outputs":[{"name":"IMAGE","type":"IMAGE","links":[85],"shape":3,"slot_index":0,"label":"图像"}],"properties":{"Node name for S&R":"PrepImageForClipVision"},"widgets_values":["LANCZOS","top",0]},{"id":46,"type":"PrepImageForClipVision","pos":[839.5492689483435,1442.4002730692762],"size":{"0":315,"1":106},"flags":{},"order":22,"mode":0,"inputs":[{"name":"image","type":"IMAGE","link":97,"slot_index":0,"label":"图像"}],"outputs":[{"name":"IMAGE","type":"IMAGE","links":[99],"shape":3,"slot_index":0,"label":"图像"}],"properties":{"Node name for S&R":"PrepImageForClipVision"},"widgets_values":["LANCZOS","top",0]},{"id":7,"type":"CLIPTextEncode","pos":[420,500],"size":{"0":250,"1":54},"flags":{},"order":25,"mode":0,"inputs":[{"name":"clip","type":"CLIP","link":122,"label":"CLIP"},{"name":"text","type":"STRING","link":156,"widget":{"name":"text"},"label":"文本"}],"outputs":[{"name":"CONDITIONING","type":"CONDITIONING","links":[57],"slot_index":0,"label":"条件"}],"properties":{"Node name for S&R":"CLIPTextEncode"},"widgets_values":["asymmetry, worst quality, low quality, illustration, 3d, 2d, painting, cartoons, sketch), open mouth"],"color":"#322","bgcolor":"#533"},{"id":57,"type":"PrepImagesForClipVisionFromPath","pos":[440,940],"size":{"0":336,"1":106},"flags":{},"order":0,"mode":0,"outputs":[{"name":"IMAGE","type":"IMAGE","links":[127],"shape":3,"slot_index":0,"label":"IMAGE"}],"properties":{"Node name for S&R":"PrepImagesForClipVisionFromPath"},"widgets_values":["","lanczos","center"]},{"id":42,"type":"ImageBatch","pos":[830,1020],"size":{"0":210,"1":46},"flags":{},"order":26,"mode":0,"inputs":[{"name":"image1","type":"IMAGE","link":86,"slot_index":0,"label":"图像1"},{"name":"image2","type":"IMAGE","link":85,"slot_index":1,"label":"图像2"}],"outputs":[{"name":"IMAGE","type":"IMAGE","links":[98],"shape":3,"slot_index":0,"label":"图像"}],"properties":{"Node name for S&R":"ImageBatch"}},{"id":47,"type":"ImageBatch","pos":[830,920],"size":{"0":210,"1":46},"flags":{},"order":30,"mode":0,"inputs":[{"name":"image1","type":"IMAGE","link":98,"slot_index":0,"label":"图像1"},{"name":"image2","type":"IMAGE","link":99,"slot_index":1,"label":"图像2"}],"outputs":[{"name":"IMAGE","type":"IMAGE","links":[128],"shape":3,"slot_index":0,"label":"图像"}],"properties":{"Node name for S&R":"ImageBatch"}},{"id":43,"type":"Reroute","pos":[500,790],"size":[75,26],"flags":{},"order":31,"mode":0,"inputs":[{"name":"","type":"*","link":106}],"outputs":[{"name":"","type":"IMAGE","links":[],"slot_index":0}],"properties":{"showOutputText":false,"horizontal":false}},{"id":58,"type":"Reroute","pos":[690,790],"size":[75,26],"flags":{},"order":13,"mode":0,"inputs":[{"name":"","type":"*","link":127}],"outputs":[{"name":"","type":"IMAGE","links":null,"slot_index":0}],"properties":{"showOutputText":false,"horizontal":false}},{"id":5,"type":"EmptyLatentImage","pos":[420,610],"size":{"0":250,"1":110},"flags":{},"order":1,"mode":0,"outputs":[{"name":"LATENT","type":"LATENT","links":[43],"slot_index":0,"label":"Latent"}],"properties":{"Node name for S&R":"EmptyLatentImage"},"widgets_values":[1024,1024,1]},{"id":64,"type":"Reroute","pos":[710,350],"size":[75,26],"flags":{},"order":32,"mode":0,"inputs":[{"name":"","type":"*","link":137}],"outputs":[{"name":"","type":"CONDITIONING","links":[139,173],"slot_index":0}],"properties":{"showOutputText":false,"horizontal":false}},{"id":22,"type":"Reroute","pos":[710,400],"size":[75,26],"flags":{},"order":29,"mode":0,"inputs":[{"name":"","type":"*","link":57}],"outputs":[{"name":"","type":"CONDITIONING","links":[33,34,35,142],"slot_index":0}],"properties":{"showOutputText":false,"horizontal":false}},{"id":25,"type":"Reroute","pos":[710,450],"size":[75,26],"flags":{},"order":14,"mode":0,"inputs":[{"name":"","type":"*","link":43}],"outputs":[{"name":"","type":"LATENT","links":[44,143,172],"slot_index":0}],"properties":{"showOutputText":false,"horizontal":false}},{"id":50,"type":"Reroute","pos":[710,210],"size":[75,26],"flags":{},"order":15,"mode":0,"inputs":[{"name":"","type":"*","link":114,"slot_index":0,"widget":{"name":"value"}}],"outputs":[{"name":"","type":"INT","links":[112,113,115,144],"slot_index":0}],"properties":{"showOutputText":false,"horizontal":false}},{"id":28,"type":"Reroute","pos":[710,500],"size":[75,26],"flags":{},"order":17,"mode":0,"inputs":[{"name":"","type":"*","link":46}],"outputs":[{"name":"","type":"VAE","links":[47,48,146],"slot_index":0}],"properties":{"showOutputText":false,"horizontal":false}},{"id":18,"type":"PrimitiveNode","pos":[30,140],"size":{"0":310,"1":100},"flags":{},"order":2,"mode":0,"outputs":[{"name":"STRING","type":"STRING","links":[152],"slot_index":0,"widget":{"name":"negative"}}],"properties":{"Run widget replace on values":false},"widgets_values":["asymmetry, worst quality, low quality, illustration, 3d, 2d, painting, cartoons, sketch), open mouth"],"color":"#322","bgcolor":"#533"},{"id":65,"type":"VAEDecode","pos":[2306.5568061198087,1397.5997421922405],"size":{"0":210,"1":46},"flags":{"collapsed":false},"order":49,"mode":0,"inputs":[{"name":"samples","type":"LATENT","link":145,"label":"Latent"},{"name":"vae","type":"VAE","link":146,"label":"VAE"}],"outputs":[{"name":"IMAGE","type":"IMAGE","links":[150],"shape":3,"slot_index":0,"label":"图像"}],"properties":{"Node name for S&R":"VAEDecode"}},{"id":59,"type":"ConditioningCombine","pos":[1996.5568061198094,1037.5997421922402],"size":{"0":230,"1":50},"flags":{},"order":45,"mode":0,"inputs":[{"name":"conditioning_1","type":"CONDITIONING","link":134,"slot_index":0,"label":"条件1"},{"name":"conditioning_2","type":"CONDITIONING","link":135,"slot_index":1,"label":"条件2"}],"outputs":[{"name":"CONDITIONING","type":"CONDITIONING","links":[141],"shape":3,"slot_index":0,"label":"条件"}],"properties":{"Node name for S&R":"ConditioningCombine"}},{"id":26,"type":"VAEDecode","pos":[1591.4043993952519,247.1381196201536],"size":{"0":350,"1":50},"flags":{},"order":43,"mode":0,"inputs":[{"name":"samples","type":"LATENT","link":49,"label":"Latent"},{"name":"vae","type":"VAE","link":48,"label":"VAE"}],"outputs":[{"name":"IMAGE","type":"IMAGE","links":[149],"slot_index":0,"label":"图像"}],"properties":{"Node name for S&R":"VAEDecode"}},{"id":60,"type":"ConditioningSetTimestepRange","pos":[1996.5568061198094,1137.5997421922405],"size":{"0":240,"1":80},"flags":{},"order":34,"mode":0,"inputs":[{"name":"conditioning","type":"CONDITIONING","link":139,"label":"条件"},{"name":"end","type":"FLOAT","link":132,"widget":{"name":"end"},"label":"结束"}],"outputs":[{"name":"CONDITIONING","type":"CONDITIONING","links":[134],"shape":3,"label":"条件"}],"properties":{"Node name for S&R":"ConditioningSetTimestepRange"},"widgets_values":[0,0.2],"color":"#232","bgcolor":"#353"},{"id":62,"type":"ConditioningSetTimestepRange","pos":[1996.5568061198094,1267.5997421922405],"size":{"0":240,"1":80},"flags":{},"order":42,"mode":0,"inputs":[{"name":"conditioning","type":"CONDITIONING","link":140,"label":"条件"},{"name":"start","type":"FLOAT","link":133,"widget":{"name":"start"},"label":"开始"}],"outputs":[{"name":"CONDITIONING","type":"CONDITIONING","links":[135],"shape":3,"label":"条件"}],"properties":{"Node name for S&R":"ConditioningSetTimestepRange"},"widgets_values":[0.2,1],"color":"#2a363b","bgcolor":"#3f5159"},{"id":37,"type":"PrimitiveNode","pos":[410,-140],"size":{"0":210,"1":80},"flags":{},"order":3,"mode":0,"outputs":[{"name":"INT","type":"INT","links":[114],"slot_index":0,"widget":{"name":"value"}}],"properties":{"Run widget replace on values":false},"widgets_values":[338720174325944,"randomize"],"color":"#332922","bgcolor":"#593930"},{"id":69,"type":"SaveImage","pos":[1606.5568061198094,907.5997421922405],"size":{"0":380,"1":440},"flags":{},"order":50,"mode":0,"inputs":[{"name":"images","type":"IMAGE","link":150,"label":"图像"}],"properties":{"Node name for S&R":"SaveImage"},"widgets_values":["ComfyUI"]},{"id":23,"type":"Reroute","pos":[710,300],"size":[75,26],"flags":{},"order":39,"mode":0,"inputs":[{"name":"","type":"*","link":167}],"outputs":[{"name":"","type":"CONDITIONING","links":[37,38,140],"slot_index":0}],"properties":{"showOutputText":false,"horizontal":false}},{"id":6,"type":"CLIPTextEncode","pos":[420,200],"size":{"0":250,"1":54},"flags":{},"order":28,"mode":0,"inputs":[{"name":"clip","type":"CLIP","link":123,"label":"CLIP"},{"name":"text","type":"STRING","link":155,"widget":{"name":"text"},"label":"文本"}],"outputs":[{"name":"CONDITIONING","type":"CONDITIONING","links":[137],"slot_index":0,"label":"条件"}],"properties":{"Node name for S&R":"CLIPTextEncode"},"widgets_values":["sci-fi, closeup portrait photo of a man img wearing the sunglasses in Iron man suit, face, slim body, high quality, film grain"],"color":"#232","bgcolor":"#353"},{"id":63,"type":"KSampler","pos":[2246.5568061198087,907.5997421922405],"size":{"0":320,"1":450},"flags":{},"order":48,"mode":0,"inputs":[{"name":"model","type":"MODEL","link":136,"slot_index":0,"label":"模型"},{"name":"positive","type":"CONDITIONING","link":141,"label":"正面条件"},{"name":"negative","type":"CONDITIONING","link":142,"label":"负面条件"},{"name":"latent_image","type":"LATENT","link":143,"label":"Latent"},{"name":"seed","type":"INT","link":144,"widget":{"name":"seed"},"label":"随机种"}],"outputs":[{"name":"LATENT","type":"LATENT","links":[145],"slot_index":0,"label":"Latent"}],"properties":{"Node name for S&R":"KSampler"},"widgets_values":[338720174325944,"fixed",25,5,"dpmpp_2m","karras",1]},{"id":61,"type":"PrimitiveNode","pos":[1996.5568061198094,907.5997421922405],"size":{"0":210,"1":80},"flags":{},"order":4,"mode":0,"outputs":[{"name":"FLOAT","type":"FLOAT","links":[132,133],"slot_index":0,"widget":{"name":"end"}}],"properties":{"Run widget replace on values":false},"widgets_values":[0.2,"fixed"],"color":"#223","bgcolor":"#335"},{"id":29,"type":"StringFunction|pysssss","pos":[30,-380],"size":{"0":310,"1":300},"flags":{},"order":24,"mode":0,"inputs":[{"name":"text_a","type":"STRING","link":153,"widget":{"name":"text_a"},"label":"文本_A"}],"outputs":[{"name":"STRING","type":"STRING","links":[155],"shape":3,"slot_index":0,"label":"字符串"}],"properties":{"Node name for S&R":"StringFunction|pysssss"},"widgets_values":["replace","no","","/ img/","","concept art sci-fi, closeup portrait photo of a woman wearing the sunglasses in Iron man suit, face, slim body, high quality, film grain . digital artwork, illustrative, painterly, matte painting, highly detailed"],"color":"#232","bgcolor":"#353"},{"id":74,"type":"PhotoMakerLoaderPlus","pos":[30,460],"size":{"0":315,"1":58},"flags":{},"order":5,"mode":0,"outputs":[{"name":"PHOTOMAKER","type":"PHOTOMAKER","links":[168],"shape":3,"label":"PHOTOMAKER"}],"properties":{"Node name for S&R":"PhotoMakerLoaderPlus"},"widgets_values":["photomaker-v2.bin"],"color":"#323","bgcolor":"#535"},{"id":4,"type":"CheckpointLoaderSimple","pos":[30,610],"size":{"0":315,"1":98},"flags":{},"order":6,"mode":0,"outputs":[{"name":"MODEL","type":"MODEL","links":[120,170],"slot_index":0,"label":"模型"},{"name":"CLIP","type":"CLIP","links":[122,123,163],"slot_index":1,"label":"CLIP"},{"name":"VAE","type":"VAE","links":[46],"slot_index":2,"label":"VAE"}],"properties":{"Node name for S&R":"CheckpointLoaderSimple"},"widgets_values":["sdxl/realvisxlV40_v40Bakedvae.safetensors"]},{"id":3,"type":"KSampler","pos":[810,240],"size":{"0":320,"1":470},"flags":{},"order":41,"mode":0,"inputs":[{"name":"model","type":"MODEL","link":51,"label":"模型"},{"name":"positive","type":"CONDITIONING","link":38,"label":"正面条件"},{"name":"negative","type":"CONDITIONING","link":33,"label":"负面条件"},{"name":"latent_image","type":"LATENT","link":44,"label":"Latent"},{"name":"seed","type":"INT","link":112,"widget":{"name":"seed"},"label":"随机种"}],"outputs":[{"name":"LATENT","type":"LATENT","links":[7],"slot_index":0,"label":"Latent"}],"properties":{"Node name for S&R":"KSampler"},"widgets_values":[338720174325944,"fixed",25,5,"dpmpp_2m","karras",1]},{"id":24,"type":"Reroute","pos":[710,250],"size":[75,26],"flags":{},"order":23,"mode":0,"inputs":[{"name":"","type":"*","link":174}],"outputs":[{"name":"","type":"MODEL","links":[42,51,136],"slot_index":0}],"properties":{"showOutputText":false,"horizontal":false}},{"id":53,"type":"LoraLoaderModelOnly","pos":[30,320],"size":{"0":310,"1":82},"flags":{},"order":16,"mode":0,"inputs":[{"name":"model","type":"MODEL","link":120,"label":"模型"}],"outputs":[{"name":"MODEL","type":"MODEL","links":[174],"shape":3,"slot_index":0,"label":"模型"}],"properties":{"Node name for S&R":"LoraLoaderModelOnly"},"widgets_values":["photomaker-v2.bin",1],"color":"#323","bgcolor":"#535"},{"id":49,"type":"PrimitiveNode","pos":[1632.5807786729595,114.06420313517252],"size":{"0":210,"1":80},"flags":{},"order":7,"mode":0,"outputs":[{"name":"INT","type":"INT","links":[110,111],"slot_index":0,"widget":{"name":"end_at_step"}}],"properties":{"Run widget replace on values":false},"widgets_values":[10,"fixed"],"color":"#223","bgcolor":"#335"},{"id":21,"type":"KSamplerAdvanced","pos":[2322.58077867296,154.06420313517245],"size":{"0":320,"1":550},"flags":{},"order":40,"mode":0,"inputs":[{"name":"model","type":"MODEL","link":42,"label":"模型"},{"name":"positive","type":"CONDITIONING","link":37,"label":"正面条件"},{"name":"negative","type":"CONDITIONING","link":35,"label":"负面条件"},{"name":"latent_image","type":"LATENT","link":31,"label":"Latent"},{"name":"noise_seed","type":"INT","link":115,"widget":{"name":"noise_seed"},"label":"随机种"},{"name":"start_at_step","type":"INT","link":111,"widget":{"name":"start_at_step"},"label":"开始降噪步数"}],"outputs":[{"name":"LATENT","type":"LATENT","links":[49],"shape":3,"slot_index":0,"label":"Latent"}],"properties":{"Node name for S&R":"KSamplerAdvanced"},"widgets_values":["disable",338720174325944,"fixed",25,5,"dpmpp_2m","karras",10,10000,"disable"]},{"id":20,"type":"KSamplerAdvanced","pos":[1972.5807786729595,154.06420313517245],"size":{"0":320,"1":550},"flags":{},"order":35,"mode":0,"inputs":[{"name":"model","type":"MODEL","link":170,"label":"模型"},{"name":"positive","type":"CONDITIONING","link":173,"label":"正面条件"},{"name":"negative","type":"CONDITIONING","link":34,"label":"负面条件"},{"name":"latent_image","type":"LATENT","link":172,"label":"Latent"},{"name":"noise_seed","type":"INT","link":113,"widget":{"name":"noise_seed"},"label":"随机种"},{"name":"end_at_step","type":"INT","link":110,"widget":{"name":"end_at_step"},"label":"结束降噪步数"}],"outputs":[{"name":"LATENT","type":"LATENT","links":[31],"shape":3,"slot_index":0,"label":"Latent"}],"properties":{"Node name for S&R":"KSamplerAdvanced"},"widgets_values":["enable",338720174325944,"fixed",25,5,"dpmpp_2m","karras",0,10,"enable"]},{"id":68,"type":"SaveImage","pos":[1592.5807786729595,334.06420313517265],"size":{"0":350,"1":370},"flags":{},"order":46,"mode":0,"inputs":[{"name":"images","type":"IMAGE","link":149,"label":"图像"}],"properties":{"Node name for S&R":"SaveImage"},"widgets_values":["ComfyUI"]},{"id":44,"type":"Reroute","pos":[710,550],"size":[75,26],"flags":{},"order":36,"mode":0,"inputs":[{"name":"","type":"*","link":119}],"outputs":[{"name":"","type":"IMAGE","links":[93,165],"slot_index":0}],"properties":{"showOutputText":false,"horizontal":false}},{"id":73,"type":"PhotoMakerEncodePlus","pos":[420,320],"size":{"0":240,"1":140},"flags":{},"order":38,"mode":0,"inputs":[{"name":"clip","type":"CLIP","link":163,"label":"clip"},{"name":"photomaker","type":"PHOTOMAKER","link":168,"slot_index":1,"label":"photomaker"},{"name":"image","type":"IMAGE","link":165,"label":"image"},{"name":"insightface_opt","type":"INSIGHTFACE","link":171,"slot_index":3,"label":"insightface_opt"},{"name":"text","type":"STRING","link":166,"widget":{"name":"text"},"label":"text"}],"outputs":[{"name":"CONDITIONING","type":"CONDITIONING","links":[167],"shape":3,"label":"CONDITIONING"}],"properties":{"Node name for S&R":"PhotoMakerEncodePlus"},"widgets_values":["img","photograph of a man img"],"color":"#2a363b","bgcolor":"#3f5159"},{"id":31,"type":"ImageBatch","pos":[100,1020],"size":{"0":210,"1":46},"flags":{},"order":21,"mode":0,"inputs":[{"name":"image1","type":"IMAGE","link":83,"slot_index":0,"label":"图像1"},{"name":"image2","type":"IMAGE","link":84,"label":"图像2"}],"outputs":[{"name":"IMAGE","type":"IMAGE","links":[101],"shape":3,"slot_index":0,"label":"图像"}],"properties":{"Node name for S&R":"ImageBatch"}},{"id":48,"type":"ImageBatch","pos":[100,930],"size":{"0":210,"1":46},"flags":{},"order":27,"mode":0,"inputs":[{"name":"image1","type":"IMAGE","link":101,"slot_index":0,"label":"图像1"},{"name":"image2","type":"IMAGE","link":102,"label":"图像2"}],"outputs":[{"name":"IMAGE","type":"IMAGE","links":[106],"shape":3,"slot_index":0,"label":"图像"}],"properties":{"Node name for S&R":"ImageBatch"}},{"id":33,"type":"LoadImage","pos":[440,1120],"size":[320,310],"flags":{},"order":8,"mode":0,"outputs":[{"name":"IMAGE","type":"IMAGE","links":[75,84],"shape":3,"slot_index":0,"label":"图像"},{"name":"MASK","type":"MASK","links":null,"shape":3,"label":"遮罩"}],"properties":{"Node name for S&R":"LoadImage"},"widgets_values":["66dd937e-c528-45c8-afa7-29fe37402f08.png","image"]},{"id":70,"type":"PhotoMakerStyles","pos":[410,-10],"size":{"0":260,"1":80},"flags":{},"order":19,"mode":0,"inputs":[{"name":"positive","type":"STRING","link":151,"widget":{"name":"positive"},"label":"positive"},{"name":"negative","type":"STRING","link":152,"widget":{"name":"negative"},"label":"negative"}],"outputs":[{"name":"POSITIVE","type":"STRING","links":[153,166],"shape":3,"slot_index":0,"label":"POSITIVE"},{"name":"NEGATIVE","type":"STRING","links":[156],"shape":3,"slot_index":1,"label":"NEGATIVE"}],"properties":{"Node name for S&R":"PhotoMakerStyles"},"widgets_values":["Digital Art","sci-fi, closeup portrait photo of a woman img wearing the sunglasses in Iron man suit, face, slim body, high quality, film grain","asymmetry, worst quality, low quality, illustration, 3d, 2d, painting, cartoons, sketch), open mouth"],"color":"#432","bgcolor":"#653"},{"id":34,"type":"PreviewImage","pos":[1310,860],"size":{"0":260,"1":310},"flags":{"collapsed":false},"order":37,"mode":0,"inputs":[{"name":"images","type":"IMAGE","link":93,"label":"图像"}],"properties":{"Node name for S&R":"PreviewImage"}},{"id":67,"type":"SaveImage","pos":[1170,330],"size":{"0":350,"1":370},"flags":{},"order":47,"mode":0,"inputs":[{"name":"images","type":"IMAGE","link":148,"label":"图像"}],"properties":{"Node name for S&R":"SaveImage"},"widgets_values":["ComfyUI"]},{"id":8,"type":"VAEDecode","pos":[1240,230],"size":{"0":210,"1":46},"flags":{},"order":44,"mode":0,"inputs":[{"name":"samples","type":"LATENT","link":7,"label":"Latent"},{"name":"vae","type":"VAE","link":47,"label":"VAE"}],"outputs":[{"name":"IMAGE","type":"IMAGE","links":[148],"slot_index":0,"label":"图像"}],"properties":{"Node name for S&R":"VAEDecode"}},{"id":19,"type":"PrimitiveNode","pos":[30,-30],"size":{"0":310,"1":110},"flags":{},"order":9,"mode":0,"outputs":[{"name":"STRING","type":"STRING","links":[151],"slot_index":0,"widget":{"name":"positive"}}],"properties":{"Run widget replace on values":false},"widgets_values":["sci-fi, closeup portrait photo of a woman img wearing the sunglasses in Iron man suit, face, slim body, high quality, film grain"],"color":"#2a363b","bgcolor":"#3f5159"},{"id":76,"type":"PhotoMakerInsightFaceLoader","pos":[-330,340],"size":{"0":315,"1":58},"flags":{},"order":10,"mode":0,"outputs":[{"name":"INSIGHTFACE","type":"INSIGHTFACE","links":[171],"shape":3,"label":"INSIGHTFACE"}],"properties":{"Node name for S&R":"PhotoMakerInsightFaceLoader"},"widgets_values":["CUDA"]},{"id":32,"type":"LoadImage","pos":[70,1110],"size":[320,310],"flags":{},"order":11,"mode":0,"outputs":[{"name":"IMAGE","type":"IMAGE","links":[74,83],"shape":3,"slot_index":0,"label":"图像"},{"name":"MASK","type":"MASK","links":null,"shape":3,"label":"遮罩"}],"properties":{"Node name for S&R":"LoadImage"},"widgets_values":["1c69e493-6de1-487c-b808-c56fa0d4ad19.png","image"]},{"id":45,"type":"LoadImage","pos":[70,1480],"size":[320,310],"flags":{},"order":12,"mode":0,"outputs":[{"name":"IMAGE","type":"IMAGE","links":[97,102],"shape":3,"slot_index":0,"label":"图像"},{"name":"MASK","type":"MASK","links":null,"shape":3,"label":"遮罩"}],"properties":{"Node name for S&R":"LoadImage"},"widgets_values":["57c0ae76-0e84-497d-a486-58a1f8d1adfb.png","image"]},{"id":41,"type":"Reroute","pos":[830,790],"size":[75,26],"flags":{},"order":33,"mode":0,"inputs":[{"name":"","type":"*","link":128}],"outputs":[{"name":"","type":"IMAGE","links":[119],"slot_index":0}],"properties":{"showOutputText":false,"horizontal":false}},{"id":38,"type":"PrepImageForClipVision","pos":[830,1130],"size":{"0":315,"1":106},"flags":{},"order":20,"mode":0,"inputs":[{"name":"image","type":"IMAGE","link":74,"slot_index":0,"label":"图像"}],"outputs":[{"name":"IMAGE","type":"IMAGE","links":[86],"shape":3,"slot_index":0,"label":"图像"}],"properties":{"Node name for S&R":"PrepImageForClipVision"},"widgets_values":["LANCZOS","top",0]}],"links":[[7,3,0,8,0,"LATENT"],[31,20,0,21,3,"LATENT"],[33,22,0,3,2,"CONDITIONING"],[34,22,0,20,2,"CONDITIONING"],[35,22,0,21,2,"CONDITIONING"],[37,23,0,21,1,"CONDITIONING"],[38,23,0,3,1,"CONDITIONING"],[42,24,0,21,0,"MODEL"],[43,5,0,25,0,"*"],[44,25,0,3,3,"LATENT"],[46,4,2,28,0,"*"],[47,28,0,8,1,"VAE"],[48,28,0,26,1,"VAE"],[49,21,0,26,0,"LATENT"],[51,24,0,3,0,"MODEL"],[57,7,0,22,0,"*"],[74,32,0,38,0,"IMAGE"],[75,33,0,39,0,"IMAGE"],[83,32,0,31,0,"IMAGE"],[84,33,0,31,1,"IMAGE"],[85,39,0,42,1,"IMAGE"],[86,38,0,42,0,"IMAGE"],[93,44,0,34,0,"IMAGE"],[97,45,0,46,0,"IMAGE"],[98,42,0,47,0,"IMAGE"],[99,46,0,47,1,"IMAGE"],[101,31,0,48,0,"IMAGE"],[102,45,0,48,1,"IMAGE"],[106,48,0,43,0,"*"],[110,49,0,20,5,"INT"],[111,49,0,21,5,"INT"],[112,50,0,3,4,"INT"],[113,50,0,20,4,"INT"],[114,37,0,50,0,"*"],[115,50,0,21,4,"INT"],[119,41,0,44,0,"*"],[120,4,0,53,0,"MODEL"],[122,4,1,7,0,"CLIP"],[123,4,1,6,0,"CLIP"],[127,57,0,58,0,"*"],[128,47,0,41,0,"*"],[132,61,0,60,1,"FLOAT"],[133,61,0,62,1,"FLOAT"],[134,60,0,59,0,"CONDITIONING"],[135,62,0,59,1,"CONDITIONING"],[136,24,0,63,0,"MODEL"],[137,6,0,64,0,"*"],[139,64,0,60,0,"CONDITIONING"],[140,23,0,62,0,"CONDITIONING"],[141,59,0,63,1,"CONDITIONING"],[142,22,0,63,2,"CONDITIONING"],[143,25,0,63,3,"LATENT"],[144,50,0,63,4,"INT"],[145,63,0,65,0,"LATENT"],[146,28,0,65,1,"VAE"],[148,8,0,67,0,"IMAGE"],[149,26,0,68,0,"IMAGE"],[150,65,0,69,0,"IMAGE"],[151,19,0,70,0,"STRING"],[152,18,0,70,1,"STRING"],[153,70,0,29,0,"STRING"],[155,29,0,6,1,"STRING"],[156,70,1,7,1,"STRING"],[163,4,1,73,0,"CLIP"],[165,44,0,73,2,"IMAGE"],[166,70,0,73,4,"STRING"],[167,73,0,23,0,"*"],[168,74,0,73,1,"PHOTOMAKER"],[170,4,0,20,0,"MODEL"],[171,76,0,73,3,"INSIGHTFACE"],[172,25,0,20,3,"LATENT"],[173,64,0,20,1,"CONDITIONING"],[174,53,0,24,0,"*"]],"groups":[{"title":"Batch images","bounding":[28,831,762,997],"color":"#8A8","font_size":24,"locked":false},{"title":"Prepare images with IP-Adapter nodes","bounding":[816,831,459,998],"color":"#8A8","font_size":24,"locked":false},{"title":"Style strength ratio with start/end steps","bounding":[1585,28,1066,685],"color":"#8AA","font_size":24,"locked":false},{"title":"Style strength ratio with 1 KSampler","bounding":[1598,822,1015,634],"color":"#8AA","font_size":24,"locked":false}],"config":{},"extra":{"0246.VERSION":[0,0,4],"ds":{"scale":0.5989500000000018,"offset":[674.0271072935902,404.568693894066]},"workspace_info":{"id":"eBsj1P4rq0KiBFLeoWlvX","saveLock":false,"cloudID":null,"coverMediaPath":null}},"version":0.4}