{"last_node_id":399,"last_link_id":501,"nodes":[{"id":315,"type":"MaskToImage","pos":[-1830,-1410],"size":{"0":152.04820251464844,"1":26},"flags":{},"order":10,"mode":0,"inputs":[{"name":"mask","type":"MASK","link":362,"label":"遮罩"}],"outputs":[{"name":"IMAGE","type":"IMAGE","links":[342],"shape":3,"label":"图像","slot_index":0}],"properties":{"Node name for S&R":"MaskToImage"}},{"id":329,"type":"PreviewImage","pos":[-1860,-1330],"size":{"0":210,"1":246},"flags":{},"order":15,"mode":0,"inputs":[{"name":"images","type":"IMAGE","link":342,"label":"图像"}],"properties":{"Node name for S&R":"PreviewImage"}},{"id":304,"type":"VAEEncode","pos":[-472,-242],"size":{"0":210,"1":46},"flags":{"collapsed":false},"order":12,"mode":0,"inputs":[{"name":"pixels","type":"IMAGE","link":330,"label":"图像"},{"name":"vae","type":"VAE","link":414,"label":"VAE"}],"outputs":[{"name":"LATENT","type":"LATENT","links":[299],"shape":3,"label":"Latent","slot_index":0}],"properties":{"Node name for S&R":"VAEEncode"}},{"id":203,"type":"PreviewImage","pos":[-528,-1454],"size":{"0":457.2119445800781,"1":579.2489624023438},"flags":{},"order":27,"mode":0,"inputs":[{"name":"images","type":"IMAGE","link":169,"label":"图像"}],"properties":{"Node name for S&R":"PreviewImage"}},{"id":331,"type":"MaskToImage","pos":[-1844,-988],"size":{"0":152.04820251464844,"1":26},"flags":{},"order":21,"mode":0,"inputs":[{"name":"mask","type":"MASK","link":395,"label":"遮罩"}],"outputs":[{"name":"IMAGE","type":"IMAGE","links":[348],"shape":3,"label":"图像","slot_index":0}],"properties":{"Node name for S&R":"MaskToImage"}},{"id":332,"type":"PreviewImage","pos":[-1870,-896],"size":{"0":210,"1":246},"flags":{},"order":24,"mode":0,"inputs":[{"name":"images","type":"IMAGE","link":348,"label":"图像"}],"properties":{"Node name for S&R":"PreviewImage"}},{"id":368,"type":"Reroute","pos":[-84,-604],"size":[75,26],"flags":{},"order":14,"mode":0,"inputs":[{"name":"","type":"*","link":442}],"outputs":[{"name":"CLIP","type":"CLIP","links":[],"slot_index":0}],"properties":{"showOutputText":true,"horizontal":false}},{"id":349,"type":"Reroute","pos":[-816,-691],"size":[75,26],"flags":{},"order":22,"mode":0,"inputs":[{"name":"","type":"*","link":487}],"outputs":[{"name":"MASK","type":"MASK","links":[427],"slot_index":0}],"properties":{"showOutputText":true,"horizontal":false}},{"id":354,"type":"Reroute","pos":[-293,-597],"size":[75,26],"flags":{},"order":13,"mode":0,"inputs":[{"name":"","type":"*","link":420}],"outputs":[{"name":"VAE","type":"VAE","links":[421,422,470,471],"slot_index":0}],"properties":{"showOutputText":true,"horizontal":false}},{"id":384,"type":"MaskToImage","pos":[-2139,-1407],"size":{"0":210,"1":26},"flags":{},"order":17,"mode":0,"inputs":[{"name":"mask","type":"MASK","link":475,"label":"遮罩"}],"outputs":[{"name":"IMAGE","type":"IMAGE","links":[476],"shape":3,"label":"图像","slot_index":0}],"properties":{"Node name for S&R":"MaskToImage"}},{"id":385,"type":"PreviewImage","pos":[-2147,-1326],"size":{"0":249.13148498535156,"1":246},"flags":{},"order":20,"mode":0,"inputs":[{"name":"images","type":"IMAGE","link":476,"label":"图像"}],"properties":{"Node name for S&R":"PreviewImage"}},{"id":306,"type":"MaskFromRGBCMYBW+","pos":[-1433,-1003],"size":{"0":315,"1":294},"flags":{"collapsed":true},"order":6,"mode":0,"inputs":[{"name":"image","type":"IMAGE","link":305,"label":"图像"}],"outputs":[{"name":"red","type":"MASK","links":null,"shape":3,"label":"红"},{"name":"green","type":"MASK","links":null,"shape":3,"label":"绿"},{"name":"blue","type":"MASK","links":null,"shape":3,"label":"蓝"},{"name":"cyan","type":"MASK","links":null,"shape":3,"label":"青"},{"name":"magenta","type":"MASK","links":null,"shape":3,"label":"品红"},{"name":"yellow","type":"MASK","links":null,"shape":3,"label":"黄"},{"name":"black","type":"MASK","links":null,"shape":3,"label":"黑"},{"name":"white","type":"MASK","links":[354],"shape":3,"label":"白","slot_index":7}],"properties":{"Node name for S&R":"MaskFromRGBCMYBW+"},"widgets_values":[0.15,0.15,0.15,0,false]},{"id":333,"type":"Reroute","pos":[-1279,-1029],"size":[75,26],"flags":{},"order":8,"mode":0,"inputs":[{"name":"","type":"*","link":354}],"outputs":[{"name":"MASK","type":"MASK","links":[362,473],"slot_index":0}],"properties":{"showOutputText":true,"horizontal":false}},{"id":322,"type":"Reroute","pos":[-815,-768],"size":[82,26],"flags":{},"order":5,"mode":0,"inputs":[{"name":"","type":"*","link":352}],"outputs":[{"name":"IMAGE","type":"IMAGE","links":[330,478],"slot_index":0}],"properties":{"showOutputText":true,"horizontal":false}},{"id":303,"type":"SetLatentNoiseMask","pos":[-473,-104],"size":{"0":210,"1":46},"flags":{},"order":19,"mode":0,"inputs":[{"name":"samples","type":"LATENT","link":299,"label":"Latent","slot_index":0},{"name":"mask","type":"MASK","link":336,"label":"遮罩"}],"outputs":[{"name":"LATENT","type":"LATENT","links":[413],"shape":3,"label":"Latent","slot_index":0}],"properties":{"Node name for S&R":"SetLatentNoiseMask"}},{"id":202,"type":"VAEDecode","pos":[-105,-458],"size":{"0":210,"1":46},"flags":{},"order":25,"mode":0,"inputs":[{"name":"samples","type":"LATENT","link":404,"label":"Latent"},{"name":"vae","type":"VAE","link":421,"label":"VAE"}],"outputs":[{"name":"IMAGE","type":"IMAGE","links":[169],"shape":3,"label":"图像","slot_index":0}],"properties":{"Node name for S&R":"VAEDecode"}},{"id":348,"type":"SetLatentNoiseMask","pos":[326,-195],"size":{"0":210,"1":46},"flags":{},"order":26,"mode":0,"inputs":[{"name":"samples","type":"LATENT","link":426,"label":"Latent","slot_index":0},{"name":"mask","type":"MASK","link":427,"label":"遮罩"}],"outputs":[{"name":"LATENT","type":"LATENT","links":[411],"shape":3,"label":"Latent","slot_index":0}],"properties":{"Node name for S&R":"SetLatentNoiseMask"}},{"id":390,"type":"PreviewImage","pos":[521,-1443],"size":{"0":486.3641357421875,"1":582.3191528320312},"flags":{},"order":33,"mode":0,"inputs":[{"name":"images","type":"IMAGE","link":490,"label":"图像"}],"properties":{"Node name for S&R":"PreviewImage"}},{"id":346,"type":"VAEDecode","pos":[733,-444],"size":{"0":210,"1":46},"flags":{},"order":29,"mode":0,"inputs":[{"name":"samples","type":"LATENT","link":412,"label":"Latent"},{"name":"vae","type":"VAE","link":422,"label":"VAE"}],"outputs":[{"name":"IMAGE","type":"IMAGE","links":[386,489,493],"shape":3,"label":"图像","slot_index":0}],"properties":{"Node name for S&R":"VAEDecode"}},{"id":392,"type":"ImageGenResolutionFromImage","pos":[685,-572],"size":{"0":355.20001220703125,"1":46},"flags":{},"order":32,"mode":0,"inputs":[{"name":"image","type":"IMAGE","link":493,"label":"图像"}],"outputs":[{"name":"IMAGE_GEN_WIDTH (INT)","type":"INT","links":[494],"shape":3,"label":"宽度(整数)","slot_index":0},{"name":"IMAGE_GEN_HEIGHT (INT)","type":"INT","links":[495],"shape":3,"label":"高度(整数)","slot_index":1}],"properties":{"Node name for S&R":"ImageGenResolutionFromImage"}},{"id":394,"type":"Display Any (rgthree)","pos":[1082,-577],"size":{"0":210,"1":76.0000228881836},"flags":{},"order":36,"mode":0,"inputs":[{"name":"source","type":"*","link":495,"label":"输入","dir":3}],"properties":{"Node name for S&R":"Display Any (rgthree)"},"widgets_values":["1024"]},{"id":393,"type":"Display Any (rgthree)","pos":[1105,-679],"size":{"0":210,"1":76},"flags":{},"order":35,"mode":0,"inputs":[{"name":"source","type":"*","link":494,"label":"输入","dir":3}],"properties":{"Node name for S&R":"Display Any (rgthree)"},"widgets_values":["768"]},{"id":396,"type":"Display Any (rgthree)","pos":[1948,-707],"size":{"0":210,"1":76},"flags":{},"order":37,"mode":0,"inputs":[{"name":"source","type":"*","link":497,"label":"输入","dir":3}],"properties":{"Node name for S&R":"Display Any (rgthree)"},"widgets_values":["1152"]},{"id":397,"type":"Display Any (rgthree)","pos":[1963,-537],"size":{"0":210,"1":76},"flags":{},"order":38,"mode":0,"inputs":[{"name":"source","type":"*","link":498,"label":"输入","dir":3}],"properties":{"Node name for S&R":"Display Any (rgthree)"},"widgets_values":["1536"]},{"id":395,"type":"ImageGenResolutionFromImage","pos":[1545,-568],"size":{"0":355.20001220703125,"1":46},"flags":{},"order":34,"mode":0,"inputs":[{"name":"image","type":"IMAGE","link":496,"label":"图像"}],"outputs":[{"name":"IMAGE_GEN_WIDTH (INT)","type":"INT","links":[497],"shape":3,"label":"宽度(整数)","slot_index":0},{"name":"IMAGE_GEN_HEIGHT (INT)","type":"INT","links":[498],"shape":3,"label":"高度(整数)","slot_index":1}],"properties":{"Node name for S&R":"ImageGenResolutionFromImage"}},{"id":391,"type":"SUPIR_Upscale","pos":[1168,-358],"size":{"0":400,"1":788},"flags":{},"order":31,"mode":0,"inputs":[{"name":"image","type":"IMAGE","link":489,"label":"图像"},{"name":"captions","type":"STRING","link":null,"widget":{"name":"captions"},"label":"captions"},{"name":"a_prompt","type":"STRING","link":492,"widget":{"name":"a_prompt"},"label":"正面提示词"}],"outputs":[{"name":"upscaled_image","type":"IMAGE","links":[490,496],"shape":3,"label":"图像","slot_index":0}],"properties":{"Node name for S&R":"SUPIR_Upscale"},"widgets_values":["SUPIR-v0F_fp16.safetensors","sdxl/dreamshaperXL_v21TurboDPMSDE.safetensors",233047907878526,"randomize","lanczos",1.5,10,-1,4,"high quality, detailed","bad quality, blurry, messy",5,1.003,1,4,0,"Wavelet",true,true,512,64,"","auto","auto",1,false,1024,512,false,false,"RestoreEDMSampler"]},{"id":350,"type":"Efficient Loader","pos":[-1115,-366],"size":{"0":400,"1":798},"flags":{},"order":9,"mode":0,"inputs":[{"name":"lora_stack","type":"LORA_STACK","link":null,"label":"LoRA堆","slot_index":0},{"name":"cnet_stack","type":"CONTROL_NET_STACK","link":null,"label":"ControlNet堆"},{"name":"empty_latent_width","type":"INT","link":479,"widget":{"name":"empty_latent_width"},"label":"宽度"},{"name":"empty_latent_height","type":"INT","link":480,"widget":{"name":"empty_latent_height"},"label":"高度"},{"name":"positive","type":"STRING","link":483,"widget":{"name":"positive"},"label":"正面条件","slot_index":4}],"outputs":[{"name":"MODEL","type":"MODEL","links":[401],"shape":3,"label":"模型","slot_index":0},{"name":"CONDITIONING+","type":"CONDITIONING","links":[402],"shape":3,"label":"正面条件","slot_index":1},{"name":"CONDITIONING-","type":"CONDITIONING","links":[403],"shape":3,"label":"负面条件","slot_index":2},{"name":"LATENT","type":"LATENT","links":null,"shape":3,"label":"Latent","slot_index":3},{"name":"VAE","type":"VAE","links":[414,420],"shape":3,"label":"VAE","slot_index":4},{"name":"CLIP","type":"CLIP","links":[442],"shape":3,"label":"CLIP","slot_index":5},{"name":"DEPENDENCIES","type":"DEPENDENCIES","links":[],"shape":3,"label":"依赖","slot_index":6}],"properties":{"Node name for S&R":"Efficient Loader"},"widgets_values":["sdxl/dreamshaperXL_v21TurboDPMSDE.safetensors","Baked VAE",-1,"train_lora/lora_test/white4_female.safetensors",1,1,"a female,vividly,skin_texture,Vivid,light and shadow of details, beautiful face,headshot,,best quality,highres,bright,Ultra clear details","embedding:negativeXL_D.safetensors, NSFW, worst quality, low quality, illustration, 3d, 2d, cartoon, painting, cartoons, sketch, open mouth, long neck, watermark, text, extra fingers, inverted nipple, busty, large breasts, ugly, disgusting","none","comfy",512,512,1],"color":"#332233","bgcolor":"#553355","shape":1},{"id":173,"type":"LoadImage","pos":[-1101.0335015191079,-1378.130479600696],"size":{"0":315,"1":314},"flags":{},"order":0,"mode":0,"outputs":[{"name":"IMAGE","type":"IMAGE","links":[352],"shape":3,"label":"图像","slot_index":0},{"name":"MASK","type":"MASK","links":[],"shape":3,"label":"遮罩","slot_index":1}],"properties":{"Node name for S&R":"LoadImage"},"widgets_values":["1_苹果高管_pose (2).jpg","image"]},{"id":234,"type":"LoadImage","pos":[-1465.5815527855173,-1377.3266203148098],"size":{"0":315,"1":314},"flags":{},"order":1,"mode":0,"outputs":[{"name":"IMAGE","type":"IMAGE","links":[305],"shape":3,"label":"图像","slot_index":0},{"name":"MASK","type":"MASK","links":[],"shape":3,"label":"遮罩","slot_index":1}],"properties":{"Node name for S&R":"LoadImage"},"widgets_values":["1_苹果高管_mask (2).jpg","image"]},{"id":347,"type":"PreviewImage","pos":[-37,-1429],"size":{"0":478.12451171875,"1":552.1590576171875},"flags":{},"order":30,"mode":0,"inputs":[{"name":"images","type":"IMAGE","link":386,"label":"图像"}],"properties":{"Node name for S&R":"PreviewImage"}},{"id":389,"type":"Primitive string multiline [Crystools]","pos":[-1648,-349],"size":{"0":400,"1":200},"flags":{},"order":2,"mode":0,"outputs":[{"name":"string","type":"STRING","links":[483,492],"shape":3,"label":"字符串","slot_index":0}],"properties":{"Node name for S&R":"Primitive string multiline [Crystools]"},"widgets_values":["a female,clean,ID photo, high-end photography"]},{"id":326,"type":"Reroute","pos":[-991,-699],"size":[75,26],"flags":{},"order":16,"mode":0,"inputs":[{"name":"","type":"*","link":474}],"outputs":[{"name":"MASK","type":"MASK","links":[336],"slot_index":0}],"properties":{"showOutputText":true,"horizontal":false}},{"id":353,"type":"KSampler (Efficient)","pos":[641,-337],"size":{"0":325,"1":562},"flags":{},"order":28,"mode":0,"inputs":[{"name":"model","type":"MODEL","link":408,"label":"模型"},{"name":"positive","type":"CONDITIONING","link":409,"label":"正面条件"},{"name":"negative","type":"CONDITIONING","link":410,"label":"负面条件"},{"name":"latent_image","type":"LATENT","link":411,"label":"Latent"},{"name":"optional_vae","type":"VAE","link":471,"label":"VAE(可选)"},{"name":"script","type":"SCRIPT","link":null,"label":"脚本","slot_index":5},{"name":"seed","type":"INT","link":500,"widget":{"name":"seed"},"label":"随机种"}],"outputs":[{"name":"MODEL","type":"MODEL","links":[],"shape":3,"label":"模型","slot_index":0},{"name":"CONDITIONING+","type":"CONDITIONING","links":[],"shape":3,"label":"正面条件","slot_index":1},{"name":"CONDITIONING-","type":"CONDITIONING","links":[],"shape":3,"label":"负面条件","slot_index":2},{"name":"LATENT","type":"LATENT","links":[412],"shape":3,"label":"Latent","slot_index":3},{"name":"VAE","type":"VAE","links":null,"shape":3,"label":"VAE"},{"name":"IMAGE","type":"IMAGE","links":null,"shape":3,"label":"图像"}],"properties":{"Node name for S&R":"KSampler (Efficient)"},"widgets_values":[964770256625796,null,10,3,"dpmpp_sde","karras",0.6,"none","false"],"color":"#223333","bgcolor":"#335555","shape":1},{"id":352,"type":"KSampler (Efficient)","pos":[-191,-353],"size":{"0":325,"1":562},"flags":{},"order":23,"mode":0,"inputs":[{"name":"model","type":"MODEL","link":401,"label":"模型"},{"name":"positive","type":"CONDITIONING","link":402,"label":"正面条件"},{"name":"negative","type":"CONDITIONING","link":403,"label":"负面条件"},{"name":"latent_image","type":"LATENT","link":413,"label":"Latent"},{"name":"optional_vae","type":"VAE","link":470,"label":"VAE(可选)"},{"name":"script","type":"SCRIPT","link":null,"label":"脚本","slot_index":5},{"name":"seed","type":"INT","link":499,"widget":{"name":"seed"},"label":"随机种"}],"outputs":[{"name":"MODEL","type":"MODEL","links":[408],"shape":3,"label":"模型","slot_index":0},{"name":"CONDITIONING+","type":"CONDITIONING","links":[409],"shape":3,"label":"正面条件","slot_index":1},{"name":"CONDITIONING-","type":"CONDITIONING","links":[410],"shape":3,"label":"负面条件","slot_index":2},{"name":"LATENT","type":"LATENT","links":[404,426],"shape":3,"label":"Latent","slot_index":3},{"name":"VAE","type":"VAE","links":[],"shape":3,"label":"VAE","slot_index":4},{"name":"IMAGE","type":"IMAGE","links":null,"shape":3,"label":"图像"}],"properties":{"Node name for S&R":"KSampler (Efficient)"},"widgets_values":[-1,null,10,3,"dpmpp_sde","karras",0.65,"none","false"],"color":"#223333","bgcolor":"#335555","shape":1},{"id":398,"type":"CR Seed","pos":[-604,86],"size":{"0":315,"1":102},"flags":{},"order":3,"mode":0,"outputs":[{"name":"seed","type":"INT","links":[499],"shape":3,"label":"随机种","slot_index":0},{"name":"show_help","type":"STRING","links":null,"shape":3}],"properties":{"Node name for S&R":"CR Seed"},"widgets_values":[0,"randomize"]},{"id":399,"type":"CR Seed","pos":[232,66],"size":{"0":315,"1":102},"flags":{},"order":4,"mode":0,"outputs":[{"name":"seed","type":"INT","links":[500],"shape":3,"label":"随机种","slot_index":0},{"name":"show_help","type":"STRING","links":null,"shape":3}],"properties":{"Node name for S&R":"CR Seed"},"widgets_values":[0,"randomize"]},{"id":330,"type":"GrowMaskWithBlur","pos":[-1454,-904],"size":{"0":315,"1":246},"flags":{},"order":18,"mode":0,"inputs":[{"name":"mask","type":"MASK","link":501,"label":"遮罩"}],"outputs":[{"name":"mask","type":"MASK","links":[395,487],"shape":3,"label":"遮罩","slot_index":0},{"name":"mask_inverted","type":"MASK","links":[],"shape":3,"label":"反转遮罩","slot_index":1}],"properties":{"Node name for S&R":"GrowMaskWithBlur"},"widgets_values":[3,1,true,false,12,0.4,0.5,false]},{"id":383,"type":"ImpactGaussianBlurMask","pos":[-1081,-990],"size":{"0":315,"1":82},"flags":{},"order":11,"mode":0,"inputs":[{"name":"mask","type":"MASK","link":473,"label":"遮罩"}],"outputs":[{"name":"MASK","type":"MASK","links":[474,475,501],"shape":3,"label":"遮罩","slot_index":0}],"properties":{"Node name for S&R":"ImpactGaussianBlurMask"},"widgets_values":[15,17]},{"id":386,"type":"GetImageSize+","pos":[-1053,-825],"size":{"0":210,"1":46},"flags":{},"order":7,"mode":0,"inputs":[{"name":"image","type":"IMAGE","link":478,"label":"图像"}],"outputs":[{"name":"width","type":"INT","links":[479],"shape":3,"label":"宽度","slot_index":0},{"name":"height","type":"INT","links":[480],"shape":3,"label":"高度","slot_index":1}],"properties":{"Node name for S&R":"GetImageSize+"}}],"links":[[169,202,0,203,0,"IMAGE"],[299,304,0,303,0,"LATENT"],[305,234,0,306,0,"IMAGE"],[330,322,0,304,0,"IMAGE"],[336,326,0,303,1,"MASK"],[342,315,0,329,0,"IMAGE"],[348,331,0,332,0,"IMAGE"],[352,173,0,322,0,"*"],[354,306,7,333,0,"*"],[362,333,0,315,0,"MASK"],[386,346,0,347,0,"IMAGE"],[395,330,0,331,0,"MASK"],[401,350,0,352,0,"MODEL"],[402,350,1,352,1,"CONDITIONING"],[403,350,2,352,2,"CONDITIONING"],[404,352,3,202,0,"LATENT"],[408,352,0,353,0,"MODEL"],[409,352,1,353,1,"CONDITIONING"],[410,352,2,353,2,"CONDITIONING"],[411,348,0,353,3,"LATENT"],[412,353,3,346,0,"LATENT"],[413,303,0,352,3,"LATENT"],[414,350,4,304,1,"VAE"],[420,350,4,354,0,"*"],[421,354,0,202,1,"VAE"],[422,354,0,346,1,"VAE"],[426,352,3,348,0,"LATENT"],[427,349,0,348,1,"MASK"],[442,350,5,368,0,"*"],[470,354,0,352,4,"VAE"],[471,354,0,353,4,"VAE"],[473,333,0,383,0,"MASK"],[474,383,0,326,0,"*"],[475,383,0,384,0,"MASK"],[476,384,0,385,0,"IMAGE"],[478,322,0,386,0,"IMAGE"],[479,386,0,350,2,"INT"],[480,386,1,350,3,"INT"],[483,389,0,350,4,"STRING"],[487,330,0,349,0,"*"],[489,346,0,391,0,"IMAGE"],[490,391,0,390,0,"IMAGE"],[492,389,0,391,2,"STRING"],[493,346,0,392,0,"IMAGE"],[494,392,0,393,0,"*"],[495,392,1,394,0,"*"],[496,391,0,395,0,"IMAGE"],[497,395,0,396,0,"*"],[498,395,1,397,0,"*"],[499,398,0,352,6,"INT"],[500,399,0,353,6,"INT"],[501,383,0,330,0,"MASK"]],"groups":[{"title":"Group","bounding":[-1505,-1507,806,872],"color":"#3f789e","font_size":24,"locked":false}],"config":{},"extra":{"ds":{"scale":0.7972024500000008,"offset":{"0":1884.5852694579523,"1":1464.6207128510962}},"groupNodes":{"lora":{"nodes":[{"type":"LoraLoader","pos":[492,527],"size":{"0":315,"1":126},"flags":{},"order":6,"mode":0,"inputs":[{"name":"model","type":"MODEL","link":null,"label":"模型"},{"name":"clip","type":"CLIP","link":null,"label":"CLIP"}],"outputs":[{"name":"MODEL","type":"MODEL","links":null,"shape":3,"label":"模型"},{"name":"CLIP","type":"CLIP","links":null,"shape":3,"label":"CLIP"}],"properties":{"Node name for S&R":"LoraLoader"},"widgets_values":["add-detail-xl.safetensors",0.73,0.76],"index":0},{"type":"LoraLoader","pos":[484,370],"size":{"0":315,"1":126},"flags":{},"order":7,"mode":0,"inputs":[{"name":"model","type":"MODEL","link":null,"label":"模型"},{"name":"clip","type":"CLIP","link":null,"label":"CLIP"}],"outputs":[{"name":"MODEL","type":"MODEL","links":[],"shape":3,"label":"模型"},{"name":"CLIP","type":"CLIP","links":[],"shape":3,"label":"CLIP"}],"properties":{"Node name for S&R":"LoraLoader"},"widgets_values":["train_lora/20240617/f368cf66-5777-46dc-b73d-3c3e99e798f8/spmf_20_w_0615/spmf_20_w_0615.safetensors",1,1],"index":1}],"links":[[null,0,0,0,65,"MODEL"],[null,1,0,1,65,"CLIP"],[null,0,1,0,65,"MODEL"],[null,1,1,1,65,"CLIP"]],"external":[[1,0,"MODEL"],[1,1,"CLIP"]]}},"workspace_info":{"id":"8ZJM5DbsKzv3Jav4-kYR7"}},"version":0.4}