{"last_node_id":543,"last_link_id":962,"nodes":[{"id":404,"type":"Reroute","pos":[-819,-703],"size":[75,26],"flags":{},"order":18,"mode":0,"inputs":[{"name":"","type":"*","link":805}],"outputs":[{"name":"MASK","type":"MASK","links":[],"slot_index":0}],"properties":{"showOutputText":true,"horizontal":false}},{"id":452,"type":"Reroute","pos":[-1752,-1413],"size":[82,26],"flags":{},"order":28,"mode":0,"inputs":[{"name":"","type":"*","link":719}],"outputs":[{"name":"IMAGE","type":"IMAGE","links":[720,768],"slot_index":0}],"properties":{"showOutputText":true,"horizontal":false}},{"id":470,"type":"GetImageSize+","pos":[-1758,-966],"size":{"0":210,"1":46},"flags":{},"order":11,"mode":0,"inputs":[{"name":"image","type":"IMAGE","link":747,"label":"图像"}],"outputs":[{"name":"width","type":"INT","links":[716],"shape":3,"label":"宽度","slot_index":0},{"name":"height","type":"INT","links":[717],"shape":3,"label":"高度","slot_index":1}],"properties":{"Node name for S&R":"GetImageSize+"}},{"id":477,"type":"SolidMask","pos":[-2423,-1393],"size":{"0":315,"1":106},"flags":{},"order":14,"mode":0,"inputs":[{"name":"width","type":"INT","link":716,"widget":{"name":"width"},"label":"宽度"},{"name":"height","type":"INT","link":717,"widget":{"name":"height"},"label":"高度"}],"outputs":[{"name":"MASK","type":"MASK","links":[718],"shape":3,"label":"遮罩","slot_index":0}],"properties":{"Node name for S&R":"SolidMask"},"widgets_values":[1,512,512]},{"id":478,"type":"MaskToImage","pos":[-2020,-1391],"size":{"0":141.13909912109375,"1":26},"flags":{},"order":21,"mode":0,"inputs":[{"name":"mask","type":"MASK","link":718,"label":"遮罩","slot_index":0}],"outputs":[{"name":"IMAGE","type":"IMAGE","links":[719],"shape":3,"label":"图像","slot_index":0}],"properties":{"Node name for S&R":"MaskToImage"}},{"id":386,"type":"GetImageSize+","pos":[-1970,-560],"size":{"0":210,"1":46},"flags":{},"order":9,"mode":0,"inputs":[{"name":"image","type":"IMAGE","link":661,"label":"图像"}],"outputs":[{"name":"width","type":"INT","links":[728,795],"shape":3,"label":"宽度","slot_index":0},{"name":"height","type":"INT","links":[729,796],"shape":3,"label":"高度","slot_index":1}],"properties":{"Node name for S&R":"GetImageSize+"}},{"id":440,"type":"ImageResize+","pos":[-2540,-260],"size":{"0":315,"1":218},"flags":{"collapsed":true},"order":24,"mode":0,"inputs":[{"name":"image","type":"IMAGE","link":790,"label":"图像"},{"name":"width","type":"INT","link":728,"widget":{"name":"width"},"label":"宽度"},{"name":"height","type":"INT","link":729,"widget":{"name":"height"},"label":"高度"}],"outputs":[{"name":"IMAGE","type":"IMAGE","links":[727],"shape":3,"label":"图像","slot_index":0},{"name":"width","type":"INT","links":null,"shape":3,"label":"宽度"},{"name":"height","type":"INT","links":null,"shape":3,"label":"高度"}],"properties":{"Node name for S&R":"ImageResize+"},"widgets_values":[768,1024,"nearest",true,"always",0]},{"id":331,"type":"MaskToImage","pos":[-1084,-1025],"size":{"0":140,"1":26},"flags":{},"order":20,"mode":0,"inputs":[{"name":"mask","type":"MASK","link":844,"label":"遮罩"}],"outputs":[{"name":"IMAGE","type":"IMAGE","links":[672],"shape":3,"label":"图像","slot_index":0}],"properties":{"Node name for S&R":"MaskToImage"}},{"id":485,"type":"ImageCompositedMaskedWeight","pos":[-2436,-1134],"size":{"0":315,"1":78},"flags":{},"order":32,"mode":0,"inputs":[{"name":"source","type":"IMAGE","link":768,"label":"source"},{"name":"mask","type":"IMAGE","link":772,"label":"mask"}],"outputs":[{"name":"IMAGE","type":"IMAGE","links":[],"shape":3,"label":"IMAGE","slot_index":0}],"properties":{"Node name for S&R":"ImageCompositedMaskedWeight"},"widgets_values":[0]},{"id":493,"type":"ImageResize+","pos":[-2560,-100],"size":{"0":315,"1":218},"flags":{"collapsed":true},"order":22,"mode":0,"inputs":[{"name":"image","type":"IMAGE","link":799,"label":"图像"},{"name":"width","type":"INT","link":795,"widget":{"name":"width"},"label":"宽度"},{"name":"height","type":"INT","link":796,"widget":{"name":"height"},"label":"高度"}],"outputs":[{"name":"IMAGE","type":"IMAGE","links":[798],"shape":3,"label":"图像","slot_index":0},{"name":"width","type":"INT","links":null,"shape":3,"label":"宽度"},{"name":"height","type":"INT","links":null,"shape":3,"label":"高度"}],"properties":{"Node name for S&R":"ImageResize+"},"widgets_values":[768,1024,"nearest",true,"always",0]},{"id":491,"type":"PreviewImage","pos":[-2222,-2116],"size":{"0":385.9838562011719,"1":459.6251220703125},"flags":{},"order":5,"mode":0,"inputs":[{"name":"images","type":"IMAGE","link":793,"label":"图像"}],"properties":{"Node name for S&R":"PreviewImage"}},{"id":457,"type":"PreviewImage","pos":[-1773,-2115],"size":{"0":447.667236328125,"1":470.1690673828125},"flags":{},"order":27,"mode":0,"inputs":[{"name":"images","type":"IMAGE","link":672,"label":"图像"}],"properties":{"Node name for S&R":"PreviewImage"}},{"id":438,"type":"PreviewImage","pos":[-1267,-2119],"size":{"0":397.9082946777344,"1":481.5565185546875},"flags":{},"order":36,"mode":0,"inputs":[{"name":"images","type":"IMAGE","link":812,"label":"图像"}],"properties":{"Node name for S&R":"PreviewImage"}},{"id":450,"type":"Reroute","pos":[-1752,-1170],"size":[82,26],"flags":{},"order":6,"mode":0,"inputs":[{"name":"","type":"*","link":827}],"outputs":[{"name":"IMAGE","type":"IMAGE","links":[661,662,747,760],"slot_index":0}],"properties":{"showOutputText":true,"horizontal":false}},{"id":455,"type":"Reroute","pos":[-1768,-1284],"size":[82,26],"flags":{},"order":7,"mode":0,"inputs":[{"name":"","type":"*","link":771}],"outputs":[{"name":"IMAGE","type":"IMAGE","links":[772,828],"slot_index":0}],"properties":{"showOutputText":true,"horizontal":false}},{"id":461,"type":"ImageBlend","pos":[-2630,-560],"size":{"0":315,"1":102},"flags":{},"order":31,"mode":0,"inputs":[{"name":"image1","type":"IMAGE","link":720,"label":"图像1"},{"name":"image2","type":"IMAGE","link":828,"label":"图像2"}],"outputs":[{"name":"IMAGE","type":"IMAGE","links":[800,822],"shape":3,"label":"图像","slot_index":0}],"properties":{"Node name for S&R":"ImageBlend"},"widgets_values":[1,"difference"]},{"id":469,"type":"PreviewImage","pos":[-834,-2114],"size":{"0":444.0813293457031,"1":486.7157287597656},"flags":{},"order":29,"mode":0,"inputs":[{"name":"images","type":"IMAGE","link":813,"label":"图像"}],"properties":{"Node name for S&R":"PreviewImage"}},{"id":488,"type":"AIO_Preprocessor","pos":[-2990,-300],"size":{"0":315,"1":82},"flags":{},"order":16,"mode":0,"inputs":[{"name":"image","type":"IMAGE","link":788,"label":"图像","slot_index":0}],"outputs":[{"name":"IMAGE","type":"IMAGE","links":[790],"shape":3,"label":"图像","slot_index":0}],"properties":{"Node name for S&R":"AIO_Preprocessor"},"widgets_values":["AnyLineArtPreprocessor_aux",768]},{"id":465,"type":"AIO_Preprocessor","pos":[-3030,-100],"size":{"0":315,"1":82},"flags":{},"order":15,"mode":0,"inputs":[{"name":"image","type":"IMAGE","link":697,"label":"图像"}],"outputs":[{"name":"IMAGE","type":"IMAGE","links":[799,814],"shape":3,"label":"图像","slot_index":0}],"properties":{"Node name for S&R":"AIO_Preprocessor"},"widgets_values":["DepthAnythingV2Preprocessor",768]},{"id":432,"type":"ImageToMask","pos":[-1773,-849],"size":{"0":315,"1":58},"flags":{},"order":8,"mode":0,"inputs":[{"name":"image","type":"IMAGE","link":840,"label":"图像"}],"outputs":[{"name":"MASK","type":"MASK","links":[845],"shape":3,"label":"遮罩","slot_index":0}],"properties":{"Node name for S&R":"ImageToMask"},"widgets_values":["blue"]},{"id":459,"type":"Reroute","pos":[-2940,-440],"size":[82,26],"flags":{},"order":12,"mode":0,"inputs":[{"name":"","type":"*","link":760}],"outputs":[{"name":"IMAGE","type":"IMAGE","links":[697,788,898],"slot_index":0}],"properties":{"showOutputText":true,"horizontal":false}},{"id":524,"type":"FaceToMask","pos":[-2700,-800],"size":{"0":210,"1":26},"flags":{},"order":17,"mode":0,"inputs":[{"name":"image","type":"IMAGE","link":898,"label":"图像"}],"outputs":[{"name":"MASK","type":"MASK","links":[900],"shape":3,"label":"遮罩","slot_index":0}],"properties":{"Node name for S&R":"FaceToMask"}},{"id":527,"type":"MaskToImage","pos":[-2430,-810],"size":{"0":210,"1":26},"flags":{},"order":25,"mode":0,"inputs":[{"name":"mask","type":"MASK","link":900,"label":"遮罩"}],"outputs":[{"name":"IMAGE","type":"IMAGE","links":[901],"shape":3,"label":"图像","slot_index":0}],"properties":{"Node name for S&R":"MaskToImage"}},{"id":528,"type":"PreviewImage","pos":[-2210,-670],"size":{"0":210,"1":246},"flags":{},"order":30,"mode":0,"inputs":[{"name":"images","type":"IMAGE","link":901,"label":"图像"}],"properties":{"Node name for S&R":"PreviewImage"}},{"id":408,"type":"Reroute","pos":[-975,-705],"size":[75,26],"flags":{},"order":19,"mode":0,"inputs":[{"name":"","type":"*","link":806}],"outputs":[{"name":"MASK","type":"MASK","links":[905],"slot_index":0}],"properties":{"showOutputText":true,"horizontal":false}},{"id":322,"type":"Reroute","pos":[-641,-711],"size":[82,26],"flags":{},"order":10,"mode":0,"inputs":[{"name":"","type":"*","link":662}],"outputs":[{"name":"IMAGE","type":"IMAGE","links":[950],"slot_index":0}],"properties":{"showOutputText":true,"horizontal":false}},{"id":496,"type":"Reroute","pos":[-1451,-299],"size":[75,26],"flags":{},"order":23,"mode":0,"inputs":[{"name":"","type":"*","link":814}],"outputs":[{"name":"","type":"IMAGE","links":[813,953],"slot_index":0}],"properties":{"showOutputText":false,"horizontal":false}},{"id":497,"type":"Reroute","pos":[-1422,-381],"size":[75,26],"flags":{},"order":35,"mode":0,"inputs":[{"name":"","type":"*","link":811}],"outputs":[{"name":"","type":"IMAGE","links":[812,952,954],"slot_index":0}],"properties":{"showOutputText":false,"horizontal":false}},{"id":492,"type":"ImageCompositedMaskedWeight","pos":[-2230,-100],"size":{"0":315,"1":78},"flags":{},"order":33,"mode":0,"inputs":[{"name":"source","type":"IMAGE","link":798,"label":"source"},{"name":"mask","type":"IMAGE","link":800,"label":"mask"}],"outputs":[{"name":"IMAGE","type":"IMAGE","links":[],"shape":3,"label":"IMAGE","slot_index":0}],"properties":{"Node name for S&R":"ImageCompositedMaskedWeight"},"widgets_values":[0.30000000000000004]},{"id":542,"type":"CR Seed","pos":[-1290,420],"size":{"0":315,"1":102},"flags":{},"order":0,"mode":0,"outputs":[{"name":"seed","type":"INT","links":[958],"shape":3,"label":"随机种","slot_index":0},{"name":"show_help","type":"STRING","links":null,"shape":3}],"properties":{"Node name for S&R":"CR Seed"},"widgets_values":[362764435548336,"randomize"]},{"id":389,"type":"Primitive string multiline [Crystools]","pos":[-1320,-140],"size":{"0":400,"1":200},"flags":{},"order":1,"mode":0,"outputs":[{"name":"string","type":"STRING","links":[955],"shape":3,"label":"字符串","slot_index":0}],"properties":{"Node name for S&R":"Primitive string multiline [Crystools]"},"widgets_values":["a female,(clean:1.2),(smooth skin:1.2),ID photo, high-end photography,best quality,highres,bright,Ultra clear details"]},{"id":536,"type":"PreviewImage","pos":[625,-1612],"size":{"0":832.0203857421875,"1":1041.7362060546875},"flags":{},"order":38,"mode":0,"inputs":[{"name":"images","type":"IMAGE","link":957,"label":"图像"}],"properties":{"Node name for S&R":"PreviewImage"}},{"id":543,"type":"Image Comparer (rgthree)","pos":{"0":-50,"1":-447,"2":0,"3":0,"4":0,"5":0,"6":0,"7":0,"8":0,"9":0},"size":[839.9234165361945,1106.1802477807184],"flags":{},"order":39,"mode":0,"inputs":[{"name":"image_a","type":"IMAGE","link":960,"label":"图像_A","dir":3},{"name":"image_b","type":"IMAGE","link":961,"label":"图像_B","dir":3}],"outputs":[],"properties":{"comparer_mode":"Slide"},"widgets_values":[["/view?filename=rgthree.compare._temp_rniqf_00009_.png&type=temp&subfolder=&rand=0.18788152643800382","/view?filename=rgthree.compare._temp_rniqf_00010_.png&type=temp&subfolder=&rand=0.7546464349081996"]]},{"id":435,"type":"ImageCompositedMaskedWeight","pos":[-2242,-329],"size":{"0":315,"1":78},"flags":{},"order":34,"mode":0,"inputs":[{"name":"source","type":"IMAGE","link":727,"label":"source"},{"name":"mask","type":"IMAGE","link":822,"label":"mask"}],"outputs":[{"name":"IMAGE","type":"IMAGE","links":[811],"shape":3,"label":"IMAGE","slot_index":0}],"properties":{"Node name for S&R":"ImageCompositedMaskedWeight"},"widgets_values":[0]},{"id":173,"type":"LoadImage","pos":[-445,-1584],"size":[964.3447657951879,1017.2205259498066],"flags":{},"order":2,"mode":0,"outputs":[{"name":"IMAGE","type":"IMAGE","links":[793,827,961],"shape":3,"label":"图像","slot_index":0},{"name":"MASK","type":"MASK","links":[],"shape":3,"label":"遮罩","slot_index":1}],"properties":{"Node name for S&R":"LoadImage"},"widgets_values":["13-Private jet-pose (1).jpg","image"]},{"id":454,"type":"LoadImage","pos":[-1425,-1412],"size":{"0":315,"1":314},"flags":{},"order":3,"mode":0,"outputs":[{"name":"IMAGE","type":"IMAGE","links":[771,840],"shape":3,"label":"图像","slot_index":0},{"name":"MASK","type":"MASK","links":[],"shape":3,"label":"遮罩","slot_index":1}],"properties":{"Node name for S&R":"LoadImage"},"widgets_values":["13-Private jet-mask (1).jpg","image"]},{"id":494,"type":"GrowMaskWithBlur","pos":[-1405,-884],"size":{"0":315,"1":246},"flags":{},"order":13,"mode":0,"inputs":[{"name":"mask","type":"MASK","link":845,"label":"遮罩"}],"outputs":[{"name":"mask","type":"MASK","links":[805,806,844],"shape":3,"label":"遮罩","slot_index":0},{"name":"mask_inverted","type":"MASK","links":[],"shape":3,"label":"反转遮罩","slot_index":1}],"properties":{"Node name for S&R":"GrowMaskWithBlur"},"widgets_values":[5,3,true,false,3,0.5,0.5,false]},{"id":533,"type":"MaskToImage","pos":[-1032,-552],"size":{"0":210,"1":26},"flags":{},"order":26,"mode":0,"inputs":[{"name":"mask","type":"MASK","link":905,"label":"遮罩"}],"outputs":[{"name":"IMAGE","type":"IMAGE","links":[962],"shape":3,"label":"图像","slot_index":0}],"properties":{"Node name for S&R":"MaskToImage"}},{"id":529,"type":"Primitive string multiline [Crystools]","pos":[-1306,119],"size":{"0":400,"1":200},"flags":{},"order":4,"mode":0,"outputs":[{"name":"string","type":"STRING","links":[956],"shape":3,"label":"字符串","slot_index":0}],"properties":{"Node name for S&R":"Primitive string multiline [Crystools]"},"widgets_values":["embedding:negativeXL_D.safetensors, NSFW, worst quality, low quality, illustration, 3d, 2d, cartoon, painting, cartoons, sketch, open mouth, long neck, watermark, text, extra fingers, inverted nipple, busty, large breasts, ugly, disgusting, cloth"]},{"id":541,"type":"LoraControlNetImg2ImgeInpaint","pos":[-830,-350],"size":[315,474],"flags":{},"order":37,"mode":0,"inputs":[{"name":"face_image","type":"IMAGE","link":950,"label":"face_image"},{"name":"mask_image","type":"IMAGE","link":962,"label":"mask_image"},{"name":"pose_image","type":"IMAGE","link":952,"label":"pose_image"},{"name":"depth_image","type":"IMAGE","link":953,"label":"depth_image"},{"name":"canny_image","type":"IMAGE","link":954,"label":"canny_image"},{"name":"prompt","type":"STRING","link":955,"widget":{"name":"prompt"}},{"name":"n_prompt","type":"STRING","link":956,"widget":{"name":"n_prompt"}},{"name":"seed","type":"INT","link":958,"widget":{"name":"seed"},"slot_index":7}],"outputs":[{"name":"IMAGE","type":"IMAGE","links":[957,960],"shape":3,"label":"IMAGE","slot_index":0}],"properties":{"Node name for S&R":"LoraControlNetImg2ImgeInpaint"},"widgets_values":["train_lora/prod_lora/20240630/20240630110106_7ae92a0a347c491e9c13cda640a709a7/spmf_4906_r_2024063010/spmf_4906_r_2024063010.safetensors","","",35,6,1,237,"randomize",1,false,0.5,true,0.6000000000000001,true,0.7000000000000001]}],"links":[[661,450,0,386,0,"IMAGE"],[662,450,0,322,0,"*"],[672,331,0,457,0,"IMAGE"],[697,459,0,465,0,"IMAGE"],[716,470,0,477,0,"INT"],[717,470,1,477,1,"INT"],[718,477,0,478,0,"MASK"],[719,478,0,452,0,"*"],[720,452,0,461,0,"IMAGE"],[727,440,0,435,0,"IMAGE"],[728,386,0,440,1,"INT"],[729,386,1,440,2,"INT"],[747,450,0,470,0,"IMAGE"],[760,450,0,459,0,"*"],[768,452,0,485,0,"IMAGE"],[771,454,0,455,0,"*"],[772,455,0,485,1,"IMAGE"],[788,459,0,488,0,"IMAGE"],[790,488,0,440,0,"IMAGE"],[793,173,0,491,0,"IMAGE"],[795,386,0,493,1,"INT"],[796,386,1,493,2,"INT"],[798,493,0,492,0,"IMAGE"],[799,465,0,493,0,"IMAGE"],[800,461,0,492,1,"IMAGE"],[805,494,0,404,0,"*"],[806,494,0,408,0,"*"],[811,435,0,497,0,"*"],[812,497,0,438,0,"IMAGE"],[813,496,0,469,0,"IMAGE"],[814,465,0,496,0,"*"],[822,461,0,435,1,"IMAGE"],[827,173,0,450,0,"*"],[828,455,0,461,1,"IMAGE"],[840,454,0,432,0,"IMAGE"],[844,494,0,331,0,"MASK"],[845,432,0,494,0,"MASK"],[898,459,0,524,0,"IMAGE"],[900,524,0,527,0,"MASK"],[901,527,0,528,0,"IMAGE"],[905,408,0,533,0,"MASK"],[950,322,0,541,0,"IMAGE"],[952,497,0,541,2,"IMAGE"],[953,496,0,541,3,"IMAGE"],[954,497,0,541,4,"IMAGE"],[955,389,0,541,5,"STRING"],[956,529,0,541,6,"STRING"],[957,541,0,536,0,"IMAGE"],[958,542,0,541,7,"INT"],[960,541,0,543,0,"IMAGE"],[961,173,0,543,1,"IMAGE"],[962,533,0,541,1,"IMAGE"]],"groups":[{"title":"Group","bounding":[-1787,-1506,1290,878],"color":"#3f789e","font_size":24,"locked":false}],"config":{},"extra":{"ds":{"scale":0.4500000000000022,"offset":{"0":1502.5630425869701,"1":1247.6192057471787}},"groupNodes":{},"workspace_info":{"id":"yvv4YxMDvDpT0KxjLlY2x"}},"version":0.4}