{"last_node_id":512,"last_link_id":869,"nodes":[{"id":408,"type":"Reroute","pos":[-975,-705],"size":[75,26],"flags":{},"order":36,"mode":0,"inputs":[{"name":"","type":"*","link":806}],"outputs":[{"name":"MASK","type":"MASK","links":[628],"slot_index":0}],"properties":{"showOutputText":true,"horizontal":false}},{"id":404,"type":"Reroute","pos":[-819,-703],"size":[75,26],"flags":{},"order":35,"mode":0,"inputs":[{"name":"","type":"*","link":805}],"outputs":[{"name":"MASK","type":"MASK","links":[629],"slot_index":0}],"properties":{"showOutputText":true,"horizontal":false}},{"id":459,"type":"Reroute","pos":[-3195,-534],"size":[82,26],"flags":{},"order":16,"mode":0,"inputs":[{"name":"","type":"*","link":760}],"outputs":[{"name":"IMAGE","type":"IMAGE","links":[697,788],"slot_index":0}],"properties":{"showOutputText":true,"horizontal":false}},{"id":477,"type":"SolidMask","pos":[-2423,-1393],"size":{"0":315,"1":106},"flags":{},"order":17,"mode":0,"inputs":[{"name":"width","type":"INT","link":716,"widget":{"name":"width"},"label":"宽度"},{"name":"height","type":"INT","link":717,"widget":{"name":"height"},"label":"高度"}],"outputs":[{"name":"MASK","type":"MASK","links":[718],"shape":3,"label":"遮罩","slot_index":0}],"properties":{"Node name for S&R":"SolidMask"},"widgets_values":[1,512,512]},{"id":478,"type":"MaskToImage","pos":[-2020,-1391],"size":{"0":141.13909912109375,"1":26},"flags":{},"order":20,"mode":0,"inputs":[{"name":"mask","type":"MASK","link":718,"label":"遮罩","slot_index":0}],"outputs":[{"name":"IMAGE","type":"IMAGE","links":[719],"shape":3,"label":"图像","slot_index":0}],"properties":{"Node name for S&R":"MaskToImage"}},{"id":480,"type":"Image Comparer (rgthree)","pos":{"0":339,"1":-1450,"2":0,"3":0,"4":0,"5":0,"6":0,"7":0,"8":0,"9":0},"size":{"0":559.450927734375,"1":751.6806640625},"flags":{},"order":53,"mode":0,"inputs":[{"name":"image_a","type":"IMAGE","link":740,"label":"图像_A","dir":3},{"name":"image_b","type":"IMAGE","link":761,"label":"图像_B","dir":3}],"outputs":[],"properties":{"comparer_mode":"Slide"},"widgets_values":[["/view?filename=rgthree.compare._temp_gazdo_00021_.png&type=temp&subfolder=&rand=0.7761376644551643","/view?filename=rgthree.compare._temp_gazdo_00022_.png&type=temp&subfolder=&rand=0.3394120741363025"]]},{"id":386,"type":"GetImageSize+","pos":[-2230,-659],"size":{"0":210,"1":46},"flags":{},"order":13,"mode":0,"inputs":[{"name":"image","type":"IMAGE","link":661,"label":"图像"}],"outputs":[{"name":"width","type":"INT","links":[479,728,795],"shape":3,"label":"宽度","slot_index":0},{"name":"height","type":"INT","links":[480,729,796],"shape":3,"label":"高度","slot_index":1}],"properties":{"Node name for S&R":"GetImageSize+"}},{"id":488,"type":"AIO_Preprocessor","pos":[-3250,-397],"size":{"0":315,"1":82},"flags":{},"order":19,"mode":0,"inputs":[{"name":"image","type":"IMAGE","link":788,"label":"图像","slot_index":0}],"outputs":[{"name":"IMAGE","type":"IMAGE","links":[790],"shape":3,"label":"图像","slot_index":0}],"properties":{"Node name for S&R":"AIO_Preprocessor"},"widgets_values":["AnyLineArtPreprocessor_aux",1024]},{"id":399,"type":"CR Seed","pos":[251,-29],"size":{"0":315,"1":102},"flags":{},"order":0,"mode":0,"outputs":[{"name":"seed","type":"INT","links":[500],"shape":3,"label":"随机种","slot_index":0},{"name":"show_help","type":"STRING","links":null,"shape":3}],"properties":{"Node name for S&R":"CR Seed"},"widgets_values":[808758469120565,"randomize"]},{"id":465,"type":"AIO_Preprocessor","pos":[-3286,-190],"size":{"0":315,"1":82},"flags":{},"order":18,"mode":0,"inputs":[{"name":"image","type":"IMAGE","link":697,"label":"图像"}],"outputs":[{"name":"IMAGE","type":"IMAGE","links":[799],"shape":3,"label":"图像","slot_index":0}],"properties":{"Node name for S&R":"AIO_Preprocessor"},"widgets_values":["DepthAnythingV2Preprocessor",1024]},{"id":497,"type":"Reroute","pos":[-2169,-367],"size":[75,26],"flags":{},"order":30,"mode":0,"inputs":[{"name":"","type":"*","link":811}],"outputs":[{"name":"","type":"IMAGE","links":[812,815],"slot_index":0}],"properties":{"showOutputText":false,"horizontal":false}},{"id":446,"type":"CR Multi-ControlNet Stack","pos":[-2012,-363],"size":{"0":418.1999816894531,"1":454},"flags":{},"order":39,"mode":0,"inputs":[{"name":"image_1","type":"IMAGE","link":815,"label":"图像1"},{"name":"image_2","type":"IMAGE","link":855,"label":"图像2"},{"name":"image_3","type":"IMAGE","link":null,"label":"图像3"},{"name":"controlnet_stack","type":"CONTROL_NET_STACK","link":null,"label":"ControlNet堆"}],"outputs":[{"name":"CONTROLNET_STACK","type":"CONTROL_NET_STACK","links":[636],"shape":3,"label":"ControlNet堆"},{"name":"show_help","type":"STRING","links":null,"shape":3}],"properties":{"Node name for S&R":"CR Multi-ControlNet Stack"},"widgets_values":["On","mistoLine_rank256.safetensors",0.7000000000000001,0,1,"On","sai_xl_depth_256lora.safetensors",0.3,0,0.6,"Off","None",1,0,1]},{"id":354,"type":"Reroute","pos":[-293,-597],"size":[75,26],"flags":{},"order":43,"mode":0,"inputs":[{"name":"","type":"*","link":420}],"outputs":[{"name":"VAE","type":"VAE","links":[470,471,820],"slot_index":0}],"properties":{"showOutputText":true,"horizontal":false}},{"id":347,"type":"PreviewImage","pos":[-87,-1428],"size":{"0":264.53564453125,"1":317.27679443359375},"flags":{},"order":52,"mode":0,"inputs":[{"name":"images","type":"IMAGE","link":714,"label":"图像"}],"properties":{"Node name for S&R":"PreviewImage"}},{"id":491,"type":"PreviewImage","pos":[-2222,-2116],"size":{"0":385.9838562011719,"1":459.6251220703125},"flags":{},"order":9,"mode":0,"inputs":[{"name":"images","type":"IMAGE","link":793,"label":"图像"}],"properties":{"Node name for S&R":"PreviewImage"}},{"id":457,"type":"PreviewImage","pos":[-1773,-2115],"size":{"0":447.667236328125,"1":470.1690673828125},"flags":{},"order":40,"mode":0,"inputs":[{"name":"images","type":"IMAGE","link":672,"label":"图像"}],"properties":{"Node name for S&R":"PreviewImage"}},{"id":455,"type":"Reroute","pos":[-1768,-1284],"size":[82,26],"flags":{},"order":8,"mode":0,"inputs":[{"name":"","type":"*","link":837}],"outputs":[{"name":"IMAGE","type":"IMAGE","links":[772],"slot_index":0}],"properties":{"showOutputText":true,"horizontal":false}},{"id":452,"type":"Reroute","pos":[-1752,-1413],"size":[82,26],"flags":{},"order":23,"mode":0,"inputs":[{"name":"","type":"*","link":719}],"outputs":[{"name":"IMAGE","type":"IMAGE","links":[768,841],"slot_index":0}],"properties":{"showOutputText":true,"horizontal":false}},{"id":501,"type":"MaskToImage","pos":[-1889.130405894536,-785.1311338130262],"size":{"0":140,"1":37.08504104614258},"flags":{},"order":11,"mode":0,"inputs":[{"name":"mask","type":"MASK","link":838,"label":"遮罩"}],"outputs":[{"name":"IMAGE","type":"IMAGE","links":[842],"shape":3,"label":"图像","slot_index":0}],"properties":{"Node name for S&R":"MaskToImage"}},{"id":493,"type":"ImageResize+","pos":[-2995,-190],"size":{"0":315,"1":218},"flags":{"collapsed":true},"order":21,"mode":0,"inputs":[{"name":"image","type":"IMAGE","link":799,"label":"图像"},{"name":"width","type":"INT","link":795,"widget":{"name":"width"},"label":"宽度"},{"name":"height","type":"INT","link":796,"widget":{"name":"height"},"label":"高度"}],"outputs":[{"name":"IMAGE","type":"IMAGE","links":[845],"shape":3,"label":"图像","slot_index":0},{"name":"width","type":"INT","links":null,"shape":3,"label":"宽度"},{"name":"height","type":"INT","links":null,"shape":3,"label":"高度"}],"properties":{"Node name for S&R":"ImageResize+"},"widgets_values":[768,1024,"nearest",true,"always",0]},{"id":440,"type":"ImageResize+","pos":[-2823,-361],"size":{"0":315,"1":218},"flags":{"collapsed":true},"order":22,"mode":0,"inputs":[{"name":"image","type":"IMAGE","link":790,"label":"图像"},{"name":"width","type":"INT","link":728,"widget":{"name":"width"},"label":"宽度"},{"name":"height","type":"INT","link":729,"widget":{"name":"height"},"label":"高度"}],"outputs":[{"name":"IMAGE","type":"IMAGE","links":[851],"shape":3,"label":"图像","slot_index":0},{"name":"width","type":"INT","links":null,"shape":3,"label":"宽度"},{"name":"height","type":"INT","links":null,"shape":3,"label":"高度"}],"properties":{"Node name for S&R":"ImageResize+"},"widgets_values":[768,1024,"nearest",true,"always",0]},{"id":503,"type":"PreviewImage","pos":[-2239,-22],"size":{"0":210,"1":246},"flags":{},"order":31,"mode":0,"inputs":[{"name":"images","type":"IMAGE","link":853,"label":"图像"}],"properties":{"Node name for S&R":"PreviewImage"}},{"id":438,"type":"PreviewImage","pos":[-1267,-2071],"size":{"0":397.9082946777344,"1":481.5565185546875},"flags":{},"order":37,"mode":0,"inputs":[{"name":"images","type":"IMAGE","link":812,"label":"图像"}],"properties":{"Node name for S&R":"PreviewImage"}},{"id":461,"type":"ImageBlend","pos":[-2670,-782],"size":{"0":315,"1":102},"flags":{},"order":25,"mode":0,"inputs":[{"name":"image1","type":"IMAGE","link":841,"label":"图像1"},{"name":"image2","type":"IMAGE","link":842,"label":"图像2"}],"outputs":[{"name":"IMAGE","type":"IMAGE","links":[849,850],"shape":3,"label":"图像","slot_index":0}],"properties":{"Node name for S&R":"ImageBlend"},"widgets_values":[1,"difference"]},{"id":469,"type":"PreviewImage","pos":[-834,-2114],"size":{"0":369.76416015625,"1":456.48443603515625},"flags":{},"order":38,"mode":0,"inputs":[{"name":"images","type":"IMAGE","link":813,"label":"图像"}],"properties":{"Node name for S&R":"PreviewImage"}},{"id":496,"type":"Reroute","pos":[-2189,-226],"size":[75,26],"flags":{},"order":33,"mode":0,"inputs":[{"name":"","type":"*","link":856}],"outputs":[{"name":"","type":"IMAGE","links":[813,855],"slot_index":0}],"properties":{"showOutputText":false,"horizontal":false}},{"id":475,"type":"ImageCASharpening+","pos":[-443,-986],"size":{"0":315,"1":58},"flags":{},"order":46,"mode":0,"inputs":[{"name":"image","type":"IMAGE","link":711,"label":"图像"}],"outputs":[{"name":"IMAGE","type":"IMAGE","links":[712],"shape":3,"label":"图像","slot_index":0}],"properties":{"Node name for S&R":"ImageCASharpening+"},"widgets_values":[0.6]},{"id":203,"type":"PreviewImage","pos":[-408,-1420],"size":{"0":269.5607604980469,"1":309.8775939941406},"flags":{},"order":48,"mode":0,"inputs":[{"name":"images","type":"IMAGE","link":712,"label":"图像"}],"properties":{"Node name for S&R":"PreviewImage"}},{"id":506,"type":"List of strings [Crystools]","pos":[-970,200],"size":{"0":320,"1":270},"flags":{},"order":12,"mode":0,"inputs":[{"name":"string_1","type":"STRING","link":859,"widget":{"name":"string_1"},"label":"字符串_1","slot_index":0},{"name":"string_2","type":"STRING","link":860,"widget":{"name":"string_2"},"label":"字符串_2"},{"name":"string_3","type":"STRING","link":861,"widget":{"name":"string_3"},"label":"字符串_3"}],"outputs":[{"name":"concatenated","type":"STRING","links":[862],"shape":3,"label":"字符串合并","slot_index":0},{"name":"list_string","type":"ListString","links":null,"shape":6,"label":"字符串列表"}],"properties":{"Node name for S&R":"List of strings [Crystools]"},"widgets_values":["","","","","","","","",","]},{"id":507,"type":"Primitive string multiline [Crystools]","pos":[-1460,290],"size":{"0":360,"1":90},"flags":{},"order":1,"mode":0,"outputs":[{"name":"string","type":"STRING","links":[859],"shape":3,"label":"字符串"}],"properties":{"Node name for S&R":"Primitive string multiline [Crystools]"},"widgets_values":["a female"]},{"id":350,"type":"Efficient Loader","pos":[-1030,-360],"size":{"0":430,"1":430},"flags":{},"order":41,"mode":0,"inputs":[{"name":"lora_stack","type":"LORA_STACK","link":864,"label":"LoRA堆","slot_index":0},{"name":"cnet_stack","type":"CONTROL_NET_STACK","link":636,"label":"ControlNet堆","slot_index":1},{"name":"empty_latent_width","type":"INT","link":479,"widget":{"name":"empty_latent_width"},"label":"宽度"},{"name":"empty_latent_height","type":"INT","link":480,"widget":{"name":"empty_latent_height"},"label":"高度"},{"name":"positive","type":"STRING","link":862,"widget":{"name":"positive"},"label":"正面条件","slot_index":4}],"outputs":[{"name":"MODEL","type":"MODEL","links":[773],"shape":3,"label":"模型","slot_index":0},{"name":"CONDITIONING+","type":"CONDITIONING","links":[640],"shape":3,"label":"正面条件","slot_index":1},{"name":"CONDITIONING-","type":"CONDITIONING","links":[688],"shape":3,"label":"负面条件","slot_index":2},{"name":"LATENT","type":"LATENT","links":null,"shape":3,"label":"Latent","slot_index":3},{"name":"VAE","type":"VAE","links":[414,420],"shape":3,"label":"VAE","slot_index":4},{"name":"CLIP","type":"CLIP","links":[],"shape":3,"label":"CLIP","slot_index":5},{"name":"DEPENDENCIES","type":"DEPENDENCIES","links":[],"shape":3,"label":"依赖","slot_index":6}],"properties":{"Node name for S&R":"Efficient Loader"},"widgets_values":["sdxl/dreamshaperXL_v21TurboDPMSDE.safetensors","Baked VAE",-1,"None",1,1,"a female,vividly,skin_texture,Vivid,light and shadow of details, beautiful face,headshot,,best quality,highres,bright,Ultra clear details","embedding:negativeXL_D.safetensors, NSFW, worst quality, low quality, illustration, 3d, 2d, cartoon, painting, cartoons, sketch, open mouth, long neck, watermark, text, extra fingers, inverted nipple, busty, large breasts, ugly, disgusting, cloth","none","comfy",512,512,1],"color":"#332233","bgcolor":"#553355","shape":1},{"id":509,"type":"Primitive string multiline [Crystools]","pos":[-1480,620],"size":{"0":380,"1":180},"flags":{},"order":2,"mode":0,"outputs":[{"name":"string","type":"STRING","links":[861],"shape":3,"label":"字符串","slot_index":0}],"properties":{"Node name for S&R":"Primitive string multiline [Crystools]"},"widgets_values":["flawless,clean,masterpiece,professional artwork,famous artwork,,best quantity,"]},{"id":499,"type":"VAEEncode","pos":[300,-260],"size":{"0":210,"1":46},"flags":{"collapsed":false},"order":47,"mode":0,"inputs":[{"name":"pixels","type":"IMAGE","link":819,"label":"图像"},{"name":"vae","type":"VAE","link":820,"label":"VAE"}],"outputs":[{"name":"LATENT","type":"LATENT","links":[825],"shape":3,"label":"Latent","slot_index":0}],"properties":{"Node name for S&R":"VAEEncode"}},{"id":322,"type":"Reroute","pos":[-641,-711],"size":[82,26],"flags":{},"order":14,"mode":0,"inputs":[{"name":"","type":"*","link":662}],"outputs":[{"name":"IMAGE","type":"IMAGE","links":[868],"slot_index":0}],"properties":{"showOutputText":true,"horizontal":false}},{"id":435,"type":"ImageCompositedMaskedWeight","pos":[-2590,-380],"size":{"0":315,"1":78},"flags":{},"order":27,"mode":0,"inputs":[{"name":"source","type":"IMAGE","link":851,"label":"source"},{"name":"mask","type":"IMAGE","link":849,"label":"mask","slot_index":1}],"outputs":[{"name":"IMAGE","type":"IMAGE","links":[811,853],"shape":3,"label":"IMAGE","slot_index":0}],"properties":{"Node name for S&R":"ImageCompositedMaskedWeight"},"widgets_values":[0]},{"id":492,"type":"ImageCompositedMaskedWeight","pos":[-2600,-190],"size":{"0":315,"1":78},"flags":{},"order":28,"mode":0,"inputs":[{"name":"source","type":"IMAGE","link":845,"label":"source"},{"name":"mask","type":"IMAGE","link":850,"label":"mask"}],"outputs":[{"name":"IMAGE","type":"IMAGE","links":[852,856],"shape":3,"label":"IMAGE","slot_index":0}],"properties":{"Node name for S&R":"ImageCompositedMaskedWeight"},"widgets_values":[11.8]},{"id":502,"type":"PreviewImage","pos":[-2460,-10],"size":{"0":210,"1":246},"flags":{},"order":32,"mode":0,"inputs":[{"name":"images","type":"IMAGE","link":852,"label":"图像"}],"properties":{"Node name for S&R":"PreviewImage"}},{"id":454,"type":"LoadImage","pos":[-1420,-1410],"size":{"0":315,"1":314},"flags":{},"order":3,"mode":0,"outputs":[{"name":"IMAGE","type":"IMAGE","links":[837],"shape":3,"label":"图像","slot_index":0},{"name":"MASK","type":"MASK","links":[],"shape":3,"label":"遮罩","slot_index":1}],"properties":{"Node name for S&R":"LoadImage"},"widgets_values":["9451720490448_.pic.jpg","image"]},{"id":173,"type":"LoadImage","pos":[-1060,-1410],"size":{"0":315,"1":314},"flags":{},"order":4,"mode":0,"outputs":[{"name":"IMAGE","type":"IMAGE","links":[740,793,827],"shape":3,"label":"图像","slot_index":0},{"name":"MASK","type":"MASK","links":[838],"shape":3,"label":"遮罩","slot_index":1}],"properties":{"Node name for S&R":"LoadImage"},"widgets_values":["9441720490448_.pic.jpg","image"]},{"id":432,"type":"ImageToMask","pos":[-1790,-870],"size":{"0":315,"1":58},"flags":{},"order":26,"mode":0,"inputs":[{"name":"image","type":"IMAGE","link":770,"label":"图像"}],"outputs":[{"name":"MASK","type":"MASK","links":[818],"shape":3,"label":"遮罩","slot_index":0}],"properties":{"Node name for S&R":"ImageToMask"},"widgets_values":["red"]},{"id":485,"type":"ImageCompositedMaskedWeight","pos":[-2440,-1130],"size":{"0":315,"1":78},"flags":{},"order":24,"mode":0,"inputs":[{"name":"source","type":"IMAGE","link":768,"label":"source"},{"name":"mask","type":"IMAGE","link":772,"label":"mask"}],"outputs":[{"name":"IMAGE","type":"IMAGE","links":[770],"shape":3,"label":"IMAGE","slot_index":0}],"properties":{"Node name for S&R":"ImageCompositedMaskedWeight"},"widgets_values":[0]},{"id":470,"type":"GetImageSize+","pos":[-1760,-970],"size":{"0":210,"1":46},"flags":{},"order":15,"mode":0,"inputs":[{"name":"image","type":"IMAGE","link":747,"label":"图像"}],"outputs":[{"name":"width","type":"INT","links":[716],"shape":3,"label":"宽度","slot_index":0},{"name":"height","type":"INT","links":[717],"shape":3,"label":"高度","slot_index":1}],"properties":{"Node name for S&R":"GetImageSize+"}},{"id":494,"type":"GrowMaskWithBlur","pos":[-1430,-900],"size":{"0":315,"1":246},"flags":{},"order":29,"mode":0,"inputs":[{"name":"mask","type":"MASK","link":818,"label":"遮罩"}],"outputs":[{"name":"mask","type":"MASK","links":[803,805,806],"shape":3,"label":"遮罩","slot_index":0},{"name":"mask_inverted","type":"MASK","links":[],"shape":3,"label":"反转遮罩","slot_index":1}],"properties":{"Node name for S&R":"GrowMaskWithBlur"},"widgets_values":[5,3,true,false,3,0.5,0.5,false]},{"id":331,"type":"MaskToImage","pos":[-1110,-1040],"size":{"0":140,"1":26},"flags":{},"order":34,"mode":0,"inputs":[{"name":"mask","type":"MASK","link":803,"label":"遮罩"}],"outputs":[{"name":"IMAGE","type":"IMAGE","links":[672],"shape":3,"label":"图像","slot_index":0}],"properties":{"Node name for S&R":"MaskToImage"}},{"id":304,"type":"VAEEncode","pos":[-470,-270],"size":{"0":210,"1":46},"flags":{"collapsed":false},"order":42,"mode":0,"inputs":[{"name":"pixels","type":"IMAGE","link":868,"label":"图像"},{"name":"vae","type":"VAE","link":414,"label":"VAE"}],"outputs":[{"name":"LATENT","type":"LATENT","links":[299],"shape":3,"label":"Latent","slot_index":0}],"properties":{"Node name for S&R":"VAEEncode"}},{"id":398,"type":"CR Seed","pos":[-530,-30],"size":{"0":315,"1":102},"flags":{},"order":5,"mode":0,"outputs":[{"name":"seed","type":"INT","links":[499],"shape":3,"label":"随机种","slot_index":0},{"name":"show_help","type":"STRING","links":null,"shape":3}],"properties":{"Node name for S&R":"CR Seed"},"widgets_values":[701936957988034,"randomize"]},{"id":348,"type":"SetLatentNoiseMask","pos":[310,-150],"size":{"0":210,"1":46},"flags":{},"order":49,"mode":0,"inputs":[{"name":"samples","type":"LATENT","link":825,"label":"Latent","slot_index":0},{"name":"mask","type":"MASK","link":629,"label":"遮罩"}],"outputs":[{"name":"LATENT","type":"LATENT","links":[411],"shape":3,"label":"Latent","slot_index":0}],"properties":{"Node name for S&R":"SetLatentNoiseMask"}},{"id":511,"type":"CR LoRA Stack","pos":[-1490,-250],"size":{"0":315,"1":342},"flags":{},"order":6,"mode":0,"inputs":[{"name":"lora_stack","type":"LORA_STACK","link":null,"label":"LoRA堆"}],"outputs":[{"name":"LORA_STACK","type":"LORA_STACK","links":[864],"shape":3},{"name":"show_help","type":"STRING","links":null,"shape":3}],"properties":{"Node name for S&R":"CR LoRA Stack"},"widgets_values":["On","train_lora/prod_lora/20240707/20240707131949_9460c2bad0ec4bc582f8c5042d4d3056/spmf_4_r_2024070713/spmf_4_r_2024070713.safetensors",1,1,"On","sdxl/AnalogRedmondV2-Analog-AnalogRedmAF.safetensors",0.6,1,"Off","None",1,1]},{"id":450,"type":"Reroute","pos":[-1750,-1170],"size":[82,26],"flags":{},"order":10,"mode":0,"inputs":[{"name":"","type":"*","link":827}],"outputs":[{"name":"IMAGE","type":"IMAGE","links":[661,662,747,760],"slot_index":0}],"properties":{"showOutputText":true,"horizontal":false}},{"id":353,"type":"KSampler (Efficient)","pos":[640,-360],"size":{"0":325,"1":562},"flags":{},"order":50,"mode":0,"inputs":[{"name":"model","type":"MODEL","link":408,"label":"模型"},{"name":"positive","type":"CONDITIONING","link":409,"label":"正面条件"},{"name":"negative","type":"CONDITIONING","link":410,"label":"负面条件"},{"name":"latent_image","type":"LATENT","link":411,"label":"Latent"},{"name":"optional_vae","type":"VAE","link":471,"label":"VAE(可选)"},{"name":"script","type":"SCRIPT","link":null,"label":"脚本","slot_index":5},{"name":"seed","type":"INT","link":500,"widget":{"name":"seed"},"label":"随机种"}],"outputs":[{"name":"MODEL","type":"MODEL","links":[],"shape":3,"label":"模型","slot_index":0},{"name":"CONDITIONING+","type":"CONDITIONING","links":[],"shape":3,"label":"正面条件","slot_index":1},{"name":"CONDITIONING-","type":"CONDITIONING","links":[],"shape":3,"label":"负面条件","slot_index":2},{"name":"LATENT","type":"LATENT","links":[],"shape":3,"label":"Latent","slot_index":3},{"name":"VAE","type":"VAE","links":[],"shape":3,"label":"VAE","slot_index":4},{"name":"IMAGE","type":"IMAGE","links":[713],"shape":3,"label":"图像","slot_index":5}],"properties":{"Node name for S&R":"KSampler (Efficient)"},"widgets_values":[964770256625796,null,7,2,"dpmpp_sde","karras",0.7000000000000001,"auto","true (tiled)"],"color":"#223333","bgcolor":"#335555","shape":1},{"id":352,"type":"KSampler (Efficient)","pos":[-140,-360],"size":{"0":325,"1":562},"flags":{},"order":45,"mode":0,"inputs":[{"name":"model","type":"MODEL","link":773,"label":"模型"},{"name":"positive","type":"CONDITIONING","link":640,"label":"正面条件"},{"name":"negative","type":"CONDITIONING","link":688,"label":"负面条件"},{"name":"latent_image","type":"LATENT","link":869,"label":"Latent"},{"name":"optional_vae","type":"VAE","link":470,"label":"VAE(可选)"},{"name":"script","type":"SCRIPT","link":null,"label":"脚本","slot_index":5},{"name":"seed","type":"INT","link":499,"widget":{"name":"seed"},"label":"随机种"}],"outputs":[{"name":"MODEL","type":"MODEL","links":[408],"shape":3,"label":"模型","slot_index":0},{"name":"CONDITIONING+","type":"CONDITIONING","links":[409],"shape":3,"label":"正面条件","slot_index":1},{"name":"CONDITIONING-","type":"CONDITIONING","links":[410],"shape":3,"label":"负面条件","slot_index":2},{"name":"LATENT","type":"LATENT","links":[],"shape":3,"label":"Latent","slot_index":3},{"name":"VAE","type":"VAE","links":[],"shape":3,"label":"VAE","slot_index":4},{"name":"IMAGE","type":"IMAGE","links":[711,819],"shape":3,"label":"图像","slot_index":5}],"properties":{"Node name for S&R":"KSampler (Efficient)"},"widgets_values":[497468928811579,null,7,2,"dpmpp_sde_gpu","karras",0.7000000000000001,"auto","true (tiled)"],"color":"#223333","bgcolor":"#335555","shape":1},{"id":303,"type":"SetLatentNoiseMask","pos":[-470,-150],"size":{"0":210,"1":46},"flags":{},"order":44,"mode":0,"inputs":[{"name":"samples","type":"LATENT","link":299,"label":"Latent","slot_index":0},{"name":"mask","type":"MASK","link":628,"label":"遮罩"}],"outputs":[{"name":"LATENT","type":"LATENT","links":[869],"shape":3,"label":"Latent","slot_index":0}],"properties":{"Node name for S&R":"SetLatentNoiseMask"}},{"id":476,"type":"ImageCASharpening+","pos":[-80,-980],"size":{"0":315,"1":58},"flags":{},"order":51,"mode":0,"inputs":[{"name":"image","type":"IMAGE","link":713,"label":"图像"}],"outputs":[{"name":"IMAGE","type":"IMAGE","links":[714,761],"shape":3,"label":"图像","slot_index":0}],"properties":{"Node name for S&R":"ImageCASharpening+"},"widgets_values":[0.6]},{"id":508,"type":"Primitive string multiline [Crystools]","pos":[-1480,430],"size":{"0":380,"1":140},"flags":{},"order":7,"mode":0,"outputs":[{"name":"string","type":"STRING","links":[860],"shape":3,"label":"字符串","slot_index":0}],"properties":{"Node name for S&R":"Primitive string multiline [Crystools]"},"widgets_values":["embedding:skindetailpxl.safetensors,embedding:OverallDetailXL.safetensors, (neked:1.2),(without any cloth:1.5),(without cloth:1.2),(smooth skin:1.2),detailed skin,perfect eyes,detail Face,highly detailed face and skin texture,ultra-realistic skin details"]}],"links":[[299,304,0,303,0,"LATENT"],[408,352,0,353,0,"MODEL"],[409,352,1,353,1,"CONDITIONING"],[410,352,2,353,2,"CONDITIONING"],[411,348,0,353,3,"LATENT"],[414,350,4,304,1,"VAE"],[420,350,4,354,0,"*"],[470,354,0,352,4,"VAE"],[471,354,0,353,4,"VAE"],[479,386,0,350,2,"INT"],[480,386,1,350,3,"INT"],[499,398,0,352,6,"INT"],[500,399,0,353,6,"INT"],[628,408,0,303,1,"MASK"],[629,404,0,348,1,"MASK"],[636,446,0,350,1,"CONTROL_NET_STACK"],[640,350,1,352,1,"CONDITIONING"],[661,450,0,386,0,"IMAGE"],[662,450,0,322,0,"*"],[672,331,0,457,0,"IMAGE"],[688,350,2,352,2,"CONDITIONING"],[697,459,0,465,0,"IMAGE"],[711,352,5,475,0,"IMAGE"],[712,475,0,203,0,"IMAGE"],[713,353,5,476,0,"IMAGE"],[714,476,0,347,0,"IMAGE"],[716,470,0,477,0,"INT"],[717,470,1,477,1,"INT"],[718,477,0,478,0,"MASK"],[719,478,0,452,0,"*"],[728,386,0,440,1,"INT"],[729,386,1,440,2,"INT"],[740,173,0,480,0,"IMAGE"],[747,450,0,470,0,"IMAGE"],[760,450,0,459,0,"*"],[761,476,0,480,1,"IMAGE"],[768,452,0,485,0,"IMAGE"],[770,485,0,432,0,"IMAGE"],[772,455,0,485,1,"IMAGE"],[773,350,0,352,0,"MODEL"],[788,459,0,488,0,"IMAGE"],[790,488,0,440,0,"IMAGE"],[793,173,0,491,0,"IMAGE"],[795,386,0,493,1,"INT"],[796,386,1,493,2,"INT"],[799,465,0,493,0,"IMAGE"],[803,494,0,331,0,"MASK"],[805,494,0,404,0,"*"],[806,494,0,408,0,"*"],[811,435,0,497,0,"*"],[812,497,0,438,0,"IMAGE"],[813,496,0,469,0,"IMAGE"],[815,497,0,446,0,"IMAGE"],[818,432,0,494,0,"MASK"],[819,352,5,499,0,"IMAGE"],[820,354,0,499,1,"VAE"],[825,499,0,348,0,"LATENT"],[827,173,0,450,0,"*"],[837,454,0,455,0,"*"],[838,173,1,501,0,"MASK"],[841,452,0,461,0,"IMAGE"],[842,501,0,461,1,"IMAGE"],[845,493,0,492,0,"IMAGE"],[849,461,0,435,1,"IMAGE"],[850,461,0,492,1,"IMAGE"],[851,440,0,435,0,"IMAGE"],[852,492,0,502,0,"IMAGE"],[853,435,0,503,0,"IMAGE"],[855,496,0,446,1,"IMAGE"],[856,492,0,496,0,"*"],[859,507,0,506,0,"STRING"],[860,508,0,506,1,"STRING"],[861,509,0,506,2,"STRING"],[862,506,0,350,4,"STRING"],[864,511,0,350,0,"LORA_STACK"],[868,322,0,304,0,"IMAGE"],[869,303,0,352,3,"LATENT"]],"groups":[{"title":"Group","bounding":[-1787,-1506,1290,878],"color":"#3f789e","font_size":24,"locked":false}],"config":{},"extra":{"ds":{"scale":1.0610764609500076,"offset":{"0":1818.6333007742933,"1":13.991703001946366}},"groupNodes":{},"workspace_info":{"id":"DQ_nH12LFhIqYuMcBLiBL","saveLock":false,"cloudID":null,"coverMediaPath":null}},"version":0.4}