{"last_node_id":519,"last_link_id":918,"nodes":[{"id":404,"type":"Reroute","pos":[-819,-703],"size":[75,26],"flags":{},"order":34,"mode":0,"inputs":[{"name":"","type":"*","link":805,"label":""}],"outputs":[{"name":"MASK","type":"MASK","links":[],"slot_index":0,"label":"MASK"}],"properties":{"showOutputText":true,"horizontal":false}},{"id":459,"type":"Reroute","pos":[-3195,-534],"size":[82,26],"flags":{},"order":14,"mode":0,"inputs":[{"name":"","type":"*","link":760,"label":""}],"outputs":[{"name":"IMAGE","type":"IMAGE","links":[697,788],"slot_index":0,"label":"IMAGE"}],"properties":{"showOutputText":true,"horizontal":false}},{"id":478,"type":"MaskToImage","pos":[-2020,-1391],"size":{"0":176.39999389648438,"1":26},"flags":{},"order":21,"mode":0,"inputs":[{"name":"mask","type":"MASK","link":718,"label":"遮罩","slot_index":0}],"outputs":[{"name":"IMAGE","type":"IMAGE","links":[719],"shape":3,"label":"图像","slot_index":0}],"properties":{"Node name for S&R":"MaskToImage"}},{"id":480,"type":"Image Comparer (rgthree)","pos":{"0":339,"1":-1450,"2":0,"3":0,"4":0,"5":0,"6":0,"7":0,"8":0,"9":0},"size":{"0":559.450927734375,"1":751.6806640625},"flags":{},"order":50,"mode":0,"inputs":[{"name":"image_a","type":"IMAGE","link":740,"label":"图像_A","dir":3},{"name":"image_b","type":"IMAGE","link":761,"label":"图像_B","dir":3}],"outputs":[],"properties":{"comparer_mode":"Slide"},"widgets_values":[["/view?filename=rgthree.compare._temp_sdmfl_00147_.png&type=temp&subfolder=&rand=0.9047875861801595","/view?filename=rgthree.compare._temp_sdmfl_00148_.png&type=temp&subfolder=&rand=0.448871068350297"]]},{"id":386,"type":"GetImageSize+","pos":[-2230,-659],"size":{"0":210,"1":46},"flags":{},"order":12,"mode":0,"inputs":[{"name":"image","type":"IMAGE","link":661,"label":"图像"}],"outputs":[{"name":"width","type":"INT","links":[479,728,795],"shape":3,"label":"宽度","slot_index":0},{"name":"height","type":"INT","links":[480,729,796],"shape":3,"label":"高度","slot_index":1}],"properties":{"Node name for S&R":"GetImageSize+"}},{"id":398,"type":"CR Seed","pos":[-524,-1],"size":{"0":315,"1":102},"flags":{},"order":0,"mode":0,"outputs":[{"name":"seed","type":"INT","links":[499],"shape":3,"label":"随机种","slot_index":0},{"name":"show_help","type":"STRING","links":null,"shape":3,"label":"show_help"}],"properties":{"Node name for S&R":"CR Seed"},"widgets_values":[407682559391739,"randomize"]},{"id":488,"type":"AIO_Preprocessor","pos":[-3250,-397],"size":{"0":315,"1":82},"flags":{},"order":17,"mode":0,"inputs":[{"name":"image","type":"IMAGE","link":788,"label":"图像","slot_index":0}],"outputs":[{"name":"IMAGE","type":"IMAGE","links":[790],"shape":3,"label":"图像","slot_index":0}],"properties":{"Node name for S&R":"AIO_Preprocessor"},"widgets_values":["AnyLineArtPreprocessor_aux",1024]},{"id":465,"type":"AIO_Preprocessor","pos":[-3286,-190],"size":{"0":315,"1":82},"flags":{},"order":16,"mode":0,"inputs":[{"name":"image","type":"IMAGE","link":697,"label":"图像"}],"outputs":[{"name":"IMAGE","type":"IMAGE","links":[799],"shape":3,"label":"图像","slot_index":0}],"properties":{"Node name for S&R":"AIO_Preprocessor"},"widgets_values":["DepthAnythingV2Preprocessor",1024]},{"id":497,"type":"Reroute","pos":[-2169,-367],"size":[75,26],"flags":{},"order":29,"mode":0,"inputs":[{"name":"","type":"*","link":811,"label":""}],"outputs":[{"name":"","type":"IMAGE","links":[812,815],"slot_index":0,"label":""}],"properties":{"showOutputText":false,"horizontal":false}},{"id":432,"type":"ImageToMask","pos":[-1773,-849],"size":{"0":315,"1":58},"flags":{},"order":25,"mode":0,"inputs":[{"name":"image","type":"IMAGE","link":770,"label":"图像"}],"outputs":[{"name":"MASK","type":"MASK","links":[818],"shape":3,"label":"遮罩","slot_index":0}],"properties":{"Node name for S&R":"ImageToMask"},"widgets_values":["red"]},{"id":446,"type":"CR Multi-ControlNet Stack","pos":[-2012,-363],"size":{"0":418.1999816894531,"1":454},"flags":{},"order":38,"mode":0,"inputs":[{"name":"image_1","type":"IMAGE","link":815,"label":"图像1"},{"name":"image_2","type":"IMAGE","link":855,"label":"图像2"},{"name":"image_3","type":"IMAGE","link":null,"label":"图像3"},{"name":"controlnet_stack","type":"CONTROL_NET_STACK","link":null,"label":"ControlNet堆"}],"outputs":[{"name":"CONTROLNET_STACK","type":"CONTROL_NET_STACK","links":[636],"shape":3,"label":"ControlNet堆"},{"name":"show_help","type":"STRING","links":null,"shape":3,"label":"show_help"}],"properties":{"Node name for S&R":"CR Multi-ControlNet Stack"},"widgets_values":["On","mistoLine_rank256.safetensors",0.7000000000000001,0,1,"On","sai_xl_depth_256lora.safetensors",0.3,0,0.6,"Off","None",1,0,1]},{"id":491,"type":"PreviewImage","pos":[-2222,-2116],"size":{"0":385.9838562011719,"1":459.6251220703125},"flags":{},"order":6,"mode":0,"inputs":[{"name":"images","type":"IMAGE","link":793,"label":"图像"}],"properties":{"Node name for S&R":"PreviewImage"}},{"id":457,"type":"PreviewImage","pos":[-1773,-2115],"size":{"0":447.667236328125,"1":470.1690673828125},"flags":{},"order":39,"mode":0,"inputs":[{"name":"images","type":"IMAGE","link":672,"label":"图像"}],"properties":{"Node name for S&R":"PreviewImage"}},{"id":494,"type":"GrowMaskWithBlur","pos":[-1434,-904],"size":{"0":315,"1":246},"flags":{},"order":28,"mode":0,"inputs":[{"name":"mask","type":"MASK","link":818,"label":"遮罩"}],"outputs":[{"name":"mask","type":"MASK","links":[803,805,806],"shape":3,"label":"遮罩","slot_index":0},{"name":"mask_inverted","type":"MASK","links":[],"shape":3,"label":"反转遮罩","slot_index":1}],"properties":{"Node name for S&R":"GrowMaskWithBlur"},"widgets_values":[5,3,true,false,3,0.5,0.5,false]},{"id":331,"type":"MaskToImage","pos":[-1108,-1039],"size":{"0":176.39999389648438,"1":26},"flags":{},"order":33,"mode":0,"inputs":[{"name":"mask","type":"MASK","link":803,"label":"遮罩"}],"outputs":[{"name":"IMAGE","type":"IMAGE","links":[672],"shape":3,"label":"图像","slot_index":0}],"properties":{"Node name for S&R":"MaskToImage"}},{"id":452,"type":"Reroute","pos":[-1752,-1413],"size":[82,26],"flags":{},"order":22,"mode":0,"inputs":[{"name":"","type":"*","link":719,"label":""}],"outputs":[{"name":"IMAGE","type":"IMAGE","links":[768,841],"slot_index":0,"label":"IMAGE"}],"properties":{"showOutputText":true,"horizontal":false}},{"id":493,"type":"ImageResize+","pos":[-2995,-190],"size":{"0":315,"1":218},"flags":{"collapsed":true},"order":19,"mode":0,"inputs":[{"name":"image","type":"IMAGE","link":799,"label":"图像"},{"name":"width","type":"INT","link":795,"widget":{"name":"width"},"label":"宽度"},{"name":"height","type":"INT","link":796,"widget":{"name":"height"},"label":"高度"}],"outputs":[{"name":"IMAGE","type":"IMAGE","links":[845],"shape":3,"label":"图像","slot_index":0},{"name":"width","type":"INT","links":null,"shape":3,"label":"宽度"},{"name":"height","type":"INT","links":null,"shape":3,"label":"高度"}],"properties":{"Node name for S&R":"ImageResize+"},"widgets_values":[768,1024,"nearest",true,"always",0]},{"id":440,"type":"ImageResize+","pos":[-2823,-361],"size":{"0":315,"1":218},"flags":{"collapsed":true},"order":20,"mode":0,"inputs":[{"name":"image","type":"IMAGE","link":790,"label":"图像"},{"name":"width","type":"INT","link":728,"widget":{"name":"width"},"label":"宽度"},{"name":"height","type":"INT","link":729,"widget":{"name":"height"},"label":"高度"}],"outputs":[{"name":"IMAGE","type":"IMAGE","links":[851],"shape":3,"label":"图像","slot_index":0},{"name":"width","type":"INT","links":null,"shape":3,"label":"宽度"},{"name":"height","type":"INT","links":null,"shape":3,"label":"高度"}],"properties":{"Node name for S&R":"ImageResize+"},"widgets_values":[768,1024,"nearest",true,"always",0]},{"id":502,"type":"PreviewImage","pos":[-2463,-13],"size":{"0":210,"1":246},"flags":{},"order":31,"mode":0,"inputs":[{"name":"images","type":"IMAGE","link":852,"label":"图像"}],"properties":{"Node name for S&R":"PreviewImage"}},{"id":438,"type":"PreviewImage","pos":[-1267,-2071],"size":{"0":397.9082946777344,"1":481.5565185546875},"flags":{},"order":36,"mode":0,"inputs":[{"name":"images","type":"IMAGE","link":812,"label":"图像"}],"properties":{"Node name for S&R":"PreviewImage"}},{"id":469,"type":"PreviewImage","pos":[-834,-2114],"size":{"0":369.76416015625,"1":456.48443603515625},"flags":{},"order":37,"mode":0,"inputs":[{"name":"images","type":"IMAGE","link":813,"label":"图像"}],"properties":{"Node name for S&R":"PreviewImage"}},{"id":496,"type":"Reroute","pos":[-2189,-226],"size":[75,26],"flags":{},"order":32,"mode":0,"inputs":[{"name":"","type":"*","link":856,"label":""}],"outputs":[{"name":"","type":"IMAGE","links":[813,855],"slot_index":0,"label":""}],"properties":{"showOutputText":false,"horizontal":false}},{"id":476,"type":"ImageCASharpening+","pos":[-70,-992],"size":{"0":315,"1":58},"flags":{},"order":47,"mode":0,"inputs":[{"name":"image","type":"IMAGE","link":713,"label":"图像"}],"outputs":[{"name":"IMAGE","type":"IMAGE","links":[714,761],"shape":3,"label":"图像","slot_index":0}],"properties":{"Node name for S&R":"ImageCASharpening+"},"widgets_values":[0.6]},{"id":503,"type":"PreviewImage","pos":[-2217,-18],"size":{"0":210,"1":246},"flags":{},"order":30,"mode":0,"inputs":[{"name":"images","type":"IMAGE","link":853,"label":"图像"}],"properties":{"Node name for S&R":"PreviewImage"}},{"id":501,"type":"MaskToImage","pos":[-2070,-807],"size":{"0":176.39999389648438,"1":37.08504104614258},"flags":{},"order":8,"mode":0,"inputs":[{"name":"mask","type":"MASK","link":838,"label":"遮罩"}],"outputs":[{"name":"IMAGE","type":"IMAGE","links":[842],"shape":3,"label":"图像","slot_index":0}],"properties":{"Node name for S&R":"MaskToImage"}},{"id":455,"type":"Reroute","pos":[-1768,-1284],"size":[82,26],"flags":{},"order":10,"mode":0,"inputs":[{"name":"","type":"*","link":897,"label":""}],"outputs":[{"name":"IMAGE","type":"IMAGE","links":[772],"slot_index":0,"label":"IMAGE"}],"properties":{"showOutputText":true,"horizontal":false}},{"id":510,"type":"MaskToImage","pos":[-1346,-1101],"size":{"0":210,"1":26},"flags":{},"order":9,"mode":0,"inputs":[{"name":"mask","type":"MASK","link":881,"label":"遮罩"}],"outputs":[{"name":"IMAGE","type":"IMAGE","links":[],"shape":3,"label":"图像","slot_index":0}],"properties":{"Node name for S&R":"MaskToImage"}},{"id":408,"type":"Reroute","pos":[-975,-705],"size":[75,26],"flags":{},"order":35,"mode":0,"inputs":[{"name":"","type":"*","link":806,"label":""}],"outputs":[{"name":"MASK","type":"MASK","links":[628],"slot_index":0,"label":"MASK"}],"properties":{"showOutputText":true,"horizontal":false}},{"id":354,"type":"Reroute","pos":[-397,-481],"size":[75,26],"flags":{},"order":42,"mode":0,"inputs":[{"name":"","type":"*","link":420,"label":""}],"outputs":[{"name":"VAE","type":"VAE","links":[470],"slot_index":0,"label":"VAE"}],"properties":{"showOutputText":true,"horizontal":false}},{"id":435,"type":"ImageCompositedMaskedWeight","pos":[-2554,-375],"size":{"0":315,"1":78},"flags":{},"order":26,"mode":0,"inputs":[{"name":"source","type":"IMAGE","link":851,"label":"source"},{"name":"mask","type":"IMAGE","link":849,"label":"mask","slot_index":1}],"outputs":[{"name":"IMAGE","type":"IMAGE","links":[811,853],"shape":3,"label":"IMAGE","slot_index":0}],"properties":{"Node name for S&R":"ImageCompositedMaskedWeight"},"widgets_values":[0.1]},{"id":322,"type":"Reroute","pos":[-641,-711],"size":[82,26],"flags":{},"order":13,"mode":0,"inputs":[{"name":"","type":"*","link":662,"label":""}],"outputs":[{"name":"IMAGE","type":"IMAGE","links":[330],"slot_index":0,"label":"IMAGE"}],"properties":{"showOutputText":true,"horizontal":false}},{"id":303,"type":"SetLatentNoiseMask","pos":[-466,-127],"size":{"0":210,"1":46},"flags":{},"order":43,"mode":0,"inputs":[{"name":"samples","type":"LATENT","link":299,"label":"Latent","slot_index":0},{"name":"mask","type":"MASK","link":628,"label":"遮罩"}],"outputs":[{"name":"LATENT","type":"LATENT","links":[896],"shape":3,"label":"Latent","slot_index":0}],"properties":{"Node name for S&R":"SetLatentNoiseMask"}},{"id":492,"type":"ImageCompositedMaskedWeight","pos":[-2646,-135],"size":{"0":315,"1":78},"flags":{},"order":27,"mode":0,"inputs":[{"name":"source","type":"IMAGE","link":845,"label":"source"},{"name":"mask","type":"IMAGE","link":850,"label":"mask"}],"outputs":[{"name":"IMAGE","type":"IMAGE","links":[852,856],"shape":3,"label":"IMAGE","slot_index":0}],"properties":{"Node name for S&R":"ImageCompositedMaskedWeight"},"widgets_values":[0.30000000000000004]},{"id":461,"type":"ImageBlend","pos":[-2670,-782],"size":{"0":315,"1":102},"flags":{},"order":24,"mode":0,"inputs":[{"name":"image1","type":"IMAGE","link":841,"label":"图像1"},{"name":"image2","type":"IMAGE","link":842,"label":"图像2"}],"outputs":[{"name":"IMAGE","type":"IMAGE","links":[849,850],"shape":3,"label":"图像","slot_index":0}],"properties":{"Node name for S&R":"ImageBlend"},"widgets_values":[1,"difference"]},{"id":509,"type":"Get resolution [Crystools]","pos":[-1692,-1033],"size":[210,270],"flags":{},"order":15,"mode":0,"inputs":[{"name":"image","type":"IMAGE","link":876,"label":"图像"}],"outputs":[{"name":"width","type":"INT","links":[879],"shape":3,"label":"宽度","slot_index":0},{"name":"height","type":"INT","links":[880],"shape":3,"label":"高度","slot_index":1}],"properties":{"Node name for S&R":"Get resolution [Crystools]"}},{"id":450,"type":"Reroute","pos":[-1752,-1170],"size":[82,26],"flags":{},"order":7,"mode":0,"inputs":[{"name":"","type":"*","link":827,"label":""}],"outputs":[{"name":"IMAGE","type":"IMAGE","links":[661,662,760,876],"slot_index":0,"label":"IMAGE"}],"properties":{"showOutputText":true,"horizontal":false}},{"id":173,"type":"LoadImage","pos":[-1065,-1392],"size":{"0":315,"1":314},"flags":{},"order":1,"mode":0,"outputs":[{"name":"IMAGE","type":"IMAGE","links":[740,793,827],"shape":3,"label":"图像","slot_index":0},{"name":"MASK","type":"MASK","links":[838,881],"shape":3,"label":"遮罩","slot_index":1}],"properties":{"Node name for S&R":"LoadImage"},"widgets_values":["clipspace/clipspace-mask-3202373.700000003.png [input]","image"]},{"id":454,"type":"LoadImage","pos":[-1395,-1473],"size":{"0":315,"1":314},"flags":{},"order":2,"mode":0,"outputs":[{"name":"IMAGE","type":"IMAGE","links":[897],"shape":3,"label":"图像","slot_index":0},{"name":"MASK","type":"MASK","links":[],"shape":3,"label":"遮罩","slot_index":1}],"properties":{"Node name for S&R":"LoadImage"},"widgets_values":["13-Private jet-mask.jpg","image"]},{"id":399,"type":"CR Seed","pos":[935,-106],"size":{"0":315,"1":102},"flags":{},"order":3,"mode":0,"outputs":[{"name":"seed","type":"INT","links":[500],"shape":3,"label":"随机种","slot_index":0},{"name":"show_help","type":"STRING","links":null,"shape":3,"label":"show_help"}],"properties":{"Node name for S&R":"CR Seed"},"widgets_values":[869632596071348,"randomize"]},{"id":347,"type":"PreviewImage","pos":[-90,-1420],"size":{"0":264.53564453125,"1":317.27679443359375},"flags":{},"order":49,"mode":0,"inputs":[{"name":"images","type":"IMAGE","link":714,"label":"图像"}],"properties":{"Node name for S&R":"PreviewImage"}},{"id":350,"type":"Efficient Loader","pos":[-1010,-340],"size":{"0":430,"1":500},"flags":{},"order":40,"mode":0,"inputs":[{"name":"lora_stack","type":"LORA_STACK","link":908,"label":"LoRA堆","slot_index":0},{"name":"cnet_stack","type":"CONTROL_NET_STACK","link":636,"label":"ControlNet堆","slot_index":1},{"name":"empty_latent_width","type":"INT","link":479,"widget":{"name":"empty_latent_width"},"label":"宽度"},{"name":"empty_latent_height","type":"INT","link":480,"widget":{"name":"empty_latent_height"},"label":"高度"},{"name":"positive","type":"STRING","link":898,"widget":{"name":"positive"},"label":"正面条件","slot_index":4}],"outputs":[{"name":"MODEL","type":"MODEL","links":[910],"shape":3,"label":"模型","slot_index":0},{"name":"CONDITIONING+","type":"CONDITIONING","links":[640],"shape":3,"label":"正面条件","slot_index":1},{"name":"CONDITIONING-","type":"CONDITIONING","links":[688],"shape":3,"label":"负面条件","slot_index":2},{"name":"LATENT","type":"LATENT","links":null,"shape":3,"label":"Latent","slot_index":3},{"name":"VAE","type":"VAE","links":[414,420],"shape":3,"label":"VAE","slot_index":4},{"name":"CLIP","type":"CLIP","links":[],"shape":3,"label":"CLIP","slot_index":5},{"name":"DEPENDENCIES","type":"DEPENDENCIES","links":[],"shape":3,"label":"依赖","slot_index":6}],"properties":{"Node name for S&R":"Efficient Loader"},"widgets_values":["sdxl/dreamshaperXL_v21TurboDPMSDE.safetensors","Baked VAE",-1,"None",1,1,"a female,vividly,skin_texture,Vivid,light and shadow of details, beautiful face,headshot,,best quality,highres,bright,Ultra clear details","embedding:negativeXL_D.safetensors, speckle,freckles,NSFW, worst quality, low quality, illustration, 3d, 2d, cartoon, painting, cartoons, sketch, open mouth, long neck, watermark, text, extra fingers, inverted nipple, busty, large breasts, ugly, disgusting, cloth","none","A1111",512,512,1],"color":"#332233","bgcolor":"#553355","shape":1},{"id":475,"type":"ImageCASharpening+","pos":[-440,-990],"size":{"0":315,"1":58},"flags":{},"order":46,"mode":0,"inputs":[{"name":"image","type":"IMAGE","link":711,"label":"图像"}],"outputs":[{"name":"IMAGE","type":"IMAGE","links":[712],"shape":3,"label":"图像","slot_index":0}],"properties":{"Node name for S&R":"ImageCASharpening+"},"widgets_values":[0.6]},{"id":203,"type":"PreviewImage","pos":[-393,-1407],"size":{"0":269.5607604980469,"1":309.8775939941406},"flags":{},"order":48,"mode":0,"inputs":[{"name":"images","type":"IMAGE","link":712,"label":"图像"}],"properties":{"Node name for S&R":"PreviewImage"}},{"id":304,"type":"VAEEncode","pos":[-450,-270],"size":{"0":210,"1":46},"flags":{"collapsed":false},"order":41,"mode":0,"inputs":[{"name":"pixels","type":"IMAGE","link":330,"label":"图像"},{"name":"vae","type":"VAE","link":414,"label":"VAE"}],"outputs":[{"name":"LATENT","type":"LATENT","links":[299],"shape":3,"label":"Latent","slot_index":0}],"properties":{"Node name for S&R":"VAEEncode"}},{"id":389,"type":"Primitive string multiline [Crystools]","pos":[-1484,-238],"size":{"0":400,"1":200},"flags":{},"order":4,"mode":0,"outputs":[{"name":"string","type":"STRING","links":[898,915],"shape":3,"label":"字符串","slot_index":0}],"properties":{"Node name for S&R":"Primitive string multiline [Crystools]"},"widgets_values":["a male,masterpiece,professional artwork,famous artwork,(perfect face:1.6),Detail Face,Highly detailed face and skin texture,High- sharpness,High High quality,detailed body rende,best quality"]},{"id":518,"type":"CR LoRA Stack","pos":[-1470,90],"size":{"0":315,"1":342},"flags":{},"order":5,"mode":0,"inputs":[{"name":"lora_stack","type":"LORA_STACK","link":null,"label":"LoRA堆"}],"outputs":[{"name":"LORA_STACK","type":"LORA_STACK","links":[908,916],"shape":3,"slot_index":0},{"name":"show_help","type":"STRING","links":[],"shape":3,"slot_index":1}],"properties":{"Node name for S&R":"CR LoRA Stack"},"widgets_values":["On","train_lora/prod_lora/20240704/20240704104400_a2131b321898415eb5260939e81ef5c9/spmf_347_r_2024070410/spmf_347_r_2024070410.safetensors",1,1,"Off","None",1,1,"Off","None",1,1]},{"id":352,"type":"KSampler (Efficient)","pos":[-60,-350],"size":{"0":325,"1":562},"flags":{},"order":44,"mode":0,"inputs":[{"name":"model","type":"MODEL","link":910,"label":"模型"},{"name":"positive","type":"CONDITIONING","link":640,"label":"正面条件"},{"name":"negative","type":"CONDITIONING","link":688,"label":"负面条件"},{"name":"latent_image","type":"LATENT","link":896,"label":"Latent"},{"name":"optional_vae","type":"VAE","link":470,"label":"VAE(可选)"},{"name":"script","type":"SCRIPT","link":null,"label":"脚本","slot_index":5},{"name":"seed","type":"INT","link":499,"widget":{"name":"seed"},"label":"随机种"}],"outputs":[{"name":"MODEL","type":"MODEL","links":[],"shape":3,"label":"模型","slot_index":0},{"name":"CONDITIONING+","type":"CONDITIONING","links":[],"shape":3,"label":"正面条件","slot_index":1},{"name":"CONDITIONING-","type":"CONDITIONING","links":[],"shape":3,"label":"负面条件","slot_index":2},{"name":"LATENT","type":"LATENT","links":[918],"shape":3,"label":"Latent","slot_index":3},{"name":"VAE","type":"VAE","links":[],"shape":3,"label":"VAE","slot_index":4},{"name":"IMAGE","type":"IMAGE","links":[711],"shape":3,"label":"图像","slot_index":5}],"properties":{"Node name for S&R":"KSampler (Efficient)"},"widgets_values":[497468928811579,null,7,2,"dpmpp_sde","karras",1,"auto","true"],"color":"#223333","bgcolor":"#335555","shape":1},{"id":516,"type":"Efficient Loader","pos":[470,-370],"size":[430,810],"flags":{},"order":11,"mode":0,"inputs":[{"name":"lora_stack","type":"LORA_STACK","link":916,"label":"LoRA堆","slot_index":0},{"name":"cnet_stack","type":"CONTROL_NET_STACK","link":null,"label":"ControlNet堆","slot_index":1},{"name":"positive","type":"STRING","link":915,"widget":{"name":"positive"},"label":"正面条件","slot_index":4}],"outputs":[{"name":"MODEL","type":"MODEL","links":[899],"shape":3,"label":"模型","slot_index":0},{"name":"CONDITIONING+","type":"CONDITIONING","links":[904],"shape":3,"label":"正面条件","slot_index":1},{"name":"CONDITIONING-","type":"CONDITIONING","links":[905],"shape":3,"label":"负面条件","slot_index":2},{"name":"LATENT","type":"LATENT","links":null,"shape":3,"label":"Latent","slot_index":3},{"name":"VAE","type":"VAE","links":[917],"shape":3,"label":"VAE","slot_index":4},{"name":"CLIP","type":"CLIP","links":[],"shape":3,"label":"CLIP","slot_index":5},{"name":"DEPENDENCIES","type":"DEPENDENCIES","links":[],"shape":3,"label":"依赖","slot_index":6}],"properties":{"Node name for S&R":"Efficient Loader"},"widgets_values":["sdxl/万享XL_超写实摄影V8.4_V8.4.safetensors","Baked VAE",-1,"None",1,1,"a female,vividly,skin_texture,Vivid,light and shadow of details, beautiful face,headshot,,best quality,highres,bright,Ultra clear details","embedding:negativeXL_D.safetensors, speckle,freckles,NSFW, worst quality, low quality, illustration, 3d, 2d, cartoon, painting, cartoons, sketch, open mouth, long neck, watermark, text, extra fingers, inverted nipple, busty, large breasts, ugly, disgusting, cloth","none","A1111",512,512,1],"color":"#332233","bgcolor":"#553355","shape":1},{"id":353,"type":"KSampler (Efficient)","pos":[1410,-380],"size":{"0":325,"1":562},"flags":{},"order":45,"mode":0,"inputs":[{"name":"model","type":"MODEL","link":899,"label":"模型"},{"name":"positive","type":"CONDITIONING","link":904,"label":"正面条件"},{"name":"negative","type":"CONDITIONING","link":905,"label":"负面条件"},{"name":"latent_image","type":"LATENT","link":918,"label":"Latent"},{"name":"optional_vae","type":"VAE","link":917,"label":"VAE(可选)"},{"name":"script","type":"SCRIPT","link":null,"label":"脚本","slot_index":5},{"name":"seed","type":"INT","link":500,"widget":{"name":"seed"},"label":"随机种"}],"outputs":[{"name":"MODEL","type":"MODEL","links":[],"shape":3,"label":"模型","slot_index":0},{"name":"CONDITIONING+","type":"CONDITIONING","links":[],"shape":3,"label":"正面条件","slot_index":1},{"name":"CONDITIONING-","type":"CONDITIONING","links":[],"shape":3,"label":"负面条件","slot_index":2},{"name":"LATENT","type":"LATENT","links":[],"shape":3,"label":"Latent","slot_index":3},{"name":"VAE","type":"VAE","links":[],"shape":3,"label":"VAE","slot_index":4},{"name":"IMAGE","type":"IMAGE","links":[713],"shape":3,"label":"图像","slot_index":5}],"properties":{"Node name for S&R":"KSampler (Efficient)"},"widgets_values":[964770256625796,null,25,7,"dpmpp_2m_sde","karras",0.35000000000000003,"auto","true"],"color":"#223333","bgcolor":"#335555","shape":1},{"id":477,"type":"SolidMask","pos":[-2420,-1390],"size":{"0":315,"1":106},"flags":{},"order":18,"mode":0,"inputs":[{"name":"width","type":"INT","link":879,"widget":{"name":"width"},"label":"宽度"},{"name":"height","type":"INT","link":880,"widget":{"name":"height"},"label":"高度"}],"outputs":[{"name":"MASK","type":"MASK","links":[718],"shape":3,"label":"遮罩","slot_index":0}],"properties":{"Node name for S&R":"SolidMask"},"widgets_values":[1,512,512]},{"id":485,"type":"ImageCompositedMaskedWeight","pos":[-2430,-1140],"size":{"0":315,"1":78},"flags":{},"order":23,"mode":0,"inputs":[{"name":"source","type":"IMAGE","link":768,"label":"source"},{"name":"mask","type":"IMAGE","link":772,"label":"mask"}],"outputs":[{"name":"IMAGE","type":"IMAGE","links":[770],"shape":3,"label":"IMAGE","slot_index":0}],"properties":{"Node name for S&R":"ImageCompositedMaskedWeight"},"widgets_values":[0]}],"links":[[299,304,0,303,0,"LATENT"],[330,322,0,304,0,"IMAGE"],[414,350,4,304,1,"VAE"],[420,350,4,354,0,"*"],[470,354,0,352,4,"VAE"],[479,386,0,350,2,"INT"],[480,386,1,350,3,"INT"],[499,398,0,352,6,"INT"],[500,399,0,353,6,"INT"],[628,408,0,303,1,"MASK"],[636,446,0,350,1,"CONTROL_NET_STACK"],[640,350,1,352,1,"CONDITIONING"],[661,450,0,386,0,"IMAGE"],[662,450,0,322,0,"*"],[672,331,0,457,0,"IMAGE"],[688,350,2,352,2,"CONDITIONING"],[697,459,0,465,0,"IMAGE"],[711,352,5,475,0,"IMAGE"],[712,475,0,203,0,"IMAGE"],[713,353,5,476,0,"IMAGE"],[714,476,0,347,0,"IMAGE"],[718,477,0,478,0,"MASK"],[719,478,0,452,0,"*"],[728,386,0,440,1,"INT"],[729,386,1,440,2,"INT"],[740,173,0,480,0,"IMAGE"],[760,450,0,459,0,"*"],[761,476,0,480,1,"IMAGE"],[768,452,0,485,0,"IMAGE"],[770,485,0,432,0,"IMAGE"],[772,455,0,485,1,"IMAGE"],[788,459,0,488,0,"IMAGE"],[790,488,0,440,0,"IMAGE"],[793,173,0,491,0,"IMAGE"],[795,386,0,493,1,"INT"],[796,386,1,493,2,"INT"],[799,465,0,493,0,"IMAGE"],[803,494,0,331,0,"MASK"],[805,494,0,404,0,"*"],[806,494,0,408,0,"*"],[811,435,0,497,0,"*"],[812,497,0,438,0,"IMAGE"],[813,496,0,469,0,"IMAGE"],[815,497,0,446,0,"IMAGE"],[818,432,0,494,0,"MASK"],[827,173,0,450,0,"*"],[838,173,1,501,0,"MASK"],[841,452,0,461,0,"IMAGE"],[842,501,0,461,1,"IMAGE"],[845,493,0,492,0,"IMAGE"],[849,461,0,435,1,"IMAGE"],[850,461,0,492,1,"IMAGE"],[851,440,0,435,0,"IMAGE"],[852,492,0,502,0,"IMAGE"],[853,435,0,503,0,"IMAGE"],[855,496,0,446,1,"IMAGE"],[856,492,0,496,0,"*"],[876,450,0,509,0,"IMAGE"],[879,509,0,477,0,"INT"],[880,509,1,477,1,"INT"],[881,173,1,510,0,"MASK"],[896,303,0,352,3,"LATENT"],[897,454,0,455,0,"*"],[898,389,0,350,4,"STRING"],[899,516,0,353,0,"MODEL"],[904,516,1,353,1,"CONDITIONING"],[905,516,2,353,2,"CONDITIONING"],[908,518,0,350,0,"LORA_STACK"],[910,350,0,352,0,"MODEL"],[915,389,0,516,2,"STRING"],[916,518,0,516,0,"LORA_STACK"],[917,516,4,353,4,"VAE"],[918,352,3,353,3,"LATENT"]],"groups":[{"title":"Group","bounding":[-1787,-1506,1290,878],"color":"#3f789e","font_size":24,"locked":false}],"config":{},"extra":{"ds":{"scale":0.7972024500000009,"offset":{"0":1493.6092405637296,"1":612.9293469170437}},"groupNodes":{},"workspace_info":{"id":"h2bHEUB65sl_0rTzC3qdQ","saveLock":false,"cloudID":null,"coverMediaPath":null}},"version":0.4}