{"last_node_id":576,"last_link_id":1052,"nodes":[{"id":470,"type":"GetImageSize+","pos":[-1758,-966],"size":{"0":210,"1":46},"flags":{},"order":10,"mode":0,"inputs":[{"name":"image","type":"IMAGE","link":747,"label":"图像"}],"outputs":[{"name":"width","type":"INT","links":[716],"shape":3,"label":"宽度","slot_index":0},{"name":"height","type":"INT","links":[717],"shape":3,"label":"高度","slot_index":1}],"properties":{"Node name for S&R":"GetImageSize+"}},{"id":478,"type":"MaskToImage","pos":[-2020,-1391],"size":{"0":141.13909912109375,"1":26},"flags":{},"order":20,"mode":0,"inputs":[{"name":"mask","type":"MASK","link":718,"label":"遮罩","slot_index":0}],"outputs":[{"name":"IMAGE","type":"IMAGE","links":[719],"shape":3,"label":"图像","slot_index":0}],"properties":{"Node name for S&R":"MaskToImage"}},{"id":491,"type":"PreviewImage","pos":[-2222,-2116],"size":{"0":385.9838562011719,"1":459.6251220703125},"flags":{},"order":0,"mode":0,"inputs":[{"name":"images","type":"IMAGE","link":null,"label":"图像"}],"properties":{"Node name for S&R":"PreviewImage"}},{"id":457,"type":"PreviewImage","pos":[-1773,-2115],"size":{"0":447.667236328125,"1":470.1690673828125},"flags":{},"order":23,"mode":0,"inputs":[{"name":"images","type":"IMAGE","link":672,"label":"图像"}],"properties":{"Node name for S&R":"PreviewImage"}},{"id":438,"type":"PreviewImage","pos":[-1267,-2119],"size":{"0":397.9082946777344,"1":481.5565185546875},"flags":{},"order":38,"mode":0,"inputs":[{"name":"images","type":"IMAGE","link":812,"label":"图像"}],"properties":{"Node name for S&R":"PreviewImage"}},{"id":455,"type":"Reroute","pos":[-1768,-1284],"size":[82,26],"flags":{},"order":7,"mode":0,"inputs":[{"name":"","type":"*","link":771}],"outputs":[{"name":"IMAGE","type":"IMAGE","links":[772,954],"slot_index":0}],"properties":{"showOutputText":true,"horizontal":false}},{"id":477,"type":"SolidMask","pos":[-2425,-1402],"size":{"0":315,"1":106},"flags":{},"order":15,"mode":0,"inputs":[{"name":"width","type":"INT","link":716,"widget":{"name":"width"},"label":"宽度"},{"name":"height","type":"INT","link":717,"widget":{"name":"height"},"label":"高度"}],"outputs":[{"name":"MASK","type":"MASK","links":[718],"shape":3,"label":"遮罩","slot_index":0}],"properties":{"Node name for S&R":"SolidMask"},"widgets_values":[1,512,512]},{"id":485,"type":"ImageCompositedMaskedWeight","pos":[-2423,-1168],"size":{"0":315,"1":78},"flags":{},"order":25,"mode":0,"inputs":[{"name":"source","type":"IMAGE","link":768,"label":"source"},{"name":"mask","type":"IMAGE","link":772,"label":"mask"}],"outputs":[{"name":"IMAGE","type":"IMAGE","links":[],"shape":3,"label":"IMAGE","slot_index":0}],"properties":{"Node name for S&R":"ImageCompositedMaskedWeight"},"widgets_values":[0]},{"id":331,"type":"MaskToImage","pos":[-1024,-966],"size":{"0":140,"1":26},"flags":{},"order":18,"mode":0,"inputs":[{"name":"mask","type":"MASK","link":844,"label":"遮罩"}],"outputs":[{"name":"IMAGE","type":"IMAGE","links":[672],"shape":3,"label":"图像","slot_index":0}],"properties":{"Node name for S&R":"MaskToImage"}},{"id":549,"type":"PreviewImage","pos":[-2391,-101],"size":{"0":210,"1":246},"flags":{},"order":35,"mode":0,"inputs":[{"name":"images","type":"IMAGE","link":952,"label":"图像"}],"properties":{"Node name for S&R":"PreviewImage"}},{"id":459,"type":"Reroute","pos":[-3253,-590],"size":[82,26],"flags":{},"order":11,"mode":0,"inputs":[{"name":"","type":"*","link":956}],"outputs":[{"name":"IMAGE","type":"IMAGE","links":[697,788],"slot_index":0}],"properties":{"showOutputText":true,"horizontal":false}},{"id":551,"type":"PreviewImage","pos":[-3736.845852322049,-495.7881401909723],"size":{"0":210,"1":246},"flags":{},"order":29,"mode":0,"inputs":[{"name":"images","type":"IMAGE","link":957,"label":"图像"}],"properties":{"Node name for S&R":"PreviewImage"}},{"id":452,"type":"Reroute","pos":[-1752,-1413],"size":[82,26],"flags":{},"order":24,"mode":0,"inputs":[{"name":"","type":"*","link":719}],"outputs":[{"name":"IMAGE","type":"IMAGE","links":[768,958,965],"slot_index":0}],"properties":{"showOutputText":true,"horizontal":false}},{"id":488,"type":"AIO_Preprocessor","pos":[-3468,-347],"size":{"0":315,"1":82},"flags":{},"order":17,"mode":0,"inputs":[{"name":"image","type":"IMAGE","link":788,"label":"图像","slot_index":0}],"outputs":[{"name":"IMAGE","type":"IMAGE","links":[790],"shape":3,"label":"图像","slot_index":0}],"properties":{"Node name for S&R":"AIO_Preprocessor"},"widgets_values":["AnyLineArtPreprocessor_aux",768]},{"id":545,"type":"Reroute","pos":[-2250,-821],"size":[75,26],"flags":{},"order":6,"mode":0,"inputs":[{"name":"","type":"*","link":992}],"outputs":[{"name":"","type":"MASK","links":[948],"slot_index":0}],"properties":{"showOutputText":false,"horizontal":false}},{"id":497,"type":"Reroute","pos":[-2131,-382],"size":[75,26],"flags":{},"order":36,"mode":0,"inputs":[{"name":"","type":"*","link":963}],"outputs":[{"name":"","type":"IMAGE","links":[812,815],"slot_index":0}],"properties":{"showOutputText":false,"horizontal":false}},{"id":440,"type":"ImageResize+","pos":[-3063,-314],"size":{"0":315,"1":218},"flags":{"collapsed":true},"order":22,"mode":0,"inputs":[{"name":"image","type":"IMAGE","link":790,"label":"图像"},{"name":"width","type":"INT","link":728,"widget":{"name":"width"},"label":"宽度"},{"name":"height","type":"INT","link":729,"widget":{"name":"height"},"label":"高度"}],"outputs":[{"name":"IMAGE","type":"IMAGE","links":[727],"shape":3,"label":"图像","slot_index":0},{"name":"width","type":"INT","links":null,"shape":3,"label":"宽度"},{"name":"height","type":"INT","links":null,"shape":3,"label":"高度"}],"properties":{"Node name for S&R":"ImageResize+"},"widgets_values":[768,1024,"nearest",true,"always",0]},{"id":465,"type":"AIO_Preprocessor","pos":[-3685,-91],"size":{"0":315,"1":82},"flags":{},"order":16,"mode":0,"inputs":[{"name":"image","type":"IMAGE","link":697,"label":"图像"}],"outputs":[{"name":"IMAGE","type":"IMAGE","links":[969],"shape":3,"label":"图像","slot_index":0}],"properties":{"Node name for S&R":"AIO_Preprocessor"},"widgets_values":["DepthAnythingV2Preprocessor",768]},{"id":554,"type":"ImageResize+","pos":[-3331,-79],"size":{"0":315,"1":218},"flags":{"collapsed":true},"order":21,"mode":0,"inputs":[{"name":"image","type":"IMAGE","link":969,"label":"图像"},{"name":"width","type":"INT","link":971,"widget":{"name":"width"},"label":"宽度"},{"name":"height","type":"INT","link":972,"widget":{"name":"height"},"label":"高度"}],"outputs":[{"name":"IMAGE","type":"IMAGE","links":[981],"shape":3,"label":"图像","slot_index":0},{"name":"width","type":"INT","links":null,"shape":3,"label":"宽度"},{"name":"height","type":"INT","links":null,"shape":3,"label":"高度"}],"properties":{"Node name for S&R":"ImageResize+"},"widgets_values":[768,1024,"nearest",true,"always",0]},{"id":550,"type":"ImageBlend","pos":[-2469,-566],"size":{"0":375.8050537109375,"1":102},"flags":{},"order":27,"mode":0,"inputs":[{"name":"image1","type":"IMAGE","link":965,"label":"图像1"},{"name":"image2","type":"IMAGE","link":973,"label":"图像2"}],"outputs":[{"name":"IMAGE","type":"IMAGE","links":[961],"shape":3,"label":"图像","slot_index":0}],"properties":{"Node name for S&R":"ImageBlend"},"widgets_values":[1,"difference"]},{"id":546,"type":"MaskToImage","pos":[-2078,-793],"size":{"0":140,"1":28.10196876525879},"flags":{},"order":13,"mode":0,"inputs":[{"name":"mask","type":"MASK","link":948,"label":"遮罩"}],"outputs":[{"name":"IMAGE","type":"IMAGE","links":[973],"shape":3,"label":"图像","slot_index":0}],"properties":{"Node name for S&R":"MaskToImage"}},{"id":386,"type":"GetImageSize+","pos":[-2575,-718],"size":{"0":210,"1":46},"flags":{},"order":12,"mode":0,"inputs":[{"name":"image","type":"IMAGE","link":990,"label":"图像"}],"outputs":[{"name":"width","type":"INT","links":[479,728,971],"shape":3,"label":"宽度","slot_index":0},{"name":"height","type":"INT","links":[480,729,972],"shape":3,"label":"高度","slot_index":1}],"properties":{"Node name for S&R":"GetImageSize+"}},{"id":450,"type":"Reroute","pos":[-1744,-1162],"size":[82,26],"flags":{},"order":5,"mode":0,"inputs":[{"name":"","type":"*","link":991}],"outputs":[{"name":"IMAGE","type":"IMAGE","links":[662,747,956,990],"slot_index":0}],"properties":{"showOutputText":true,"horizontal":false}},{"id":432,"type":"ImageToMask","pos":[-1773,-849],"size":{"0":315,"1":58},"flags":{},"order":8,"mode":0,"inputs":[{"name":"image","type":"IMAGE","link":840,"label":"图像"}],"outputs":[{"name":"MASK","type":"MASK","links":[845],"shape":3,"label":"遮罩","slot_index":0}],"properties":{"Node name for S&R":"ImageToMask"},"widgets_values":["blue"]},{"id":322,"type":"Reroute","pos":[-706,-685],"size":[82,26],"flags":{},"order":9,"mode":0,"inputs":[{"name":"","type":"*","link":662}],"outputs":[{"name":"IMAGE","type":"IMAGE","links":[941,1007],"slot_index":0}],"properties":{"showOutputText":true,"horizontal":false}},{"id":548,"type":"ImageCompositedMaskedWeight","pos":[-2480,-330],"size":{"0":315,"1":78},"flags":{},"order":32,"mode":0,"inputs":[{"name":"source","type":"IMAGE","link":950,"label":"source"},{"name":"mask","type":"IMAGE","link":961,"label":"mask"}],"outputs":[{"name":"IMAGE","type":"IMAGE","links":[952,963],"shape":3,"label":"IMAGE","slot_index":0}],"properties":{"Node name for S&R":"ImageCompositedMaskedWeight"},"widgets_values":[0]},{"id":494,"type":"GrowMaskWithBlur","pos":[-1434,-904],"size":{"0":315,"1":246},"flags":{},"order":14,"mode":0,"inputs":[{"name":"mask","type":"MASK","link":845,"label":"遮罩"}],"outputs":[{"name":"mask","type":"MASK","links":[844,1013],"shape":3,"label":"遮罩","slot_index":0},{"name":"mask_inverted","type":"MASK","links":[],"shape":3,"label":"反转遮罩","slot_index":1}],"properties":{"Node name for S&R":"GrowMaskWithBlur"},"widgets_values":[10,5,true,false,5,0.7000000000000001,0.7000000000000001,false]},{"id":398,"type":"CR Seed","pos":[-510,-30],"size":{"0":315,"1":102},"flags":{},"order":1,"mode":0,"outputs":[{"name":"seed","type":"INT","links":[499],"shape":3,"label":"随机种","slot_index":0},{"name":"show_help","type":"STRING","links":null,"shape":3}],"properties":{"Node name for S&R":"CR Seed"},"widgets_values":[331853950753408,"randomize"]},{"id":562,"type":"InpaintModelConditioning","pos":[-440,-230],"size":{"0":216.59999084472656,"1":106},"flags":{},"order":41,"mode":0,"inputs":[{"name":"positive","type":"CONDITIONING","link":1004,"label":"正面条件"},{"name":"negative","type":"CONDITIONING","link":1005,"label":"负面条件"},{"name":"vae","type":"VAE","link":1006,"label":"VAE"},{"name":"pixels","type":"IMAGE","link":1007,"label":"图像"},{"name":"mask","type":"MASK","link":1009,"label":"遮罩"}],"outputs":[{"name":"positive","type":"CONDITIONING","links":[1010],"shape":3,"label":"正面条件","slot_index":0},{"name":"negative","type":"CONDITIONING","links":[1011],"shape":3,"label":"负面条件","slot_index":1},{"name":"latent","type":"LATENT","links":[1012],"shape":3,"label":"Latent","slot_index":2}],"properties":{"Node name for S&R":"InpaintModelConditioning"}},{"id":408,"type":"Reroute","pos":[-975,-705],"size":[75,26],"flags":{},"order":19,"mode":0,"inputs":[{"name":"","type":"*","link":1013}],"outputs":[{"name":"MASK","type":"MASK","links":[1009],"slot_index":0}],"properties":{"showOutputText":true,"horizontal":false}},{"id":480,"type":"Image Comparer (rgthree)","pos":{"0":350,"1":-1480,"2":0,"3":0,"4":0,"5":0,"6":0,"7":0,"8":0,"9":0},"size":{"0":536.6768188476562,"1":781.7713623046875},"flags":{},"order":44,"mode":0,"inputs":[{"name":"image_a","type":"IMAGE","link":1041,"label":"图像_A","dir":3},{"name":"image_b","type":"IMAGE","link":941,"label":"图像_B","dir":3}],"outputs":[],"properties":{"comparer_mode":"Slide"},"widgets_values":[["/view?filename=rgthree.compare._temp_penis_00003_.png&type=temp&subfolder=&rand=0.8637114696379664","/view?filename=rgthree.compare._temp_penis_00004_.png&type=temp&subfolder=&rand=0.9978682127026002"]]},{"id":435,"type":"ImageCompositedMaskedWeight","pos":[-2870,-340],"size":{"0":315,"1":78},"flags":{},"order":28,"mode":0,"inputs":[{"name":"source","type":"IMAGE","link":727,"label":"source"},{"name":"mask","type":"IMAGE","link":822,"label":"mask"}],"outputs":[{"name":"IMAGE","type":"IMAGE","links":[949,950],"shape":3,"label":"IMAGE","slot_index":0}],"properties":{"Node name for S&R":"ImageCompositedMaskedWeight"},"widgets_values":[0.1]},{"id":547,"type":"PreviewImage","pos":[-2630,-100],"size":{"0":210,"1":246},"flags":{},"order":31,"mode":0,"inputs":[{"name":"images","type":"IMAGE","link":949,"label":"图像"}],"properties":{"Node name for S&R":"PreviewImage"}},{"id":567,"type":"PreviewImage","pos":[-3042.8779130624284,116.78667103348096],"size":{"0":210,"1":250},"flags":{},"order":34,"mode":0,"inputs":[{"name":"images","type":"IMAGE","link":1037,"label":"图像"}],"properties":{"Node name for S&R":"PreviewImage"}},{"id":496,"type":"Reroute","pos":[-2210,-200],"size":[75,26],"flags":{},"order":33,"mode":0,"inputs":[{"name":"","type":"*","link":968}],"outputs":[{"name":"","type":"IMAGE","links":[813,816],"slot_index":0}],"properties":{"showOutputText":false,"horizontal":false}},{"id":553,"type":"ImageCompositedMaskedWeight","pos":[-3040,-90],"size":{"0":315,"1":78},"flags":{},"order":30,"mode":0,"inputs":[{"name":"source","type":"IMAGE","link":981,"label":"source"},{"name":"mask","type":"IMAGE","link":1038,"label":"mask","slot_index":1}],"outputs":[{"name":"IMAGE","type":"IMAGE","links":[968,1037],"shape":3,"label":"IMAGE","slot_index":0}],"properties":{"Node name for S&R":"ImageCompositedMaskedWeight"},"widgets_values":[0.1]},{"id":461,"type":"ImageBlend","pos":[-2875,-578],"size":{"0":315,"1":102},"flags":{},"order":26,"mode":0,"inputs":[{"name":"image1","type":"IMAGE","link":958,"label":"图像1"},{"name":"image2","type":"IMAGE","link":954,"label":"图像2"}],"outputs":[{"name":"IMAGE","type":"IMAGE","links":[822,957,1038],"shape":3,"label":"图像","slot_index":0}],"properties":{"Node name for S&R":"ImageBlend"},"widgets_values":[1,"difference"]},{"id":469,"type":"PreviewImage","pos":[-810,-2110],"size":{"0":444.0813293457031,"1":486.7157287597656},"flags":{},"order":37,"mode":0,"inputs":[{"name":"images","type":"IMAGE","link":813,"label":"图像"}],"properties":{"Node name for S&R":"PreviewImage"}},{"id":203,"type":"PreviewImage","pos":[-340,-1450],"size":{"0":599.0906372070312,"1":750.4281005859375},"flags":{},"order":43,"mode":0,"inputs":[{"name":"images","type":"IMAGE","link":1016,"label":"图像"}],"properties":{"Node name for S&R":"PreviewImage"}},{"id":446,"type":"CR Multi-ControlNet Stack","pos":[-2002,-351],"size":{"0":418.1999816894531,"1":454},"flags":{},"order":39,"mode":0,"inputs":[{"name":"image_1","type":"IMAGE","link":815,"label":"图像1"},{"name":"image_2","type":"IMAGE","link":816,"label":"图像2"},{"name":"image_3","type":"IMAGE","link":null,"label":"图像3"},{"name":"controlnet_stack","type":"CONTROL_NET_STACK","link":null,"label":"ControlNet堆"}],"outputs":[{"name":"CONTROLNET_STACK","type":"CONTROL_NET_STACK","links":[636],"shape":3,"label":"ControlNet堆"},{"name":"show_help","type":"STRING","links":null,"shape":3}],"properties":{"Node name for S&R":"CR Multi-ControlNet Stack"},"widgets_values":["On","diffusers_xl_canny_small.safetensors",0.2,0,1,"On","diffusers_xl_depth_small.safetensors",0.2,0,1,"Off","None",1,0,1]},{"id":570,"type":"PreviewImage","pos":[980,-1450],"size":{"0":570,"1":740},"flags":{},"order":47,"mode":0,"inputs":[{"name":"images","type":"IMAGE","link":1049,"label":"图像"}],"properties":{"Node name for S&R":"PreviewImage"}},{"id":559,"type":"LoadImage","pos":[-1042,-1419],"size":{"0":315,"1":314},"flags":{},"order":2,"mode":0,"outputs":[{"name":"IMAGE","type":"IMAGE","links":[991],"shape":3,"label":"图像","slot_index":0},{"name":"MASK","type":"MASK","links":[992],"shape":3,"label":"遮罩","slot_index":1}],"properties":{"Node name for S&R":"LoadImage"},"widgets_values":["6_Business_pose.jpg","image"]},{"id":454,"type":"LoadImage","pos":[-1420,-1410],"size":{"0":315,"1":314},"flags":{},"order":3,"mode":0,"outputs":[{"name":"IMAGE","type":"IMAGE","links":[771,840],"shape":3,"label":"图像","slot_index":0},{"name":"MASK","type":"MASK","links":[],"shape":3,"label":"遮罩","slot_index":1}],"properties":{"Node name for S&R":"LoadImage"},"widgets_values":["6_Business_mask (1).png","image"]},{"id":350,"type":"Efficient Loader","pos":[-980,-350],"size":{"0":380,"1":630},"flags":{},"order":40,"mode":0,"inputs":[{"name":"lora_stack","type":"LORA_STACK","link":null,"label":"LoRA堆","slot_index":0},{"name":"cnet_stack","type":"CONTROL_NET_STACK","link":636,"label":"ControlNet堆","slot_index":1},{"name":"empty_latent_width","type":"INT","link":479,"widget":{"name":"empty_latent_width"},"label":"宽度"},{"name":"empty_latent_height","type":"INT","link":480,"widget":{"name":"empty_latent_height"},"label":"高度"},{"name":"positive","type":"STRING","link":483,"widget":{"name":"positive"},"label":"正面条件","slot_index":4}],"outputs":[{"name":"MODEL","type":"MODEL","links":[773],"shape":3,"label":"模型","slot_index":0},{"name":"CONDITIONING+","type":"CONDITIONING","links":[1004],"shape":3,"label":"正面条件","slot_index":1},{"name":"CONDITIONING-","type":"CONDITIONING","links":[1005],"shape":3,"label":"负面条件","slot_index":2},{"name":"LATENT","type":"LATENT","links":[],"shape":3,"label":"Latent","slot_index":3},{"name":"VAE","type":"VAE","links":[861,1006],"shape":3,"label":"VAE","slot_index":4},{"name":"CLIP","type":"CLIP","links":[],"shape":3,"label":"CLIP","slot_index":5},{"name":"DEPENDENCIES","type":"DEPENDENCIES","links":[],"shape":3,"label":"依赖","slot_index":6}],"properties":{"Node name for S&R":"Efficient Loader"},"widgets_values":["sdxl/juggerxlInpaint_juggerInpaintV8.safetensors","Baked VAE",-1,"train_lora/prod_lora/20240706/20240706163239_3b357a6d878c415189402ca603ec606f/spmf_5992_r_2024070616/spmf_5992_r_2024070616.safetensors",1.2,1,"a female,vividly,skin_texture,Vivid,light and shadow of details, beautiful face,headshot,,best quality,highres,bright,Ultra clear details","embedding:negativeXL_D.safetensors, NSFW, worst quality, low quality, illustration, 3d, 2d, cartoon, painting, cartoons, sketch, open mouth, long neck, watermark, text, extra fingers, inverted nipple, busty, large breasts, ugly, disgusting, cloth","mean","comfy",512,512,1],"color":"#332233","bgcolor":"#553355","shape":1},{"id":389,"type":"Primitive string multiline [Crystools]","pos":[-1440,-190],"size":{"0":381.011962890625,"1":96.46456146240234},"flags":{},"order":4,"mode":0,"outputs":[{"name":"string","type":"STRING","links":[483],"shape":3,"label":"字符串","slot_index":0}],"properties":{"Node name for S&R":"Primitive string multiline [Crystools]"},"widgets_values":["a female,high-end photography,best quality,highres,bright,Ultra clear details,(no cloth:1.2)"]},{"id":574,"type":"CR Upscale Image","pos":[400,-340],"size":{"0":320,"1":430},"flags":{},"order":45,"mode":0,"inputs":[{"name":"image","type":"IMAGE","link":1048,"label":"图像"}],"outputs":[{"name":"IMAGE","type":"IMAGE","links":[1049],"shape":3,"label":"图像","slot_index":0},{"name":"show_help","type":"STRING","links":null,"shape":3,"slot_index":1}],"properties":{"Node name for S&R":"CR Upscale Image"},"widgets_values":["RealESRGAN/RealESRGAN_x4plus.pth","rescale",1,768,"lanczos","true",8]},{"id":352,"type":"KSampler (Efficient)","pos":[-100,-330],"size":{"0":325,"1":562},"flags":{},"order":42,"mode":0,"inputs":[{"name":"model","type":"MODEL","link":773,"label":"模型"},{"name":"positive","type":"CONDITIONING","link":1010,"label":"正面条件"},{"name":"negative","type":"CONDITIONING","link":1011,"label":"负面条件"},{"name":"latent_image","type":"LATENT","link":1012,"label":"Latent"},{"name":"optional_vae","type":"VAE","link":861,"label":"VAE(可选)"},{"name":"script","type":"SCRIPT","link":null,"label":"脚本","slot_index":5},{"name":"seed","type":"INT","link":499,"widget":{"name":"seed"},"label":"随机种"}],"outputs":[{"name":"MODEL","type":"MODEL","links":[],"shape":3,"label":"模型","slot_index":0},{"name":"CONDITIONING+","type":"CONDITIONING","links":[],"shape":3,"label":"正面条件","slot_index":1},{"name":"CONDITIONING-","type":"CONDITIONING","links":[],"shape":3,"label":"负面条件","slot_index":2},{"name":"LATENT","type":"LATENT","links":[],"shape":3,"label":"Latent","slot_index":3},{"name":"VAE","type":"VAE","links":[],"shape":3,"label":"VAE","slot_index":4},{"name":"IMAGE","type":"IMAGE","links":[1016,1041,1048,1052],"shape":3,"label":"图像","slot_index":5}],"properties":{"Node name for S&R":"KSampler (Efficient)"},"widgets_values":[497468928811579,null,35,3,"dpmpp_2m_sde","karras",0.9,"auto","true (tiled)"],"color":"#223333","bgcolor":"#335555","shape":1},{"id":575,"type":"BetterFilmGrain","pos":[1210,-600],"size":{"0":315,"1":178},"flags":{},"order":46,"mode":0,"inputs":[{"name":"image","type":"IMAGE","link":1052,"label":"image"}],"outputs":[{"name":"IMAGE","type":"IMAGE","links":[1051],"shape":3,"label":"IMAGE","slot_index":0}],"properties":{"Node name for S&R":"BetterFilmGrain"},"widgets_values":[0.5,0.5,0.7,0,456493693709041,"randomize"]},{"id":576,"type":"PreviewImage","pos":[1600,-1430],"size":{"0":520,"1":740},"flags":{},"order":48,"mode":0,"inputs":[{"name":"images","type":"IMAGE","link":1051,"label":"图像"}],"properties":{"Node name for S&R":"PreviewImage"}}],"links":[[479,386,0,350,2,"INT"],[480,386,1,350,3,"INT"],[483,389,0,350,4,"STRING"],[499,398,0,352,6,"INT"],[636,446,0,350,1,"CONTROL_NET_STACK"],[662,450,0,322,0,"*"],[672,331,0,457,0,"IMAGE"],[697,459,0,465,0,"IMAGE"],[716,470,0,477,0,"INT"],[717,470,1,477,1,"INT"],[718,477,0,478,0,"MASK"],[719,478,0,452,0,"*"],[727,440,0,435,0,"IMAGE"],[728,386,0,440,1,"INT"],[729,386,1,440,2,"INT"],[747,450,0,470,0,"IMAGE"],[768,452,0,485,0,"IMAGE"],[771,454,0,455,0,"*"],[772,455,0,485,1,"IMAGE"],[773,350,0,352,0,"MODEL"],[788,459,0,488,0,"IMAGE"],[790,488,0,440,0,"IMAGE"],[812,497,0,438,0,"IMAGE"],[813,496,0,469,0,"IMAGE"],[815,497,0,446,0,"IMAGE"],[816,496,0,446,1,"IMAGE"],[822,461,0,435,1,"IMAGE"],[840,454,0,432,0,"IMAGE"],[844,494,0,331,0,"MASK"],[845,432,0,494,0,"MASK"],[861,350,4,352,4,"VAE"],[941,322,0,480,1,"IMAGE"],[948,545,0,546,0,"MASK"],[949,435,0,547,0,"IMAGE"],[950,435,0,548,0,"IMAGE"],[952,548,0,549,0,"IMAGE"],[954,455,0,461,1,"IMAGE"],[956,450,0,459,0,"*"],[957,461,0,551,0,"IMAGE"],[958,452,0,461,0,"IMAGE"],[961,550,0,548,1,"IMAGE"],[963,548,0,497,0,"*"],[965,452,0,550,0,"IMAGE"],[968,553,0,496,0,"*"],[969,465,0,554,0,"IMAGE"],[971,386,0,554,1,"INT"],[972,386,1,554,2,"INT"],[973,546,0,550,1,"IMAGE"],[981,554,0,553,0,"IMAGE"],[990,450,0,386,0,"IMAGE"],[991,559,0,450,0,"*"],[992,559,1,545,0,"*"],[1004,350,1,562,0,"CONDITIONING"],[1005,350,2,562,1,"CONDITIONING"],[1006,350,4,562,2,"VAE"],[1007,322,0,562,3,"IMAGE"],[1009,408,0,562,4,"MASK"],[1010,562,0,352,1,"CONDITIONING"],[1011,562,1,352,2,"CONDITIONING"],[1012,562,2,352,3,"LATENT"],[1013,494,0,408,0,"*"],[1016,352,5,203,0,"IMAGE"],[1037,553,0,567,0,"IMAGE"],[1038,461,0,553,1,"IMAGE"],[1041,352,5,480,0,"IMAGE"],[1048,352,5,574,0,"IMAGE"],[1049,574,0,570,0,"IMAGE"],[1051,575,0,576,0,"IMAGE"],[1052,352,5,575,0,"IMAGE"]],"groups":[{"title":"Group","bounding":[-1787,-1506,1290,878],"color":"#3f789e","font_size":24,"locked":false}],"config":{},"extra":{"ds":{"scale":0.7247295000000006,"offset":{"0":-1209.127685546875,"1":1539.092041015625}},"groupNodes":{},"workspace_info":{"id":"MosuPrTRln736PqcOySa2"}},"version":0.4}