{"last_node_id":539,"last_link_id":921,"nodes":[{"id":499,"type":"GetImageSize+","pos":[-1350,-530],"size":{"0":210,"1":46},"flags":{},"order":10,"mode":0,"inputs":[{"name":"image","type":"IMAGE","link":840,"label":"图像"}],"outputs":[{"name":"width","type":"INT","links":[860],"shape":3,"label":"宽度","slot_index":0},{"name":"height","type":"INT","links":[859],"shape":3,"label":"高度","slot_index":1}],"properties":{"Node name for S&R":"GetImageSize+"}},{"id":398,"type":"CR Seed","pos":[-500,80],"size":{"0":315,"1":102},"flags":{},"order":0,"mode":0,"outputs":[{"name":"seed","type":"INT","links":[893],"shape":3,"label":"随机种","slot_index":0},{"name":"show_help","type":"STRING","links":null,"shape":3,"label":"show_help"}],"properties":{"Node name for S&R":"CR Seed"},"widgets_values":[643109543482112,"randomize"]},{"id":303,"type":"SetLatentNoiseMask","pos":[-450,-450],"size":{"0":210,"1":46},"flags":{},"order":16,"mode":0,"inputs":[{"name":"samples","type":"LATENT","link":299,"label":"Latent","slot_index":0},{"name":"mask","type":"MASK","link":804,"label":"遮罩"}],"outputs":[{"name":"LATENT","type":"LATENT","links":[890],"shape":3,"label":"Latent","slot_index":0}],"properties":{"Node name for S&R":"SetLatentNoiseMask"}},{"id":304,"type":"VAEEncode","pos":[-440,-550],"size":{"0":210,"1":46},"flags":{"collapsed":false},"order":15,"mode":0,"inputs":[{"name":"pixels","type":"IMAGE","link":854,"label":"图像"},{"name":"vae","type":"VAE","link":870,"label":"VAE"}],"outputs":[{"name":"LATENT","type":"LATENT","links":[299],"shape":3,"label":"Latent","slot_index":0}],"properties":{"Node name for S&R":"VAEEncode"}},{"id":446,"type":"CR Multi-ControlNet Stack","pos":[-1710,120],"size":{"0":418.1999816894531,"1":454},"flags":{},"order":12,"mode":0,"inputs":[{"name":"image_1","type":"IMAGE","link":838,"label":"图像1"},{"name":"image_2","type":"IMAGE","link":839,"label":"图像2"},{"name":"image_3","type":"IMAGE","link":null,"label":"图像3"},{"name":"controlnet_stack","type":"CONTROL_NET_STACK","link":null,"label":"ControlNet堆"}],"outputs":[{"name":"CONTROLNET_STACK","type":"CONTROL_NET_STACK","links":[856],"shape":3,"label":"ControlNet堆"},{"name":"show_help","type":"STRING","links":null,"shape":3,"label":"show_help"}],"properties":{"Node name for S&R":"CR Multi-ControlNet Stack"},"widgets_values":["On","mistoLine_rank256.safetensors",1,0,1,"On","sai_xl_depth_256lora.safetensors",0.3,0,1,"Off","None",1,0,1]},{"id":516,"type":"Image Comparer (rgthree)","pos":{"0":1410,"1":-2110,"2":0,"3":0,"4":0,"5":0,"6":0,"7":0,"8":0,"9":0},"size":{"0":1040,"1":1180},"flags":{},"order":22,"mode":0,"inputs":[{"name":"image_a","type":"IMAGE","link":895,"label":"图像_A","dir":3},{"name":"image_b","type":"IMAGE","link":849,"label":"图像_B","dir":3}],"outputs":[],"properties":{"comparer_mode":"Slide"},"widgets_values":[["/view?filename=rgthree.compare._temp_yvghx_00003_.png&type=temp&subfolder=&rand=0.24312694128968193","/view?filename=rgthree.compare._temp_yvghx_00004_.png&type=temp&subfolder=&rand=0.3732096069412343"]]},{"id":509,"type":"PreviewImage","pos":[360,-2080],"size":{"0":960,"1":1190},"flags":{},"order":21,"mode":0,"inputs":[{"name":"images","type":"IMAGE","link":894,"label":"图像"}],"properties":{"Node name for S&R":"PreviewImage"}},{"id":513,"type":"LoadImage","pos":[-1180,-1020],"size":[320,310],"flags":{},"order":1,"mode":0,"outputs":[{"name":"IMAGE","type":"IMAGE","links":[840,849,854],"shape":3,"label":"图像","slot_index":0},{"name":"MASK","type":"MASK","links":null,"shape":3,"label":"遮罩","slot_index":1}],"properties":{"Node name for S&R":"LoadImage"},"widgets_values":["19_elf_pose.jpg","image"]},{"id":512,"type":"LoadImage","pos":[-1560,-1020],"size":[320,310],"flags":{},"order":2,"mode":0,"outputs":[{"name":"IMAGE","type":"IMAGE","links":[841],"shape":3,"label":"图像","slot_index":0},{"name":"MASK","type":"MASK","links":null,"shape":3,"label":"遮罩"}],"properties":{"Node name for S&R":"LoadImage"},"widgets_values":["19_elf_mask.png","image"]},{"id":511,"type":"LoadImage","pos":[-1960,-1030],"size":[320,310],"flags":{},"order":3,"mode":0,"outputs":[{"name":"IMAGE","type":"IMAGE","links":[839],"shape":3,"label":"图像","slot_index":0},{"name":"MASK","type":"MASK","links":null,"shape":3,"label":"遮罩"}],"properties":{"Node name for S&R":"LoadImage"},"widgets_values":["19_elf_depth.png","image"]},{"id":510,"type":"LoadImage","pos":[-2340,-1030],"size":{"0":320,"1":310},"flags":{},"order":4,"mode":0,"outputs":[{"name":"IMAGE","type":"IMAGE","links":[838],"shape":3,"label":"图像","slot_index":0},{"name":"MASK","type":"MASK","links":null,"shape":3,"label":"遮罩"}],"properties":{"Node name for S&R":"LoadImage"},"widgets_values":["19_elf_canny.png","image"]},{"id":498,"type":"ImageToMask","pos":[-990,-530],"size":{"0":315,"1":58},"flags":{},"order":11,"mode":0,"inputs":[{"name":"image","type":"IMAGE","link":841,"label":"图像"}],"outputs":[{"name":"MASK","type":"MASK","links":[804],"shape":3,"label":"遮罩","slot_index":0}],"properties":{"Node name for S&R":"ImageToMask"},"widgets_values":["red"]},{"id":515,"type":"PreviewImage","pos":[-670,-2090],"size":{"0":950,"1":1180},"flags":{},"order":19,"mode":0,"inputs":[{"name":"images","type":"IMAGE","link":892,"label":"图像"}],"properties":{"Node name for S&R":"PreviewImage"}},{"id":399,"type":"CR Seed","pos":[420,300],"size":{"0":315,"1":102},"flags":{},"order":5,"mode":0,"outputs":[{"name":"seed","type":"INT","links":[899],"shape":3,"label":"随机种","slot_index":0},{"name":"show_help","type":"STRING","links":null,"shape":3,"label":"show_help","slot_index":1}],"properties":{"Node name for S&R":"CR Seed"},"widgets_values":[562516406109658,"randomize"]},{"id":519,"type":"Efficient Loader","pos":[-1050,-300],"size":{"0":400,"1":460},"flags":{},"order":14,"mode":0,"inputs":[{"name":"lora_stack","type":"LORA_STACK","link":855,"label":"LoRA堆"},{"name":"cnet_stack","type":"CONTROL_NET_STACK","link":856,"label":"ControlNet堆"},{"name":"empty_latent_width","type":"INT","link":860,"widget":{"name":"empty_latent_width"},"label":"宽度"},{"name":"empty_latent_height","type":"INT","link":859,"widget":{"name":"empty_latent_height"},"label":"高度"},{"name":"positive","type":"STRING","link":861,"widget":{"name":"positive"},"label":"正面条件","slot_index":4},{"name":"negative","type":"STRING","link":862,"widget":{"name":"negative"},"label":"负面条件"}],"outputs":[{"name":"MODEL","type":"MODEL","links":[887],"shape":3,"label":"模型","slot_index":0},{"name":"CONDITIONING+","type":"CONDITIONING","links":[888],"shape":3,"label":"正面条件","slot_index":1},{"name":"CONDITIONING-","type":"CONDITIONING","links":[889],"shape":3,"label":"负面条件","slot_index":2},{"name":"LATENT","type":"LATENT","links":null,"shape":3,"label":"Latent"},{"name":"VAE","type":"VAE","links":[870,891],"shape":3,"label":"VAE","slot_index":4},{"name":"CLIP","type":"CLIP","links":null,"shape":3,"label":"CLIP"},{"name":"DEPENDENCIES","type":"DEPENDENCIES","links":null,"shape":3,"label":"依赖"}],"properties":{"Node name for S&R":"Efficient Loader"},"widgets_values":["sdxl/dreamshaperXL_v21TurboDPMSDE.safetensors","Baked VAE",-1,"None",1,1,"CLIP_POSITIVE","CLIP_NEGATIVE","none","comfy",512,512,1],"color":"#332222","bgcolor":"#553333","shape":1},{"id":505,"type":"CR LoRA Stack","pos":[-1640,-310],"size":{"0":315,"1":342},"flags":{},"order":6,"mode":0,"inputs":[{"name":"lora_stack","type":"LORA_STACK","link":null,"label":"LoRA堆"}],"outputs":[{"name":"LORA_STACK","type":"LORA_STACK","links":[855],"shape":3,"slot_index":0},{"name":"show_help","type":"STRING","links":null,"shape":3,"slot_index":1}],"properties":{"Node name for S&R":"CR LoRA Stack"},"widgets_values":["On","train_lora/prod_lora/20240708/20240708024237_d85cce5122164179aad491981a9e3825/spmf_6257_r_2024070802/spmf_6257_r_2024070802.safetensors",1,1,"Off","None",1,1,"Off","None",1,1]},{"id":521,"type":"Primitive string multiline [Crystools]","pos":[-540,280],"size":{"0":400,"1":200},"flags":{},"order":7,"mode":0,"outputs":[{"name":"string","type":"STRING","links":[862],"shape":3,"label":"字符串","slot_index":0}],"properties":{"Node name for S&R":"Primitive string multiline [Crystools]"},"widgets_values":["embedding:negativeXL_D.safetensors, (worst quality, low quality, bad_pictures, negative_hand-neg:1.2),nsfw,dehydrated,bad anatomy,bad proportions,extra limbs,cloned face,disfigured,gross proportions,malformed limbs,missing arms,missing legs,extra arms,extra legs,fused fingers,too many fingers,(long neck),Bad quality,worst quality,normal quality,low-res,sketch,poor design,deformed,disfigured,soft,bad composition,simple design,boring,watermark,text,error,cropped,"]},{"id":520,"type":"Primitive string multiline [Crystools]","pos":[-1040,270],"size":{"0":400,"1":200},"flags":{},"order":8,"mode":0,"outputs":[{"name":"string","type":"STRING","links":[861,919],"shape":3,"label":"字符串","slot_index":0}],"properties":{"Node name for S&R":"Primitive string multiline [Crystools]"},"widgets_values":["a female,flawless,clean,masterpiece,professional artwork,famous artwork,Detail Face,Highly detailed face and skin texture,ultra-realistic skin details,best quantity"]},{"id":538,"type":"Primitive string multiline [Crystools]","pos":[-80,280],"size":{"0":400,"1":200},"flags":{},"order":9,"mode":0,"outputs":[{"name":"string","type":"STRING","links":[918],"shape":3,"label":"字符串","slot_index":0}],"properties":{"Node name for S&R":"Primitive string multiline [Crystools]"},"widgets_values":["cartoon, painting, illustration, (worst quality, low quality, normal quality:2)"]},{"id":539,"type":"LatentUpscaleBy","pos":[50,-480],"size":{"0":315,"1":82},"flags":{},"order":18,"mode":0,"inputs":[{"name":"samples","type":"LATENT","link":920,"label":"Latent"}],"outputs":[{"name":"LATENT","type":"LATENT","links":[921],"shape":3,"label":"Latent","slot_index":0}],"properties":{"Node name for S&R":"LatentUpscaleBy"},"widgets_values":["nearest-exact",0.5]},{"id":531,"type":"KSampler (Efficient)","pos":[-510,-320],"size":{"0":330,"1":560},"flags":{},"order":17,"mode":0,"inputs":[{"name":"model","type":"MODEL","link":887,"label":"模型"},{"name":"positive","type":"CONDITIONING","link":888,"label":"正面条件"},{"name":"negative","type":"CONDITIONING","link":889,"label":"负面条件"},{"name":"latent_image","type":"LATENT","link":890,"label":"Latent"},{"name":"optional_vae","type":"VAE","link":891,"label":"VAE(可选)"},{"name":"script","type":"SCRIPT","link":null,"label":"脚本"},{"name":"seed","type":"INT","link":893,"widget":{"name":"seed"},"label":"随机种"}],"outputs":[{"name":"MODEL","type":"MODEL","links":[],"shape":3,"label":"模型","slot_index":0},{"name":"CONDITIONING+","type":"CONDITIONING","links":[],"shape":3,"label":"正面条件","slot_index":1},{"name":"CONDITIONING-","type":"CONDITIONING","links":[],"shape":3,"label":"负面条件","slot_index":2},{"name":"LATENT","type":"LATENT","links":[920],"shape":3,"label":"Latent","slot_index":3},{"name":"VAE","type":"VAE","links":null,"shape":3,"label":"VAE"},{"name":"IMAGE","type":"IMAGE","links":[892],"shape":3,"label":"图像","slot_index":5}],"properties":{"Node name for S&R":"KSampler (Efficient)"},"widgets_values":[-1,null,8,2,"dpmpp_sde","karras",1,"auto","true"],"color":"#332233","bgcolor":"#553355","shape":1},{"id":532,"type":"KSampler (Efficient)","pos":[510,-330],"size":{"0":330,"1":560},"flags":{},"order":20,"mode":0,"inputs":[{"name":"model","type":"MODEL","link":913,"label":"模型"},{"name":"positive","type":"CONDITIONING","link":914,"label":"正面条件"},{"name":"negative","type":"CONDITIONING","link":915,"label":"负面条件"},{"name":"latent_image","type":"LATENT","link":921,"label":"Latent"},{"name":"optional_vae","type":"VAE","link":916,"label":"VAE(可选)"},{"name":"script","type":"SCRIPT","link":null,"label":"脚本"},{"name":"seed","type":"INT","link":899,"widget":{"name":"seed"},"label":"随机种"}],"outputs":[{"name":"MODEL","type":"MODEL","links":null,"shape":3,"label":"模型"},{"name":"CONDITIONING+","type":"CONDITIONING","links":null,"shape":3,"label":"正面条件"},{"name":"CONDITIONING-","type":"CONDITIONING","links":null,"shape":3,"label":"负面条件"},{"name":"LATENT","type":"LATENT","links":null,"shape":3,"label":"Latent"},{"name":"VAE","type":"VAE","links":null,"shape":3,"label":"VAE"},{"name":"IMAGE","type":"IMAGE","links":[894,895],"shape":3,"label":"图像","slot_index":5}],"properties":{"Node name for S&R":"KSampler (Efficient)"},"widgets_values":[-1,null,20,6,"dpmpp_2m","karras",0.3,"auto","true"],"color":"#332233","bgcolor":"#553355","shape":1},{"id":537,"type":"Efficient Loader","pos":[-50,-330],"size":{"0":400,"1":460},"flags":{},"order":13,"mode":0,"inputs":[{"name":"lora_stack","type":"LORA_STACK","link":null,"label":"LoRA堆"},{"name":"cnet_stack","type":"CONTROL_NET_STACK","link":null,"label":"ControlNet堆"},{"name":"positive","type":"STRING","link":919,"widget":{"name":"positive"},"label":"正面条件","slot_index":4},{"name":"negative","type":"STRING","link":918,"widget":{"name":"negative"},"label":"负面条件"}],"outputs":[{"name":"MODEL","type":"MODEL","links":[913],"shape":3,"label":"模型","slot_index":0},{"name":"CONDITIONING+","type":"CONDITIONING","links":[914],"shape":3,"label":"正面条件","slot_index":1},{"name":"CONDITIONING-","type":"CONDITIONING","links":[915],"shape":3,"label":"负面条件","slot_index":2},{"name":"LATENT","type":"LATENT","links":null,"shape":3,"label":"Latent"},{"name":"VAE","type":"VAE","links":[916],"shape":3,"label":"VAE","slot_index":4},{"name":"CLIP","type":"CLIP","links":null,"shape":3,"label":"CLIP"},{"name":"DEPENDENCIES","type":"DEPENDENCIES","links":null,"shape":3,"label":"依赖"}],"properties":{"Node name for S&R":"Efficient Loader"},"widgets_values":["sd1.5/photon_v1.safetensors","sd1.5/difconsistencyRAWVAE_v10.pt",-1,"None",1,1,"CLIP_POSITIVE","CLIP_NEGATIVE","none","comfy",512,512,1],"color":"#332222","bgcolor":"#553333","shape":1}],"links":[[299,304,0,303,0,"LATENT"],[804,498,0,303,1,"MASK"],[838,510,0,446,0,"IMAGE"],[839,511,0,446,1,"IMAGE"],[840,513,0,499,0,"IMAGE"],[841,512,0,498,0,"IMAGE"],[849,513,0,516,1,"IMAGE"],[854,513,0,304,0,"IMAGE"],[855,505,0,519,0,"LORA_STACK"],[856,446,0,519,1,"CONTROL_NET_STACK"],[859,499,1,519,3,"INT"],[860,499,0,519,2,"INT"],[861,520,0,519,4,"STRING"],[862,521,0,519,5,"STRING"],[870,519,4,304,1,"VAE"],[887,519,0,531,0,"MODEL"],[888,519,1,531,1,"CONDITIONING"],[889,519,2,531,2,"CONDITIONING"],[890,303,0,531,3,"LATENT"],[891,519,4,531,4,"VAE"],[892,531,5,515,0,"IMAGE"],[893,398,0,531,6,"INT"],[894,532,5,509,0,"IMAGE"],[895,532,5,516,0,"IMAGE"],[899,399,0,532,6,"INT"],[913,537,0,532,0,"MODEL"],[914,537,1,532,1,"CONDITIONING"],[915,537,2,532,2,"CONDITIONING"],[916,537,4,532,4,"VAE"],[918,538,0,537,3,"STRING"],[919,520,0,537,2,"STRING"],[920,531,3,539,0,"LATENT"],[921,539,0,532,3,"LATENT"]],"groups":[],"config":{},"extra":{"ds":{"scale":0.5445000000000005,"offset":{"0":2014.639404296875,"1":842.7872314453125}},"groupNodes":{},"workspace_info":{"id":"b7RayzilIbUu5NMbiugQs"}},"version":0.4}