{"last_node_id":599,"last_link_id":1147,"nodes":[{"id":470,"type":"GetImageSize+","pos":[-1758,-966],"size":{"0":210,"1":46},"flags":{},"order":15,"mode":0,"inputs":[{"name":"image","type":"IMAGE","link":747,"label":"图像"}],"outputs":[{"name":"width","type":"INT","links":[716],"shape":3,"label":"宽度","slot_index":0},{"name":"height","type":"INT","links":[717],"shape":3,"label":"高度","slot_index":1}],"properties":{"Node name for S&R":"GetImageSize+"}},{"id":478,"type":"MaskToImage","pos":[-2020,-1391],"size":{"0":141.13909912109375,"1":26},"flags":{},"order":25,"mode":0,"inputs":[{"name":"mask","type":"MASK","link":718,"label":"遮罩","slot_index":0}],"outputs":[{"name":"IMAGE","type":"IMAGE","links":[719],"shape":3,"label":"图像","slot_index":0}],"properties":{"Node name for S&R":"MaskToImage"}},{"id":455,"type":"Reroute","pos":[-1768,-1284],"size":[82,26],"flags":{},"order":10,"mode":0,"inputs":[{"name":"","type":"*","link":771}],"outputs":[{"name":"IMAGE","type":"IMAGE","links":[772,954],"slot_index":0}],"properties":{"showOutputText":true,"horizontal":false}},{"id":477,"type":"SolidMask","pos":[-2425,-1402],"size":{"0":315,"1":106},"flags":{},"order":20,"mode":0,"inputs":[{"name":"width","type":"INT","link":716,"widget":{"name":"width"},"label":"宽度"},{"name":"height","type":"INT","link":717,"widget":{"name":"height"},"label":"高度"}],"outputs":[{"name":"MASK","type":"MASK","links":[718],"shape":3,"label":"遮罩","slot_index":0}],"properties":{"Node name for S&R":"SolidMask"},"widgets_values":[1,512,512]},{"id":551,"type":"PreviewImage","pos":[-3736.845852322049,-495.7881401909723],"size":{"0":210,"1":246},"flags":{},"order":34,"mode":0,"inputs":[{"name":"images","type":"IMAGE","link":957,"label":"图像"}],"properties":{"Node name for S&R":"PreviewImage"}},{"id":452,"type":"Reroute","pos":[-1752,-1413],"size":[82,26],"flags":{},"order":29,"mode":0,"inputs":[{"name":"","type":"*","link":719}],"outputs":[{"name":"IMAGE","type":"IMAGE","links":[768,958,965],"slot_index":0}],"properties":{"showOutputText":true,"horizontal":false}},{"id":496,"type":"Reroute","pos":[-2143,-234],"size":[75,26],"flags":{},"order":39,"mode":0,"inputs":[{"name":"","type":"*","link":1122}],"outputs":[{"name":"","type":"IMAGE","links":[813,816],"slot_index":0}],"properties":{"showOutputText":false,"horizontal":false}},{"id":450,"type":"Reroute","pos":[-1744,-1162],"size":[82,26],"flags":{},"order":8,"mode":0,"inputs":[{"name":"","type":"*","link":991}],"outputs":[{"name":"IMAGE","type":"IMAGE","links":[662,747,956,990],"slot_index":0}],"properties":{"showOutputText":true,"horizontal":false}},{"id":331,"type":"MaskToImage","pos":[-962,-984],"size":{"0":140,"1":26},"flags":{},"order":24,"mode":0,"inputs":[{"name":"mask","type":"MASK","link":1142,"label":"遮罩"}],"outputs":[{"name":"IMAGE","type":"IMAGE","links":[672],"shape":3,"label":"图像","slot_index":0}],"properties":{"Node name for S&R":"MaskToImage"}},{"id":534,"type":"ImageToMask","pos":[-877,-809],"size":{"0":315,"1":58},"flags":{},"order":11,"mode":0,"inputs":[{"name":"image","type":"IMAGE","link":912,"label":"图像"}],"outputs":[{"name":"MASK","type":"MASK","links":[],"shape":3,"label":"遮罩","slot_index":0}],"properties":{"Node name for S&R":"ImageToMask"},"widgets_values":["blue"]},{"id":488,"type":"AIO_Preprocessor","pos":[-3468,-347],"size":{"0":315,"1":82},"flags":{},"order":22,"mode":0,"inputs":[{"name":"image","type":"IMAGE","link":788,"label":"图像","slot_index":0}],"outputs":[{"name":"IMAGE","type":"IMAGE","links":[790],"shape":3,"label":"图像","slot_index":0}],"properties":{"Node name for S&R":"AIO_Preprocessor"},"widgets_values":["AnyLineArtPreprocessor_aux",768]},{"id":440,"type":"ImageResize+","pos":[-3063,-314],"size":{"0":315,"1":218},"flags":{"collapsed":true},"order":27,"mode":0,"inputs":[{"name":"image","type":"IMAGE","link":790,"label":"图像"},{"name":"width","type":"INT","link":728,"widget":{"name":"width"},"label":"宽度"},{"name":"height","type":"INT","link":729,"widget":{"name":"height"},"label":"高度"}],"outputs":[{"name":"IMAGE","type":"IMAGE","links":[727],"shape":3,"label":"图像","slot_index":0},{"name":"width","type":"INT","links":null,"shape":3,"label":"宽度"},{"name":"height","type":"INT","links":null,"shape":3,"label":"高度"}],"properties":{"Node name for S&R":"ImageResize+"},"widgets_values":[768,1024,"nearest",true,"always",0]},{"id":386,"type":"GetImageSize+","pos":[-1748,-730],"size":{"0":140,"1":46},"flags":{},"order":17,"mode":0,"inputs":[{"name":"image","type":"IMAGE","link":990,"label":"图像"}],"outputs":[{"name":"width","type":"INT","links":[479,728,971],"shape":3,"label":"宽度","slot_index":0},{"name":"height","type":"INT","links":[480,729,972],"shape":3,"label":"高度","slot_index":1}],"properties":{"Node name for S&R":"GetImageSize+"}},{"id":546,"type":"MaskToImage","pos":[-2094,-800],"size":{"0":140,"1":28.10196876525879},"flags":{},"order":9,"mode":0,"inputs":[{"name":"mask","type":"MASK","link":1059,"label":"遮罩"}],"outputs":[{"name":"IMAGE","type":"IMAGE","links":[973],"shape":3,"label":"图像","slot_index":0}],"properties":{"Node name for S&R":"MaskToImage"}},{"id":485,"type":"ImageCompositedMaskedWeight","pos":[-2425,-1215],"size":{"0":315,"1":78},"flags":{},"order":30,"mode":0,"inputs":[{"name":"source","type":"IMAGE","link":768,"label":"source"},{"name":"mask","type":"IMAGE","link":772,"label":"mask"}],"outputs":[{"name":"IMAGE","type":"IMAGE","links":[],"shape":3,"label":"IMAGE","slot_index":0}],"properties":{"Node name for S&R":"ImageCompositedMaskedWeight"},"widgets_values":[0]},{"id":459,"type":"Reroute","pos":[-3253,-590],"size":[82,26],"flags":{},"order":16,"mode":0,"inputs":[{"name":"","type":"*","link":956}],"outputs":[{"name":"IMAGE","type":"IMAGE","links":[697,788],"slot_index":0}],"properties":{"showOutputText":true,"horizontal":false}},{"id":465,"type":"AIO_Preprocessor","pos":[-3490,-123],"size":{"0":315,"1":82},"flags":{},"order":21,"mode":0,"inputs":[{"name":"image","type":"IMAGE","link":697,"label":"图像"}],"outputs":[{"name":"IMAGE","type":"IMAGE","links":[969],"shape":3,"label":"图像","slot_index":0}],"properties":{"Node name for S&R":"AIO_Preprocessor"},"widgets_values":["DepthAnythingV2Preprocessor",768]},{"id":554,"type":"ImageResize+","pos":[-3070,-85],"size":{"0":315,"1":218},"flags":{"collapsed":true},"order":26,"mode":0,"inputs":[{"name":"image","type":"IMAGE","link":969,"label":"图像"},{"name":"width","type":"INT","link":971,"widget":{"name":"width"},"label":"宽度"},{"name":"height","type":"INT","link":972,"widget":{"name":"height"},"label":"高度"}],"outputs":[{"name":"IMAGE","type":"IMAGE","links":[981],"shape":3,"label":"图像","slot_index":0},{"name":"width","type":"INT","links":null,"shape":3,"label":"宽度"},{"name":"height","type":"INT","links":null,"shape":3,"label":"高度"}],"properties":{"Node name for S&R":"ImageResize+"},"widgets_values":[768,1024,"nearest",true,"always",0]},{"id":322,"type":"Reroute","pos":[-706,-685],"size":[82,26],"flags":{},"order":14,"mode":0,"inputs":[{"name":"","type":"*","link":662}],"outputs":[{"name":"IMAGE","type":"IMAGE","links":[1091],"slot_index":0}],"properties":{"showOutputText":true,"horizontal":false}},{"id":435,"type":"ImageCompositedMaskedWeight","pos":[-2880,-350],"size":{"0":315,"1":78},"flags":{},"order":33,"mode":0,"inputs":[{"name":"source","type":"IMAGE","link":727,"label":"source"},{"name":"mask","type":"IMAGE","link":822,"label":"mask"}],"outputs":[{"name":"IMAGE","type":"IMAGE","links":[950],"shape":3,"label":"IMAGE","slot_index":0}],"properties":{"Node name for S&R":"ImageCompositedMaskedWeight"},"widgets_values":[1]},{"id":565,"type":"INPAINT_VAEEncodeInpaintConditioning","pos":[-430,-420],"size":{"0":292.20001220703125,"1":106},"flags":{},"order":44,"mode":0,"inputs":[{"name":"positive","type":"CONDITIONING","link":1018,"label":"正面条件"},{"name":"negative","type":"CONDITIONING","link":1019,"label":"负面条件"},{"name":"vae","type":"VAE","link":1020,"label":"VAE"},{"name":"pixels","type":"IMAGE","link":1091,"label":"图像"},{"name":"mask","type":"MASK","link":1022,"label":"遮罩"}],"outputs":[{"name":"positive","type":"CONDITIONING","links":[1112],"shape":3,"label":"正面条件","slot_index":0},{"name":"negative","type":"CONDITIONING","links":[1113],"shape":3,"label":"负面条件","slot_index":1},{"name":"latent_inpaint","type":"LATENT","links":[1140],"shape":3,"label":"局部重绘Latent","slot_index":2},{"name":"latent_samples","type":"LATENT","links":[1139],"shape":3,"label":"采样Latent","slot_index":3}],"properties":{"Node name for S&R":"INPAINT_VAEEncodeInpaintConditioning"}},{"id":583,"type":"CR LoRA Stack","pos":[-1390,-370],"size":{"0":315,"1":342},"flags":{},"order":0,"mode":0,"inputs":[{"name":"lora_stack","type":"LORA_STACK","link":null,"label":"LoRA堆"}],"outputs":[{"name":"LORA_STACK","type":"LORA_STACK","links":[1111],"shape":3},{"name":"show_help","type":"STRING","links":null,"shape":3}],"properties":{"Node name for S&R":"CR LoRA Stack"},"widgets_values":["On","train_lora/prod_lora/20240708/20240708111133_39d058b7280a41128f8764d04fd83816/spmf_6335_r_2024070811/spmf_6335_r_2024070811.safetensors",1.3,1,"On","sdxl/AnalogRedmondV2-Analog-AnalogRedmAF.safetensors",0.6,1,"Off","None",1,1]},{"id":350,"type":"Efficient Loader","pos":[-930,-460],"size":{"0":340,"1":540},"flags":{},"order":43,"mode":0,"inputs":[{"name":"lora_stack","type":"LORA_STACK","link":1111,"label":"LoRA堆","slot_index":0},{"name":"cnet_stack","type":"CONTROL_NET_STACK","link":636,"label":"ControlNet堆","slot_index":1},{"name":"empty_latent_width","type":"INT","link":479,"widget":{"name":"empty_latent_width"},"label":"宽度"},{"name":"empty_latent_height","type":"INT","link":480,"widget":{"name":"empty_latent_height"},"label":"高度"},{"name":"positive","type":"STRING","link":1136,"widget":{"name":"positive"},"label":"正面条件","slot_index":4}],"outputs":[{"name":"MODEL","type":"MODEL","links":[1061],"shape":3,"label":"模型","slot_index":0},{"name":"CONDITIONING+","type":"CONDITIONING","links":[1018],"shape":3,"label":"正面条件","slot_index":1},{"name":"CONDITIONING-","type":"CONDITIONING","links":[1019],"shape":3,"label":"负面条件","slot_index":2},{"name":"LATENT","type":"LATENT","links":[],"shape":3,"label":"Latent","slot_index":3},{"name":"VAE","type":"VAE","links":[1020,1120],"shape":3,"label":"VAE","slot_index":4},{"name":"CLIP","type":"CLIP","links":[],"shape":3,"label":"CLIP","slot_index":5},{"name":"DEPENDENCIES","type":"DEPENDENCIES","links":[],"shape":3,"label":"依赖","slot_index":6}],"properties":{"Node name for S&R":"Efficient Loader"},"widgets_values":["sdxl/dreamshaperXL_v21TurboDPMSDE.safetensors","Baked VAE",-1,"None",1.3,1,"a female,vividly,skin_texture,Vivid,light and shadow of details, beautiful face,headshot,,best quality,highres,bright,Ultra clear details","embedding:negativeXL_D.safetensors, NSFW, worst quality, low quality, illustration, 3d, 2d, cartoon, painting, cartoons, sketch, open mouth, long neck, watermark, text, extra fingers, inverted nipple, busty, large breasts, ugly, disgusting, cloth","mean","comfy",512,512,1],"color":"#332233","bgcolor":"#553355","shape":1},{"id":553,"type":"ImageCompositedMaskedWeight","pos":[-2880,-140],"size":{"0":315,"1":78},"flags":{},"order":35,"mode":0,"inputs":[{"name":"source","type":"IMAGE","link":981,"label":"source"},{"name":"mask","type":"IMAGE","link":1124,"label":"mask","slot_index":1}],"outputs":[{"name":"IMAGE","type":"IMAGE","links":[1121],"shape":3,"label":"IMAGE","slot_index":0}],"properties":{"Node name for S&R":"ImageCompositedMaskedWeight"},"widgets_values":[1]},{"id":548,"type":"ImageCompositedMaskedWeight","pos":[-2490,-350],"size":{"0":315,"1":78},"flags":{},"order":36,"mode":0,"inputs":[{"name":"source","type":"IMAGE","link":950,"label":"source"},{"name":"mask","type":"IMAGE","link":961,"label":"mask"}],"outputs":[{"name":"IMAGE","type":"IMAGE","links":[963],"shape":3,"label":"IMAGE","slot_index":0}],"properties":{"Node name for S&R":"ImageCompositedMaskedWeight"},"widgets_values":[0]},{"id":461,"type":"ImageBlend","pos":[-2881,-574],"size":{"0":315,"1":102},"flags":{},"order":31,"mode":0,"inputs":[{"name":"image1","type":"IMAGE","link":958,"label":"图像1"},{"name":"image2","type":"IMAGE","link":954,"label":"图像2"}],"outputs":[{"name":"IMAGE","type":"IMAGE","links":[822,957,1124],"shape":3,"label":"图像","slot_index":0}],"properties":{"Node name for S&R":"ImageBlend"},"widgets_values":[1,"difference"]},{"id":550,"type":"ImageBlend","pos":[-2510,-570],"size":{"0":375.8050537109375,"1":102},"flags":{},"order":32,"mode":0,"inputs":[{"name":"image1","type":"IMAGE","link":965,"label":"图像1"},{"name":"image2","type":"IMAGE","link":973,"label":"图像2"}],"outputs":[{"name":"IMAGE","type":"IMAGE","links":[961,1123],"shape":3,"label":"图像","slot_index":0}],"properties":{"Node name for S&R":"ImageBlend"},"widgets_values":[1,"difference"]},{"id":588,"type":"ImageCompositedMaskedWeight","pos":[-2500,-130],"size":{"0":315,"1":78},"flags":{},"order":37,"mode":0,"inputs":[{"name":"source","type":"IMAGE","link":1121,"label":"source"},{"name":"mask","type":"IMAGE","link":1123,"label":"mask","slot_index":1}],"outputs":[{"name":"IMAGE","type":"IMAGE","links":[1122],"shape":3,"label":"IMAGE","slot_index":0}],"properties":{"Node name for S&R":"ImageCompositedMaskedWeight"},"widgets_values":[0.2]},{"id":446,"type":"CR Multi-ControlNet Stack","pos":[-1950,-420],"size":{"0":418.1999816894531,"1":454},"flags":{},"order":42,"mode":0,"inputs":[{"name":"image_1","type":"IMAGE","link":815,"label":"图像1"},{"name":"image_2","type":"IMAGE","link":816,"label":"图像2"},{"name":"image_3","type":"IMAGE","link":null,"label":"图像3"},{"name":"controlnet_stack","type":"CONTROL_NET_STACK","link":null,"label":"ControlNet堆"}],"outputs":[{"name":"CONTROLNET_STACK","type":"CONTROL_NET_STACK","links":[636],"shape":3,"label":"ControlNet堆"},{"name":"show_help","type":"STRING","links":null,"shape":3}],"properties":{"Node name for S&R":"CR Multi-ControlNet Stack"},"widgets_values":["On","diffusers_xl_canny_small.safetensors",0.7000000000000001,0,1,"On","diffusers_xl_depth_small.safetensors",0.6,0,1,"Off","None",1,0,1]},{"id":592,"type":"Image Comparer (rgthree)","pos":{"0":1020,"1":-1510,"2":0,"3":0,"4":0,"5":0,"6":0,"7":0,"8":0,"9":0},"size":{"0":610,"1":810},"flags":{},"order":51,"mode":0,"inputs":[{"name":"image_a","type":"IMAGE","link":1138,"label":"图像_A","dir":3},{"name":"image_b","type":"IMAGE","link":1130,"label":"图像_B","dir":3}],"outputs":[],"properties":{"comparer_mode":"Slide"},"widgets_values":[["/view?filename=rgthree.compare._temp_onjsn_00007_.png&type=temp&subfolder=&rand=0.2544426598572205","/view?filename=rgthree.compare._temp_onjsn_00008_.png&type=temp&subfolder=&rand=0.273249152210455"]]},{"id":408,"type":"Reroute","pos":[-970,-700],"size":[75,26],"flags":{},"order":23,"mode":0,"inputs":[{"name":"","type":"*","link":1141}],"outputs":[{"name":"MASK","type":"MASK","links":[1022],"slot_index":0}],"properties":{"showOutputText":true,"horizontal":false}},{"id":497,"type":"Reroute","pos":[-2140,-350],"size":[75,26],"flags":{},"order":38,"mode":0,"inputs":[{"name":"","type":"*","link":963}],"outputs":[{"name":"","type":"IMAGE","links":[812,815],"slot_index":0}],"properties":{"showOutputText":false,"horizontal":false}},{"id":457,"type":"PreviewImage","pos":[-1820,-2110],"size":{"0":447.667236328125,"1":470.1690673828125},"flags":{},"order":28,"mode":0,"inputs":[{"name":"images","type":"IMAGE","link":672,"label":"图像"}],"properties":{"Node name for S&R":"PreviewImage"}},{"id":438,"type":"PreviewImage","pos":[-1300,-2110],"size":{"0":397.9082946777344,"1":481.5565185546875},"flags":{},"order":40,"mode":0,"inputs":[{"name":"images","type":"IMAGE","link":812,"label":"图像"}],"properties":{"Node name for S&R":"PreviewImage"}},{"id":469,"type":"PreviewImage","pos":[-840,-2110],"size":{"0":444.0813293457031,"1":486.7157287597656},"flags":{},"order":41,"mode":0,"inputs":[{"name":"images","type":"IMAGE","link":813,"label":"图像"}],"properties":{"Node name for S&R":"PreviewImage"}},{"id":480,"type":"Image Comparer (rgthree)","pos":{"0":300,"1":-1520,"2":0,"3":0,"4":0,"5":0,"6":0,"7":0,"8":0,"9":0},"size":{"0":651.1187744140625,"1":817.9651489257812},"flags":{},"order":49,"mode":0,"inputs":[{"name":"image_a","type":"IMAGE","link":940,"label":"图像_A","dir":3},{"name":"image_b","type":"IMAGE","link":1128,"label":"图像_B","dir":3}],"outputs":[],"properties":{"comparer_mode":"Slide"},"widgets_values":[["/view?filename=rgthree.compare._temp_uutrp_00019_.png&type=temp&subfolder=&rand=0.9712827616293331","/view?filename=rgthree.compare._temp_uutrp_00020_.png&type=temp&subfolder=&rand=0.011276520979472071"]]},{"id":542,"type":"ImageCASharpening+","pos":[470,-560],"size":{"0":315,"1":58},"flags":{},"order":48,"mode":0,"inputs":[{"name":"image","type":"IMAGE","link":1118,"label":"图像"}],"outputs":[{"name":"IMAGE","type":"IMAGE","links":[940,1137],"shape":3,"label":"图像","slot_index":0}],"properties":{"Node name for S&R":"ImageCASharpening+"},"widgets_values":[0.6]},{"id":593,"type":"List of strings [Crystools]","pos":[-940,140],"size":{"0":320,"1":270},"flags":{},"order":7,"mode":0,"inputs":[{"name":"string_1","type":"STRING","link":1133,"widget":{"name":"string_1"},"label":"字符串_1","slot_index":0},{"name":"string_2","type":"STRING","link":1134,"widget":{"name":"string_2"},"label":"字符串_2"},{"name":"string_3","type":"STRING","link":1135,"widget":{"name":"string_3"},"label":"字符串_3"}],"outputs":[{"name":"concatenated","type":"STRING","links":[1136],"shape":3,"label":"字符串合并","slot_index":0},{"name":"list_string","type":"ListString","links":null,"shape":6,"label":"字符串列表"}],"properties":{"Node name for S&R":"List of strings [Crystools]"},"widgets_values":["","","","","","","","",","]},{"id":595,"type":"Primitive string multiline [Crystools]","pos":[-1450,240],"size":{"0":380,"1":140},"flags":{},"order":1,"mode":0,"outputs":[{"name":"string","type":"STRING","links":[1134],"shape":3,"label":"字符串","slot_index":0}],"properties":{"Node name for S&R":"Primitive string multiline [Crystools]"},"widgets_values":["without cloth,detailed skin,perfect eyes,detail Face,highly detailed face and skin texture,ultra-realistic skin details"]},{"id":596,"type":"Primitive string multiline [Crystools]","pos":[-1450,450],"size":{"0":380,"1":180},"flags":{},"order":2,"mode":0,"outputs":[{"name":"string","type":"STRING","links":[1135],"shape":3,"label":"字符串","slot_index":0}],"properties":{"Node name for S&R":"Primitive string multiline [Crystools]"},"widgets_values":["flawless,clean,masterpiece,professional artwork,famous artwork,best quantity"]},{"id":594,"type":"Primitive string multiline [Crystools]","pos":[-1440,80],"size":{"0":360,"1":90},"flags":{},"order":3,"mode":0,"outputs":[{"name":"string","type":"STRING","links":[1133],"shape":3,"label":"字符串"}],"properties":{"Node name for S&R":"Primitive string multiline [Crystools]"},"widgets_values":["a female"]},{"id":597,"type":"Film Grain","pos":[910,-560],"size":{"0":315,"1":178},"flags":{},"order":50,"mode":0,"inputs":[{"name":"image","type":"IMAGE","link":1137,"label":"image"}],"outputs":[{"name":"IMAGE","type":"IMAGE","links":[1138],"shape":3,"label":"IMAGE","slot_index":0}],"properties":{"Node name for S&R":"Film Grain"},"widgets_values":[0.3,0.3,0.7,0,11070542913893,"randomize"]},{"id":203,"type":"PreviewImage","pos":[-350,-1520],"size":{"0":610,"1":810},"flags":{},"order":47,"mode":0,"inputs":[{"name":"images","type":"IMAGE","link":1116,"label":"图像"}],"properties":{"Node name for S&R":"PreviewImage"}},{"id":432,"type":"ImageToMask","pos":[-1770,-850],"size":{"0":315,"1":58},"flags":{},"order":12,"mode":0,"inputs":[{"name":"image","type":"IMAGE","link":1079,"label":"图像"}],"outputs":[{"name":"MASK","type":"MASK","links":[845],"shape":3,"label":"遮罩","slot_index":0}],"properties":{"Node name for S&R":"ImageToMask"},"widgets_values":["blue"]},{"id":586,"type":"Fooocus_KSamplerEfficient","pos":[-40,-420],"size":{"0":330,"1":590},"flags":{},"order":46,"mode":0,"inputs":[{"name":"model","type":"MODEL","link":1114,"label":"model"},{"name":"positive","type":"CONDITIONING","link":1112,"label":"positive"},{"name":"negative","type":"CONDITIONING","link":1113,"label":"negative"},{"name":"latent_image","type":"LATENT","link":1139,"label":"latent_image"},{"name":"optional_vae","type":"VAE","link":1120,"label":"optional_vae"},{"name":"script","type":"SCRIPT","link":null,"label":"script"}],"outputs":[{"name":"MODEL","type":"MODEL","links":null,"shape":3,"label":"MODEL"},{"name":"CONDITIONING+","type":"CONDITIONING","links":null,"shape":3,"label":"CONDITIONING+"},{"name":"CONDITIONING-","type":"CONDITIONING","links":null,"shape":3,"label":"CONDITIONING-"},{"name":"LATENT","type":"LATENT","links":null,"shape":3,"label":"LATENT"},{"name":"VAE","type":"VAE","links":null,"shape":3,"label":"VAE"},{"name":"IMAGE","type":"IMAGE","links":[1116,1118,1128],"shape":3,"label":"IMAGE","slot_index":5}],"properties":{"Node name for S&R":"Fooocus_KSamplerEfficient"},"widgets_values":[322591925565074,"randomize",8,2,"dpmpp_sde_gpu","karras",0.8,"auto","true",1]},{"id":574,"type":"INPAINT_ApplyFooocusInpaint","pos":[-410,-250],"size":{"0":210,"1":66},"flags":{},"order":45,"mode":0,"inputs":[{"name":"model","type":"MODEL","link":1061,"label":"模型"},{"name":"patch","type":"INPAINT_PATCH","link":1060,"label":"局部重绘组件"},{"name":"latent","type":"LATENT","link":1140,"label":"Latent"}],"outputs":[{"name":"MODEL","type":"MODEL","links":[1114],"shape":3,"label":"模型","slot_index":0}],"properties":{"Node name for S&R":"INPAINT_ApplyFooocusInpaint"}},{"id":573,"type":"INPAINT_LoadFooocusInpaint","pos":[-460,-110],"size":{"0":315,"1":82},"flags":{},"order":4,"mode":0,"outputs":[{"name":"INPAINT_PATCH","type":"INPAINT_PATCH","links":[1060],"shape":3,"label":"局部重绘组件","slot_index":0}],"properties":{"Node name for S&R":"INPAINT_LoadFooocusInpaint"},"widgets_values":["fooocus/fooocus_inpaint_head.pth","fooocus/inpaint_v26.fooocus.patch"]},{"id":494,"type":"GrowMaskWithBlur","pos":[-1340,-980],"size":{"0":315,"1":246},"flags":{},"order":18,"mode":0,"inputs":[{"name":"mask","type":"MASK","link":845,"label":"遮罩"}],"outputs":[{"name":"mask","type":"MASK","links":[1141,1142],"shape":3,"label":"遮罩","slot_index":0},{"name":"mask_inverted","type":"MASK","links":[],"shape":3,"label":"反转遮罩","slot_index":1}],"properties":{"Node name for S&R":"GrowMaskWithBlur"},"widgets_values":[13,6.9,true,false,5,0.7000000000000001,0.7000000000000001,false]},{"id":559,"type":"LoadImage","pos":[-1040,-1420],"size":{"0":315,"1":314},"flags":{},"order":5,"mode":0,"outputs":[{"name":"IMAGE","type":"IMAGE","links":[991,1130,1145],"shape":3,"label":"图像","slot_index":0},{"name":"MASK","type":"MASK","links":[1059],"shape":3,"label":"遮罩","slot_index":1}],"properties":{"Node name for S&R":"LoadImage"},"widgets_values":["clipspace/clipspace-mask-113326.png [input]","image"]},{"id":454,"type":"LoadImage","pos":[-1423,-1412],"size":{"0":315,"1":314},"flags":{},"order":6,"mode":0,"outputs":[{"name":"IMAGE","type":"IMAGE","links":[771,912,1079,1146],"shape":3,"label":"图像","slot_index":0},{"name":"MASK","type":"MASK","links":[],"shape":3,"label":"遮罩","slot_index":1}],"properties":{"Node name for S&R":"LoadImage"},"widgets_values":["1 (2).jpg","image"]},{"id":598,"type":"ImageBlend","pos":[-260,-1660],"size":{"0":315,"1":102},"flags":{},"order":13,"mode":0,"inputs":[{"name":"image1","type":"IMAGE","link":1145,"label":"图像1"},{"name":"image2","type":"IMAGE","link":1146,"label":"图像2"}],"outputs":[{"name":"IMAGE","type":"IMAGE","links":[1147],"shape":3,"label":"图像","slot_index":0}],"properties":{"Node name for S&R":"ImageBlend"},"widgets_values":[1,"difference"]},{"id":599,"type":"PreviewImage","pos":[170,-2270],"size":[550,660],"flags":{},"order":19,"mode":0,"inputs":[{"name":"images","type":"IMAGE","link":1147,"label":"图像"}],"properties":{"Node name for S&R":"PreviewImage"}}],"links":[[479,386,0,350,2,"INT"],[480,386,1,350,3,"INT"],[636,446,0,350,1,"CONTROL_NET_STACK"],[662,450,0,322,0,"*"],[672,331,0,457,0,"IMAGE"],[697,459,0,465,0,"IMAGE"],[716,470,0,477,0,"INT"],[717,470,1,477,1,"INT"],[718,477,0,478,0,"MASK"],[719,478,0,452,0,"*"],[727,440,0,435,0,"IMAGE"],[728,386,0,440,1,"INT"],[729,386,1,440,2,"INT"],[747,450,0,470,0,"IMAGE"],[768,452,0,485,0,"IMAGE"],[771,454,0,455,0,"*"],[772,455,0,485,1,"IMAGE"],[788,459,0,488,0,"IMAGE"],[790,488,0,440,0,"IMAGE"],[812,497,0,438,0,"IMAGE"],[813,496,0,469,0,"IMAGE"],[815,497,0,446,0,"IMAGE"],[816,496,0,446,1,"IMAGE"],[822,461,0,435,1,"IMAGE"],[845,432,0,494,0,"MASK"],[912,454,0,534,0,"IMAGE"],[940,542,0,480,0,"IMAGE"],[950,435,0,548,0,"IMAGE"],[954,455,0,461,1,"IMAGE"],[956,450,0,459,0,"*"],[957,461,0,551,0,"IMAGE"],[958,452,0,461,0,"IMAGE"],[961,550,0,548,1,"IMAGE"],[963,548,0,497,0,"*"],[965,452,0,550,0,"IMAGE"],[969,465,0,554,0,"IMAGE"],[971,386,0,554,1,"INT"],[972,386,1,554,2,"INT"],[973,546,0,550,1,"IMAGE"],[981,554,0,553,0,"IMAGE"],[990,450,0,386,0,"IMAGE"],[991,559,0,450,0,"*"],[1018,350,1,565,0,"CONDITIONING"],[1019,350,2,565,1,"CONDITIONING"],[1020,350,4,565,2,"VAE"],[1022,408,0,565,4,"MASK"],[1059,559,1,546,0,"MASK"],[1060,573,0,574,1,"INPAINT_PATCH"],[1061,350,0,574,0,"MODEL"],[1079,454,0,432,0,"IMAGE"],[1091,322,0,565,3,"IMAGE"],[1111,583,0,350,0,"LORA_STACK"],[1112,565,0,586,1,"CONDITIONING"],[1113,565,1,586,2,"CONDITIONING"],[1114,574,0,586,0,"MODEL"],[1116,586,5,203,0,"IMAGE"],[1118,586,5,542,0,"IMAGE"],[1120,350,4,586,4,"VAE"],[1121,553,0,588,0,"IMAGE"],[1122,588,0,496,0,"*"],[1123,550,0,588,1,"IMAGE"],[1124,461,0,553,1,"IMAGE"],[1128,586,5,480,1,"IMAGE"],[1130,559,0,592,1,"IMAGE"],[1133,594,0,593,0,"STRING"],[1134,595,0,593,1,"STRING"],[1135,596,0,593,2,"STRING"],[1136,593,0,350,4,"STRING"],[1137,542,0,597,0,"IMAGE"],[1138,597,0,592,0,"IMAGE"],[1139,565,3,586,3,"LATENT"],[1140,565,2,574,2,"LATENT"],[1141,494,0,408,0,"*"],[1142,494,0,331,0,"MASK"],[1145,559,0,598,0,"IMAGE"],[1146,454,0,598,1,"IMAGE"],[1147,598,0,599,0,"IMAGE"]],"groups":[{"title":"Group","bounding":[-1787,-1506,1290,878],"color":"#3f789e","font_size":24,"locked":false}],"config":{},"extra":{"ds":{"scale":0.7247295000000034,"offset":{"0":1295.150468148729,"1":1396.5956810893397}},"groupNodes":{},"workspace_info":{"id":"JRAkul2tW7Kt-i9N-BzOH","saveLock":false,"cloudID":null,"coverMediaPath":null}},"version":0.4}