{"last_node_id":553,"last_link_id":968,"nodes":[{"id":499,"type":"GetImageSize+","pos":[-1350,-530],"size":{"0":210,"1":46},"flags":{},"order":10,"mode":0,"inputs":[{"name":"image","type":"IMAGE","link":840,"label":"图像"}],"outputs":[{"name":"width","type":"INT","links":[860],"shape":3,"label":"宽度","slot_index":0},{"name":"height","type":"INT","links":[859],"shape":3,"label":"高度","slot_index":1}],"properties":{"Node name for S&R":"GetImageSize+"}},{"id":512,"type":"LoadImage","pos":[-1560,-1020],"size":[320,310],"flags":{},"order":0,"mode":0,"outputs":[{"name":"IMAGE","type":"IMAGE","links":[841],"shape":3,"label":"图像","slot_index":0},{"name":"MASK","type":"MASK","links":null,"shape":3,"label":"遮罩"}],"properties":{"Node name for S&R":"LoadImage"},"widgets_values":["10161720601665_.pic (1).jpg","image"]},{"id":511,"type":"LoadImage","pos":[-1960,-1030],"size":[320,310],"flags":{},"order":1,"mode":0,"outputs":[{"name":"IMAGE","type":"IMAGE","links":[839],"shape":3,"label":"图像","slot_index":0},{"name":"MASK","type":"MASK","links":null,"shape":3,"label":"遮罩"}],"properties":{"Node name for S&R":"LoadImage"},"widgets_values":["depth.png","image"]},{"id":510,"type":"LoadImage","pos":[-2340,-1030],"size":[320,310],"flags":{},"order":2,"mode":0,"outputs":[{"name":"IMAGE","type":"IMAGE","links":[838],"shape":3,"label":"图像","slot_index":0},{"name":"MASK","type":"MASK","links":null,"shape":3,"label":"遮罩"}],"properties":{"Node name for S&R":"LoadImage"},"widgets_values":["canny.png","image"]},{"id":513,"type":"LoadImage","pos":[-1180,-1020],"size":[320,310],"flags":{},"order":3,"mode":0,"outputs":[{"name":"IMAGE","type":"IMAGE","links":[840,945],"shape":3,"label":"图像","slot_index":0},{"name":"MASK","type":"MASK","links":null,"shape":3,"label":"遮罩","slot_index":1}],"properties":{"Node name for S&R":"LoadImage"},"widgets_values":["10161720601665_.pic.jpg","image"]},{"id":505,"type":"CR LoRA Stack","pos":[-1500,-280],"size":{"0":315,"1":342},"flags":{},"order":4,"mode":0,"inputs":[{"name":"lora_stack","type":"LORA_STACK","link":null,"label":"LoRA堆"}],"outputs":[{"name":"LORA_STACK","type":"LORA_STACK","links":[855],"shape":3,"slot_index":0},{"name":"show_help","type":"STRING","links":null,"shape":3,"slot_index":1}],"properties":{"Node name for S&R":"CR LoRA Stack"},"widgets_values":["On","train_lora/prod_lora/20240707/20240707135505_707fcea9b7f84a3d885fa661afec2938/spmf_4_r_2024070713/spmf_4_r_2024070713.safetensors",1,1,"Off","None",1,1,"Off","None",1,1]},{"id":498,"type":"ImageToMask","pos":[-1010,-530],"size":{"0":315,"1":58},"flags":{},"order":8,"mode":0,"inputs":[{"name":"image","type":"IMAGE","link":841,"label":"图像"}],"outputs":[{"name":"MASK","type":"MASK","links":[957],"shape":3,"label":"遮罩","slot_index":0}],"properties":{"Node name for S&R":"ImageToMask"},"widgets_values":["red"]},{"id":551,"type":"MaskToImage","pos":[-207.05133758223565,-544.6350150217074],"size":{"0":210,"1":26},"flags":{},"order":13,"mode":0,"inputs":[{"name":"mask","type":"MASK","link":961,"label":"遮罩"}],"outputs":[{"name":"IMAGE","type":"IMAGE","links":[962],"shape":3,"label":"图像","slot_index":0}],"properties":{"Node name for S&R":"MaskToImage"}},{"id":552,"type":"PreviewImage","pos":[-770,-1190],"size":[390,490],"flags":{},"order":16,"mode":0,"inputs":[{"name":"images","type":"IMAGE","link":962,"label":"图像"}],"properties":{"Node name for S&R":"PreviewImage"}},{"id":549,"type":"GrowMaskWithBlur","pos":[-590,-580],"size":{"0":315,"1":246},"flags":{},"order":11,"mode":0,"inputs":[{"name":"mask","type":"MASK","link":957,"label":"遮罩"}],"outputs":[{"name":"mask","type":"MASK","links":[958,961],"shape":3,"label":"遮罩","slot_index":0},{"name":"mask_inverted","type":"MASK","links":null,"shape":3,"label":"反转遮罩"}],"properties":{"Node name for S&R":"GrowMaskWithBlur"},"widgets_values":[3,0,true,false,1,0.3,0.3,false]},{"id":515,"type":"PreviewImage","pos":[-220,-1830],"size":{"0":950,"1":1180},"flags":{},"order":19,"mode":0,"inputs":[{"name":"images","type":"IMAGE","link":892,"label":"图像"}],"properties":{"Node name for S&R":"PreviewImage"}},{"id":519,"type":"Efficient Loader","pos":[-1060,-310],"size":{"0":400,"1":460},"flags":{},"order":12,"mode":0,"inputs":[{"name":"lora_stack","type":"LORA_STACK","link":855,"label":"LoRA堆"},{"name":"cnet_stack","type":"CONTROL_NET_STACK","link":856,"label":"ControlNet堆"},{"name":"empty_latent_width","type":"INT","link":860,"widget":{"name":"empty_latent_width"},"label":"宽度"},{"name":"empty_latent_height","type":"INT","link":859,"widget":{"name":"empty_latent_height"},"label":"高度"},{"name":"positive","type":"STRING","link":861,"widget":{"name":"positive"},"label":"正面条件","slot_index":4},{"name":"negative","type":"STRING","link":862,"widget":{"name":"negative"},"label":"负面条件"}],"outputs":[{"name":"MODEL","type":"MODEL","links":[963],"shape":3,"label":"模型","slot_index":0},{"name":"CONDITIONING+","type":"CONDITIONING","links":[942],"shape":3,"label":"正面条件","slot_index":1},{"name":"CONDITIONING-","type":"CONDITIONING","links":[943],"shape":3,"label":"负面条件","slot_index":2},{"name":"LATENT","type":"LATENT","links":null,"shape":3,"label":"Latent"},{"name":"VAE","type":"VAE","links":[891,944],"shape":3,"label":"VAE","slot_index":4},{"name":"CLIP","type":"CLIP","links":null,"shape":3,"label":"CLIP"},{"name":"DEPENDENCIES","type":"DEPENDENCIES","links":null,"shape":3,"label":"依赖"}],"properties":{"Node name for S&R":"Efficient Loader"},"widgets_values":["sdxl/dreamshaperXL_v21TurboDPMSDE.safetensors","Baked VAE",-1,"None",1,1,"CLIP_POSITIVE","CLIP_NEGATIVE","none","comfy",512,512,1],"color":"#332222","bgcolor":"#553333","shape":1},{"id":550,"type":"RepeatLatentBatch","pos":[-550,40],"size":{"0":315,"1":58},"flags":{},"order":17,"mode":0,"inputs":[{"name":"samples","type":"LATENT","link":968,"label":"Latent"}],"outputs":[{"name":"LATENT","type":"LATENT","links":[960],"shape":3,"label":"Latent","slot_index":0}],"properties":{"Node name for S&R":"RepeatLatentBatch"},"widgets_values":[4]},{"id":520,"type":"Primitive string multiline [Crystools]","pos":[-1550,150],"size":{"0":400,"1":200},"flags":{},"order":5,"mode":0,"outputs":[{"name":"string","type":"STRING","links":[861],"shape":3,"label":"字符串","slot_index":0}],"properties":{"Node name for S&R":"Primitive string multiline [Crystools]"},"widgets_values":["1girl"]},{"id":521,"type":"Primitive string multiline [Crystools]","pos":[-1090,290],"size":{"0":400,"1":200},"flags":{},"order":6,"mode":0,"outputs":[{"name":"string","type":"STRING","links":[862],"shape":3,"label":"字符串","slot_index":0}],"properties":{"Node name for S&R":"Primitive string multiline [Crystools]"},"widgets_values":["embedding:negativeXL_D.safetensors, NSFW, worst quality, normal quality, low quality, low res, blurry, text, watermark, logo, banner, extra digits, cropped, jpeg artifacts, signature, username, error, sketch, duplicate, ugly, monochrome, horror, geometry, mutation, disgusting "]},{"id":398,"type":"CR Seed","pos":[-90,320],"size":{"0":315,"1":102},"flags":{},"order":7,"mode":0,"outputs":[{"name":"seed","type":"INT","links":[893],"shape":3,"label":"随机种","slot_index":0},{"name":"show_help","type":"STRING","links":null,"shape":3,"label":"show_help"}],"properties":{"Node name for S&R":"CR Seed"},"widgets_values":[699958477013080,"randomize"]},{"id":553,"type":"PerturbedAttentionGuidance","pos":[-540,-270],"size":{"0":315,"1":58},"flags":{},"order":14,"mode":0,"inputs":[{"name":"model","type":"MODEL","link":963,"label":"模型"}],"outputs":[{"name":"MODEL","type":"MODEL","links":[966],"shape":3,"label":"模型","slot_index":0}],"properties":{"Node name for S&R":"PerturbedAttentionGuidance"},"widgets_values":[3]},{"id":531,"type":"KSampler (Efficient)","pos":[-110,-310],"size":{"0":330,"1":560},"flags":{},"order":18,"mode":0,"inputs":[{"name":"model","type":"MODEL","link":966,"label":"模型"},{"name":"positive","type":"CONDITIONING","link":948,"label":"正面条件"},{"name":"negative","type":"CONDITIONING","link":949,"label":"负面条件"},{"name":"latent_image","type":"LATENT","link":960,"label":"Latent"},{"name":"optional_vae","type":"VAE","link":891,"label":"VAE(可选)"},{"name":"script","type":"SCRIPT","link":null,"label":"脚本"},{"name":"seed","type":"INT","link":893,"widget":{"name":"seed"},"label":"随机种"}],"outputs":[{"name":"MODEL","type":"MODEL","links":[],"shape":3,"label":"模型","slot_index":0},{"name":"CONDITIONING+","type":"CONDITIONING","links":[],"shape":3,"label":"正面条件","slot_index":1},{"name":"CONDITIONING-","type":"CONDITIONING","links":[],"shape":3,"label":"负面条件","slot_index":2},{"name":"LATENT","type":"LATENT","links":[],"shape":3,"label":"Latent","slot_index":3},{"name":"VAE","type":"VAE","links":null,"shape":3,"label":"VAE"},{"name":"IMAGE","type":"IMAGE","links":[892],"shape":3,"label":"图像","slot_index":5}],"properties":{"Node name for S&R":"KSampler (Efficient)"},"widgets_values":[-1,null,15,2,"dpmpp_sde","karras",1,"auto","true"],"color":"#332233","bgcolor":"#553355","shape":1},{"id":446,"type":"CR Multi-ControlNet Stack","pos":[-2080,-300],"size":{"0":418.1999816894531,"1":454},"flags":{},"order":9,"mode":0,"inputs":[{"name":"image_1","type":"IMAGE","link":838,"label":"图像1"},{"name":"image_2","type":"IMAGE","link":839,"label":"图像2"},{"name":"image_3","type":"IMAGE","link":null,"label":"图像3"},{"name":"controlnet_stack","type":"CONTROL_NET_STACK","link":null,"label":"ControlNet堆"}],"outputs":[{"name":"CONTROLNET_STACK","type":"CONTROL_NET_STACK","links":[856],"shape":3,"label":"ControlNet堆"},{"name":"show_help","type":"STRING","links":null,"shape":3,"label":"show_help"}],"properties":{"Node name for S&R":"CR Multi-ControlNet Stack"},"widgets_values":["On","controlnet-union-sdxl-1.0.safetensors",0.7000000000000001,0,1,"On","controlnet-union-sdxl-1.0.safetensors",0.7000000000000001,0,1,"Off","None",1,0,1]},{"id":547,"type":"INPAINT_VAEEncodeInpaintConditioning","pos":[-530,-140],"size":{"0":292.20001220703125,"1":106},"flags":{},"order":15,"mode":0,"inputs":[{"name":"positive","type":"CONDITIONING","link":942,"label":"正面条件"},{"name":"negative","type":"CONDITIONING","link":943,"label":"负面条件"},{"name":"vae","type":"VAE","link":944,"label":"VAE"},{"name":"pixels","type":"IMAGE","link":945,"label":"图像"},{"name":"mask","type":"MASK","link":958,"label":"遮罩"}],"outputs":[{"name":"positive","type":"CONDITIONING","links":[948],"shape":3,"label":"正面条件","slot_index":0},{"name":"negative","type":"CONDITIONING","links":[949],"shape":3,"label":"负面条件","slot_index":1},{"name":"latent_inpaint","type":"LATENT","links":[],"shape":3,"label":"局部重绘Latent","slot_index":2},{"name":"latent_samples","type":"LATENT","links":[968],"shape":3,"label":"采样Latent","slot_index":3}],"properties":{"Node name for S&R":"INPAINT_VAEEncodeInpaintConditioning"}}],"links":[[838,510,0,446,0,"IMAGE"],[839,511,0,446,1,"IMAGE"],[840,513,0,499,0,"IMAGE"],[841,512,0,498,0,"IMAGE"],[855,505,0,519,0,"LORA_STACK"],[856,446,0,519,1,"CONTROL_NET_STACK"],[859,499,1,519,3,"INT"],[860,499,0,519,2,"INT"],[861,520,0,519,4,"STRING"],[862,521,0,519,5,"STRING"],[891,519,4,531,4,"VAE"],[892,531,5,515,0,"IMAGE"],[893,398,0,531,6,"INT"],[942,519,1,547,0,"CONDITIONING"],[943,519,2,547,1,"CONDITIONING"],[944,519,4,547,2,"VAE"],[945,513,0,547,3,"IMAGE"],[948,547,0,531,1,"CONDITIONING"],[949,547,1,531,2,"CONDITIONING"],[957,498,0,549,0,"MASK"],[958,549,0,547,4,"MASK"],[960,550,0,531,3,"LATENT"],[961,549,0,551,0,"MASK"],[962,551,0,552,0,"IMAGE"],[963,519,0,553,0,"MODEL"],[966,553,0,531,0,"MODEL"],[968,547,3,550,0,"LATENT"]],"groups":[],"config":{},"extra":{"ds":{"scale":0.7972024500000141,"offset":{"0":1153.4412498423662,"1":607.203054251021}},"groupNodes":{},"workspace_info":{"id":"_lWDMl4dQlKdikSFQaHtR","saveLock":false,"cloudID":null,"coverMediaPath":null}},"version":0.4}