{"last_node_id":24,"last_link_id":29,"nodes":[{"id":13,"type":"FeatheredMask","pos":[532,-438],"size":{"0":315,"1":82},"flags":{},"order":3,"mode":0,"inputs":[{"name":"mask","type":"MASK","link":5,"label":"遮罩"}],"outputs":[{"name":"MASK","type":"MASK","links":[6],"shape":6,"label":"遮罩","slot_index":0}],"properties":{"Node name for S&R":"FeatheredMask"},"widgets_values":[6,0.5]},{"id":15,"type":"Reroute","pos":[-206,-144],"size":[82,26],"flags":{},"order":2,"mode":0,"inputs":[{"name":"","type":"*","link":7}],"outputs":[{"name":"IMAGE","type":"IMAGE","links":[11],"slot_index":0}],"properties":{"showOutputText":true,"horizontal":false}},{"id":14,"type":"Reroute","pos":[952,-20],"size":[75,26],"flags":{},"order":5,"mode":0,"inputs":[{"name":"","type":"*","link":6}],"outputs":[{"name":"MASK","type":"MASK","links":[20],"slot_index":0}],"properties":{"showOutputText":true,"horizontal":false}},{"id":18,"type":"ImageResize+","pos":[-385,91],"size":{"0":315,"1":218},"flags":{},"order":4,"mode":0,"inputs":[{"name":"image","type":"IMAGE","link":11,"label":"图像"}],"outputs":[{"name":"IMAGE","type":"IMAGE","links":[12,13,14,21],"shape":3,"label":"图像","slot_index":0},{"name":"width","type":"INT","links":null,"shape":3,"label":"宽度"},{"name":"height","type":"INT","links":null,"shape":3,"label":"高度"}],"properties":{"Node name for S&R":"ImageResize+"},"widgets_values":[768,1024,"lanczos",true,"always",0]},{"id":21,"type":"Reroute","pos":[700.9490379892916,-69.10155606480905],"size":[82,26],"flags":{},"order":7,"mode":0,"inputs":[{"name":"","type":"*","link":21}],"outputs":[{"name":"IMAGE","type":"IMAGE","links":[22],"slot_index":0}],"properties":{"showOutputText":true,"horizontal":false}},{"id":22,"type":"VAEEncode","pos":[996,-117],"size":{"0":210,"1":46},"flags":{},"order":9,"mode":0,"inputs":[{"name":"pixels","type":"IMAGE","link":22,"label":"图像"},{"name":"vae","type":"VAE","link":23,"label":"VAE"}],"outputs":[{"name":"LATENT","type":"LATENT","links":[24],"shape":3,"label":"Latent","slot_index":0}],"properties":{"Node name for S&R":"VAEEncode"}},{"id":23,"type":"VAEDecode","pos":[1655.4618426239645,-76.11425935636015],"size":{"0":210,"1":46},"flags":{},"order":12,"mode":0,"inputs":[{"name":"samples","type":"LATENT","link":25,"label":"Latent"},{"name":"vae","type":"VAE","link":26,"label":"VAE"}],"outputs":[{"name":"IMAGE","type":"IMAGE","links":[27],"shape":3,"label":"图像","slot_index":0}],"properties":{"Node name for S&R":"VAEDecode"}},{"id":9,"type":"LoadImageMask","pos":[183,-462],"size":{"0":315,"1":318},"flags":{},"order":1,"mode":0,"outputs":[{"name":"MASK","type":"MASK","links":[5],"shape":3,"label":"遮罩","slot_index":0}],"properties":{"Node name for S&R":"LoadImageMask"},"widgets_values":["3_美式职业照_mask (1).jpg","red","image"]},{"id":20,"type":"SetLatentNoiseMask","pos":[1260.745033826244,9.784549123665272],"size":{"0":210,"1":46},"flags":{},"order":10,"mode":0,"inputs":[{"name":"samples","type":"LATENT","link":24,"label":"Latent"},{"name":"mask","type":"MASK","link":20,"label":"遮罩"}],"outputs":[{"name":"LATENT","type":"LATENT","links":[28],"shape":3,"label":"Latent","slot_index":0}],"properties":{"Node name for S&R":"SetLatentNoiseMask"}},{"id":5,"type":"CR Multi-ControlNet Stack","pos":[61,87],"size":{"0":418.1999816894531,"1":454},"flags":{},"order":6,"mode":0,"inputs":[{"name":"image_1","type":"IMAGE","link":12,"label":"图像1","slot_index":0},{"name":"image_2","type":"IMAGE","link":13,"label":"图像2"},{"name":"image_3","type":"IMAGE","link":14,"label":"图像3"},{"name":"controlnet_stack","type":"CONTROL_NET_STACK","link":null,"label":"ControlNet堆"}],"outputs":[{"name":"CONTROLNET_STACK","type":"CONTROL_NET_STACK","links":[4],"shape":3,"label":"ControlNet堆"},{"name":"show_help","type":"STRING","links":null,"shape":3}],"properties":{"Node name for S&R":"CR Multi-ControlNet Stack"},"widgets_values":["On","sai_xl_depth_256lora.safetensors",1,0,1,"Off","None",1,0,1,"Off","None",1,0,1]},{"id":24,"type":"PreviewImage","pos":[1032,-645],"size":{"0":381.16131591796875,"1":434.1244201660156},"flags":{},"order":13,"mode":0,"inputs":[{"name":"images","type":"IMAGE","link":27,"label":"图像"}],"properties":{"Node name for S&R":"PreviewImage"}},{"id":1,"type":"Efficient Loader","pos":[619,88],"size":{"0":400,"1":558},"flags":{},"order":8,"mode":0,"inputs":[{"name":"lora_stack","type":"LORA_STACK","link":null,"label":"LoRA堆","slot_index":0},{"name":"cnet_stack","type":"CONTROL_NET_STACK","link":4,"label":"ControlNet堆","slot_index":1}],"outputs":[{"name":"MODEL","type":"MODEL","links":[15],"shape":3,"label":"模型","slot_index":0},{"name":"CONDITIONING+","type":"CONDITIONING","links":[19],"shape":3,"label":"正面条件","slot_index":1},{"name":"CONDITIONING-","type":"CONDITIONING","links":[18],"shape":3,"label":"负面条件","slot_index":2},{"name":"LATENT","type":"LATENT","links":null,"shape":3,"label":"Latent"},{"name":"VAE","type":"VAE","links":[23,29],"shape":3,"label":"VAE","slot_index":4},{"name":"CLIP","type":"CLIP","links":null,"shape":3,"label":"CLIP"},{"name":"DEPENDENCIES","type":"DEPENDENCIES","links":null,"shape":3,"label":"依赖"}],"properties":{"Node name for S&R":"Efficient Loader"},"widgets_values":["sdxl/juggernautXL_v9-Lightning_4S_V9_RDPhoto2.safetensors","Baked VAE",-1,"train_lora/20240617/05268d1e-d960-4849-915b-2d6b137e4f67/spmf_20_w_0615/spmf_20_w_0615.safetensors",1,1,"look at viewer","worst quality, normal quality, low quality, low res, blurry, text, watermark, logo, banner, extra digits, cropped, jpeg artifacts, signature, username, error, sketch, duplicate, ugly, monochrome, horror, geometry, mutation, disgusting ","none","A1111",768,1024,1],"color":"#332222","bgcolor":"#553333","shape":1},{"id":19,"type":"KSampler (Efficient)","pos":[1421,91],"size":{"0":325,"1":562},"flags":{},"order":11,"mode":0,"inputs":[{"name":"model","type":"MODEL","link":15,"label":"模型"},{"name":"positive","type":"CONDITIONING","link":19,"label":"正面条件"},{"name":"negative","type":"CONDITIONING","link":18,"label":"负面条件"},{"name":"latent_image","type":"LATENT","link":28,"label":"Latent"},{"name":"optional_vae","type":"VAE","link":29,"label":"VAE(可选)"},{"name":"script","type":"SCRIPT","link":null,"label":"脚本"}],"outputs":[{"name":"MODEL","type":"MODEL","links":null,"shape":3,"label":"模型"},{"name":"CONDITIONING+","type":"CONDITIONING","links":null,"shape":3,"label":"正面条件"},{"name":"CONDITIONING-","type":"CONDITIONING","links":null,"shape":3,"label":"负面条件"},{"name":"LATENT","type":"LATENT","links":[25],"shape":3,"label":"Latent","slot_index":3},{"name":"VAE","type":"VAE","links":[26],"shape":3,"label":"VAE","slot_index":4},{"name":"IMAGE","type":"IMAGE","links":null,"shape":3,"label":"图像"}],"properties":{"Node name for S&R":"KSampler (Efficient)"},"widgets_values":[673754616685464,null,20,3,"dpmpp_2m_sde","karras",1,"auto","true"],"color":"#332233","bgcolor":"#553355","shape":1},{"id":7,"type":"LoadImage","pos":[-262,-478],"size":{"0":315,"1":314},"flags":{},"order":0,"mode":0,"outputs":[{"name":"IMAGE","type":"IMAGE","links":[7],"shape":3,"label":"图像","slot_index":0},{"name":"MASK","type":"MASK","links":null,"shape":3,"label":"遮罩"}],"properties":{"Node name for S&R":"LoadImage"},"widgets_values":["3_美式职业照_pose (1).jpg","image"]}],"links":[[4,5,0,1,1,"CONTROL_NET_STACK"],[5,9,0,13,0,"MASK"],[6,13,0,14,0,"*"],[7,7,0,15,0,"*"],[11,15,0,18,0,"IMAGE"],[12,18,0,5,0,"IMAGE"],[13,18,0,5,1,"IMAGE"],[14,18,0,5,2,"IMAGE"],[15,1,0,19,0,"MODEL"],[18,1,2,19,2,"CONDITIONING"],[19,1,1,19,1,"CONDITIONING"],[20,14,0,20,1,"MASK"],[21,18,0,21,0,"*"],[22,21,0,22,0,"IMAGE"],[23,1,4,22,1,"VAE"],[24,22,0,20,0,"LATENT"],[25,19,3,23,0,"LATENT"],[26,19,4,23,1,"VAE"],[27,23,0,24,0,"IMAGE"],[28,20,0,19,3,"LATENT"],[29,1,4,19,4,"VAE"]],"groups":[],"config":{},"extra":{"ds":{"scale":2.274511628246835,"offset":[-804.1781012678782,573.378973877442]},"workspace_info":{"id":"RBzBF9DDJ3L8BFb8bB-1K"}},"version":0.4}