{"last_node_id":640,"last_link_id":1234,"nodes":[{"id":611,"type":"Reroute","pos":[-850,-590],"size":[75,26],"flags":{},"order":14,"mode":0,"inputs":[{"name":"","type":"*","link":1188}],"outputs":[{"name":"MASK","type":"MASK","links":[1184],"slot_index":0}],"properties":{"showOutputText":true,"horizontal":false}},{"id":589,"type":"ImageToMask","pos":[-1840,-610],"size":{"0":315,"1":58},"flags":{},"order":11,"mode":0,"inputs":[{"name":"image","type":"IMAGE","link":1224,"label":"图像"}],"outputs":[{"name":"MASK","type":"MASK","links":[1188],"shape":3,"label":"遮罩","slot_index":0}],"properties":{"Node name for S&R":"ImageToMask"},"widgets_values":["red"]},{"id":350,"type":"Efficient Loader","pos":[-930,-480],"size":{"0":340,"1":460},"flags":{},"order":13,"mode":0,"inputs":[{"name":"lora_stack","type":"LORA_STACK","link":1118,"label":"LoRA堆","slot_index":0},{"name":"cnet_stack","type":"CONTROL_NET_STACK","link":636,"label":"ControlNet堆","slot_index":1},{"name":"positive","type":"STRING","link":1215,"widget":{"name":"positive"},"label":"正面条件"}],"outputs":[{"name":"MODEL","type":"MODEL","links":[1061],"shape":3,"label":"模型","slot_index":0},{"name":"CONDITIONING+","type":"CONDITIONING","links":[1018],"shape":3,"label":"正面条件","slot_index":1},{"name":"CONDITIONING-","type":"CONDITIONING","links":[1019],"shape":3,"label":"负面条件","slot_index":2},{"name":"LATENT","type":"LATENT","links":[],"shape":3,"label":"Latent","slot_index":3},{"name":"VAE","type":"VAE","links":[1020,1208],"shape":3,"label":"VAE","slot_index":4},{"name":"CLIP","type":"CLIP","links":[],"shape":3,"label":"CLIP","slot_index":5},{"name":"DEPENDENCIES","type":"DEPENDENCIES","links":[],"shape":3,"label":"依赖","slot_index":6}],"properties":{"Node name for S&R":"Efficient Loader"},"widgets_values":["sdxl/dreamshaperXL_v21TurboDPMSDE.safetensors","Baked VAE",-1,"None",1.3,1,"a female,vividly,skin_texture,Vivid,light and shadow of details, beautiful face,headshot,,best quality,highres,bright,Ultra clear details","embedding:negativeXL_D.safetensors, NSFW, worst quality, low quality, illustration, 3d, 2d, cartoon, painting, cartoons, sketch, open mouth, long neck, watermark, text, extra fingers, inverted nipple, busty, large breasts, ugly, disgusting, cloth","mean","comfy",512,512,1],"color":"#332233","bgcolor":"#553355","shape":1},{"id":584,"type":"CR LoRA Stack","pos":[-1340,-480],"size":{"0":315,"1":342},"flags":{},"order":0,"mode":0,"inputs":[{"name":"lora_stack","type":"LORA_STACK","link":null,"label":"LoRA堆"}],"outputs":[{"name":"LORA_STACK","type":"LORA_STACK","links":[1118],"shape":3},{"name":"show_help","type":"STRING","links":null,"shape":3}],"properties":{"Node name for S&R":"CR LoRA Stack"},"widgets_values":["On","train_lora/prod_lora/20240707/20240707135505_707fcea9b7f84a3d885fa661afec2938/spmf_4_r_2024070713/spmf_4_r_2024070713.safetensors",1.3,1,"On","sdxl/AnalogRedmondV2-Analog-AnalogRedmAF.safetensors",0.5,1,"Off","None",1,1]},{"id":623,"type":"List of strings [Crystools]","pos":[-1340,-70],"size":{"0":320,"1":270},"flags":{},"order":9,"mode":0,"inputs":[{"name":"string_1","type":"STRING","link":1212,"widget":{"name":"string_1"},"label":"字符串_1","slot_index":0},{"name":"string_2","type":"STRING","link":1213,"widget":{"name":"string_2"},"label":"字符串_2"},{"name":"string_3","type":"STRING","link":1214,"widget":{"name":"string_3"},"label":"字符串_3"}],"outputs":[{"name":"concatenated","type":"STRING","links":[1215],"shape":3,"label":"字符串合并","slot_index":0},{"name":"list_string","type":"ListString","links":null,"shape":6,"label":"字符串列表"}],"properties":{"Node name for S&R":"List of strings [Crystools]"},"widgets_values":["","","","","","","","",","]},{"id":626,"type":"Primitive string multiline [Crystools]","pos":[-1830,360],"size":{"0":380,"1":180},"flags":{},"order":1,"mode":0,"outputs":[{"name":"string","type":"STRING","links":[1214],"shape":3,"label":"字符串","slot_index":0}],"properties":{"Node name for S&R":"Primitive string multiline [Crystools]"},"widgets_values":[" flawless,clean,masterpiece,professional artwork,famous artwork,,best quantity,"]},{"id":573,"type":"INPAINT_LoadFooocusInpaint","pos":[-460,-140],"size":{"0":315,"1":82},"flags":{},"order":2,"mode":0,"outputs":[{"name":"INPAINT_PATCH","type":"INPAINT_PATCH","links":[1060],"shape":3,"label":"局部重绘组件","slot_index":0}],"properties":{"Node name for S&R":"INPAINT_LoadFooocusInpaint"},"widgets_values":["fooocus/fooocus_inpaint_head.pth","fooocus/inpaint_v26.fooocus.patch"]},{"id":624,"type":"Primitive string multiline [Crystools]","pos":[-1810,30],"size":{"0":360,"1":90},"flags":{},"order":3,"mode":0,"outputs":[{"name":"string","type":"STRING","links":[1212],"shape":3,"label":"字符串"}],"properties":{"Node name for S&R":"Primitive string multiline [Crystools]"},"widgets_values":["a female"]},{"id":625,"type":"Primitive string multiline [Crystools]","pos":[-1830,170],"size":{"0":380,"1":140},"flags":{},"order":4,"mode":0,"outputs":[{"name":"string","type":"STRING","links":[1213],"shape":3,"label":"字符串","slot_index":0}],"properties":{"Node name for S&R":"Primitive string multiline [Crystools]"},"widgets_values":["without cloth,detailed skin,perfect eyes,detail Face,highly detailed face and skin texture,ultra-realistic skin details"]},{"id":565,"type":"INPAINT_VAEEncodeInpaintConditioning","pos":[-450,-440],"size":{"0":292.20001220703125,"1":106},"flags":{},"order":15,"mode":0,"inputs":[{"name":"positive","type":"CONDITIONING","link":1018,"label":"正面条件"},{"name":"negative","type":"CONDITIONING","link":1019,"label":"负面条件"},{"name":"vae","type":"VAE","link":1020,"label":"VAE"},{"name":"pixels","type":"IMAGE","link":1168,"label":"图像"},{"name":"mask","type":"MASK","link":1184,"label":"遮罩"}],"outputs":[{"name":"positive","type":"CONDITIONING","links":[1192],"shape":3,"label":"正面条件","slot_index":0},{"name":"negative","type":"CONDITIONING","links":[1193],"shape":3,"label":"负面条件","slot_index":1},{"name":"latent_inpaint","type":"LATENT","links":[1227],"shape":3,"label":"局部重绘Latent","slot_index":2},{"name":"latent_samples","type":"LATENT","links":[1228],"shape":3,"label":"采样Latent","slot_index":3}],"properties":{"Node name for S&R":"INPAINT_VAEEncodeInpaintConditioning"}},{"id":574,"type":"INPAINT_ApplyFooocusInpaint","pos":[-390,-270],"size":{"0":210,"1":66},"flags":{},"order":16,"mode":0,"inputs":[{"name":"model","type":"MODEL","link":1061,"label":"模型"},{"name":"patch","type":"INPAINT_PATCH","link":1060,"label":"局部重绘组件"},{"name":"latent","type":"LATENT","link":1227,"label":"Latent"}],"outputs":[{"name":"MODEL","type":"MODEL","links":[1194],"shape":3,"label":"模型","slot_index":0}],"properties":{"Node name for S&R":"INPAINT_ApplyFooocusInpaint"}},{"id":446,"type":"CR Multi-ControlNet Stack","pos":[-1860,-470],"size":{"0":418.1999816894531,"1":454},"flags":{},"order":10,"mode":0,"inputs":[{"name":"image_1","type":"IMAGE","link":1226,"label":"图像1"},{"name":"image_2","type":"IMAGE","link":1225,"label":"图像2"},{"name":"image_3","type":"IMAGE","link":null,"label":"图像3"},{"name":"controlnet_stack","type":"CONTROL_NET_STACK","link":null,"label":"ControlNet堆"}],"outputs":[{"name":"CONTROLNET_STACK","type":"CONTROL_NET_STACK","links":[636],"shape":3,"label":"ControlNet堆"},{"name":"show_help","type":"STRING","links":null,"shape":3}],"properties":{"Node name for S&R":"CR Multi-ControlNet Stack"},"widgets_values":["On","diffusers_xl_canny_small.safetensors",0.7000000000000001,0,1,"On","diffusers_xl_depth_small.safetensors",0.6,0,1,"Off","None",1,0,1]},{"id":635,"type":"Load Image From Url","pos":[-2830,-970],"size":{"0":400,"1":200},"flags":{},"order":5,"mode":0,"outputs":[{"name":"IMAGE","type":"IMAGE","links":[1226],"shape":3,"label":"IMAGE","slot_index":0},{"name":"MASK","type":"MASK","links":null,"shape":3,"label":"MASK"}],"properties":{"Node name for S&R":"Load Image From Url"},"widgets_values":["https://snapme-zh.oss-cn-hangzhou.aliyuncs.com/snapme/ai_photo/popular/3-Sexy%20Elf/3-Sexy%20Elf-canny.jpg?OSSAccessKeyId=LTAI5tHqDx1z1WWw9mxtrX7s&Expires=1720508164&Signature=wy%2Fw6pGhIMMAaMJQ4NbkwArkyzg%3D"]},{"id":634,"type":"Load Image From Url","pos":[-2340,-970],"size":{"0":400,"1":200},"flags":{},"order":6,"mode":0,"outputs":[{"name":"IMAGE","type":"IMAGE","links":[1225],"shape":3,"label":"IMAGE","slot_index":0},{"name":"MASK","type":"MASK","links":null,"shape":3,"label":"MASK"}],"properties":{"Node name for S&R":"Load Image From Url"},"widgets_values":["https://snapme-zh.oss-cn-hangzhou.aliyuncs.com/snapme/ai_photo/popular/3-Sexy%20Elf/3-Sexy%20Elf-depth.jpg?OSSAccessKeyId=LTAI5tHqDx1z1WWw9mxtrX7s&Expires=1720508157&Signature=w7ACiPU%2BCQ9sinVMye0w1QheX6o%3D"]},{"id":633,"type":"Load Image From Url","pos":[-1900,-960],"size":{"0":400,"1":200},"flags":{},"order":7,"mode":0,"outputs":[{"name":"IMAGE","type":"IMAGE","links":[1224],"shape":3,"label":"IMAGE","slot_index":0},{"name":"MASK","type":"MASK","links":null,"shape":3,"label":"MASK"}],"properties":{"Node name for S&R":"Load Image From Url"},"widgets_values":["https://snapme-zh.oss-cn-hangzhou.aliyuncs.com/snapme/ai_photo/popular/3-Sexy%20Elf/3-Sexy%20Elf-mask.jpg?OSSAccessKeyId=LTAI5tHqDx1z1WWw9mxtrX7s&Expires=1720508148&Signature=QW8l1fCgjRFxDMOgM1xq6Pt0k60%3D"]},{"id":632,"type":"Load Image From Url","pos":[-1470,-950],"size":{"0":400,"1":200},"flags":{},"order":8,"mode":0,"outputs":[{"name":"IMAGE","type":"IMAGE","links":[1223],"shape":3,"label":"IMAGE","slot_index":0},{"name":"MASK","type":"MASK","links":null,"shape":3,"label":"MASK"}],"properties":{"Node name for S&R":"Load Image From Url"},"widgets_values":["https://snapme-zh.oss-cn-hangzhou.aliyuncs.com/snapme/ai_photo/popular/3-Sexy%20Elf/3-Sexy%20Elf-pose.jpg?OSSAccessKeyId=LTAI5tHqDx1z1WWw9mxtrX7s&Expires=1720508133&Signature=34OrpsJyitb2HdPmZziaIWsDEMU%3D"]},{"id":619,"type":"Reroute","pos":[220,-580],"size":[75,26],"flags":{},"order":18,"mode":0,"inputs":[{"name":"","type":"*","link":1210}],"outputs":[{"name":"","type":"IMAGE","links":[1205],"slot_index":0}],"properties":{"showOutputText":false,"horizontal":false}},{"id":603,"type":"Reroute","pos":[-540,-590],"size":[82,26],"flags":{},"order":12,"mode":0,"inputs":[{"name":"","type":"*","link":1223}],"outputs":[{"name":"IMAGE","type":"IMAGE","links":[1168],"slot_index":0}],"properties":{"showOutputText":true,"horizontal":false}},{"id":616,"type":"ImageCASharpening+","pos":[430,-480],"size":{"0":315,"1":58},"flags":{},"order":19,"mode":0,"inputs":[{"name":"image","type":"IMAGE","link":1205,"label":"图像"}],"outputs":[{"name":"IMAGE","type":"IMAGE","links":[1221],"shape":3,"label":"图像","slot_index":0}],"properties":{"Node name for S&R":"ImageCASharpening+"},"widgets_values":[0.6]},{"id":631,"type":"Film Grain","pos":[820,-470],"size":{"0":315,"1":178},"flags":{},"order":20,"mode":0,"inputs":[{"name":"image","type":"IMAGE","link":1221,"label":"image"}],"outputs":[{"name":"IMAGE","type":"IMAGE","links":[1234],"shape":3,"label":"IMAGE","slot_index":0}],"properties":{"Node name for S&R":"Film Grain"},"widgets_values":[0.3,0.3,0.7,0,499904695776803,"randomize"]},{"id":615,"type":"Fooocus_KSamplerEfficient","pos":[-60,-470],"size":{"0":350,"1":420},"flags":{},"order":17,"mode":0,"inputs":[{"name":"model","type":"MODEL","link":1194,"label":"model"},{"name":"positive","type":"CONDITIONING","link":1192,"label":"positive"},{"name":"negative","type":"CONDITIONING","link":1193,"label":"negative"},{"name":"latent_image","type":"LATENT","link":1228,"label":"latent_image"},{"name":"optional_vae","type":"VAE","link":1208,"label":"optional_vae"},{"name":"script","type":"SCRIPT","link":null,"label":"script"}],"outputs":[{"name":"MODEL","type":"MODEL","links":null,"shape":3,"label":"MODEL"},{"name":"CONDITIONING+","type":"CONDITIONING","links":null,"shape":3,"label":"CONDITIONING+"},{"name":"CONDITIONING-","type":"CONDITIONING","links":null,"shape":3,"label":"CONDITIONING-"},{"name":"LATENT","type":"LATENT","links":[],"shape":3,"label":"LATENT","slot_index":3},{"name":"VAE","type":"VAE","links":null,"shape":3,"label":"VAE"},{"name":"IMAGE","type":"IMAGE","links":[1210],"shape":3,"label":"IMAGE","slot_index":5}],"properties":{"Node name for S&R":"Fooocus_KSamplerEfficient"},"widgets_values":[224715454568285,"randomize",8,2,"dpmpp_sde_gpu","karras",0.8,"none","true (tiled)",1]},{"id":640,"type":"Save Image To OSS And Display","pos":[1270,-480],"size":[310,130],"flags":{},"order":21,"mode":0,"inputs":[{"name":"images","type":"IMAGE","link":1234,"label":"images"}],"properties":{"Node name for S&R":"Save Image To OSS And Display"},"widgets_values":["comfyui/test"]}],"links":[[636,446,0,350,1,"CONTROL_NET_STACK"],[1018,350,1,565,0,"CONDITIONING"],[1019,350,2,565,1,"CONDITIONING"],[1020,350,4,565,2,"VAE"],[1060,573,0,574,1,"INPAINT_PATCH"],[1061,350,0,574,0,"MODEL"],[1118,584,0,350,0,"LORA_STACK"],[1168,603,0,565,3,"IMAGE"],[1184,611,0,565,4,"MASK"],[1188,589,0,611,0,"*"],[1192,565,0,615,1,"CONDITIONING"],[1193,565,1,615,2,"CONDITIONING"],[1194,574,0,615,0,"MODEL"],[1205,619,0,616,0,"IMAGE"],[1208,350,4,615,4,"VAE"],[1210,615,5,619,0,"*"],[1212,624,0,623,0,"STRING"],[1213,625,0,623,1,"STRING"],[1214,626,0,623,2,"STRING"],[1215,623,0,350,2,"STRING"],[1221,616,0,631,0,"IMAGE"],[1223,632,0,603,0,"*"],[1224,633,0,589,0,"IMAGE"],[1225,634,0,446,1,"IMAGE"],[1226,635,0,446,0,"IMAGE"],[1227,565,2,574,2,"LATENT"],[1228,565,3,615,3,"LATENT"],[1234,631,0,640,0,"IMAGE"]],"groups":[],"config":{},"extra":{"ds":{"scale":0.5989500000000003,"offset":{"0":536.1670380646786,"1":1042.768564378017}},"groupNodes":{},"workspace_info":{"id":"2q0W6r-Ee3stEpirMajNz","saveLock":false,"cloudID":null,"coverMediaPath":null}},"version":0.4}