{"last_node_id":34,"last_link_id":29,"nodes":[{"id":31,"type":"easy showAnything","pos":{"0":1660,"1":370},"size":{"0":210,"1":80},"flags":{},"order":4,"mode":0,"inputs":[{"name":"anything","type":"*","link":27,"label":"anything"}],"outputs":[],"properties":{"Node name for S&R":"easy showAnything"},"widgets_values":["16.0"]},{"id":30,"type":"VHS_VideoInfo","pos":{"0":1280,"1":520},"size":{"0":262,"1":206},"flags":{},"order":2,"mode":0,"inputs":[{"name":"video_info","type":"VHS_VIDEOINFO","link":25,"label":"video_info"}],"outputs":[{"name":"source_fps🟨","type":"FLOAT","links":null,"shape":3,"label":"source_fps🟨"},{"name":"source_frame_count🟨","type":"INT","links":null,"shape":3,"label":"source_frame_count🟨"},{"name":"source_duration🟨","type":"FLOAT","links":null,"shape":3,"label":"source_duration🟨"},{"name":"source_width🟨","type":"INT","links":null,"shape":3,"label":"source_width🟨"},{"name":"source_height🟨","type":"INT","links":null,"shape":3,"label":"source_height🟨"},{"name":"loaded_fps🟦","type":"FLOAT","links":[26,27],"shape":3,"label":"loaded_fps🟦","slot_index":5},{"name":"loaded_frame_count🟦","type":"INT","links":null,"shape":3,"label":"loaded_frame_count🟦"},{"name":"loaded_duration🟦","type":"FLOAT","links":null,"shape":3,"label":"loaded_duration🟦"},{"name":"loaded_width🟦","type":"INT","links":null,"shape":3,"label":"loaded_width🟦"},{"name":"loaded_height🟦","type":"INT","links":null,"shape":3,"label":"loaded_height🟦"}],"properties":{"Node name for S&R":"VHS_VideoInfo"},"widgets_values":{}},{"id":16,"type":"VHS_VideoCombine","pos":{"0":1790,"1":650},"size":[220,480],"flags":{},"order":3,"mode":0,"inputs":[{"name":"images","type":"IMAGE","link":13,"label":"images"},{"name":"audio","type":"AUDIO","link":12,"label":"audio"},{"name":"meta_batch","type":"VHS_BatchManager","link":null,"label":"meta_batch"},{"name":"vae","type":"VAE","link":null,"label":"vae"},{"name":"frame_rate","type":"FLOAT","link":26,"widget":{"name":"frame_rate"}}],"outputs":[{"name":"Filenames","type":"VHS_FILENAMES","links":[28],"shape":3,"label":"Filenames","slot_index":0}],"properties":{"Node name for S&R":"VHS_VideoCombine"},"widgets_values":{"frame_rate":29,"loop_count":0,"filename_prefix":"AnimateDiff","format":"video/nvenc_hevc-mp4","pix_fmt":"yuv420p","bitrate":10,"megabit":true,"save_metadata":true,"pingpong":false,"save_output":true,"videopreview":{"hidden":false,"paused":false,"params":{"filename":"AnimateDiff_00156-audio.mp4","subfolder":"","type":"output","format":"video/nvenc_hevc-mp4","frame_rate":16},"muted":true}}},{"id":32,"type":"Show any to JSON [Crystools]","pos":{"0":2070,"1":540},"size":{"0":240,"1":80},"flags":{},"order":5,"mode":0,"inputs":[{"name":"any_value","type":"*","link":28,"label":"any_value"}],"outputs":[{"name":"string","type":"STRING","links":[29],"shape":3,"label":"string","slot_index":0}],"properties":{"Node name for S&R":"Show any to JSON [Crystools]"}},{"id":34,"type":"SaveVideoToOssAndDisplay","pos":{"0":2150,"1":700},"size":[320,80],"flags":{},"order":6,"mode":0,"inputs":[{"name":"input_path","type":"STRING","link":29,"widget":{"name":"input_path"}}],"outputs":[{"name":"STRING","type":"STRING","links":null,"shape":3,"label":"STRING"}],"properties":{"Node name for S&R":"SaveVideoToOssAndDisplay"},"widgets_values":["","comfyui/0_add_voice"]},{"id":14,"type":"VHS_LoadAudioUpload","pos":{"0":1180,"1":260},"size":{"0":249.642578125,"1":130},"flags":{},"order":0,"mode":0,"inputs":[],"outputs":[{"name":"audio","type":"AUDIO","links":[12],"shape":3,"label":"audio","slot_index":0}],"properties":{"Node name for S&R":"VHS_LoadAudioUpload"},"widgets_values":{"audio":"voice2.mp3","start_time":0,"duration":0,"choose audio to upload":"image"}},{"id":18,"type":"VHS_LoadVideo","pos":{"0":670,"1":540},"size":[250,430],"flags":{},"order":1,"mode":0,"inputs":[{"name":"meta_batch","type":"VHS_BatchManager","link":null,"label":"meta_batch"},{"name":"vae","type":"VAE","link":null,"label":"vae"}],"outputs":[{"name":"IMAGE","type":"IMAGE","links":[13],"shape":3,"label":"IMAGE","slot_index":0},{"name":"frame_count","type":"INT","links":[],"shape":3,"label":"frame_count","slot_index":1},{"name":"audio","type":"AUDIO","links":null,"shape":3,"label":"audio"},{"name":"video_info","type":"VHS_VIDEOINFO","links":[25],"shape":3,"label":"video_info","slot_index":3}],"properties":{"Node name for S&R":"VHS_LoadVideo"},"widgets_values":{"video":"20240924-fa123bfc-7a59-11ef-bf7c-3cecefbbea27.mp4","force_rate":0,"force_size":"Disabled","custom_width":512,"custom_height":512,"frame_load_cap":0,"skip_first_frames":0,"select_every_nth":1,"choose video to upload":"image","videopreview":{"hidden":false,"paused":false,"params":{"frame_load_cap":0,"skip_first_frames":0,"force_rate":0,"filename":"20240924-fa123bfc-7a59-11ef-bf7c-3cecefbbea27.mp4","type":"input","format":"video/mp4","select_every_nth":1},"muted":true}}}],"links":[[12,14,0,16,1,"AUDIO"],[13,18,0,16,0,"IMAGE"],[25,18,3,30,0,"VHS_VIDEOINFO"],[26,30,5,16,4,"FLOAT"],[27,30,5,31,0,"*"],[28,16,0,32,0,"*"],[29,32,0,34,0,"STRING"]],"groups":[],"config":{},"extra":{"workspace_info":{"id":"bFwypbFwK3cJz4dBgCUg_"},"ds":{"scale":1.0610764609500039,"offset":[-672.2720647461662,-463.5743647613223]}},"version":0.4}