{"last_node_id":26,"last_link_id":23,"nodes":[{"id":15,"type":"Primitive float [Crystools]","pos":{"0":3001.50732421875,"1":1320.1812744140625},"size":{"0":315,"1":58},"flags":{},"order":0,"mode":0,"inputs":[],"outputs":[{"name":"float","type":"FLOAT","links":[11],"shape":3,"label":"浮点"}],"properties":{"Node name for S&R":"Primitive float [Crystools]"},"widgets_values":[24]},{"id":23,"type":"Primitive float [Crystools]","pos":{"0":3021.50732421875,"1":1920.1812744140625},"size":{"0":315,"1":58},"flags":{},"order":1,"mode":0,"inputs":[],"outputs":[{"name":"float","type":"FLOAT","links":[14],"shape":3,"label":"浮点"}],"properties":{"Node name for S&R":"Primitive float [Crystools]"},"widgets_values":[24]},{"id":12,"type":"DWPreprocessor","pos":{"0":2601.50732421875,"1":1140.1812744140625},"size":{"0":315,"1":222},"flags":{},"order":4,"mode":0,"inputs":[{"name":"image","type":"IMAGE","link":12,"label":"图像"}],"outputs":[{"name":"IMAGE","type":"IMAGE","links":[18],"slot_index":0,"shape":3,"label":"图像"},{"name":"POSE_KEYPOINT","type":"POSE_KEYPOINT","links":null,"shape":3,"label":"姿态关键点"}],"properties":{"Node name for S&R":"DWPreprocessor"},"widgets_values":["enable","enable","enable",512,"yolox_l.torchscript.pt","dw-ll_ucoco_384_bs5.torchscript.pt","disable"]},{"id":19,"type":"Note","pos":{"0":2600,"1":2040},"size":[315.7331237792969,76.61671447753906],"flags":{},"order":2,"mode":0,"inputs":[],"outputs":[],"properties":{"text":""},"widgets_values":["https://siuleeboss.com/comfyui/fix-comfyui-error-occurred-when-executing-dwpreprocessor/"],"color":"#432","bgcolor":"#653"},{"id":26,"type":"DepthAnythingV2Preprocessor","pos":{"0":2610,"1":1650},"size":{"0":315,"1":82},"flags":{},"order":5,"mode":0,"inputs":[{"name":"image","type":"IMAGE","link":22,"label":"图像"}],"outputs":[{"name":"IMAGE","type":"IMAGE","links":[23],"shape":3,"label":"图像","slot_index":0}],"properties":{"Node name for S&R":"DepthAnythingV2Preprocessor"},"widgets_values":["depth_anything_v2_vits.pth",512]},{"id":11,"type":"VHS_VideoCombine","pos":{"0":3480,"1":900},"size":[320,600],"flags":{},"order":8,"mode":0,"inputs":[{"name":"images","type":"IMAGE","link":10,"label":"图像"},{"name":"audio","type":"AUDIO","link":null,"label":"音频"},{"name":"meta_batch","type":"VHS_BatchManager","link":null,"label":"批次管理"},{"name":"frame_rate","type":"FLOAT","link":11,"widget":{"name":"frame_rate"},"label":"帧率"}],"outputs":[{"name":"Filenames","type":"VHS_FILENAMES","links":null,"shape":3,"label":"文件名"}],"properties":{"Node name for S&R":"VHS_VideoCombine"},"widgets_values":{"frame_rate":30,"loop_count":0,"filename_prefix":"AnimateDiff","format":"video/h264-mp4","pix_fmt":"yuv420p","crf":19,"save_metadata":false,"pingpong":false,"save_output":true,"videopreview":{"hidden":false,"paused":false,"params":{"filename":"AnimateDiff_00057.mp4","subfolder":"","type":"output","format":"video/h264-mp4","frame_rate":24}}}},{"id":25,"type":"ImageCrop+","pos":{"0":3050,"1":1590},"size":{"0":315,"1":194},"flags":{},"order":7,"mode":0,"inputs":[{"name":"image","type":"IMAGE","link":23,"label":"图像"}],"outputs":[{"name":"IMAGE","type":"IMAGE","links":[21],"shape":3,"label":"图像","slot_index":0},{"name":"x","type":"INT","links":null,"shape":3,"label":"X"},{"name":"y","type":"INT","links":null,"shape":3,"label":"Y"}],"properties":{"Node name for S&R":"ImageCrop+"},"widgets_values":[512,768,"top-center",0,0]},{"id":16,"type":"VHS_VideoCombine","pos":{"0":4000,"1":880},"size":[320,600],"flags":{},"order":9,"mode":0,"inputs":[{"name":"images","type":"IMAGE","link":21,"label":"图像"},{"name":"audio","type":"AUDIO","link":null,"label":"音频"},{"name":"meta_batch","type":"VHS_BatchManager","link":null,"label":"批次管理"},{"name":"frame_rate","type":"FLOAT","link":14,"widget":{"name":"frame_rate"},"label":"帧率"}],"outputs":[{"name":"Filenames","type":"VHS_FILENAMES","links":null,"shape":3,"label":"文件名"}],"properties":{"Node name for S&R":"VHS_VideoCombine"},"widgets_values":{"frame_rate":30,"loop_count":0,"filename_prefix":"AnimateDiff","format":"video/h264-mp4","pix_fmt":"yuv420p","crf":19,"save_metadata":false,"pingpong":false,"save_output":true,"videopreview":{"hidden":false,"paused":false,"params":{"filename":"AnimateDiff_00058.mp4","subfolder":"","type":"output","format":"video/h264-mp4","frame_rate":24}}}},{"id":10,"type":"VHS_LoadVideo","pos":{"0":2311.50732421875,"1":1150.1812744140625},"size":[240,420],"flags":{},"order":3,"mode":0,"inputs":[{"name":"meta_batch","type":"VHS_BatchManager","link":null,"label":"批次管理"},{"name":"vae","type":"VAE","link":null}],"outputs":[{"name":"IMAGE","type":"IMAGE","links":[12,22],"slot_index":0,"shape":3,"label":"图像"},{"name":"frame_count","type":"INT","links":[],"slot_index":1,"shape":3,"label":"帧计数"},{"name":"audio","type":"AUDIO","links":[],"slot_index":2,"shape":3,"label":"音频"},{"name":"video_info","type":"VHS_VIDEOINFO","links":null,"shape":3,"label":"视频信息"}],"properties":{"Node name for S&R":"VHS_LoadVideo"},"widgets_values":{"video":"walk.mp4","force_rate":0,"force_size":"Custom Height","custom_width":512,"custom_height":1024,"frame_load_cap":120,"skip_first_frames":0,"select_every_nth":1,"choose video to upload":"image","videopreview":{"hidden":false,"paused":false,"params":{"frame_load_cap":120,"skip_first_frames":0,"force_rate":0,"filename":"walk.mp4","type":"input","format":"video/mp4","select_every_nth":1,"force_size":"?x1024"}}}},{"id":24,"type":"ImageCrop+","pos":{"0":3010,"1":1050},"size":{"0":315,"1":194},"flags":{},"order":6,"mode":0,"inputs":[{"name":"image","type":"IMAGE","link":18,"label":"图像"}],"outputs":[{"name":"IMAGE","type":"IMAGE","links":[10],"shape":3,"label":"图像","slot_index":0},{"name":"x","type":"INT","links":null,"shape":3,"label":"X"},{"name":"y","type":"INT","links":null,"shape":3,"label":"Y"}],"properties":{"Node name for S&R":"ImageCrop+"},"widgets_values":[512,768,"top-center",0,0]}],"links":[[10,24,0,11,0,"IMAGE"],[11,15,0,11,3,"FLOAT"],[12,10,0,12,0,"IMAGE"],[14,23,0,16,3,"FLOAT"],[18,12,0,24,0,"IMAGE"],[21,25,0,16,0,"IMAGE"],[22,10,0,26,0,"IMAGE"],[23,26,0,25,0,"IMAGE"]],"groups":[],"config":{},"extra":{"workspace_info":{"id":"benNLg9N9p98oQYcM3INn","saveLock":false,"cloudID":null,"coverMediaPath":null},"ds":{"scale":0.724729500000002,"offset":[-1966.4858600505743,-545.5074101752133]}},"version":0.4}