{"last_node_id":170,"last_link_id":286,"nodes":[{"id":88,"type":"LoraLoader","pos":{"0":400,"1":1060},"size":{"0":315,"1":126},"flags":{},"order":57,"mode":0,"inputs":[{"name":"model","type":"MODEL","link":125,"label":"model"},{"name":"clip","type":"CLIP","link":127,"label":"clip"}],"outputs":[{"name":"MODEL","type":"MODEL","links":[126],"slot_index":0,"shape":3,"label":"MODEL"},{"name":"CLIP","type":"CLIP","links":[241],"slot_index":1,"shape":3,"label":"CLIP"}],"properties":{"Node name for S&R":"LoraLoader"},"widgets_values":["animate/AnimateLCM_sd15_t2v_lora.safetensors",1,1]},{"id":96,"type":"Reroute","pos":{"0":2810,"1":-570},"size":[75,26],"flags":{},"order":91,"mode":0,"inputs":[{"name":"","type":"*","link":142,"label":""}],"outputs":[{"name":"","type":"IMAGE","links":[143],"slot_index":0,"label":""}],"properties":{"showOutputText":false,"horizontal":false}},{"id":27,"type":"ControlNetLoader","pos":{"0":3470,"1":940},"size":{"0":315,"1":58},"flags":{},"order":0,"mode":0,"inputs":[],"outputs":[{"name":"CONTROL_NET","type":"CONTROL_NET","links":[88],"slot_index":0,"shape":3,"label":"CONTROL_NET"}],"properties":{"Node name for S&R":"ControlNetLoader"},"widgets_values":["sd1.5/control_v11p_sd15_openpose.safetensors"],"color":"#323","bgcolor":"#535"},{"id":92,"type":"easy showAnything","pos":{"0":4150,"1":-110},"size":{"0":210,"1":80},"flags":{},"order":88,"mode":0,"inputs":[{"name":"anything","type":"*","link":133,"label":"anything"}],"outputs":[],"properties":{"Node name for S&R":"easy showAnything"},"widgets_values":["448"]},{"id":54,"type":"CLIPVisionLoader","pos":{"0":1160,"1":560},"size":{"0":315,"1":58},"flags":{},"order":1,"mode":0,"inputs":[],"outputs":[{"name":"CLIP_VISION","type":"CLIP_VISION","links":[71],"slot_index":0,"shape":3,"label":"CLIP_VISION"}],"properties":{"Node name for S&R":"CLIPVisionLoader"},"widgets_values":["CLIP-ViT-H-14-laion2B-s32B-b79K.safetensors"]},{"id":85,"type":"easy showAnything","pos":{"0":3770,"1":1390},"size":{"0":280,"1":130},"flags":{},"order":60,"mode":0,"inputs":[{"name":"anything","type":"*","link":123,"label":"anything"}],"outputs":[],"properties":{"Node name for S&R":"easy showAnything"},"widgets_values":["{\"source_fps\": 24.0, \"source_frame_count\": 100, \"source_duration\": 4.166666666666667, \"source_width\": 512, \"source_height\": 688, \"loaded_fps\": 24.0, \"loaded_frame_count\": 100, \"loaded_duration\": 4.166666666666666, \"loaded_width\": 400, \"loaded_height\": 704}"]},{"id":104,"type":"LoadImage","pos":{"0":-970,"1":-1160},"size":{"0":210,"1":340},"flags":{},"order":2,"mode":0,"inputs":[],"outputs":[{"name":"IMAGE","type":"IMAGE","links":[161],"slot_index":0,"shape":3,"label":"IMAGE"},{"name":"MASK","type":"MASK","links":null,"shape":3,"label":"MASK"}],"properties":{"Node name for S&R":"LoadImage"},"widgets_values":["0-1.png","image"]},{"id":83,"type":"LoadImage","pos":{"0":-1210,"1":-1140},"size":{"0":210,"1":310},"flags":{},"order":3,"mode":0,"inputs":[],"outputs":[{"name":"IMAGE","type":"IMAGE","links":[162],"slot_index":0,"shape":3,"label":"IMAGE"},{"name":"MASK","type":"MASK","links":null,"shape":3,"label":"MASK"}],"properties":{"Node name for S&R":"LoadImage"},"widgets_values":["1-1 (6).png","image"]},{"id":103,"type":"LoadImage","pos":{"0":-1440,"1":-1150},"size":{"0":210,"1":310},"flags":{},"order":4,"mode":0,"inputs":[],"outputs":[{"name":"IMAGE","type":"IMAGE","links":[163],"slot_index":0,"shape":3,"label":"IMAGE"},{"name":"MASK","type":"MASK","links":null,"shape":3,"label":"MASK"}],"properties":{"Node name for S&R":"LoadImage"},"widgets_values":["1-9.png","image"]},{"id":109,"type":"LoadImage","pos":{"0":-500,"1":-1170},"size":{"0":210,"1":340},"flags":{},"order":5,"mode":0,"inputs":[],"outputs":[{"name":"IMAGE","type":"IMAGE","links":[164],"slot_index":0,"shape":3,"label":"IMAGE"},{"name":"MASK","type":"MASK","links":null,"shape":3,"label":"MASK"}],"properties":{"Node name for S&R":"LoadImage"},"widgets_values":["1-3.png","image"]},{"id":110,"type":"LoadImage","pos":{"0":-210,"1":-1160},"size":{"0":210,"1":340},"flags":{},"order":6,"mode":0,"inputs":[],"outputs":[{"name":"IMAGE","type":"IMAGE","links":[165],"slot_index":0,"shape":3,"label":"IMAGE"},{"name":"MASK","type":"MASK","links":null,"shape":3,"label":"MASK"}],"properties":{"Node name for S&R":"LoadImage"},"widgets_values":["1-2 (3).png","image"]},{"id":108,"type":"LoadImage","pos":{"0":-1440,"1":-750},"size":{"0":210,"1":340},"flags":{},"order":7,"mode":0,"inputs":[],"outputs":[{"name":"IMAGE","type":"IMAGE","links":[167],"slot_index":0,"shape":3,"label":"IMAGE"},{"name":"MASK","type":"MASK","links":null,"shape":3,"label":"MASK"}],"properties":{"Node name for S&R":"LoadImage"},"widgets_values":["0-1 (2).png","image"]},{"id":111,"type":"LoadImage","pos":{"0":-1170,"1":-740},"size":{"0":210,"1":340},"flags":{},"order":8,"mode":0,"inputs":[],"outputs":[{"name":"IMAGE","type":"IMAGE","links":[168],"slot_index":0,"shape":3,"label":"IMAGE"},{"name":"MASK","type":"MASK","links":null,"shape":3,"label":"MASK"}],"properties":{"Node name for S&R":"LoadImage"},"widgets_values":["0-1 (1).png","image"]},{"id":114,"type":"LoadImage","pos":{"0":-430,"1":-720},"size":{"0":210,"1":340},"flags":{},"order":9,"mode":0,"inputs":[],"outputs":[{"name":"IMAGE","type":"IMAGE","links":[171],"slot_index":0,"shape":3,"label":"IMAGE"},{"name":"MASK","type":"MASK","links":null,"shape":3,"label":"MASK"}],"properties":{"Node name for S&R":"LoadImage"},"widgets_values":["1-3 (2).png","image"]},{"id":120,"type":"Reroute","pos":{"0":-220,"1":-100},"size":[75,26],"flags":{},"order":45,"mode":0,"inputs":[{"name":"","type":"*","link":164,"label":""}],"outputs":[{"name":"","type":"IMAGE","links":[],"slot_index":0,"label":""}],"properties":{"showOutputText":false,"horizontal":false}},{"id":91,"type":"easy imageSize","pos":{"0":3900,"1":-50},"size":{"0":210,"1":100},"flags":{},"order":86,"mode":0,"inputs":[{"name":"image","type":"IMAGE","link":132,"label":"image"}],"outputs":[{"name":"width_int","type":"INT","links":[133],"slot_index":0,"shape":3,"label":"width_int"},{"name":"height_int","type":"INT","links":[134],"slot_index":1,"shape":3,"label":"height_int"}],"properties":{"Node name for S&R":"easy imageSize"},"widgets_values":["Width: 448 , Height: 704"]},{"id":135,"type":"easy showAnything","pos":{"0":4730,"1":-110},"size":{"0":210,"1":80},"flags":{},"order":96,"mode":0,"inputs":[{"name":"anything","type":"*","link":182,"label":"anything"}],"outputs":[],"properties":{"Node name for S&R":"easy showAnything"},"widgets_values":["350"]},{"id":136,"type":"easy showAnything","pos":{"0":4730,"1":50},"size":{"0":210,"1":80},"flags":{},"order":97,"mode":0,"inputs":[{"name":"anything","type":"*","link":183,"label":"anything"}],"outputs":[],"properties":{"Node name for S&R":"easy showAnything"},"widgets_values":["404"]},{"id":121,"type":"Reroute","pos":{"0":-220,"1":-50},"size":[75,26],"flags":{},"order":46,"mode":0,"inputs":[{"name":"","type":"*","link":165,"label":""}],"outputs":[{"name":"","type":"IMAGE","links":[],"slot_index":0,"label":""}],"properties":{"showOutputText":false,"horizontal":false}},{"id":130,"type":"easy prompt","pos":{"0":210,"1":-360},"size":{"0":340,"1":129},"flags":{},"order":10,"mode":0,"inputs":[],"outputs":[{"name":"prompt","type":"STRING","links":[],"slot_index":0,"shape":3,"label":"prompt"}],"title":"银翼杀手","properties":{"Node name for S&R":"easy prompt"},"widgets_values":["hair cascading over one shoulder, white hair,stylish and feminine, piercing golden eyes, winged eyeliner, red lipstick, dangerous, seductive, confident,night,cold bra,Halo bra, metallic texture bra","none","none",true]},{"id":119,"type":"Reroute","pos":{"0":-240,"1":-320},"size":[75,26],"flags":{},"order":44,"mode":0,"inputs":[{"name":"","type":"*","link":163,"label":""}],"outputs":[{"name":"","type":"IMAGE","links":null,"label":""}],"properties":{"showOutputText":false,"horizontal":false}},{"id":99,"type":"easy prompt","pos":{"0":180,"1":-1100},"size":{"0":340,"1":129},"flags":{},"order":11,"mode":0,"inputs":[],"outputs":[{"name":"prompt","type":"STRING","links":[],"slot_index":0,"shape":3,"label":"prompt"}],"title":"银发明星","properties":{"Node name for S&R":"easy prompt"},"widgets_values":["breathtakingly beautiful, Gorgeous silver earrings,silver white hair, braided bun, piercing blue eyes, seductive gaze, slender and tall figure,perfect makeup,","none","none",true]},{"id":98,"type":"easy prompt","pos":{"0":180,"1":-920},"size":{"0":340,"1":129},"flags":{},"order":12,"mode":0,"inputs":[],"outputs":[{"name":"prompt","type":"STRING","links":[],"slot_index":0,"shape":3,"label":"prompt"}],"title":"啦啦队队长","properties":{"Node name for S&R":"easy prompt"},"widgets_values":["golden hair, blue eyes,((beautiful)), (sweet),(sexy),(white skin),((fair skin)),(blue bra),in door","none","none",true]},{"id":124,"type":"Reroute","pos":{"0":-20,"1":-280},"size":[75,26],"flags":{},"order":48,"mode":0,"inputs":[{"name":"","type":"*","link":168,"label":""}],"outputs":[{"name":"","type":"IMAGE","links":[],"slot_index":0,"label":""}],"properties":{"showOutputText":false,"horizontal":false}},{"id":131,"type":"easy prompt","pos":{"0":200,"1":-170},"size":{"0":340,"1":129},"flags":{},"order":13,"mode":0,"inputs":[],"outputs":[{"name":"prompt","type":"STRING","links":[],"slot_index":0,"shape":3,"label":"prompt"}],"title":"卡车司机","properties":{"Node name for S&R":"easy prompt"},"widgets_values":["large boobs, long blonde wave hair, green eyes, beautiful, young,day,wilderness,white skin,Smooth skin,grass,(black bra),smooth skin,out door","none","none",true]},{"id":113,"type":"LoadImage","pos":{"0":-680,"1":-730},"size":{"0":210,"1":340},"flags":{},"order":14,"mode":0,"inputs":[],"outputs":[{"name":"IMAGE","type":"IMAGE","links":[170],"slot_index":0,"shape":3,"label":"IMAGE"},{"name":"MASK","type":"MASK","links":null,"shape":3,"label":"MASK"}],"properties":{"Node name for S&R":"LoadImage"},"widgets_values":["1-1 (7).png","image"]},{"id":137,"type":"easy prompt","pos":{"0":620,"1":-930},"size":{"0":270,"1":129},"flags":{},"order":15,"mode":0,"inputs":[],"outputs":[{"name":"prompt","type":"STRING","links":[],"slot_index":0,"shape":3,"label":"prompt"}],"title":"占星师","properties":{"Node name for S&R":"easy prompt"},"widgets_values":["(european),((sexy)),(mysterious temperament),long hair,long purple hair,dark purple color,heavy makeup,red lips,(smooth skin),(clean skin)","none","none",true]},{"id":140,"type":"easy prompt","pos":{"0":600,"1":-370},"size":{"0":270,"1":129},"flags":{},"order":16,"mode":0,"inputs":[],"outputs":[{"name":"prompt","type":"STRING","links":[],"slot_index":0,"shape":3,"label":"prompt"}],"title":"城堡女","properties":{"Node name for S&R":"easy prompt"},"widgets_values":["European, black raven long hair, red eyes, beautiful, make up, noble and elegant temperament,in door ,yellow wall,(smooth skin),(clean skin)","none","none",true]},{"id":127,"type":"Reroute","pos":{"0":0,"1":-100},"size":[75,26],"flags":{},"order":49,"mode":0,"inputs":[{"name":"","type":"*","link":171,"label":""}],"outputs":[{"name":"","type":"IMAGE","links":[],"slot_index":0,"label":""}],"properties":{"showOutputText":false,"horizontal":false}},{"id":128,"type":"Reroute","pos":{"0":-10,"1":-50},"size":[75,26],"flags":{},"order":53,"mode":0,"inputs":[{"name":"","type":"*","link":172,"label":""}],"outputs":[{"name":"","type":"IMAGE","links":[],"slot_index":0,"label":""}],"properties":{"showOutputText":false,"horizontal":false}},{"id":112,"type":"LoadImage","pos":{"0":-930,"1":-740},"size":{"0":210,"1":340},"flags":{},"order":17,"mode":0,"inputs":[],"outputs":[{"name":"IMAGE","type":"IMAGE","links":[169],"slot_index":0,"shape":3,"label":"IMAGE"},{"name":"MASK","type":"MASK","links":null,"shape":3,"label":"MASK"}],"properties":{"Node name for S&R":"LoadImage"},"widgets_values":["1-1 (8).png","image"]},{"id":125,"type":"Reroute","pos":{"0":-20,"1":-220},"size":[75,26],"flags":{},"order":51,"mode":0,"inputs":[{"name":"","type":"*","link":169,"label":""}],"outputs":[{"name":"","type":"IMAGE","links":[],"slot_index":0,"label":""}],"properties":{"showOutputText":false,"horizontal":false}},{"id":123,"type":"Reroute","pos":{"0":-30,"1":-340},"size":[75,26],"flags":{},"order":47,"mode":0,"inputs":[{"name":"","type":"*","link":167,"label":""}],"outputs":[{"name":"","type":"IMAGE","links":[],"slot_index":0,"label":""}],"properties":{"showOutputText":false,"horizontal":false}},{"id":143,"type":"Reroute","pos":{"0":780,"1":250},"size":[75,26],"flags":{},"order":62,"mode":0,"inputs":[{"name":"","type":"*","link":232,"label":"","widget":{"name":"value"}}],"outputs":[{"name":"","type":"STRING","links":[231],"label":""}],"properties":{"showOutputText":false,"horizontal":false}},{"id":138,"type":"easy prompt","pos":{"0":620,"1":-740},"size":{"0":270,"1":129},"flags":{},"order":18,"mode":0,"inputs":[],"outputs":[{"name":"prompt","type":"STRING","links":[],"slot_index":0,"shape":3,"label":"prompt"}],"title":"RIN","properties":{"Node name for S&R":"easy prompt"},"widgets_values":["long dark straight hair,black bra, black eyes, straight eyebrows slanting upwards and outwards, rebellious and cold expression, sharp eyes, cold face, desolate temperament,(smooth skin),(clean skin)","none","none",true]},{"id":129,"type":"Reroute","pos":{"0":560,"1":30},"size":[75,26],"flags":{},"order":55,"mode":0,"inputs":[{"name":"","type":"*","link":251,"label":"","widget":{"name":"value"}}],"outputs":[{"name":"","type":"STRING","links":[232],"slot_index":0,"label":""}],"properties":{"showOutputText":false,"horizontal":false}},{"id":76,"type":"ADE_AnimateDiffSamplingSettings","pos":{"0":2100,"1":710},"size":{"0":220,"1":254},"flags":{"collapsed":true},"order":19,"mode":0,"inputs":[{"name":"noise_layers","type":"NOISE_LAYERS","link":null,"label":"noise_layers"},{"name":"iteration_opts","type":"ITERATION_OPTS","link":null,"label":"iteration_opts"},{"name":"custom_cfg","type":"CUSTOM_CFG","link":null,"label":"custom_cfg"},{"name":"sigma_schedule","type":"SIGMA_SCHEDULE","link":null,"label":"sigma_schedule"},{"name":"image_inject","type":"IMAGE_INJECT","link":null,"label":"image_inject"},{"name":"seed_override","type":"INT","link":null,"widget":{"name":"seed_override"},"label":"seed_override"}],"outputs":[{"name":"settings","type":"SAMPLE_SETTINGS","links":[101],"shape":3,"label":"settings"}],"properties":{"Node name for S&R":"ADE_AnimateDiffSamplingSettings"},"widgets_values":[0,"FreeNoise","auto1111 [gpu]",0,0,false,""]},{"id":107,"type":"LoadImage","pos":{"0":-730,"1":-1150},"size":{"0":210,"1":340},"flags":{},"order":20,"mode":0,"inputs":[],"outputs":[{"name":"IMAGE","type":"IMAGE","links":[160],"slot_index":0,"shape":3,"label":"IMAGE"},{"name":"MASK","type":"MASK","links":null,"shape":3,"label":"MASK"}],"properties":{"Node name for S&R":"LoadImage"},"widgets_values":["3-2.png","image"]},{"id":122,"type":"easy prompt","pos":{"0":190,"1":-550},"size":{"0":340,"1":129},"flags":{},"order":21,"mode":0,"inputs":[],"outputs":[{"name":"prompt","type":"STRING","links":[],"slot_index":0,"shape":3,"label":"prompt"}],"title":"花环少女","properties":{"Node name for S&R":"easy prompt"},"widgets_values":["beautiful face, sweet, big chest, golden blonde hair, single loose braid, green eyes,(smooth skin),(clean skin),outdoor,(clean face),flower bra,","none","none",true]},{"id":126,"type":"Reroute","pos":{"0":-10,"1":-160},"size":[75,26],"flags":{},"order":50,"mode":0,"inputs":[{"name":"","type":"*","link":170,"label":""}],"outputs":[{"name":"","type":"IMAGE","links":[],"slot_index":0,"label":""}],"properties":{"showOutputText":false,"horizontal":false}},{"id":139,"type":"easy prompt","pos":{"0":610,"1":-560},"size":{"0":270,"1":129},"flags":{},"order":22,"mode":0,"inputs":[],"outputs":[{"name":"prompt","type":"STRING","links":[],"slot_index":0,"shape":3,"label":"prompt"}],"title":"凤凰","properties":{"Node name for S&R":"easy prompt"},"widgets_values":["Red hair, patient gown, Striped bra,very beautiful, young, sexy, sexy big chest,(smooth skin),(clean skin),(Within the hospital),","none","none",true]},{"id":115,"type":"LoadImage","pos":{"0":-150,"1":-740},"size":{"0":210,"1":340},"flags":{},"order":23,"mode":0,"inputs":[],"outputs":[{"name":"IMAGE","type":"IMAGE","links":[172],"slot_index":0,"shape":3,"label":"IMAGE"},{"name":"MASK","type":"MASK","links":null,"shape":3,"label":"MASK"}],"properties":{"Node name for S&R":"LoadImage"},"widgets_values":["1-3 (1).png","image"]},{"id":145,"type":"LoadImage","pos":{"0":-1430,"1":-350},"size":{"0":210,"1":340},"flags":{},"order":24,"mode":0,"inputs":[],"outputs":[{"name":"IMAGE","type":"IMAGE","links":[237],"slot_index":0,"shape":3,"label":"IMAGE"},{"name":"MASK","type":"MASK","links":null,"shape":3,"label":"MASK"}],"properties":{"Node name for S&R":"LoadImage"},"widgets_values":["1-1 (1).png","image"]},{"id":141,"type":"easy prompt","pos":{"0":610,"1":-160},"size":{"0":270,"1":129},"flags":{},"order":25,"mode":0,"inputs":[],"outputs":[{"name":"prompt","type":"STRING","links":[],"slot_index":0,"shape":3,"label":"prompt"}],"title":"凤凰","properties":{"Node name for S&R":"easy prompt"},"widgets_values":["red hair, beautiful face, high ponytail, blue eyes, sun-kissed skin, beautiful,sexy,(smooth skin),(clean skin)","none","none",true]},{"id":13,"type":"PrimitiveNode","pos":{"0":2280,"1":920},"size":{"0":210,"1":80},"flags":{"collapsed":true},"order":26,"mode":0,"inputs":[],"outputs":[{"name":"connect to widget input","type":"*","links":[],"label":"connect to widget input"}],"properties":{"Run widget replace on values":false}},{"id":36,"type":"Text List","pos":{"0":1320,"1":960},"size":{"0":315,"1":202},"flags":{},"order":61,"mode":0,"inputs":[{"name":"text_a","type":"STRING","link":50,"widget":{"name":"text_a"},"label":"text_a"},{"name":"text_b","type":"STRING","link":51,"widget":{"name":"text_b"},"label":"text_b"},{"name":"text_c","type":"STRING","link":52,"widget":{"name":"text_c"},"label":"text_c"},{"name":"text_d","type":"STRING","link":null,"widget":{"name":"text_d"},"label":"text_d"},{"name":"text_e","type":"STRING","link":null,"widget":{"name":"text_e"},"label":"text_e"},{"name":"text_f","type":"STRING","link":null,"widget":{"name":"text_f"},"label":"text_f"},{"name":"text_g","type":"STRING","link":null,"widget":{"name":"text_g"},"label":"text_g"}],"outputs":[{"name":"LIST","type":"LIST","links":[49],"slot_index":0,"shape":3,"label":"LIST"}],"properties":{"Node name for S&R":"Text List"},"widgets_values":["legs","","scarlett·hayes_clothes","","","",""]},{"id":133,"type":"Reroute","pos":{"0":4580,"1":240},"size":[75,26],"flags":{},"order":92,"mode":0,"inputs":[{"name":"","type":"*","link":181,"label":""}],"outputs":[{"name":"","type":"IMAGE","links":[184],"slot_index":0,"label":""}],"properties":{"showOutputText":false,"horizontal":false}},{"id":8,"type":"VAEDecode","pos":{"0":3640,"1":540},"size":{"0":210,"1":46},"flags":{"collapsed":false},"order":84,"mode":0,"inputs":[{"name":"samples","type":"LATENT","link":246,"label":"samples"},{"name":"vae","type":"VAE","link":249,"label":"vae"}],"outputs":[{"name":"IMAGE","type":"IMAGE","links":[132,244],"slot_index":0,"shape":3,"label":"IMAGE"}],"properties":{"Node name for S&R":"VAEDecode"},"widgets_values":[]},{"id":151,"type":"Reroute","pos":{"0":3520,"1":850},"size":[75,26],"flags":{},"order":66,"mode":0,"inputs":[{"name":"","type":"*","link":248,"label":""}],"outputs":[{"name":"","type":"VAE","links":[249],"slot_index":0,"label":""}],"properties":{"showOutputText":false,"horizontal":false}},{"id":132,"type":"easy prompt","pos":{"0":580,"1":-1150},"size":{"0":290,"1":180},"flags":{},"order":27,"mode":0,"inputs":[],"outputs":[{"name":"prompt","type":"STRING","links":[],"slot_index":0,"shape":3,"label":"prompt"}],"title":"酒保","properties":{"Node name for S&R":"easy prompt"},"widgets_values":["flowing raven brown hair,sexy,deep brown eyes,red lipstick,big chest,red bra,(smooth skin),((clean skin))","none","none",true]},{"id":147,"type":"easy prompt","pos":{"0":930,"1":-1130},"size":{"0":290,"1":180},"flags":{},"order":28,"mode":0,"inputs":[],"outputs":[{"name":"prompt","type":"STRING","links":[],"slot_index":0,"shape":3,"label":"prompt"}],"title":"钓鱼女孩","properties":{"Node name for S&R":"easy prompt"},"widgets_values":["Fried Dough Twists braids, green eyes, blond hair,sexy body,Fishing, wilderness,(white bra),","none","none",true]},{"id":77,"type":"PerturbedAttentionGuidance","pos":{"0":420,"1":920},"size":{"0":327.5999755859375,"1":58},"flags":{},"order":64,"mode":0,"inputs":[{"name":"model","type":"MODEL","link":126,"label":"model"}],"outputs":[{"name":"MODEL","type":"MODEL","links":[105],"slot_index":0,"shape":3,"label":"MODEL"}],"properties":{"Node name for S&R":"PerturbedAttentionGuidance"},"widgets_values":[2]},{"id":134,"type":"easy imageSize","pos":{"0":4490,"1":-60},"size":{"0":210,"1":100},"flags":{},"order":94,"mode":0,"inputs":[{"name":"image","type":"IMAGE","link":184,"label":"image"}],"outputs":[{"name":"width_int","type":"INT","links":[182],"slot_index":0,"shape":3,"label":"width_int"},{"name":"height_int","type":"INT","links":[183],"slot_index":1,"shape":3,"label":"height_int"}],"properties":{"Node name for S&R":"easy imageSize"},"widgets_values":["Width: 350 , Height: 404"]},{"id":93,"type":"easy showAnything","pos":{"0":4150,"1":50},"size":{"0":210,"1":80},"flags":{},"order":89,"mode":0,"inputs":[{"name":"anything","type":"*","link":134,"label":"anything"}],"outputs":[],"properties":{"Node name for S&R":"easy showAnything"},"widgets_values":["704"]},{"id":5,"type":"KSampler","pos":{"0":3260,"1":410},"size":{"0":315,"1":262},"flags":{},"order":82,"mode":0,"inputs":[{"name":"model","type":"MODEL","link":108,"label":"model"},{"name":"positive","type":"CONDITIONING","link":111,"label":"positive"},{"name":"negative","type":"CONDITIONING","link":112,"label":"negative"},{"name":"latent_image","type":"LATENT","link":5,"label":"latent_image"}],"outputs":[{"name":"LATENT","type":"LATENT","links":[246],"slot_index":0,"shape":3,"label":"LATENT"}],"properties":{"Node name for S&R":"KSampler"},"widgets_values":[229313971272497,"randomize",11,2,"lcm","sgm_uniform",1]},{"id":89,"type":"Reroute","pos":{"0":2020,"1":870},"size":[75,26],"flags":{},"order":65,"mode":0,"inputs":[{"name":"","type":"*","link":241,"label":""}],"outputs":[{"name":"","type":"CLIP","links":[130,255],"slot_index":0,"label":""}],"properties":{"showOutputText":false,"horizontal":false}},{"id":106,"type":"easy prompt","pos":{"0":200,"1":-740},"size":{"0":340,"1":129},"flags":{},"order":29,"mode":0,"inputs":[],"outputs":[{"name":"prompt","type":"STRING","links":[251],"slot_index":0,"shape":3,"label":"prompt"}],"title":"办公室白领","properties":{"Node name for S&R":"easy prompt"},"widgets_values":["solo,18+ years old，tan skin，long hair style，blonde hair color,blue eyes color,sexy body,","none","none",true]},{"id":149,"type":"RIFE VFI","pos":{"0":4060,"1":440},"size":{"0":443.4000244140625,"1":198},"flags":{},"order":87,"mode":0,"inputs":[{"name":"frames","type":"IMAGE","link":244,"label":"frames"},{"name":"optional_interpolation_states","type":"INTERPOLATION_STATES","link":null,"label":"optional_interpolation_states"}],"outputs":[{"name":"IMAGE","type":"IMAGE","links":[245],"slot_index":0,"shape":3,"label":"IMAGE"}],"properties":{"Node name for S&R":"RIFE VFI"},"widgets_values":["rife47.pth",10,3,true,true,1]},{"id":118,"type":"Reroute","pos":{"0":-230,"1":-270},"size":[75,26],"flags":{},"order":43,"mode":0,"inputs":[{"name":"","type":"*","link":162,"label":""}],"outputs":[{"name":"","type":"IMAGE","links":[],"slot_index":0,"label":""}],"properties":{"showOutputText":false,"horizontal":false}},{"id":6,"type":"EmptyLatentImage","pos":{"0":2870,"1":460},"size":{"0":315,"1":106},"flags":{"collapsed":false},"order":30,"mode":0,"inputs":[],"outputs":[{"name":"LATENT","type":"LATENT","links":[5],"slot_index":0,"shape":3,"label":"LATENT"}],"properties":{"Node name for S&R":"EmptyLatentImage"},"widgets_values":[448,704,32]},{"id":142,"type":"Reroute","pos":{"0":1010,"1":760},"size":[75,26],"flags":{},"order":68,"mode":0,"inputs":[{"name":"","type":"*","link":231,"label":"","widget":{"name":"value"}}],"outputs":[{"name":"","type":"STRING","links":[230],"label":""}],"properties":{"showOutputText":false,"horizontal":false}},{"id":86,"type":"easy showAnything","pos":{"0":3230,"1":1330},"size":{"0":210,"1":200},"flags":{},"order":59,"mode":0,"inputs":[{"name":"anything","type":"*","link":124,"label":"anything"}],"outputs":[],"properties":{"Node name for S&R":"easy showAnything"},"widgets_values":["{\"source_fps\": 24.0, \"source_frame_count\": 100, \"source_duration\": 4.166666666666667, \"source_width\": 512, \"source_height\": 688, \"loaded_fps\": 24.0, \"loaded_frame_count\": 100, \"loaded_duration\": 4.166666666666666, \"loaded_width\": 400, \"loaded_height\": 704}"]},{"id":25,"type":"ControlNetLoader","pos":{"0":3020,"1":910},"size":{"0":315,"1":58},"flags":{},"order":31,"mode":0,"inputs":[],"outputs":[{"name":"CONTROL_NET","type":"CONTROL_NET","links":[85],"slot_index":0,"shape":3,"label":"CONTROL_NET"}],"properties":{"Node name for S&R":"ControlNetLoader"},"widgets_values":["sd1.5/qrCodeMonster_v20.safetensors"],"color":"#323","bgcolor":"#535"},{"id":64,"type":"ControlNetApplyAdvanced","pos":{"0":3060,"1":1040},"size":{"0":340.20001220703125,"1":186},"flags":{},"order":78,"mode":0,"inputs":[{"name":"positive","type":"CONDITIONING","link":257,"label":"positive"},{"name":"negative","type":"CONDITIONING","link":254,"label":"negative"},{"name":"control_net","type":"CONTROL_NET","link":85,"label":"control_net"},{"name":"image","type":"IMAGE","link":86,"label":"image"},{"name":"vae","type":"VAE","link":null,"label":"vae"}],"outputs":[{"name":"positive","type":"CONDITIONING","links":[82],"slot_index":0,"shape":3,"label":"positive"},{"name":"negative","type":"CONDITIONING","links":[83],"slot_index":1,"shape":3,"label":"negative"}],"properties":{"Node name for S&R":"ControlNetApplyAdvanced"},"widgets_values":[0.3,0,0.34]},{"id":66,"type":"ControlNetApplyAdvanced","pos":{"0":3470,"1":1040},"size":{"0":340.20001220703125,"1":186},"flags":{},"order":80,"mode":0,"inputs":[{"name":"positive","type":"CONDITIONING","link":82,"label":"positive"},{"name":"negative","type":"CONDITIONING","link":83,"label":"negative"},{"name":"control_net","type":"CONTROL_NET","link":88,"label":"control_net"},{"name":"image","type":"IMAGE","link":89,"label":"image"},{"name":"vae","type":"VAE","link":null,"label":"vae"}],"outputs":[{"name":"positive","type":"CONDITIONING","links":[111],"slot_index":0,"shape":3,"label":"positive"},{"name":"negative","type":"CONDITIONING","links":[112],"slot_index":1,"shape":3,"label":"negative"}],"properties":{"Node name for S&R":"ControlNetApplyAdvanced"},"widgets_values":[1,0,1]},{"id":162,"type":"VAEDecode","pos":{"0":1750,"1":-330},"size":{"0":210,"1":46},"flags":{},"order":83,"mode":4,"inputs":[{"name":"samples","type":"LATENT","link":267,"label":"samples"},{"name":"vae","type":"VAE","link":280,"label":"vae"}],"outputs":[{"name":"IMAGE","type":"IMAGE","links":[268],"slot_index":0,"shape":3,"label":"IMAGE"}],"properties":{"Node name for S&R":"VAEDecode"},"widgets_values":[]},{"id":1,"type":"CheckpointLoaderSimple","pos":{"0":410,"1":1250},"size":{"0":315,"1":98},"flags":{},"order":32,"mode":0,"inputs":[],"outputs":[{"name":"MODEL","type":"MODEL","links":[125,270],"slot_index":0,"shape":3,"label":"MODEL"},{"name":"CLIP","type":"CLIP","links":[127],"slot_index":1,"shape":3,"label":"CLIP"},{"name":"VAE","type":"VAE","links":[247],"slot_index":2,"shape":3,"label":"VAE"}],"properties":{"Node name for S&R":"CheckpointLoaderSimple"},"widgets_values":["sd1.5/dreamshaper_8.safetensors"]},{"id":49,"type":"Reroute","pos":{"0":1070,"1":360},"size":[75,26],"flags":{},"order":70,"mode":0,"inputs":[{"name":"","type":"*","link":105,"label":""}],"outputs":[{"name":"","type":"MODEL","links":[65],"slot_index":0,"label":""}],"properties":{"showOutputText":false,"horizontal":false}},{"id":165,"type":"Reroute","pos":{"0":1070,"1":320},"size":[75,26],"flags":{},"order":56,"mode":0,"inputs":[{"name":"","type":"*","link":270,"label":""}],"outputs":[{"name":"","type":"MODEL","links":[277],"slot_index":0,"label":""}],"properties":{"showOutputText":false,"horizontal":false}},{"id":159,"type":"IPAdapter","pos":{"0":1130,"1":-210},"size":{"0":315,"1":190},"flags":{},"order":69,"mode":4,"inputs":[{"name":"model","type":"MODEL","link":263,"label":"model"},{"name":"ipadapter","type":"IPADAPTER","link":264,"label":"ipadapter"},{"name":"image","type":"IMAGE","link":283,"label":"image"},{"name":"attn_mask","type":"MASK","link":null,"label":"attn_mask"}],"outputs":[{"name":"MODEL","type":"MODEL","links":[265],"slot_index":0,"shape":3,"label":"MODEL"}],"properties":{"Node name for S&R":"IPAdapter"},"widgets_values":[0.5,0,1,"standard"]},{"id":117,"type":"Reroute","pos":{"0":-230,"1":-230},"size":[75,26],"flags":{},"order":42,"mode":0,"inputs":[{"name":"","type":"*","link":161,"label":""}],"outputs":[{"name":"","type":"IMAGE","links":[],"slot_index":0,"label":""}],"properties":{"showOutputText":false,"horizontal":false}},{"id":161,"type":"KSampler","pos":{"0":1460,"1":-200},"size":{"0":315,"1":262},"flags":{},"order":81,"mode":4,"inputs":[{"name":"model","type":"MODEL","link":265,"label":"model"},{"name":"positive","type":"CONDITIONING","link":276,"label":"positive"},{"name":"negative","type":"CONDITIONING","link":278,"label":"negative"},{"name":"latent_image","type":"LATENT","link":266,"label":"latent_image"}],"outputs":[{"name":"LATENT","type":"LATENT","links":[267],"slot_index":0,"shape":3,"label":"LATENT"}],"properties":{"Node name for S&R":"KSampler"},"widgets_values":[747365492429531,"randomize",25,7,"euler_ancestral","normal",1]},{"id":167,"type":"Reroute","pos":{"0":930,"1":60},"size":[75,26],"flags":{},"order":79,"mode":0,"inputs":[{"name":"","type":"*","link":274,"label":""}],"outputs":[{"name":"","type":"CONDITIONING","links":[276],"slot_index":0,"label":""}],"properties":{"showOutputText":false,"horizontal":false}},{"id":168,"type":"Reroute","pos":{"0":930,"1":100},"size":[75,26],"flags":{},"order":74,"mode":0,"inputs":[{"name":"","type":"*","link":275,"label":""}],"outputs":[{"name":"","type":"CONDITIONING","links":[278],"slot_index":0,"label":""}],"properties":{"showOutputText":false,"horizontal":false}},{"id":150,"type":"Reroute","pos":{"0":860,"1":840},"size":[75,26],"flags":{},"order":58,"mode":0,"inputs":[{"name":"","type":"*","link":247,"label":""}],"outputs":[{"name":"","type":"VAE","links":[248,279],"slot_index":0,"label":""}],"properties":{"showOutputText":false,"horizontal":false}},{"id":169,"type":"Reroute","pos":{"0":920,"1":150},"size":[75,26],"flags":{},"order":67,"mode":0,"inputs":[{"name":"","type":"*","link":279,"label":""}],"outputs":[{"name":"","type":"VAE","links":[280],"slot_index":0,"label":""}],"properties":{"showOutputText":false,"horizontal":false}},{"id":163,"type":"EmptyLatentImage","pos":{"0":1480,"1":120},"size":{"0":315,"1":106},"flags":{},"order":33,"mode":4,"inputs":[],"outputs":[{"name":"LATENT","type":"LATENT","links":[266],"shape":3,"label":"LATENT"}],"properties":{"Node name for S&R":"EmptyLatentImage"},"widgets_values":[512,768,1]},{"id":41,"type":"IPAdapterModelLoader","pos":{"0":1160,"1":440},"size":{"0":315,"1":58},"flags":{},"order":34,"mode":0,"inputs":[],"outputs":[{"name":"IPADAPTER","type":"IPADAPTER","links":[66],"slot_index":0,"shape":3,"label":"IPADAPTER"}],"properties":{"Node name for S&R":"IPAdapterModelLoader"},"widgets_values":["models/ip-adapter-full-face_sd15.safetensors"]},{"id":160,"type":"IPAdapterUnifiedLoaderFaceID","pos":{"0":1140,"1":80},"size":{"0":315,"1":126},"flags":{},"order":63,"mode":4,"inputs":[{"name":"model","type":"MODEL","link":277,"label":"model"},{"name":"ipadapter","type":"IPADAPTER","link":null,"label":"ipadapter"}],"outputs":[{"name":"MODEL","type":"MODEL","links":[263],"slot_index":0,"shape":3,"label":"MODEL"},{"name":"ipadapter","type":"IPADAPTER","links":[264],"shape":3,"label":"ipadapter"}],"properties":{"Node name for S&R":"IPAdapterUnifiedLoaderFaceID"},"widgets_values":["FACEID PLUS - SD1.5 only",0.6,"CUDA"]},{"id":32,"type":"ADE_LoopedUniformContextOptions","pos":{"0":2000,"1":380},"size":{"0":466.1999816894531,"1":246},"flags":{},"order":35,"mode":0,"inputs":[{"name":"prev_context","type":"CONTEXT_OPTIONS","link":null,"label":"prev_context"},{"name":"view_opts","type":"VIEW_OPTS","link":null,"label":"view_opts"}],"outputs":[{"name":"CONTEXT_OPTS","type":"CONTEXT_OPTIONS","links":[43],"shape":3,"label":"CONTEXT_OPTS"}],"properties":{"Node name for S&R":"ADE_LoopedUniformContextOptions"},"widgets_values":[17,14,4,false,"pyramid",false,0,1]},{"id":74,"type":"Show any to JSON [Crystools]","pos":{"0":3590,"1":-590},"size":{"0":260,"1":140},"flags":{},"order":95,"mode":0,"inputs":[{"name":"any_value","type":"*","link":97,"label":"any_value"}],"outputs":[{"name":"string","type":"STRING","links":[102],"slot_index":0,"shape":3,"label":"string"}],"properties":{"Node name for S&R":"Show any to JSON [Crystools]"}},{"id":164,"type":"ReActorFaceSwap","pos":{"0":1890,"1":-170},"size":{"0":315,"1":358},"flags":{},"order":85,"mode":4,"inputs":[{"name":"input_image","type":"IMAGE","link":268,"label":"input_image"},{"name":"source_image","type":"IMAGE","link":null,"label":"source_image"},{"name":"face_model","type":"FACE_MODEL","link":null,"label":"face_model"},{"name":"face_boost","type":"FACE_BOOST","link":null,"label":"face_boost"}],"outputs":[{"name":"IMAGE","type":"IMAGE","links":[],"slot_index":0,"shape":3,"label":"IMAGE"},{"name":"FACE_MODEL","type":"FACE_MODEL","links":null,"shape":3,"label":"FACE_MODEL"}],"properties":{"Node name for S&R":"ReActorFaceSwap"},"widgets_values":[true,"inswapper_128.onnx","retinaface_resnet50","GFPGANv1.4.pth",1,0.5,"no","no","0","0",1]},{"id":56,"type":"VHS_VideoCombine","pos":{"0":2940,"1":-780},"size":[580,970],"flags":{},"order":93,"mode":0,"inputs":[{"name":"images","type":"IMAGE","link":143,"label":"images"},{"name":"audio","type":"AUDIO","link":null,"label":"audio"},{"name":"meta_batch","type":"VHS_BatchManager","link":null,"label":"meta_batch"},{"name":"vae","type":"VAE","link":null,"label":"vae"}],"outputs":[{"name":"Filenames","type":"VHS_FILENAMES","links":[97],"slot_index":0,"shape":3,"label":"Filenames"}],"properties":{"Node name for S&R":"VHS_VideoCombine"},"widgets_values":{"frame_rate":16,"loop_count":0,"filename_prefix":"AnimateDiff","format":"video/h265-mp4","pix_fmt":"yuv420p10le","crf":0,"save_metadata":true,"pingpong":false,"save_output":true,"videopreview":{"hidden":false,"paused":false,"params":{"filename":"AnimateDiff_00122.mp4","subfolder":"","type":"output","format":"video/h265-mp4","frame_rate":16},"muted":true}}},{"id":146,"type":"Reroute","pos":{"0":-230,"1":0},"size":[75,26],"flags":{},"order":54,"mode":0,"inputs":[{"name":"","type":"*","link":237,"label":""}],"outputs":[{"name":"","type":"IMAGE","links":[],"slot_index":0,"label":""}],"properties":{"showOutputText":false,"horizontal":false}},{"id":95,"type":"ImageCrop","pos":{"0":4540,"1":430},"size":{"0":315,"1":130},"flags":{"collapsed":false},"order":90,"mode":0,"inputs":[{"name":"image","type":"IMAGE","link":245,"label":"image"}],"outputs":[{"name":"IMAGE","type":"IMAGE","links":[142,181],"slot_index":0,"shape":3,"label":"IMAGE"}],"properties":{"Node name for S&R":"ImageCrop"},"widgets_values":[350,700,0,300]},{"id":67,"type":"SaveVideoToOssAndDisplay","pos":{"0":4090,"1":-690},"size":{"0":320,"1":80},"flags":{},"order":98,"mode":0,"inputs":[{"name":"input_path","type":"STRING","link":102,"widget":{"name":"input_path"},"label":"input_path"}],"outputs":[{"name":"STRING","type":"STRING","links":null,"shape":3,"label":"STRING"}],"properties":{"Node name for S&R":"SaveVideoToOssAndDisplay"},"widgets_values":["","comfyui/0924_tt_video"]},{"id":35,"type":"TTKeywordMap","pos":{"0":1690,"1":980},"size":{"0":320,"1":130},"flags":{"collapsed":false},"order":72,"mode":0,"inputs":[{"name":"replace_text","type":"LIST","link":49,"label":"replace_text"},{"name":"apparace","type":"STRING","link":230,"widget":{"name":"apparace"},"label":"apparace"}],"outputs":[{"name":"关键词映射","type":"STRING","links":[151,256],"slot_index":0,"shape":3,"label":"关键词映射"}],"properties":{"Node name for S&R":"TTKeywordMap"},"widgets_values":[0,0,0,"Fried Dough Twists braids, green eyes, blond hair,sexy body,"]},{"id":37,"type":"PrimitiveNode","pos":{"0":1030,"1":900},"size":{"0":210,"1":60},"flags":{},"order":36,"mode":0,"inputs":[],"outputs":[{"name":"STRING","type":"STRING","links":[50],"widget":{"name":"text_a"},"label":"STRING"}],"properties":{"Run widget replace on values":false},"widgets_values":["legs"]},{"id":38,"type":"PrimitiveNode","pos":{"0":1020,"1":1010},"size":{"0":210,"1":60},"flags":{},"order":37,"mode":0,"inputs":[],"outputs":[{"name":"STRING","type":"STRING","links":[51],"widget":{"name":"text_b"},"label":"STRING"}],"properties":{"Run widget replace on values":false},"widgets_values":[""]},{"id":4,"type":"CLIPTextEncode","pos":{"0":2250,"1":1220},"size":{"0":400,"1":200},"flags":{"collapsed":false},"order":71,"mode":0,"inputs":[{"name":"clip","type":"CLIP","link":130,"label":"clip"}],"outputs":[{"name":"CONDITIONING","type":"CONDITIONING","links":[254,275],"slot_index":0,"shape":3,"label":"CONDITIONING"}],"properties":{"Node name for S&R":"CLIPTextEncode"},"widgets_values":["score_6, score_5, score_4, source_pony, (worst quality:1.2), (low quality:1.2), (normal quality:1.2), lowres, bad anatomy, bad hands, signature, watermarks, ugly, imperfect eyes, skewed eyes, unnatural face, unnatural body, error, extra limb, missing limbs, painting by bad-artist, 3d art, nipple ring, looking at the viewer, extra hands, extra fingers, red beauty spots",true]},{"id":152,"type":"CLIPTextEncode","pos":{"0":2250,"1":890},"size":{"0":400,"1":200},"flags":{"collapsed":false},"order":76,"mode":0,"inputs":[{"name":"clip","type":"CLIP","link":255,"label":"clip"},{"name":"text","type":"STRING","link":256,"widget":{"name":"text"},"label":"text"}],"outputs":[{"name":"CONDITIONING","type":"CONDITIONING","links":[257,274],"slot_index":0,"shape":3,"label":"CONDITIONING"}],"properties":{"Node name for S&R":"CLIPTextEncode"},"widgets_values":["score_6, score_5, score_4, source_pony, (worst quality:1.2), (low quality:1.2), (normal quality:1.2), lowres, bad anatomy, bad hands, signature, watermarks, ugly, imperfect eyes, skewed eyes, unnatural face, unnatural body, error, extra limb, missing limbs, painting by bad-artist, 3d art, nipple ring, looking at the viewer, extra hands, extra fingers, red beauty spots",true]},{"id":102,"type":"easy showAnything","pos":{"0":1730,"1":1280},"size":{"0":320,"1":250},"flags":{"collapsed":false},"order":75,"mode":0,"inputs":[{"name":"anything","type":"*","link":151,"label":"anything"}],"outputs":[],"properties":{"Node name for S&R":"easy showAnything"},"widgets_values":["score_9, score_8_up, score_7_up, score_6_up,1female\\(solo,18+ years old，tan skin，long hair style，blonde hair color,blue eyes color,sexy body,,BREAK,Show off your legs, sexy legs, focus on your legs, long legs, close-up of your legs, sexy display of leg posture,BREAK,business attire,white shirt,beside the desk,office,\\),safe,best quality, very aesthetic, absurdres,high resolution,HD,Depth of field, storytelling composition, realistic light and shadow,4k"]},{"id":53,"type":"IPAdapterAdvanced","pos":{"0":1620,"1":390},"size":{"0":315,"1":278},"flags":{},"order":73,"mode":0,"inputs":[{"name":"model","type":"MODEL","link":65,"label":"model"},{"name":"ipadapter","type":"IPADAPTER","link":66,"label":"ipadapter"},{"name":"image","type":"IMAGE","link":285,"label":"image"},{"name":"image_negative","type":"IMAGE","link":null,"label":"image_negative"},{"name":"attn_mask","type":"MASK","link":null,"label":"attn_mask"},{"name":"clip_vision","type":"CLIP_VISION","link":71,"label":"clip_vision"}],"outputs":[{"name":"MODEL","type":"MODEL","links":[115],"slot_index":0,"shape":3,"label":"MODEL"}],"properties":{"Node name for S&R":"IPAdapterAdvanced"},"widgets_values":[1,"linear","norm average",0,1,"V only"]},{"id":116,"type":"Reroute","pos":{"0":-230,"1":-170},"size":[75,26],"flags":{},"order":52,"mode":0,"inputs":[{"name":"","type":"*","link":160,"label":""}],"outputs":[{"name":"","type":"IMAGE","links":[283,285],"slot_index":0,"label":""}],"properties":{"showOutputText":false,"horizontal":false}},{"id":7,"type":"ADE_AnimateDiffLoaderGen1","pos":{"0":2500,"1":380},"size":{"0":327.5999755859375,"1":242},"flags":{},"order":77,"mode":0,"inputs":[{"name":"model","type":"MODEL","link":115,"label":"model"},{"name":"context_options","type":"CONTEXT_OPTIONS","link":43,"label":"context_options"},{"name":"motion_lora","type":"MOTION_LORA","link":286,"label":"motion_lora"},{"name":"ad_settings","type":"AD_SETTINGS","link":null,"label":"ad_settings"},{"name":"ad_keyframes","type":"AD_KEYFRAMES","link":null,"label":"ad_keyframes"},{"name":"sample_settings","type":"SAMPLE_SETTINGS","link":101,"label":"sample_settings"},{"name":"scale_multival","type":"MULTIVAL","link":null,"label":"scale_multival"},{"name":"effect_multival","type":"MULTIVAL","link":null,"label":"effect_multival"},{"name":"per_block","type":"PER_BLOCK","link":null,"label":"per_block"}],"outputs":[{"name":"MODEL","type":"MODEL","links":[108],"slot_index":0,"shape":3,"label":"MODEL"}],"properties":{"Node name for S&R":"ADE_AnimateDiffLoaderGen1"},"widgets_values":["AnimateLCM_sd15_t2v.ckpt","sqrt_linear (AnimateDiff)"]},{"id":24,"type":"VHS_LoadVideo","pos":{"0":2960,"1":1270},"size":[250,630],"flags":{},"order":38,"mode":0,"inputs":[{"name":"meta_batch","type":"VHS_BatchManager","link":null,"label":"meta_batch"},{"name":"vae","type":"VAE","link":null,"label":"vae"}],"outputs":[{"name":"IMAGE","type":"IMAGE","links":[86],"slot_index":0,"shape":3,"label":"IMAGE"},{"name":"frame_count","type":"INT","links":[],"slot_index":1,"shape":3,"label":"frame_count"},{"name":"audio","type":"AUDIO","links":null,"shape":3,"label":"audio"},{"name":"video_info","type":"VHS_VIDEOINFO","links":[124],"slot_index":3,"shape":3,"label":"video_info"}],"properties":{"Node name for S&R":"VHS_LoadVideo"},"widgets_values":{"video":"walk_forward_depth.mp4","force_rate":0,"force_size":"Custom","custom_width":400,"custom_height":704,"frame_load_cap":0,"skip_first_frames":0,"select_every_nth":1,"choose video to upload":"image","videopreview":{"hidden":false,"paused":false,"params":{"frame_load_cap":0,"skip_first_frames":0,"force_rate":0,"filename":"walk_forward_depth.mp4","type":"input","format":"video/mp4","select_every_nth":1,"force_size":"400x704"},"muted":true}},"color":"#323","bgcolor":"#535"},{"id":28,"type":"VHS_LoadVideo","pos":{"0":3480,"1":1270},"size":[250,630],"flags":{},"order":39,"mode":0,"inputs":[{"name":"meta_batch","type":"VHS_BatchManager","link":null,"label":"meta_batch"},{"name":"vae","type":"VAE","link":null,"label":"vae"}],"outputs":[{"name":"IMAGE","type":"IMAGE","links":[89],"slot_index":0,"shape":3,"label":"IMAGE"},{"name":"frame_count","type":"INT","links":[],"slot_index":1,"shape":3,"label":"frame_count"},{"name":"audio","type":"AUDIO","links":null,"shape":3,"label":"audio"},{"name":"video_info","type":"VHS_VIDEOINFO","links":[123],"slot_index":3,"shape":3,"label":"video_info"}],"properties":{"Node name for S&R":"VHS_LoadVideo"},"widgets_values":{"video":"walk_forward_pose.mp4","force_rate":0,"force_size":"Custom","custom_width":400,"custom_height":704,"frame_load_cap":0,"skip_first_frames":0,"select_every_nth":1,"choose video to upload":"image","videopreview":{"hidden":false,"paused":false,"params":{"frame_load_cap":0,"skip_first_frames":0,"force_rate":0,"filename":"walk_forward_pose.mp4","type":"input","format":"video/mp4","select_every_nth":1,"force_size":"400x704"},"muted":true}},"color":"#323","bgcolor":"#535"},{"id":170,"type":"ADE_AnimateDiffLoRALoader","pos":{"0":2170,"1":720},"size":{"0":266.79998779296875,"1":82},"flags":{},"order":40,"mode":0,"inputs":[{"name":"prev_motion_lora","type":"MOTION_LORA","link":null,"label":"prev_motion_lora"}],"outputs":[{"name":"MOTION_LORA","type":"MOTION_LORA","links":[286],"shape":3,"label":"MOTION_LORA","slot_index":0}],"properties":{"Node name for S&R":"ADE_AnimateDiffLoRALoader"},"widgets_values":["v2_lora_ZoomOut.ckpt",1,""]},{"id":39,"type":"PrimitiveNode","pos":{"0":1020,"1":1140},"size":{"0":210,"1":220},"flags":{},"order":41,"mode":0,"inputs":[],"outputs":[{"name":"STRING","type":"STRING","links":[52],"widget":{"name":"text_c"},"label":"STRING"}],"properties":{"Run widget replace on values":false},"widgets_values":["scarlett·hayes_clothes"]}],"links":[[5,6,0,5,3,"LATENT"],[43,32,0,7,1,"CONTEXT_OPTIONS"],[49,36,0,35,0,"LIST"],[50,37,0,36,0,"STRING"],[51,38,0,36,1,"STRING"],[52,39,0,36,2,"STRING"],[65,49,0,53,0,"MODEL"],[66,41,0,53,1,"IPADAPTER"],[71,54,0,53,5,"CLIP_VISION"],[82,64,0,66,0,"CONDITIONING"],[83,64,1,66,1,"CONDITIONING"],[85,25,0,64,2,"CONTROL_NET"],[86,24,0,64,3,"IMAGE"],[88,27,0,66,2,"CONTROL_NET"],[89,28,0,66,3,"IMAGE"],[97,56,0,74,0,"*"],[101,76,0,7,5,"SAMPLE_SETTINGS"],[102,74,0,67,0,"STRING"],[105,77,0,49,0,"*"],[108,7,0,5,0,"MODEL"],[111,66,0,5,1,"CONDITIONING"],[112,66,1,5,2,"CONDITIONING"],[115,53,0,7,0,"MODEL"],[123,28,3,85,0,"*"],[124,24,3,86,0,"*"],[125,1,0,88,0,"MODEL"],[126,88,0,77,0,"MODEL"],[127,1,1,88,1,"CLIP"],[130,89,0,4,0,"CLIP"],[132,8,0,91,0,"IMAGE"],[133,91,0,92,0,"*"],[134,91,1,93,0,"*"],[142,95,0,96,0,"*"],[143,96,0,56,0,"IMAGE"],[151,35,0,102,0,"*"],[160,107,0,116,0,"*"],[161,104,0,117,0,"*"],[162,83,0,118,0,"*"],[163,103,0,119,0,"*"],[164,109,0,120,0,"*"],[165,110,0,121,0,"*"],[167,108,0,123,0,"*"],[168,111,0,124,0,"*"],[169,112,0,125,0,"*"],[170,113,0,126,0,"*"],[171,114,0,127,0,"*"],[172,115,0,128,0,"*"],[181,95,0,133,0,"*"],[182,134,0,135,0,"*"],[183,134,1,136,0,"*"],[184,133,0,134,0,"IMAGE"],[230,142,0,35,1,"STRING"],[231,143,0,142,0,"*"],[232,129,0,143,0,"*"],[237,145,0,146,0,"*"],[241,88,1,89,0,"*"],[244,8,0,149,0,"IMAGE"],[245,149,0,95,0,"IMAGE"],[246,5,0,8,0,"LATENT"],[247,1,2,150,0,"*"],[248,150,0,151,0,"*"],[249,151,0,8,1,"VAE"],[251,106,0,129,0,"*"],[254,4,0,64,1,"CONDITIONING"],[255,89,0,152,0,"CLIP"],[256,35,0,152,1,"STRING"],[257,152,0,64,0,"CONDITIONING"],[263,160,0,159,0,"MODEL"],[264,160,1,159,1,"IPADAPTER"],[265,159,0,161,0,"MODEL"],[266,163,0,161,3,"LATENT"],[267,161,0,162,0,"LATENT"],[268,162,0,164,0,"IMAGE"],[270,1,0,165,0,"*"],[274,152,0,167,0,"*"],[275,4,0,168,0,"*"],[276,167,0,161,1,"CONDITIONING"],[277,165,0,160,0,"MODEL"],[278,168,0,161,2,"CONDITIONING"],[279,150,0,169,0,"*"],[280,169,0,162,1,"VAE"],[283,116,0,159,2,"IMAGE"],[285,116,0,53,2,"IMAGE"],[286,170,0,7,2,"MOTION_LORA"]],"groups":[{"title":"可删除","bounding":[3890,-180,1140,370],"color":"#a1309b","font_size":24,"flags":{}},{"title":"models","bounding":[380,840,560,570],"color":"#3f789e","font_size":24,"flags":{}},{"title":"sample","bounding":[2850,310,1150,460],"color":"#A88","font_size":24,"flags":{}},{"title":"video","bounding":[4020,320,828,454],"color":"#3f789e","font_size":24,"flags":{}},{"title":"controlnet","bounding":[2840,830,1150,910],"color":"#8AA","font_size":24,"flags":{}},{"title":"animatediff","bounding":[1980,320,850,440],"color":"#3f789e","font_size":24,"flags":{}},{"title":"prompt","bounding":[1010,810,1810,930],"color":"#b58b2a","font_size":24,"flags":{}},{"title":"ipadapter","bounding":[1020,320,950,440],"color":"#3f789e","font_size":24,"flags":{}},{"title":"临时输入","bounding":[-1450,-1240,2460,1260],"color":"#a1309b","font_size":24,"flags":{}},{"title":"Group","bounding":[1650,-200,140,80],"color":"#3f789e","font_size":24,"flags":{}},{"title":"第一张参考图","bounding":[1080,-400,1135,670],"color":"#A88","font_size":24,"flags":{}}],"config":{},"extra":{"ds":{"scale":0.7247295000000109,"offset":[307.25699709042294,1080.0027283217582]},"workspace_info":{"id":"KXDEuxsRXsn9Q7xUv8Krr","saveLock":false,"cloudID":null,"coverMediaPath":null}},"version":0.4}