{"last_node_id":142,"last_link_id":268,"nodes":[{"id":25,"type":"ADE_ApplyAnimateDiffModel","pos":{"0":270,"1":-280},"size":{"0":319.20001220703125,"1":202},"flags":{},"order":22,"mode":0,"inputs":[{"name":"motion_model","type":"MOTION_MODEL_ADE","link":35,"label":"motion_model"},{"name":"motion_lora","type":"MOTION_LORA","link":47,"label":"motion_lora"},{"name":"scale_multival","type":"MULTIVAL","link":null,"label":"scale_multival"},{"name":"effect_multival","type":"MULTIVAL","link":null,"label":"effect_multival"},{"name":"ad_keyframes","type":"AD_KEYFRAMES","link":null,"label":"ad_keyframes"},{"name":"prev_m_models","type":"M_MODELS","link":null,"label":"prev_m_models"},{"name":"per_block","type":"PER_BLOCK","link":null,"label":"per_block"}],"outputs":[{"name":"M_MODELS","type":"M_MODELS","links":[34],"shape":3,"label":"M_MODELS"}],"properties":{"Node name for S&R":"ADE_ApplyAnimateDiffModel"},"widgets_values":[0,1,""]},{"id":77,"type":"Reroute","pos":{"0":-1420,"1":-1130},"size":[75,26],"flags":{},"order":19,"mode":0,"inputs":[{"name":"","type":"*","link":135,"label":""}],"outputs":[{"name":"","type":"VAE","links":[136],"slot_index":0,"label":""}],"properties":{"showOutputText":false,"horizontal":false}},{"id":89,"type":"Reroute","pos":{"0":-1430,"1":-1080},"size":[75,26],"flags":{},"order":29,"mode":0,"inputs":[{"name":"","type":"*","link":259,"label":""}],"outputs":[{"name":"","type":"IMAGE","links":[160,166],"slot_index":0,"label":""}],"properties":{"showOutputText":false,"horizontal":false}},{"id":65,"type":"Reroute","pos":{"0":1070,"1":50},"size":[75,26],"flags":{},"order":36,"mode":0,"inputs":[{"name":"","type":"*","link":109,"label":""}],"outputs":[{"name":"","type":"VAE","links":[110],"slot_index":0,"label":""}],"properties":{"showOutputText":false,"horizontal":false}},{"id":17,"type":"Reroute","pos":{"0":930,"1":1000},"size":[75,26],"flags":{},"order":28,"mode":0,"inputs":[{"name":"","type":"*","link":18,"label":""}],"outputs":[{"name":"","type":"VAE","links":[109],"slot_index":0,"label":""}],"properties":{"showOutputText":false,"horizontal":false}},{"id":56,"type":"Reroute","pos":{"0":930,"1":940},"size":[75,26],"flags":{},"order":33,"mode":0,"inputs":[{"name":"","type":"*","link":95,"label":""}],"outputs":[{"name":"","type":"STRING","links":[189],"slot_index":0,"label":""}],"properties":{"showOutputText":false,"horizontal":false}},{"id":81,"type":"Reroute","pos":{"0":-2930,"1":-70},"size":[75,26],"flags":{},"order":27,"mode":0,"inputs":[{"name":"","type":"*","link":144,"label":""}],"outputs":[{"name":"","type":"CLIP","links":[146,193],"slot_index":0,"label":""}],"properties":{"showOutputText":false,"horizontal":false}},{"id":107,"type":"Reroute","pos":{"0":-1770,"1":840},"size":[75,26],"flags":{},"order":41,"mode":0,"inputs":[{"name":"","type":"*","link":201,"label":""}],"outputs":[{"name":"","type":"STRING","links":[203],"slot_index":0,"label":""}],"properties":{"showOutputText":false,"horizontal":false}},{"id":16,"type":"Reroute","pos":{"0":-1790,"1":1000},"size":[75,26],"flags":{},"order":18,"mode":0,"inputs":[{"name":"","type":"*","link":17,"label":""}],"outputs":[{"name":"","type":"VAE","links":[18],"slot_index":0,"label":""}],"properties":{"showOutputText":false,"horizontal":false}},{"id":111,"type":"Note","pos":{"0":-2030,"1":750},"size":{"0":210,"1":60},"flags":{},"order":0,"mode":0,"inputs":[],"outputs":[],"properties":{},"widgets_values":["上：正面条件\n下：负面条件"],"color":"#432","bgcolor":"#653"},{"id":108,"type":"Reroute","pos":{"0":-1760,"1":900},"size":[75,26],"flags":{},"order":21,"mode":0,"inputs":[{"name":"","type":"*","link":202,"label":""}],"outputs":[{"name":"","type":"STRING","links":[204],"slot_index":0,"label":""}],"properties":{"showOutputText":false,"horizontal":false}},{"id":109,"type":"Reroute","pos":{"0":-120,"1":860},"size":[75,26],"flags":{},"order":48,"mode":0,"inputs":[{"name":"","type":"*","link":203,"label":""}],"outputs":[{"name":"","type":"STRING","links":[],"slot_index":0,"label":""}],"properties":{"showOutputText":false,"horizontal":false}},{"id":110,"type":"Reroute","pos":{"0":-110,"1":900},"size":[75,26],"flags":{},"order":31,"mode":0,"inputs":[{"name":"","type":"*","link":204,"label":""}],"outputs":[{"name":"","type":"STRING","links":[],"slot_index":0,"label":""}],"properties":{"showOutputText":false,"horizontal":false}},{"id":114,"type":"Reroute","pos":{"0":780,"1":810},"size":[75,26],"flags":{},"order":50,"mode":0,"inputs":[{"name":"","type":"*","link":208,"label":""}],"outputs":[{"name":"","type":"CONDITIONING","links":[209],"slot_index":0,"label":""}],"properties":{"showOutputText":false,"horizontal":false}},{"id":13,"type":"CLIPTextEncode","pos":{"0":-2160,"1":130},"size":{"0":400,"1":200},"flags":{"collapsed":false},"order":35,"mode":0,"inputs":[{"name":"clip","type":"CLIP","link":193,"label":"clip"},{"name":"text","type":"STRING","link":158,"widget":{"name":"text"},"label":"text"}],"outputs":[{"name":"CONDITIONING","type":"CONDITIONING","links":[143,207],"slot_index":0,"shape":3,"label":"CONDITIONING"}],"properties":{"Node name for S&R":"CLIPTextEncode"},"widgets_values":["score_6, score_5, score_4, source_pony, (worst quality:1.2), (low quality:1.2), (normal quality:1.2), lowres, bad anatomy, bad hands, signature, watermarks, ugly, imperfect eyes, skewed eyes, unnatural face, unnatural body, error, extra limb, missing limbs, painting by bad-artist, 3d art, nipple ring, looking at the viewer, extra hands, extra fingers, red beauty spots",true]},{"id":113,"type":"Reroute","pos":{"0":-1760,"1":810},"size":[75,26],"flags":{},"order":45,"mode":0,"inputs":[{"name":"","type":"*","link":207,"label":""}],"outputs":[{"name":"","type":"CONDITIONING","links":[208],"slot_index":0,"label":""}],"properties":{"showOutputText":false,"horizontal":false}},{"id":12,"type":"CLIPTextEncode","pos":{"0":-2050,"1":-100},"size":{"0":400,"1":200},"flags":{"collapsed":true},"order":39,"mode":0,"inputs":[{"name":"clip","type":"CLIP","link":146,"label":"clip"},{"name":"text","type":"STRING","link":80,"widget":{"name":"text"},"label":"text"}],"outputs":[{"name":"CONDITIONING","type":"CONDITIONING","links":[165,210],"slot_index":0,"shape":3,"label":"CONDITIONING"}],"properties":{"Node name for S&R":"CLIPTextEncode"},"widgets_values":["score_9, score_8_up, score_7_up, score_6_up,1female\\(Fried Dough Twists braids, green eyes, blond hair,sexy body,BREAK,Cleavage in sexy bikini outfit,Sea blue bikini,Seaside, beach,sexy posture,Sunshine, beach, bright atmosphere\\),safe,best quality, very aesthetic, absurdres,high resolution,HD,Depth of field, storytelling composition, realistic light and shadow,4k",true]},{"id":115,"type":"Reroute","pos":{"0":-1760,"1":740},"size":[75,26],"flags":{},"order":47,"mode":0,"inputs":[{"name":"","type":"*","link":210,"label":""}],"outputs":[{"name":"","type":"CONDITIONING","links":[211],"slot_index":0,"label":""}],"properties":{"showOutputText":false,"horizontal":false}},{"id":34,"type":"Reroute","pos":{"0":840,"1":-140},"size":[75,26],"flags":{},"order":55,"mode":0,"inputs":[{"name":"","type":"*","link":212,"label":""}],"outputs":[{"name":"","type":"CONDITIONING","links":[58],"slot_index":0,"label":""}],"properties":{"showOutputText":false,"horizontal":false}},{"id":35,"type":"Reroute","pos":{"0":840,"1":-90},"size":[75,26],"flags":{},"order":53,"mode":0,"inputs":[{"name":"","type":"*","link":209,"label":""}],"outputs":[{"name":"","type":"CONDITIONING","links":[61],"slot_index":0,"label":""}],"properties":{"showOutputText":false,"horizontal":false}},{"id":116,"type":"Reroute","pos":{"0":770,"1":760},"size":[75,26],"flags":{},"order":52,"mode":0,"inputs":[{"name":"","type":"*","link":211,"label":""}],"outputs":[{"name":"","type":"CONDITIONING","links":[212],"slot_index":0,"label":""}],"properties":{"showOutputText":false,"horizontal":false}},{"id":39,"type":"ADE_LoopedUniformContextOptions","pos":{"0":0,"1":-440},"size":{"0":317.4000244140625,"1":246},"flags":{"collapsed":true},"order":1,"mode":0,"inputs":[{"name":"prev_context","type":"CONTEXT_OPTIONS","link":null,"label":"prev_context"},{"name":"view_opts","type":"VIEW_OPTS","link":null,"label":"view_opts"}],"outputs":[{"name":"CONTEXT_OPTS","type":"CONTEXT_OPTIONS","links":[68],"shape":3,"label":"CONTEXT_OPTS"}],"properties":{"Node name for S&R":"ADE_LoopedUniformContextOptions"},"widgets_values":[16,1,4,false,"pyramid",false,0,1]},{"id":119,"type":"Reroute","pos":{"0":-1620,"1":-530},"size":[75,26],"flags":{},"order":16,"mode":0,"inputs":[{"name":"","type":"*","link":216,"label":""}],"outputs":[{"name":"","type":"MODEL","links":[217],"slot_index":0,"label":""}],"properties":{"showOutputText":false,"horizontal":false}},{"id":118,"type":"Reroute","pos":{"0":2490,"1":510},"size":[75,26],"flags":{},"order":49,"mode":0,"inputs":[{"name":"","type":"*","link":215,"label":""}],"outputs":[{"name":"","type":"STRING","links":[],"slot_index":0,"label":""}],"properties":{"showOutputText":false,"horizontal":false}},{"id":57,"type":"Reroute","pos":{"0":-1780,"1":960},"size":[75,26],"flags":{},"order":24,"mode":0,"inputs":[{"name":"","type":"*","link":94,"label":""}],"outputs":[{"name":"","type":"STRING","links":[95],"slot_index":0,"label":""}],"properties":{"showOutputText":false,"horizontal":false}},{"id":38,"type":"IPAdapterUnifiedLoaderFaceID","pos":{"0":-1390,"1":-740},"size":{"0":315,"1":126},"flags":{},"order":25,"mode":0,"inputs":[{"name":"model","type":"MODEL","link":217,"label":"model"},{"name":"ipadapter","type":"IPADAPTER","link":null,"label":"ipadapter"}],"outputs":[{"name":"MODEL","type":"MODEL","links":[91],"slot_index":0,"shape":3,"label":"MODEL"},{"name":"ipadapter","type":"IPADAPTER","links":[65],"shape":3,"label":"ipadapter"}],"properties":{"Node name for S&R":"IPAdapterUnifiedLoaderFaceID"},"widgets_values":["FACEID PLUS - SD1.5 only",0.6,"CUDA"]},{"id":26,"type":"ADE_LoadAnimateDiffModel","pos":{"0":-80,"1":-290},"size":{"0":315,"1":58},"flags":{},"order":2,"mode":0,"inputs":[{"name":"ad_settings","type":"AD_SETTINGS","link":null,"label":"ad_settings"}],"outputs":[{"name":"MOTION_MODEL","type":"MOTION_MODEL_ADE","links":[35],"shape":3,"label":"MOTION_MODEL"}],"properties":{"Node name for S&R":"ADE_LoadAnimateDiffModel"},"widgets_values":["AnimateLCM_sd15_t2v.ckpt"]},{"id":40,"type":"ADE_AnimateDiffSamplingSettings","pos":{"0":0,"1":-370},"size":{"0":220,"1":254},"flags":{"collapsed":true},"order":3,"mode":0,"inputs":[{"name":"noise_layers","type":"NOISE_LAYERS","link":null,"label":"noise_layers"},{"name":"iteration_opts","type":"ITERATION_OPTS","link":null,"label":"iteration_opts"},{"name":"custom_cfg","type":"CUSTOM_CFG","link":null,"label":"custom_cfg"},{"name":"sigma_schedule","type":"SIGMA_SCHEDULE","link":null,"label":"sigma_schedule"},{"name":"image_inject","type":"IMAGE_INJECT","link":null,"label":"image_inject"},{"name":"seed_override","type":"INT","link":null,"widget":{"name":"seed_override"},"label":"seed_override"}],"outputs":[{"name":"settings","type":"SAMPLE_SETTINGS","links":[69],"shape":3,"label":"settings"}],"properties":{"Node name for S&R":"ADE_AnimateDiffSamplingSettings"},"widgets_values":[0,"default","auto1111 [gpu]",0,0,false,""]},{"id":99,"type":"Reroute","pos":{"0":1470,"1":940},"size":[75,26],"flags":{},"order":42,"mode":0,"inputs":[{"name":"","type":"*","link":189,"label":""}],"outputs":[{"name":"","type":"STRING","links":[215],"slot_index":0,"label":""}],"properties":{"showOutputText":false,"horizontal":false}},{"id":121,"type":"Reroute","pos":{"0":-1730,"1":680},"size":[75,26],"flags":{},"order":30,"mode":0,"inputs":[{"name":"","type":"*","link":266,"label":""}],"outputs":[{"name":"","type":"IMAGE","links":[232],"slot_index":0,"label":""}],"properties":{"showOutputText":false,"horizontal":false}},{"id":122,"type":"Reroute","pos":{"0":930,"1":710},"size":[75,26],"flags":{},"order":38,"mode":0,"inputs":[{"name":"","type":"*","link":232,"label":""}],"outputs":[{"name":"","type":"IMAGE","links":[233],"slot_index":0,"label":""}],"properties":{"showOutputText":false,"horizontal":false}},{"id":91,"type":"Reroute","pos":{"0":-1420,"1":-480},"size":[75,26],"flags":{},"order":59,"mode":0,"inputs":[{"name":"","type":"*","link":162,"label":""}],"outputs":[{"name":"","type":"IMAGE","links":[164],"slot_index":0,"label":""}],"properties":{"showOutputText":false,"horizontal":false}},{"id":24,"type":"ADE_UseEvolvedSampling","pos":{"0":370,"1":-460},"size":{"0":352.79998779296875,"1":118},"flags":{},"order":62,"mode":0,"inputs":[{"name":"model","type":"MODEL","link":156,"label":"model"},{"name":"m_models","type":"M_MODELS","link":34,"label":"m_models"},{"name":"context_options","type":"CONTEXT_OPTIONS","link":68,"label":"context_options"},{"name":"sample_settings","type":"SAMPLE_SETTINGS","link":69,"label":"sample_settings"}],"outputs":[{"name":"MODEL","type":"MODEL","links":[37],"slot_index":0,"shape":3,"label":"MODEL"}],"properties":{"Node name for S&R":"ADE_UseEvolvedSampling"},"widgets_values":["sqrt_linear (AnimateDiff)"]},{"id":86,"type":"Reroute","pos":{"0":-80,"1":-490},"size":[75,26],"flags":{},"order":61,"mode":0,"inputs":[{"name":"","type":"*","link":155,"label":""}],"outputs":[{"name":"","type":"MODEL","links":[156],"slot_index":0,"label":""}],"properties":{"showOutputText":false,"horizontal":false}},{"id":126,"type":"Reroute","pos":{"0":-1420,"1":-410},"size":[75,26],"flags":{},"order":34,"mode":0,"inputs":[{"name":"","type":"*","link":241,"label":""}],"outputs":[{"name":"","type":"MODEL","links":[240],"slot_index":0,"label":""}],"properties":{"showOutputText":false,"horizontal":false}},{"id":84,"type":"Reroute","pos":{"0":-1690,"1":-180},"size":[75,26],"flags":{},"order":26,"mode":0,"inputs":[{"name":"","type":"*","link":150,"label":""}],"outputs":[{"name":"","type":"MODEL","links":[241],"slot_index":0,"label":""}],"properties":{"showOutputText":false,"horizontal":false}},{"id":73,"type":"Reroute","pos":{"0":-1400,"1":-1220},"size":[75,26],"flags":{},"order":46,"mode":0,"inputs":[{"name":"","type":"*","link":165,"label":""}],"outputs":[{"name":"","type":"CONDITIONING","links":[131],"slot_index":0,"label":""}],"properties":{"showOutputText":false,"horizontal":false}},{"id":74,"type":"Reroute","pos":{"0":-1420,"1":-1180},"size":[75,26],"flags":{},"order":44,"mode":0,"inputs":[{"name":"","type":"*","link":143,"label":""}],"outputs":[{"name":"","type":"CONDITIONING","links":[132],"slot_index":0,"label":""}],"properties":{"showOutputText":false,"horizontal":false}},{"id":80,"type":"IPAdapter","pos":{"0":-730,"1":-420},"size":{"0":315,"1":190},"flags":{},"order":60,"mode":0,"inputs":[{"name":"model","type":"MODEL","link":148,"label":"model"},{"name":"ipadapter","type":"IPADAPTER","link":149,"label":"ipadapter"},{"name":"image","type":"IMAGE","link":164,"label":"image"},{"name":"attn_mask","type":"MASK","link":null,"label":"attn_mask"}],"outputs":[{"name":"MODEL","type":"MODEL","links":[155],"slot_index":0,"shape":3,"label":"MODEL"}],"properties":{"Node name for S&R":"IPAdapter"},"widgets_values":[0.6,0,1,"standard"]},{"id":83,"type":"IPAdapterUnifiedLoaderFaceID","pos":{"0":-1160,"1":-420},"size":{"0":315,"1":126},"flags":{},"order":43,"mode":0,"inputs":[{"name":"model","type":"MODEL","link":240,"label":"model"},{"name":"ipadapter","type":"IPADAPTER","link":null,"label":"ipadapter"}],"outputs":[{"name":"MODEL","type":"MODEL","links":[148],"slot_index":0,"shape":3,"label":"MODEL"},{"name":"ipadapter","type":"IPADAPTER","links":[149],"slot_index":1,"shape":3,"label":"ipadapter"}],"properties":{"Node name for S&R":"IPAdapterUnifiedLoaderFaceID"},"widgets_values":["FACEID PLUS - SD1.5 only",0.5,"CUDA"]},{"id":64,"type":"VAEDecode","pos":{"0":1630,"1":-450},"size":{"0":210,"1":46},"flags":{"collapsed":false},"order":64,"mode":0,"inputs":[{"name":"samples","type":"LATENT","link":120,"label":"samples"},{"name":"vae","type":"VAE","link":110,"label":"vae"}],"outputs":[{"name":"IMAGE","type":"IMAGE","links":[253],"slot_index":0,"shape":3,"label":"IMAGE"}],"properties":{"Node name for S&R":"VAEDecode"},"widgets_values":[]},{"id":72,"type":"VAEDecode","pos":{"0":-730,"1":-1190},"size":{"0":210,"1":46},"flags":{},"order":54,"mode":0,"inputs":[{"name":"samples","type":"LATENT","link":128,"label":"samples"},{"name":"vae","type":"VAE","link":136,"label":"vae"}],"outputs":[{"name":"IMAGE","type":"IMAGE","links":[142],"slot_index":0,"shape":3,"label":"IMAGE"}],"properties":{"Node name for S&R":"VAEDecode"},"widgets_values":[]},{"id":14,"type":"KSampler","pos":{"0":970,"1":-520},"size":{"0":315,"1":262},"flags":{},"order":63,"mode":0,"inputs":[{"name":"model","type":"MODEL","link":37,"label":"model"},{"name":"positive","type":"CONDITIONING","link":58,"label":"positive"},{"name":"negative","type":"CONDITIONING","link":61,"label":"negative"},{"name":"latent_image","type":"LATENT","link":24,"label":"latent_image"}],"outputs":[{"name":"LATENT","type":"LATENT","links":[120],"slot_index":0,"shape":3,"label":"LATENT"}],"properties":{"Node name for S&R":"KSampler"},"widgets_values":[878186161666881,"randomize",11,2,"lcm","sgm_uniform",1]},{"id":55,"type":"LoraLoader","pos":{"0":-3580,"1":-210},"size":{"0":315,"1":126},"flags":{},"order":17,"mode":0,"inputs":[{"name":"model","type":"MODEL","link":87,"label":"model"},{"name":"clip","type":"CLIP","link":88,"label":"clip"}],"outputs":[{"name":"MODEL","type":"MODEL","links":[150],"slot_index":0,"shape":3,"label":"MODEL"},{"name":"CLIP","type":"CLIP","links":[144],"slot_index":1,"shape":3,"label":"CLIP"}],"properties":{"Node name for S&R":"LoraLoader"},"widgets_values":["animate/AnimateLCM_sd15_t2v_lora.safetensors",1,1]},{"id":11,"type":"CheckpointLoaderSimple","pos":{"0":-3580,"1":-390},"size":{"0":315,"1":98},"flags":{},"order":4,"mode":0,"inputs":[],"outputs":[{"name":"MODEL","type":"MODEL","links":[87,216],"slot_index":0,"shape":3,"label":"MODEL"},{"name":"CLIP","type":"CLIP","links":[88],"slot_index":1,"shape":3,"label":"CLIP"},{"name":"VAE","type":"VAE","links":[17,135],"slot_index":2,"shape":3,"label":"VAE"}],"properties":{"Node name for S&R":"CheckpointLoaderSimple"},"widgets_values":["sd1.5/photon_v1.safetensors"]},{"id":36,"type":"IPAdapter","pos":{"0":-1360,"1":-1000},"size":{"0":315,"1":190},"flags":{},"order":37,"mode":0,"inputs":[{"name":"model","type":"MODEL","link":91,"label":"model"},{"name":"ipadapter","type":"IPADAPTER","link":65,"label":"ipadapter"},{"name":"image","type":"IMAGE","link":160,"label":"image"},{"name":"attn_mask","type":"MASK","link":null,"label":"attn_mask"}],"outputs":[{"name":"MODEL","type":"MODEL","links":[127],"slot_index":0,"shape":3,"label":"MODEL"}],"properties":{"Node name for S&R":"IPAdapter"},"widgets_values":[0.5,0,1,"standard"]},{"id":63,"type":"RIFE VFI","pos":{"0":1480,"1":220},"size":{"0":443.4000244140625,"1":198},"flags":{},"order":66,"mode":0,"inputs":[{"name":"frames","type":"IMAGE","link":226,"label":"frames"},{"name":"optional_interpolation_states","type":"INTERPOLATION_STATES","link":null,"label":"optional_interpolation_states"}],"outputs":[{"name":"IMAGE","type":"IMAGE","links":[230],"slot_index":0,"shape":3,"label":"IMAGE"}],"properties":{"Node name for S&R":"RIFE VFI"},"widgets_values":["rife47.pth",10,3,true,true,1]},{"id":90,"type":"Reroute","pos":{"0":-230,"1":-620},"size":[75,26],"flags":{},"order":57,"mode":0,"inputs":[{"name":"","type":"*","link":161,"label":""}],"outputs":[{"name":"","type":"IMAGE","links":[162],"slot_index":0,"label":""}],"properties":{"showOutputText":false,"horizontal":false}},{"id":58,"type":"ReActorFaceSwap","pos":{"0":1070,"1":240},"size":{"0":315,"1":358},"flags":{},"order":65,"mode":0,"inputs":[{"name":"input_image","type":"IMAGE","link":253,"label":"input_image"},{"name":"source_image","type":"IMAGE","link":233,"label":"source_image"},{"name":"face_model","type":"FACE_MODEL","link":null,"label":"face_model"},{"name":"face_boost","type":"FACE_BOOST","link":null,"label":"face_boost"}],"outputs":[{"name":"IMAGE","type":"IMAGE","links":[226],"slot_index":0,"shape":3,"label":"IMAGE"},{"name":"FACE_MODEL","type":"FACE_MODEL","links":null,"shape":3,"label":"FACE_MODEL"}],"properties":{"Node name for S&R":"ReActorFaceSwap"},"widgets_values":[true,"inswapper_128.onnx","retinaface_resnet50","none",1,0.5,"no","no","0","0",1]},{"id":136,"type":"Reroute","pos":{"0":-1880,"1":-1090},"size":[75,26],"flags":{},"order":20,"mode":0,"inputs":[{"name":"","type":"*","link":267,"label":""}],"outputs":[{"name":"","type":"IMAGE","links":[259,266],"slot_index":0,"label":""}],"properties":{"showOutputText":false,"horizontal":false}},{"id":137,"type":"LoadAudio","pos":{"0":-1430,"1":-2480},"size":{"0":315,"1":124},"flags":{},"order":5,"mode":0,"inputs":[],"outputs":[{"name":"AUDIO","type":"AUDIO","links":[262],"shape":3,"label":"AUDIO"}],"properties":{"Node name for S&R":"LoadAudio"},"widgets_values":["StockTune-Echoes Of Cosmic Time_1727058393.mp3",null,""]},{"id":123,"type":"Show any to JSON [Crystools]","pos":{"0":140,"1":-2570},"size":{"0":230,"1":130},"flags":{},"order":68,"mode":0,"inputs":[{"name":"any_value","type":"*","link":234,"label":"any_value"}],"outputs":[{"name":"string","type":"STRING","links":[235],"slot_index":0,"shape":3,"label":"string"}],"properties":{"Node name for S&R":"Show any to JSON [Crystools]"}},{"id":50,"type":"Primitive string [Crystools]","pos":{"0":-2980,"1":-280},"size":{"0":315,"1":58},"flags":{},"order":6,"mode":0,"inputs":[],"outputs":[{"name":"string","type":"STRING","links":[77],"shape":3,"label":"string"}],"properties":{"Node name for S&R":"Primitive string [Crystools]"},"widgets_values":["bikini_breast_video"]},{"id":124,"type":"SaveVideoToOssAndDisplay","pos":{"0":150,"1":-2110},"size":{"0":320,"1":80},"flags":{},"order":69,"mode":0,"inputs":[{"name":"input_path","type":"STRING","link":235,"widget":{"name":"input_path"},"label":"input_path"}],"outputs":[{"name":"STRING","type":"STRING","links":null,"shape":3,"label":"STRING"}],"properties":{"Node name for S&R":"SaveVideoToOssAndDisplay"},"widgets_values":["","comfyui/text_video_0924"]},{"id":78,"type":"ReActorFaceSwap","pos":{"0":-530,"1":-1060},"size":{"0":315,"1":358},"flags":{},"order":56,"mode":0,"inputs":[{"name":"input_image","type":"IMAGE","link":142,"label":"input_image"},{"name":"source_image","type":"IMAGE","link":166,"label":"source_image"},{"name":"face_model","type":"FACE_MODEL","link":null,"label":"face_model"},{"name":"face_boost","type":"FACE_BOOST","link":null,"label":"face_boost"}],"outputs":[{"name":"IMAGE","type":"IMAGE","links":[161,268],"slot_index":0,"shape":3,"label":"IMAGE"},{"name":"FACE_MODEL","type":"FACE_MODEL","links":null,"shape":3,"label":"FACE_MODEL"}],"properties":{"Node name for S&R":"ReActorFaceSwap"},"widgets_values":[true,"inswapper_128.onnx","retinaface_resnet50","GFPGANv1.4.pth",1,0.5,"no","no","0","0",1]},{"id":71,"type":"KSampler","pos":{"0":-1020,"1":-1040},"size":{"0":315,"1":262},"flags":{},"order":51,"mode":0,"inputs":[{"name":"model","type":"MODEL","link":127,"label":"model"},{"name":"positive","type":"CONDITIONING","link":131,"label":"positive"},{"name":"negative","type":"CONDITIONING","link":132,"label":"negative"},{"name":"latent_image","type":"LATENT","link":134,"label":"latent_image"}],"outputs":[{"name":"LATENT","type":"LATENT","links":[128],"slot_index":0,"shape":3,"label":"LATENT"}],"properties":{"Node name for S&R":"KSampler"},"widgets_values":[122547375485372,"randomize",25,7,"euler_ancestral","normal",1]},{"id":135,"type":"Load Image From Url","pos":{"0":-2910,"1":-1160},"size":{"0":400,"1":200},"flags":{},"order":7,"mode":0,"inputs":[],"outputs":[{"name":"IMAGE","type":"IMAGE","links":[],"slot_index":0,"shape":3,"label":"IMAGE"},{"name":"MASK","type":"MASK","links":null,"shape":3,"label":"MASK"}],"properties":{"Node name for S&R":"Load Image From Url"},"widgets_values":["http://118.178.95.78:7016/view?filename=ComfyUI_temp_ijlek_00001_.png&type=temp&subfolder=&t=1727060021629",true]},{"id":142,"type":"PreviewImage","pos":{"0":20,"1":-1200},"size":[210,250],"flags":{},"order":58,"mode":0,"inputs":[{"name":"images","type":"IMAGE","link":268,"label":"images"}],"outputs":[],"properties":{"Node name for S&R":"PreviewImage"}},{"id":141,"type":"LoadImage","pos":{"0":-2490,"1":-1080},"size":[320,310],"flags":{},"order":8,"mode":0,"inputs":[],"outputs":[{"name":"IMAGE","type":"IMAGE","links":[267],"shape":3,"label":"IMAGE","slot_index":0},{"name":"MASK","type":"MASK","links":null,"shape":3,"label":"MASK"}],"properties":{"Node name for S&R":"LoadImage"},"widgets_values":["0-1.png","image"]},{"id":51,"type":"Primitive string [Crystools]","pos":{"0":-2950,"1":-160},"size":{"0":315,"1":58},"flags":{},"order":9,"mode":0,"inputs":[],"outputs":[{"name":"string","type":"STRING","links":[78],"shape":3,"label":"string"}],"properties":{"Node name for S&R":"Primitive string [Crystools]"},"widgets_values":["scarlett·hayes_clothes"]},{"id":48,"type":"Text List","pos":{"0":-2590,"1":-330},"size":{"0":315,"1":202},"flags":{},"order":23,"mode":0,"inputs":[{"name":"text_a","type":"STRING","link":76,"widget":{"name":"text_a"},"label":"text_a"},{"name":"text_b","type":"STRING","link":77,"widget":{"name":"text_b"},"label":"text_b"},{"name":"text_c","type":"STRING","link":78,"widget":{"name":"text_c"},"label":"text_c"},{"name":"text_d","type":"STRING","link":null,"widget":{"name":"text_d"},"label":"text_d"},{"name":"text_e","type":"STRING","link":null,"widget":{"name":"text_e"},"label":"text_e"},{"name":"text_f","type":"STRING","link":null,"widget":{"name":"text_f"},"label":"text_f"},{"name":"text_g","type":"STRING","link":null,"widget":{"name":"text_g"},"label":"text_g"}],"outputs":[{"name":"LIST","type":"LIST","links":[74],"shape":3,"label":"LIST"}],"properties":{"Node name for S&R":"Text List"},"widgets_values":["","","","","","",""]},{"id":52,"type":"easy showAnything","pos":{"0":-1880,"1":-440},"size":{"0":460,"1":180},"flags":{"collapsed":false},"order":40,"mode":0,"inputs":[{"name":"anything","type":"*","link":81,"label":"anything"}],"outputs":[],"properties":{"Node name for S&R":"easy showAnything"},"widgets_values":["score_9, score_8_up, score_7_up, score_6_up,1female\\(solo,18+ years old，tan skin，long hair style，blonde hair color,blue eyes color,sexy body,wear glass,BREAK,Focused on bra,close up, tight fitting bra, curves accentuated,BREAK,business attire,white shirt,beside the desk,office,\\),safe,best quality, very aesthetic, absurdres,high resolution,HD,Depth of field, storytelling composition, realistic light and shadow,4k"]},{"id":88,"type":"Primitive string multiline [Crystools]","pos":{"0":-2690,"1":230},"size":{"0":400,"1":200},"flags":{},"order":10,"mode":0,"inputs":[],"outputs":[{"name":"string","type":"STRING","links":[158,202],"slot_index":0,"shape":3,"label":"string"}],"properties":{"Node name for S&R":"Primitive string multiline [Crystools]"},"widgets_values":["score_6, score_5, score_4, source_pony, (worst quality:1.2), (low quality:1.2), (normal quality:1.2), lowres, bad anatomy, bad hands, signature, watermarks, ugly, imperfect eyes, skewed eyes, unnatural face, unnatural body, error, extra limb, missing limbs, painting by bad-artist, 3d art, nipple ring, looking at the viewer, extra hands, extra fingers, red beauty spots",true]},{"id":31,"type":"ADE_AnimateDiffLoRALoader","pos":{"0":-60,"1":-180},"size":{"0":240,"1":82},"flags":{},"order":11,"mode":0,"inputs":[{"name":"prev_motion_lora","type":"MOTION_LORA","link":null,"label":"prev_motion_lora"}],"outputs":[{"name":"MOTION_LORA","type":"MOTION_LORA","links":[47],"shape":3,"label":"MOTION_LORA"}],"properties":{"Node name for S&R":"ADE_AnimateDiffLoRALoader"},"widgets_values":["v2_lora_PanLeft.ckpt",1,""]},{"id":29,"type":"VHS_VideoCombine","pos":{"0":-720,"1":-2760},"size":[590,1200],"flags":{},"order":67,"mode":0,"inputs":[{"name":"images","type":"IMAGE","link":230,"label":"images"},{"name":"audio","type":"AUDIO","link":262,"label":"audio"},{"name":"meta_batch","type":"VHS_BatchManager","link":null,"label":"meta_batch"},{"name":"vae","type":"VAE","link":null,"label":"vae"}],"outputs":[{"name":"Filenames","type":"VHS_FILENAMES","links":[234],"slot_index":0,"shape":3,"label":"Filenames"}],"properties":{"Node name for S&R":"VHS_VideoCombine"},"widgets_values":{"frame_rate":16,"loop_count":0,"filename_prefix":"sd1.5_lowdenoise_1","format":"video/nvenc_hevc-mp4","pix_fmt":"yuv420p","bitrate":10,"megabit":true,"save_metadata":true,"pingpong":false,"save_output":true,"videopreview":{"hidden":false,"paused":false,"params":{"filename":"sd1.5_lowdenoise_1_00048-audio.mp4","subfolder":"","type":"output","format":"video/nvenc_hevc-mp4","frame_rate":16},"muted":true}}},{"id":47,"type":"TTKeywordMap","pos":{"0":-2260,"1":-540},"size":{"0":320,"1":130},"flags":{},"order":32,"mode":0,"inputs":[{"name":"replace_text","type":"LIST","link":74,"label":"replace_text"},{"name":"apparace","type":"STRING","link":257,"widget":{"name":"apparace"},"label":"apparace"}],"outputs":[{"name":"关键词映射","type":"STRING","links":[80,81,201],"slot_index":0,"shape":3,"label":"关键词映射"}],"properties":{"Node name for S&R":"TTKeywordMap"},"widgets_values":[0,0,0,"tan skin，long hair style，blonde hair color,blue eyes color,sexy body,in glasses,"]},{"id":76,"type":"EmptyLatentImage","pos":{"0":-1030,"1":-700},"size":{"0":315,"1":106},"flags":{},"order":12,"mode":0,"inputs":[],"outputs":[{"name":"LATENT","type":"LATENT","links":[134],"shape":3,"label":"LATENT"}],"properties":{"Node name for S&R":"EmptyLatentImage"},"widgets_values":[512,768,1]},{"id":133,"type":"Primitive string [Crystools]","pos":{"0":-2710,"1":-70},"size":{"0":315,"1":58},"flags":{},"order":13,"mode":0,"inputs":[],"outputs":[{"name":"string","type":"STRING","links":[257],"shape":3,"label":"string"}],"properties":{"Node name for S&R":"Primitive string [Crystools]"},"widgets_values":["solo,18+ years old，tan skin，long hair style，blonde hair color,blue eyes color,sexy body,wear glass"]},{"id":49,"type":"Primitive string [Crystools]","pos":{"0":-2970,"1":-420},"size":{"0":315,"1":58},"flags":{},"order":14,"mode":0,"inputs":[],"outputs":[{"name":"string","type":"STRING","links":[76,94],"slot_index":0,"shape":3,"label":"string"}],"properties":{"Node name for S&R":"Primitive string [Crystools]"},"widgets_values":["chest"]},{"id":23,"type":"EmptyLatentImage","pos":{"0":990,"1":-160},"size":{"0":315,"1":106},"flags":{},"order":15,"mode":0,"inputs":[],"outputs":[{"name":"LATENT","type":"LATENT","links":[24],"shape":3,"label":"LATENT"}],"properties":{"Node name for S&R":"EmptyLatentImage"},"widgets_values":[512,768,32]}],"links":[[17,11,2,16,0,"*"],[18,16,0,17,0,"*"],[24,23,0,14,3,"LATENT"],[34,25,0,24,1,"M_MODELS"],[35,26,0,25,0,"MOTION_MODEL_ADE"],[37,24,0,14,0,"MODEL"],[47,31,0,25,1,"MOTION_LORA"],[58,34,0,14,1,"CONDITIONING"],[61,35,0,14,2,"CONDITIONING"],[65,38,1,36,1,"IPADAPTER"],[68,39,0,24,2,"CONTEXT_OPTIONS"],[69,40,0,24,3,"SAMPLE_SETTINGS"],[74,48,0,47,0,"LIST"],[76,49,0,48,0,"STRING"],[77,50,0,48,1,"STRING"],[78,51,0,48,2,"STRING"],[80,47,0,12,1,"STRING"],[81,47,0,52,0,"*"],[87,11,0,55,0,"MODEL"],[88,11,1,55,1,"CLIP"],[91,38,0,36,0,"MODEL"],[94,49,0,57,0,"*"],[95,57,0,56,0,"*"],[109,17,0,65,0,"*"],[110,65,0,64,1,"VAE"],[120,14,0,64,0,"LATENT"],[127,36,0,71,0,"MODEL"],[128,71,0,72,0,"LATENT"],[131,73,0,71,1,"CONDITIONING"],[132,74,0,71,2,"CONDITIONING"],[134,76,0,71,3,"LATENT"],[135,11,2,77,0,"*"],[136,77,0,72,1,"VAE"],[142,72,0,78,0,"IMAGE"],[143,13,0,74,0,"*"],[144,55,1,81,0,"*"],[146,81,0,12,0,"CLIP"],[148,83,0,80,0,"MODEL"],[149,83,1,80,1,"IPADAPTER"],[150,55,0,84,0,"*"],[155,80,0,86,0,"*"],[156,86,0,24,0,"MODEL"],[158,88,0,13,1,"STRING"],[160,89,0,36,2,"IMAGE"],[161,78,0,90,0,"*"],[162,90,0,91,0,"*"],[164,91,0,80,2,"IMAGE"],[165,12,0,73,0,"*"],[166,89,0,78,1,"IMAGE"],[189,56,0,99,0,"*"],[193,81,0,13,0,"CLIP"],[201,47,0,107,0,"*"],[202,88,0,108,0,"*"],[203,107,0,109,0,"*"],[204,108,0,110,0,"*"],[207,13,0,113,0,"*"],[208,113,0,114,0,"*"],[209,114,0,35,0,"*"],[210,12,0,115,0,"*"],[211,115,0,116,0,"*"],[212,116,0,34,0,"*"],[215,99,0,118,0,"*"],[216,11,0,119,0,"*"],[217,119,0,38,0,"MODEL"],[226,58,0,63,0,"IMAGE"],[230,63,0,29,0,"*"],[232,121,0,122,0,"*"],[233,122,0,58,1,"IMAGE"],[234,29,0,123,0,"*"],[235,123,0,124,0,"STRING"],[240,126,0,83,0,"MODEL"],[241,84,0,126,0,"*"],[253,64,0,58,0,"IMAGE"],[257,133,0,47,1,"STRING"],[259,136,0,89,0,"*"],[262,137,0,29,1,"AUDIO"],[266,136,0,121,0,"*"],[267,141,0,136,0,"*"],[268,78,0,142,0,"IMAGE"]],"groups":[{"title":"转接点","bounding":[-2040,660,4300,480],"color":"#8e0b0b","font_size":24,"flags":{}},{"title":"负面提示词：固定","bounding":[-3060,60,1520,410],"color":"#b58b2a","font_size":24,"flags":{}},{"title":"视频补帧处理","bounding":[950,0,1000,610],"color":"#8A8","font_size":24,"flags":{}},{"title":"ipadapter视频用","bounding":[-1450,-530,1310,510],"color":"#8A8","font_size":24,"flags":{}},{"title":"采样","bounding":[950,-540,1020,520],"color":"#A88","font_size":24,"flags":{}},{"title":"animatediff","bounding":[-120,-540,1050,520],"color":"#8A8","font_size":24,"flags":{}},{"title":"正面提示词：映射调度","bounding":[-3010,-540,1510,530],"color":"#b58b2a","font_size":24,"flags":{}},{"title":"模型","bounding":[-3680,-550,500,540],"color":"#a1309b","font_size":24,"flags":{}},{"title":"Group","bounding":[-880,-990,140,80],"color":"#3f789e","font_size":24,"flags":{}},{"title":"输入图片","bounding":[-2980,-1200,1467,638],"color":"#a1309b","font_size":24,"flags":{}},{"title":"ipadapter+换脸生成第一帧","bounding":[-1460,-1230,1330,660],"color":"#8A8","font_size":24,"flags":{}},{"title":"预览","bounding":[-1770,-2720,2381,1094],"color":"#a1309b","font_size":24,"flags":{}}],"config":{},"extra":{"ds":{"scale":0.4500000000000111,"offset":[1620.1302825633375,1671.1145769651125]},"workspace_info":{"id":"LxIP002Zk4Nd7vvL2Q7ZD","saveLock":false,"cloudID":null,"coverMediaPath":null}},"version":0.4}