{"last_node_id":54,"last_link_id":86,"nodes":[{"id":16,"type":"Reroute","pos":{"0":310,"1":860},"size":[75,26],"flags":{},"order":12,"mode":0,"inputs":[{"name":"","type":"*","link":17}],"outputs":[{"name":"","type":"VAE","links":[18],"slot_index":0}],"properties":{"showOutputText":false,"horizontal":false}},{"id":17,"type":"Reroute","pos":{"0":1310,"1":860},"size":[75,26],"flags":{},"order":17,"mode":0,"inputs":[{"name":"","type":"*","link":18}],"outputs":[{"name":"","type":"VAE","links":[19],"slot_index":0}],"properties":{"showOutputText":false,"horizontal":false}},{"id":33,"type":"LatentUpscaleBy","pos":{"0":1320,"1":-500},"size":{"0":315,"1":82},"flags":{"collapsed":true},"order":25,"mode":0,"inputs":[{"name":"samples","type":"LATENT","link":53,"label":"Latent"}],"outputs":[{"name":"LATENT","type":"LATENT","links":[54],"slot_index":0,"shape":3,"label":"Latent"}],"properties":{"Node name for S&R":"LatentUpscaleBy"},"widgets_values":["nearest-exact",1.5]},{"id":15,"type":"VAEDecode","pos":{"0":1770,"1":-440},"size":{"0":210,"1":46},"flags":{"collapsed":true},"order":27,"mode":0,"inputs":[{"name":"samples","type":"LATENT","link":52,"label":"Latent"},{"name":"vae","type":"VAE","link":19,"label":"VAE"}],"outputs":[{"name":"IMAGE","type":"IMAGE","links":[45],"slot_index":0,"shape":3,"label":"图像"}],"properties":{"Node name for S&R":"VAEDecode"}},{"id":23,"type":"EmptyLatentImage","pos":{"0":1030,"1":-180},"size":{"0":315,"1":106},"flags":{},"order":0,"mode":0,"inputs":[],"outputs":[{"name":"LATENT","type":"LATENT","links":[24],"shape":3,"label":"Latent"}],"properties":{"Node name for S&R":"EmptyLatentImage"},"widgets_values":[512,512,32]},{"id":37,"type":"LoadImage","pos":{"0":-940,"1":-420},"size":{"0":320,"1":310},"flags":{},"order":1,"mode":0,"inputs":[],"outputs":[{"name":"IMAGE","type":"IMAGE","links":[64],"shape":3,"label":"图像"},{"name":"MASK","type":"MASK","links":null,"shape":3,"label":"遮罩"}],"properties":{"Node name for S&R":"LoadImage"},"widgets_values":["1-1 (1).png","image"]},{"id":29,"type":"VHS_VideoCombine","pos":{"0":2030,"1":-490},"size":[320,620],"flags":{},"order":29,"mode":0,"inputs":[{"name":"images","type":"IMAGE","link":46,"label":"图像"},{"name":"audio","type":"AUDIO","link":null,"label":"音频"},{"name":"meta_batch","type":"VHS_BatchManager","link":null,"label":"批次管理"},{"name":"vae","type":"VAE","link":null}],"outputs":[{"name":"Filenames","type":"VHS_FILENAMES","links":[72],"shape":3,"label":"文件名","slot_index":0}],"properties":{"Node name for S&R":"VHS_VideoCombine"},"widgets_values":{"frame_rate":16,"loop_count":0,"filename_prefix":"AnimateDiff","format":"video/h265-mp4","pix_fmt":"yuv420p10le","crf":22,"save_metadata":true,"pingpong":false,"save_output":true,"videopreview":{"hidden":false,"paused":false,"params":{"filename":"AnimateDiff_00213.mp4","subfolder":"","type":"output","format":"video/h265-mp4","frame_rate":16},"muted":true}}},{"id":46,"type":"Show any to JSON [Crystools]","pos":{"0":2440,"1":-580},"size":{"0":240,"1":80},"flags":{},"order":30,"mode":0,"inputs":[{"name":"any_value","type":"*","link":72,"label":"任意值"}],"outputs":[{"name":"string","type":"STRING","links":[73],"shape":3,"label":"字符串","slot_index":0}],"properties":{"Node name for S&R":"Show any to JSON [Crystools]"}},{"id":30,"type":"FILM VFI","pos":{"0":990,"1":60},"size":{"0":443.4000244140625,"1":126},"flags":{},"order":28,"mode":0,"inputs":[{"name":"frames","type":"IMAGE","link":45,"label":"图像"},{"name":"optional_interpolation_states","type":"INTERPOLATION_STATES","link":null,"label":"插值规则(可选)"}],"outputs":[{"name":"IMAGE","type":"IMAGE","links":[46],"slot_index":0,"shape":3,"label":"图像"}],"properties":{"Node name for S&R":"FILM VFI"},"widgets_values":["film_net_fp32.pt",10,3]},{"id":13,"type":"CLIPTextEncode","pos":{"0":470,"1":360},"size":{"0":400,"1":200},"flags":{},"order":16,"mode":0,"inputs":[{"name":"clip","type":"CLIP","link":86,"label":"CLIP"}],"outputs":[{"name":"CONDITIONING","type":"CONDITIONING","links":[60],"slot_index":0,"shape":3,"label":"条件"}],"properties":{"Node name for S&R":"CLIPTextEncode"},"widgets_values":["score_6, score_5, score_4, source_pony, (worst quality:1.2), (low quality:1.2), (normal quality:1.2), lowres, bad anatomy, bad hands, signature, watermarks, ugly, imperfect eyes, skewed eyes, unnatural face, unnatural body, error, extra limb, missing limbs, painting by bad-artist, 3d art, nipple ring, looking at the viewer, extra hands, extra fingers, red beauty spots",true]},{"id":48,"type":"Text List","pos":{"0":140,"1":300},"size":[315,202],"flags":{},"order":14,"mode":0,"inputs":[{"name":"text_a","type":"STRING","link":76,"widget":{"name":"text_a"}},{"name":"text_b","type":"STRING","link":77,"widget":{"name":"text_b"}},{"name":"text_c","type":"STRING","link":78,"widget":{"name":"text_c"}},{"name":"text_d","type":"STRING","link":null,"widget":{"name":"text_d"}},{"name":"text_e","type":"STRING","link":null,"widget":{"name":"text_e"}},{"name":"text_f","type":"STRING","link":null,"widget":{"name":"text_f"}},{"name":"text_g","type":"STRING","link":null,"widget":{"name":"text_g"}}],"outputs":[{"name":"LIST","type":"LIST","links":[74],"shape":3,"label":"列表"}],"properties":{"Node name for S&R":"Text List"},"widgets_values":["","","","","","",""]},{"id":12,"type":"CLIPTextEncode","pos":{"0":490,"1":60},"size":[400,200],"flags":{},"order":21,"mode":0,"inputs":[{"name":"clip","type":"CLIP","link":85,"label":"CLIP"},{"name":"text","type":"STRING","link":80,"widget":{"name":"text"},"label":"文本"}],"outputs":[{"name":"CONDITIONING","type":"CONDITIONING","links":[57],"slot_index":0,"shape":3,"label":"条件"}],"properties":{"Node name for S&R":"CLIPTextEncode"},"widgets_values":["score_9, score_8_up, score_7_up, score_6_up,1female\\(Fried Dough Twists braids, green eyes, blond hair,sexy body,BREAK,Cleavage in sexy bikini outfit,Sea blue bikini,Seaside, beach,sexy posture,Sunshine, beach, bright atmosphere\\),safe,best quality, very aesthetic, absurdres,high resolution,HD,Depth of field, storytelling composition, realistic light and shadow,4k",true]},{"id":31,"type":"ADE_AnimateDiffLoRALoader","pos":{"0":-40,"1":-170},"size":{"0":240,"1":82},"flags":{},"order":2,"mode":0,"inputs":[{"name":"prev_motion_lora","type":"MOTION_LORA","link":null,"label":"前LoRA"}],"outputs":[{"name":"MOTION_LORA","type":"MOTION_LORA","links":[47],"shape":3,"label":"动态LoRA"}],"properties":{"Node name for S&R":"ADE_AnimateDiffLoRALoader"},"widgets_values":["v2_lora_RollingAnticlockwise.ckpt",1,""]},{"id":41,"type":"SaveVideoToOssAndDisplay","pos":{"0":2420,"1":-420},"size":[320,80],"flags":{},"order":31,"mode":0,"inputs":[{"name":"input_path","type":"STRING","link":73,"widget":{"name":"input_path"}}],"outputs":[{"name":"STRING","type":"STRING","links":null,"shape":3,"label":"STRING","slot_index":0}],"properties":{"Node name for S&R":"SaveVideoToOssAndDisplay"},"widgets_values":["","test_video_0909"]},{"id":36,"type":"IPAdapter","pos":{"0":-610,"1":-510},"size":{"0":315,"1":190},"flags":{},"order":15,"mode":0,"inputs":[{"name":"model","type":"MODEL","link":83,"label":"模型"},{"name":"ipadapter","type":"IPADAPTER","link":65,"label":"IPAdapter"},{"name":"image","type":"IMAGE","link":64,"label":"图像"},{"name":"attn_mask","type":"MASK","link":null,"label":"关注层遮罩"}],"outputs":[{"name":"MODEL","type":"MODEL","links":[66],"slot_index":0,"shape":3,"label":"模型"}],"properties":{"Node name for S&R":"IPAdapter"},"widgets_values":[0.6,0.2,0.8,"standard"]},{"id":40,"type":"ADE_AnimateDiffSamplingSettings","pos":{"0":10,"1":-370},"size":{"0":220,"1":254},"flags":{"collapsed":true},"order":3,"mode":0,"inputs":[{"name":"noise_layers","type":"NOISE_LAYERS","link":null,"label":"噪波层"},{"name":"iteration_opts","type":"ITERATION_OPTS","link":null,"label":"迭代设置"},{"name":"custom_cfg","type":"CUSTOM_CFG","link":null,"label":"自定CFG"},{"name":"sigma_schedule","type":"SIGMA_SCHEDULE","link":null,"label":"Sigma调度"},{"name":"image_inject","type":"IMAGE_INJECT","link":null},{"name":"seed_override","type":"INT","link":null,"widget":{"name":"seed_override"}}],"outputs":[{"name":"settings","type":"SAMPLE_SETTINGS","links":[69],"shape":3,"label":"采样设置"}],"properties":{"Node name for S&R":"ADE_AnimateDiffSamplingSettings"},"widgets_values":[0,"default","auto1111 [gpu]",0,0,false,""]},{"id":25,"type":"ADE_ApplyAnimateDiffModel","pos":{"0":290,"1":-270},"size":{"0":210,"1":202},"flags":{},"order":13,"mode":0,"inputs":[{"name":"motion_model","type":"MOTION_MODEL_ADE","link":35,"label":"动态模型"},{"name":"motion_lora","type":"MOTION_LORA","link":47,"label":"动态LoRA"},{"name":"scale_multival","type":"MULTIVAL","link":null,"label":"缩放多值"},{"name":"effect_multival","type":"MULTIVAL","link":null,"label":"效果多值"},{"name":"ad_keyframes","type":"AD_KEYFRAMES","link":null,"label":"AD关键帧"},{"name":"prev_m_models","type":"M_MODELS","link":null,"label":"前动态模型组"},{"name":"per_block","type":"PER_BLOCK","link":null}],"outputs":[{"name":"M_MODELS","type":"M_MODELS","links":[34],"shape":3,"label":"动态模型组"}],"properties":{"Node name for S&R":"ADE_ApplyAnimateDiffModel"},"widgets_values":[0,1,""]},{"id":11,"type":"CheckpointLoaderSimple","pos":{"0":-880,"1":130},"size":{"0":315,"1":98},"flags":{},"order":4,"mode":0,"inputs":[],"outputs":[{"name":"MODEL","type":"MODEL","links":[67,83],"slot_index":0,"shape":3,"label":"模型"},{"name":"CLIP","type":"CLIP","links":[84],"slot_index":1,"shape":3,"label":"CLIP"},{"name":"VAE","type":"VAE","links":[17],"slot_index":2,"shape":3,"label":"VAE"}],"properties":{"Node name for S&R":"CheckpointLoaderSimple"},"widgets_values":["sdxl/Dices_DreamDiffusion_XL_Lightning_v0.2.safetensors"]},{"id":54,"type":"Reroute","pos":{"0":-120,"1":-20},"size":[75,26],"flags":{},"order":11,"mode":0,"inputs":[{"name":"","type":"*","link":84}],"outputs":[{"name":"","type":"CLIP","links":[85,86],"slot_index":0}],"properties":{"showOutputText":false,"horizontal":false}},{"id":38,"type":"IPAdapterUnifiedLoaderFaceID","pos":{"0":-550,"1":-200},"size":{"0":315,"1":126},"flags":{},"order":10,"mode":0,"inputs":[{"name":"model","type":"MODEL","link":67,"label":"模型"},{"name":"ipadapter","type":"IPADAPTER","link":null,"label":"IPAdapter"}],"outputs":[{"name":"MODEL","type":"MODEL","links":null,"shape":3,"label":"模型"},{"name":"ipadapter","type":"IPADAPTER","links":[65],"shape":3,"label":"IPAdapter"}],"properties":{"Node name for S&R":"IPAdapterUnifiedLoaderFaceID"},"widgets_values":["FACEID PORTRAIT UNNORM - SDXL only (strong)",0.6,"CUDA"]},{"id":26,"type":"ADE_LoadAnimateDiffModel","pos":{"0":-60,"1":-280},"size":{"0":315,"1":58},"flags":{},"order":5,"mode":0,"inputs":[{"name":"ad_settings","type":"AD_SETTINGS","link":null,"label":"AD设置"}],"outputs":[{"name":"MOTION_MODEL","type":"MOTION_MODEL_ADE","links":[35],"shape":3,"label":"动态模型"}],"properties":{"Node name for S&R":"ADE_LoadAnimateDiffModel"},"widgets_values":["mm_sdxl_v10_beta.ckpt"]},{"id":24,"type":"ADE_UseEvolvedSampling","pos":{"0":430,"1":-480},"size":{"0":352.79998779296875,"1":118},"flags":{},"order":19,"mode":0,"inputs":[{"name":"model","type":"MODEL","link":66,"label":"模型"},{"name":"m_models","type":"M_MODELS","link":34,"label":"动态模型组"},{"name":"context_options","type":"CONTEXT_OPTIONS","link":68,"label":"上下文设置"},{"name":"sample_settings","type":"SAMPLE_SETTINGS","link":69,"label":"采样设置"}],"outputs":[{"name":"MODEL","type":"MODEL","links":[37,48],"slot_index":0,"shape":3,"label":"模型"}],"properties":{"Node name for S&R":"ADE_UseEvolvedSampling"},"widgets_values":["linear (AnimateDiff-SDXL)"]},{"id":14,"type":"KSampler","pos":{"0":1030,"1":-490},"size":{"0":315,"1":262},"flags":{},"order":24,"mode":0,"inputs":[{"name":"model","type":"MODEL","link":37,"label":"模型"},{"name":"positive","type":"CONDITIONING","link":58,"label":"正面条件"},{"name":"negative","type":"CONDITIONING","link":61,"label":"负面条件"},{"name":"latent_image","type":"LATENT","link":24,"label":"Latent"}],"outputs":[{"name":"LATENT","type":"LATENT","links":[53],"slot_index":0,"shape":3,"label":"Latent"}],"properties":{"Node name for S&R":"KSampler"},"widgets_values":[780424601057272,"randomize",7,2,"dpmpp_sde_gpu","karras",1]},{"id":32,"type":"KSampler","pos":{"0":1430,"1":-480},"size":{"0":315,"1":262},"flags":{},"order":26,"mode":0,"inputs":[{"name":"model","type":"MODEL","link":48,"label":"模型"},{"name":"positive","type":"CONDITIONING","link":59,"label":"正面条件"},{"name":"negative","type":"CONDITIONING","link":62,"label":"负面条件"},{"name":"latent_image","type":"LATENT","link":54,"label":"Latent"}],"outputs":[{"name":"LATENT","type":"LATENT","links":[52],"slot_index":0,"shape":3,"label":"Latent"}],"properties":{"Node name for S&R":"KSampler"},"widgets_values":[1028977993272853,"randomize",7,2,"dpmpp_sde_gpu","sgm_uniform",0.7000000000000001]},{"id":39,"type":"ADE_LoopedUniformContextOptions","pos":{"0":20,"1":-440},"size":{"0":317.4000244140625,"1":246},"flags":{"collapsed":true},"order":6,"mode":0,"inputs":[{"name":"prev_context","type":"CONTEXT_OPTIONS","link":null,"label":"前上下文"},{"name":"view_opts","type":"VIEW_OPTS","link":null,"label":"视图设置"}],"outputs":[{"name":"CONTEXT_OPTS","type":"CONTEXT_OPTIONS","links":[68],"shape":3,"label":"上下文设置"}],"properties":{"Node name for S&R":"ADE_LoopedUniformContextOptions"},"widgets_values":[16,1,4,false,"pyramid",false,0,1]},{"id":52,"type":"easy showAnything","pos":{"0":400,"1":10},"size":[460,180],"flags":{"collapsed":false},"order":22,"mode":0,"inputs":[{"name":"anything","type":"*","link":81,"label":"输入任何"}],"outputs":[],"properties":{"Node name for S&R":"easy showAnything"},"widgets_values":["score_9, score_8_up, score_7_up, score_6_up,1female\\(Fried Dough Twists braids, green eyes, blond hair,sexy body,,,BREAK,Wearing a kimono, erotic posture, cleavage, beautiful legs and body curves，A vibrant kimono adorned with a delicate cherry blossom print\\),safe,best quality, very aesthetic, absurdres,high resolution,HD,Depth of field, storytelling composition, realistic light and shadow,4k"]},{"id":50,"type":"Primitive string [Crystools]","pos":{"0":-240,"1":180},"size":{"0":315,"1":58},"flags":{},"order":7,"mode":0,"inputs":[],"outputs":[{"name":"string","type":"STRING","links":[77],"shape":3,"label":"字符串"}],"properties":{"Node name for S&R":"Primitive string [Crystools]"},"widgets_values":["kimono"]},{"id":49,"type":"Primitive string [Crystools]","pos":{"0":-230,"1":50},"size":{"0":315,"1":58},"flags":{},"order":8,"mode":0,"inputs":[],"outputs":[{"name":"string","type":"STRING","links":[76],"shape":3,"label":"字符串"}],"properties":{"Node name for S&R":"Primitive string [Crystools]"},"widgets_values":["kimono"]},{"id":51,"type":"Primitive string [Crystools]","pos":{"0":-260,"1":310},"size":{"0":315,"1":58},"flags":{},"order":9,"mode":0,"inputs":[],"outputs":[{"name":"string","type":"STRING","links":[78],"shape":3,"label":"字符串"}],"properties":{"Node name for S&R":"Primitive string [Crystools]"},"widgets_values":["kimono"]},{"id":47,"type":"TTKeywordMap","pos":{"0":80,"1":90},"size":{"0":315,"1":130},"flags":{},"order":18,"mode":0,"inputs":[{"name":"replace_text","type":"LIST","link":74,"label":"replace_text"}],"outputs":[{"name":"关键词映射","type":"STRING","links":[80,81],"shape":3,"label":"关键词映射","slot_index":0}],"properties":{"Node name for S&R":"TTKeywordMap"},"widgets_values":[0,0,1,"Fried Dough Twists braids, green eyes, blond hair,sexy body"]},{"id":34,"type":"Reroute","pos":{"0":870,"1":-590},"size":[75,26],"flags":{},"order":23,"mode":0,"inputs":[{"name":"","type":"*","link":57}],"outputs":[{"name":"","type":"CONDITIONING","links":[58,59],"slot_index":0}],"properties":{"showOutputText":false,"horizontal":false}},{"id":35,"type":"Reroute","pos":{"0":860,"1":-540},"size":[75,26],"flags":{},"order":20,"mode":0,"inputs":[{"name":"","type":"*","link":60}],"outputs":[{"name":"","type":"CONDITIONING","links":[61,62],"slot_index":0}],"properties":{"showOutputText":false,"horizontal":false}}],"links":[[17,11,2,16,0,"*"],[18,16,0,17,0,"*"],[19,17,0,15,1,"VAE"],[24,23,0,14,3,"LATENT"],[34,25,0,24,1,"M_MODELS"],[35,26,0,25,0,"MOTION_MODEL_ADE"],[37,24,0,14,0,"MODEL"],[45,15,0,30,0,"IMAGE"],[46,30,0,29,0,"IMAGE"],[47,31,0,25,1,"MOTION_LORA"],[48,24,0,32,0,"MODEL"],[52,32,0,15,0,"LATENT"],[53,14,0,33,0,"LATENT"],[54,33,0,32,3,"LATENT"],[57,12,0,34,0,"*"],[58,34,0,14,1,"CONDITIONING"],[59,34,0,32,1,"CONDITIONING"],[60,13,0,35,0,"*"],[61,35,0,14,2,"CONDITIONING"],[62,35,0,32,2,"CONDITIONING"],[64,37,0,36,2,"IMAGE"],[65,38,1,36,1,"IPADAPTER"],[66,36,0,24,0,"MODEL"],[67,11,0,38,0,"MODEL"],[68,39,0,24,2,"CONTEXT_OPTIONS"],[69,40,0,24,3,"SAMPLE_SETTINGS"],[72,29,0,46,0,"*"],[73,46,0,41,0,"STRING"],[74,48,0,47,0,"LIST"],[76,49,0,48,0,"STRING"],[77,50,0,48,1,"STRING"],[78,51,0,48,2,"STRING"],[80,47,0,12,1,"STRING"],[81,47,0,52,0,"*"],[83,11,0,36,0,"MODEL"],[84,11,1,54,0,"*"],[85,54,0,12,0,"CLIP"],[86,54,0,13,0,"CLIP"]],"groups":[{"title":"ipadapter","bounding":[-920,-540,800,530],"color":"#3f789e","font_size":24,"flags":{}},{"title":"animatediff","bounding":[-100,-530,1020,500],"color":"#8AA","font_size":24,"flags":{}},{"title":"模型","bounding":[-910,40,620,550],"color":"#3f789e","font_size":24,"flags":{}},{"title":"prompt","bounding":[-60,0,970,620],"color":"#b58b2a","font_size":24,"flags":{}},{"title":"采样","bounding":[950,-540,900,490],"color":"#A88","font_size":24,"flags":{}},{"title":"视频处理","bounding":[960,0,900,580],"color":"#8A8","font_size":24,"flags":{}}],"config":{},"extra":{"ds":{"scale":0.6209213230591554,"offset":[-507.8772689926036,349.2294212515561]},"workspace_info":{"id":"lLghuYUy3moNtZFwcC3Zh"}},"version":0.4}