{"last_node_id":870,"last_link_id":1995,"nodes":[{"id":350,"type":"Efficient Loader","pos":{"0":-870,"1":-440},"size":{"0":370,"1":470},"flags":{},"order":14,"mode":0,"inputs":[{"name":"lora_stack","type":"LORA_STACK","link":null,"slot_index":0,"label":"LoRA堆","shape":7},{"name":"cnet_stack","type":"CONTROL_NET_STACK","link":null,"slot_index":1,"label":"ControlNet堆","shape":7},{"name":"positive","type":"STRING","link":1935,"widget":{"name":"positive"},"label":"正面条件"}],"outputs":[{"name":"MODEL","type":"MODEL","links":[1932],"slot_index":0,"shape":3,"label":"模型"},{"name":"CONDITIONING+","type":"CONDITIONING","links":[1940],"slot_index":1,"shape":3,"label":"正面条件"},{"name":"CONDITIONING-","type":"CONDITIONING","links":[1941],"slot_index":2,"shape":3,"label":"负面条件"},{"name":"LATENT","type":"LATENT","links":[],"slot_index":3,"shape":3,"label":"Latent"},{"name":"VAE","type":"VAE","links":[1228,1239],"slot_index":4,"shape":3,"label":"VAE"},{"name":"CLIP","type":"CLIP","links":[],"slot_index":5,"shape":3,"label":"CLIP"},{"name":"DEPENDENCIES","type":"DEPENDENCIES","links":[],"slot_index":6,"shape":3,"label":"依赖"}],"properties":{"Node name for S&R":"Efficient Loader"},"widgets_values":["sdxl/dreamshaperXL_v21TurboDPMSDE.safetensors","Baked VAE",-1,"None",1.3,1,"a female,vividly,skin_texture,Vivid,light and shadow of details, beautiful face,headshot,,best quality,highres,bright,Ultra clear details","embedding:negativeXL_D.safetensors, NSFW, worst quality, normal quality, low quality, low res, blurry, text, watermark, logo, banner, extra digits, cropped, jpeg artifacts, signature, username, error, sketch, duplicate, ugly, monochrome, horror, geometry, mutation, disgusting ","mean","comfy",512,512,1,true,true],"color":"#332233","bgcolor":"#553355","shape":1},{"id":480,"type":"Image Comparer (rgthree)","pos":{"0":180,"1":-1790},"size":{"0":670,"1":840},"flags":{},"order":64,"mode":0,"inputs":[{"name":"image_a","type":"IMAGE","link":1798,"label":"图像_A","dir":3},{"name":"image_b","type":"IMAGE","link":1748,"label":"图像_B","dir":3}],"outputs":[],"properties":{"comparer_mode":"Slide"},"widgets_values":[[{"name":"A","selected":true,"url":"/api/view?filename=rgthree.compare._temp_mxbqd_00013_.png&type=temp&subfolder=&rand=0.7660485000919233"},{"name":"B","selected":true,"url":"/api/view?filename=rgthree.compare._temp_mxbqd_00014_.png&type=temp&subfolder=&rand=0.6289631075779014"}]]},{"id":603,"type":"Reroute","pos":{"0":-1050,"1":-450},"size":[82,26],"flags":{},"order":15,"mode":0,"inputs":[{"name":"","type":"*","link":1737}],"outputs":[{"name":"IMAGE","type":"IMAGE","links":[1738,1747,1748,1916,1947],"slot_index":0}],"properties":{"showOutputText":true,"horizontal":false}},{"id":611,"type":"Reroute","pos":{"0":-1040,"1":-400},"size":[75,26],"flags":{},"order":46,"mode":0,"inputs":[{"name":"","type":"*","link":1731,"slot_index":0}],"outputs":[{"name":"MASK","type":"MASK","links":[1746,1948],"slot_index":0}],"properties":{"showOutputText":true,"horizontal":false}},{"id":619,"type":"Reroute","pos":{"0":1090,"1":-540},"size":[75,26],"flags":{},"order":63,"mode":0,"inputs":[{"name":"","type":"*","link":1749}],"outputs":[{"name":"","type":"IMAGE","links":[1798,1890,1895,1899],"slot_index":0}],"properties":{"showOutputText":false,"horizontal":false}},{"id":624,"type":"Primitive string multiline [Crystools]","pos":{"0":-2200,"1":-660},"size":{"0":260,"1":81},"flags":{},"order":0,"mode":0,"inputs":[],"outputs":[{"name":"string","type":"STRING","links":[1933],"slot_index":0,"shape":3,"label":"字符串"}],"properties":{"Node name for S&R":"Primitive string multiline [Crystools]"},"widgets_values":["looking_at_viewer",true]},{"id":625,"type":"Primitive string multiline [Crystools]","pos":{"0":-1910,"1":-670},"size":{"0":390,"1":100},"flags":{},"order":1,"mode":0,"inputs":[],"outputs":[{"name":"string","type":"STRING","links":[1934],"slot_index":0,"shape":3,"label":"字符串"}],"properties":{"Node name for S&R":"Primitive string multiline [Crystools]"},"widgets_values":["Bare skin,detailed skin texture,ultra-realistic skin details,best quality,masterpiece,photorealistic,realisticSSS",true]},{"id":631,"type":"KSampler (Efficient)","pos":{"0":730,"1":-460},"size":[330,560],"flags":{},"order":62,"mode":0,"inputs":[{"name":"model","type":"MODEL","link":1991,"label":"模型"},{"name":"positive","type":"CONDITIONING","link":1431,"label":"正面条件"},{"name":"negative","type":"CONDITIONING","link":1432,"label":"负面条件"},{"name":"latent_image","type":"LATENT","link":1837,"label":"Latent"},{"name":"optional_vae","type":"VAE","link":1239,"label":"VAE(可选)","shape":7},{"name":"script","type":"SCRIPT","link":null,"slot_index":5,"label":"脚本","shape":7}],"outputs":[{"name":"MODEL","type":"MODEL","links":[],"slot_index":0,"shape":3,"label":"模型"},{"name":"CONDITIONING+","type":"CONDITIONING","links":[],"slot_index":1,"shape":3,"label":"正面条件"},{"name":"CONDITIONING-","type":"CONDITIONING","links":[],"slot_index":2,"shape":3,"label":"负面条件"},{"name":"LATENT","type":"LATENT","links":[],"slot_index":3,"shape":3,"label":"Latent"},{"name":"VAE","type":"VAE","links":[],"slot_index":4,"shape":3,"label":"VAE"},{"name":"IMAGE","type":"IMAGE","links":[1749],"slot_index":5,"shape":3,"label":"图像"}],"properties":{"Node name for S&R":"KSampler (Efficient)"},"widgets_values":[-1,null,8,2,"dpmpp_sde","karras",0.8,"auto","true"],"color":"#222233","bgcolor":"#333355","shape":1},{"id":632,"type":"INPAINT_VAEEncodeInpaintConditioning","pos":{"0":50,"1":-360},"size":{"0":292.20001220703125,"1":106},"flags":{},"order":61,"mode":0,"inputs":[{"name":"positive","type":"CONDITIONING","link":1913,"label":"正面条件"},{"name":"negative","type":"CONDITIONING","link":1914,"label":"负面条件"},{"name":"vae","type":"VAE","link":1228,"label":"VAE"},{"name":"pixels","type":"IMAGE","link":1738,"label":"图像"},{"name":"mask","type":"MASK","link":1746,"label":"遮罩"}],"outputs":[{"name":"positive","type":"CONDITIONING","links":[1431],"slot_index":0,"shape":3,"label":"正面条件"},{"name":"negative","type":"CONDITIONING","links":[1432],"slot_index":1,"shape":3,"label":"负面条件"},{"name":"latent_inpaint","type":"LATENT","links":[],"slot_index":2,"shape":3,"label":"局部重绘Latent"},{"name":"latent_samples","type":"LATENT","links":[1837],"slot_index":3,"shape":3,"label":"采样Latent"}],"properties":{"Node name for S&R":"INPAINT_VAEEncodeInpaintConditioning"},"widgets_values":[]},{"id":667,"type":"Get resolution [Crystools]","pos":{"0":-840,"1":-1090},"size":{"0":210,"1":100},"flags":{},"order":21,"mode":0,"inputs":[{"name":"image","type":"IMAGE","link":1747,"label":"图像"}],"outputs":[{"name":"width","type":"INT","links":null,"shape":3,"label":"宽度"},{"name":"height","type":"INT","links":null,"shape":3,"label":"高度"}],"properties":{"Node name for S&R":"Get resolution [Crystools]"}},{"id":754,"type":"MaskToImage","pos":{"0":-3470,"1":-150},"size":{"0":140,"1":26},"flags":{},"order":47,"mode":0,"inputs":[{"name":"mask","type":"MASK","link":1755,"label":"遮罩"}],"outputs":[{"name":"IMAGE","type":"IMAGE","links":[1696],"slot_index":0,"shape":3,"label":"图像"}],"properties":{"Node name for S&R":"MaskToImage"},"widgets_values":[]},{"id":755,"type":"GetImageSize+","pos":{"0":-4950,"1":-220},"size":{"0":140,"1":66},"flags":{},"order":16,"mode":0,"inputs":[{"name":"image","type":"IMAGE","link":1684,"label":"图像"}],"outputs":[{"name":"width","type":"INT","links":[1691,1720,1742,1867,1868,1880],"slot_index":0,"shape":3,"label":"宽度"},{"name":"height","type":"INT","links":[1692,1721,1743],"slot_index":1,"shape":3,"label":"高度"},{"name":"count","type":"INT","links":null,"shape":3}],"properties":{"Node name for S&R":"GetImageSize+"},"widgets_values":[]},{"id":756,"type":"Reroute","pos":{"0":-3350,"1":-270},"size":[75,26],"flags":{},"order":43,"mode":0,"inputs":[{"name":"","type":"*","link":1803}],"outputs":[{"name":"MASK","type":"MASK","links":[1731,1755],"slot_index":0}],"properties":{"showOutputText":true,"horizontal":false}},{"id":757,"type":"ImageToMask","pos":{"0":-4220,"1":-220},"size":{"0":315,"1":58},"flags":{},"order":18,"mode":0,"inputs":[{"name":"image","type":"IMAGE","link":1871,"label":"图像"}],"outputs":[{"name":"MASK","type":"MASK","links":[1708],"slot_index":0,"shape":3,"label":"遮罩"}],"properties":{"Node name for S&R":"ImageToMask"},"widgets_values":["blue"]},{"id":758,"type":"ImageCompositedMaskedWeight","pos":{"0":-4170,"1":520},"size":{"0":315,"1":78},"flags":{},"order":38,"mode":0,"inputs":[{"name":"source","type":"IMAGE","link":1687,"label":"source"},{"name":"mask","type":"IMAGE","link":1688,"label":"mask"}],"outputs":[{"name":"IMAGE","type":"IMAGE","links":[1712],"slot_index":0,"shape":3,"label":"IMAGE"}],"properties":{"Node name for S&R":"ImageCompositedMaskedWeight"},"widgets_values":[1]},{"id":759,"type":"PreviewImage","pos":{"0":-4570,"1":-1540},"size":{"0":397.9082946777344,"1":481.5565185546875},"flags":{},"order":48,"mode":0,"inputs":[{"name":"images","type":"IMAGE","link":1689,"label":"图像"}],"outputs":[],"properties":{"Node name for S&R":"PreviewImage"},"widgets_values":[]},{"id":760,"type":"ImageResize+","pos":{"0":-4380,"1":540},"size":{"0":315,"1":218},"flags":{"collapsed":true},"order":30,"mode":0,"inputs":[{"name":"image","type":"IMAGE","link":1690,"label":"图像"},{"name":"width","type":"INT","link":1691,"widget":{"name":"width"},"label":"宽度"},{"name":"height","type":"INT","link":1692,"widget":{"name":"height"},"label":"高度"}],"outputs":[{"name":"IMAGE","type":"IMAGE","links":[1687],"slot_index":0,"shape":3,"label":"图像"},{"name":"width","type":"INT","links":null,"shape":3,"label":"宽度"},{"name":"height","type":"INT","links":null,"shape":3,"label":"高度"}],"properties":{"Node name for S&R":"ImageResize+"},"widgets_values":[768,1024,"nearest","stretch","always",0]},{"id":761,"type":"Reroute","pos":{"0":-4940,"1":-420},"size":[82,26],"flags":{},"order":11,"mode":0,"inputs":[{"name":"","type":"*","link":1741}],"outputs":[{"name":"IMAGE","type":"IMAGE","links":[1684,1697],"slot_index":0}],"properties":{"showOutputText":true,"horizontal":false}},{"id":762,"type":"Reroute","pos":{"0":-4440,"1":-60},"size":[82,26],"flags":{},"order":34,"mode":0,"inputs":[{"name":"","type":"*","link":1694}],"outputs":[{"name":"IMAGE","type":"IMAGE","links":[1698,1714,1808],"slot_index":0}],"properties":{"showOutputText":true,"horizontal":false}},{"id":764,"type":"Reroute","pos":{"0":-4470,"1":-410},"size":[82,26],"flags":{},"order":13,"mode":0,"inputs":[{"name":"","type":"*","link":1875}],"outputs":[{"name":"IMAGE","type":"IMAGE","links":[1699,1871],"slot_index":0}],"properties":{"showOutputText":true,"horizontal":false}},{"id":765,"type":"PreviewImage","pos":{"0":-5130,"1":-1540},"size":{"0":447.667236328125,"1":470.1690673828125},"flags":{},"order":53,"mode":0,"inputs":[{"name":"images","type":"IMAGE","link":1696,"label":"图像"}],"outputs":[],"properties":{"Node name for S&R":"PreviewImage"},"widgets_values":[]},{"id":766,"type":"Reroute","pos":{"0":-4930,"1":240},"size":[82,26],"flags":{},"order":17,"mode":0,"inputs":[{"name":"","type":"*","link":1697}],"outputs":[{"name":"IMAGE","type":"IMAGE","links":[1700,1728,1877],"slot_index":0}],"properties":{"showOutputText":true,"horizontal":false}},{"id":767,"type":"ImageBlend","pos":{"0":-4170,"1":290},"size":{"0":315,"1":102},"flags":{},"order":35,"mode":0,"inputs":[{"name":"image1","type":"IMAGE","link":1698,"label":"图像1"},{"name":"image2","type":"IMAGE","link":1699,"label":"图像2"}],"outputs":[{"name":"IMAGE","type":"IMAGE","links":[1688,1718],"slot_index":0,"shape":3,"label":"图像"}],"properties":{"Node name for S&R":"ImageBlend"},"widgets_values":[1,"difference"]},{"id":768,"type":"AIO_Preprocessor","pos":{"0":-4780,"1":720},"size":{"0":320,"1":80},"flags":{},"order":24,"mode":0,"inputs":[{"name":"image","type":"IMAGE","link":1700,"label":"图像"},{"name":"resolution","type":"INT","link":1868,"widget":{"name":"resolution"},"label":"分辨率"}],"outputs":[{"name":"IMAGE","type":"IMAGE","links":[1719],"slot_index":0,"shape":3,"label":"图像"}],"properties":{"Node name for S&R":"AIO_Preprocessor"},"widgets_values":["DepthAnythingV2Preprocessor",768]},{"id":769,"type":"PreviewImage","pos":{"0":-4040,"1":-1540},"size":{"0":444.0813293457031,"1":486.7157287597656},"flags":{},"order":50,"mode":0,"inputs":[{"name":"images","type":"IMAGE","link":1701,"label":"图像"}],"outputs":[],"properties":{"Node name for S&R":"PreviewImage"},"widgets_values":[]},{"id":771,"type":"SolidMask","pos":{"0":-4630,"1":-220},"size":{"0":315,"1":106},"flags":{},"order":23,"mode":0,"inputs":[{"name":"width","type":"INT","link":1742,"widget":{"name":"width"},"label":"宽度"},{"name":"height","type":"INT","link":1743,"widget":{"name":"height"},"label":"高度"}],"outputs":[{"name":"MASK","type":"MASK","links":[1705],"slot_index":0,"shape":3,"label":"遮罩"}],"properties":{"Node name for S&R":"SolidMask"},"widgets_values":[1,512,512]},{"id":772,"type":"MaskToImage","pos":{"0":-4620,"1":-50},"size":{"0":141.13909912109375,"1":26},"flags":{},"order":28,"mode":0,"inputs":[{"name":"mask","type":"MASK","link":1705,"slot_index":0,"label":"遮罩"}],"outputs":[{"name":"IMAGE","type":"IMAGE","links":[1694],"slot_index":0,"shape":3,"label":"图像"}],"properties":{"Node name for S&R":"MaskToImage"},"widgets_values":[]},{"id":774,"type":"GrowMaskWithBlur","pos":{"0":-3880,"1":-220},"size":{"0":315,"1":246},"flags":{},"order":27,"mode":0,"inputs":[{"name":"mask","type":"MASK","link":1708,"label":"遮罩"}],"outputs":[{"name":"mask","type":"MASK","links":[1863],"slot_index":0,"shape":3,"label":"遮罩"},{"name":"mask_inverted","type":"MASK","links":[],"slot_index":1,"shape":3,"label":"反转遮罩"}],"properties":{"Node name for S&R":"GrowMaskWithBlur"},"widgets_values":[0,0,true,false,0,0.5,0.5,false]},{"id":775,"type":"Reroute","pos":{"0":-3340,"1":750},"size":[75,26],"flags":{},"order":45,"mode":0,"inputs":[{"name":"","type":"*","link":1709}],"outputs":[{"name":"","type":"IMAGE","links":[1701,1751],"slot_index":0}],"properties":{"showOutputText":false,"horizontal":false}},{"id":776,"type":"Reroute","pos":{"0":-3350,"1":520},"size":[75,26],"flags":{},"order":44,"mode":0,"inputs":[{"name":"","type":"*","link":1710}],"outputs":[{"name":"","type":"IMAGE","links":[1689,1750],"slot_index":0}],"properties":{"showOutputText":false,"horizontal":false}},{"id":777,"type":"MaskToImage","pos":{"0":-4120,"1":-20},"size":{"0":140,"1":28.10196876525879},"flags":{},"order":12,"mode":0,"inputs":[{"name":"mask","type":"MASK","link":1711,"label":"遮罩"}],"outputs":[{"name":"IMAGE","type":"IMAGE","links":[1715],"slot_index":0,"shape":3,"label":"图像"}],"properties":{"Node name for S&R":"MaskToImage"},"widgets_values":[]},{"id":778,"type":"ImageCompositedMaskedWeight","pos":{"0":-3740,"1":520},"size":{"0":315,"1":78},"flags":{},"order":41,"mode":0,"inputs":[{"name":"source","type":"IMAGE","link":1712,"label":"source"},{"name":"mask","type":"IMAGE","link":1713,"label":"mask"}],"outputs":[{"name":"IMAGE","type":"IMAGE","links":[1710],"slot_index":0,"shape":3,"label":"IMAGE"}],"properties":{"Node name for S&R":"ImageCompositedMaskedWeight"},"widgets_values":[0]},{"id":779,"type":"ImageBlend","pos":{"0":-3780,"1":300},"size":{"0":375.8050537109375,"1":102},"flags":{},"order":36,"mode":0,"inputs":[{"name":"image1","type":"IMAGE","link":1714,"label":"图像1"},{"name":"image2","type":"IMAGE","link":1715,"label":"图像2"}],"outputs":[{"name":"IMAGE","type":"IMAGE","links":[1713,1723],"slot_index":0,"shape":3,"label":"图像"}],"properties":{"Node name for S&R":"ImageBlend"},"widgets_values":[1,"difference"]},{"id":781,"type":"ImageCompositedMaskedWeight","pos":{"0":-4170,"1":730},"size":{"0":315,"1":78},"flags":{},"order":39,"mode":0,"inputs":[{"name":"source","type":"IMAGE","link":1717,"label":"source"},{"name":"mask","type":"IMAGE","link":1718,"slot_index":1,"label":"mask"}],"outputs":[{"name":"IMAGE","type":"IMAGE","links":[1722],"slot_index":0,"shape":3,"label":"IMAGE"}],"properties":{"Node name for S&R":"ImageCompositedMaskedWeight"},"widgets_values":[1]},{"id":782,"type":"ImageResize+","pos":{"0":-4360,"1":780},"size":{"0":315,"1":218},"flags":{"collapsed":true},"order":29,"mode":0,"inputs":[{"name":"image","type":"IMAGE","link":1719,"label":"图像"},{"name":"width","type":"INT","link":1720,"widget":{"name":"width"},"label":"宽度"},{"name":"height","type":"INT","link":1721,"widget":{"name":"height"},"label":"高度"}],"outputs":[{"name":"IMAGE","type":"IMAGE","links":[1717],"slot_index":0,"shape":3,"label":"图像"},{"name":"width","type":"INT","links":null,"shape":3,"label":"宽度"},{"name":"height","type":"INT","links":null,"shape":3,"label":"高度"}],"properties":{"Node name for S&R":"ImageResize+"},"widgets_values":[768,1024,"nearest","stretch","always",0]},{"id":784,"type":"ImageCompositedMaskedWeight","pos":{"0":-3760,"1":740},"size":{"0":315,"1":78},"flags":{},"order":42,"mode":0,"inputs":[{"name":"source","type":"IMAGE","link":1722,"label":"source"},{"name":"mask","type":"IMAGE","link":1723,"slot_index":1,"label":"mask"}],"outputs":[{"name":"IMAGE","type":"IMAGE","links":[1709],"slot_index":0,"shape":3,"label":"IMAGE"}],"properties":{"Node name for S&R":"ImageCompositedMaskedWeight"},"widgets_values":[0]},{"id":786,"type":"Image Comparer (rgthree)","pos":{"0":-3460,"1":-1550},"size":{"0":440,"1":480},"flags":{},"order":55,"mode":0,"inputs":[{"name":"image_a","type":"IMAGE","link":1955,"label":"图像_A","dir":3},{"name":"image_b","type":"IMAGE","link":1727,"label":"图像_B","dir":3}],"outputs":[],"properties":{"comparer_mode":"Slide"},"widgets_values":[[{"name":"A","selected":true,"url":"/api/view?filename=rgthree.compare._temp_ojotn_00013_.png&type=temp&subfolder=&rand=0.1910246180056463"},{"name":"B","selected":true,"url":"/api/view?filename=rgthree.compare._temp_ojotn_00014_.png&type=temp&subfolder=&rand=0.6746775605255113"}]]},{"id":787,"type":"AIO_Preprocessor","pos":{"0":-4780,"1":500},"size":{"0":320,"1":80},"flags":{"collapsed":false},"order":25,"mode":0,"inputs":[{"name":"image","type":"IMAGE","link":1728,"label":"图像"},{"name":"resolution","type":"INT","link":1867,"widget":{"name":"resolution"},"label":"分辨率"}],"outputs":[{"name":"IMAGE","type":"IMAGE","links":[1690],"slot_index":0,"shape":3,"label":"图像"}],"properties":{"Node name for S&R":"AIO_Preprocessor"},"widgets_values":["AnyLineArtPreprocessor_aux",768]},{"id":789,"type":"Reroute","pos":{"0":-3380,"1":-830},"size":[75,26],"flags":{},"order":10,"mode":0,"inputs":[{"name":"","type":"*","link":1740}],"outputs":[{"name":"","type":"IMAGE","links":[1737],"slot_index":0}],"properties":{"showOutputText":false,"horizontal":false}},{"id":790,"type":"Reroute","pos":{"0":-1030,"1":680},"size":[82,26],"flags":{},"order":49,"mode":0,"inputs":[{"name":"","type":"*","link":1750}],"outputs":[{"name":"IMAGE","type":"IMAGE","links":[1988],"slot_index":0}],"properties":{"showOutputText":true,"horizontal":false}},{"id":791,"type":"Reroute","pos":{"0":-1030,"1":730},"size":[82,26],"flags":{},"order":51,"mode":0,"inputs":[{"name":"","type":"*","link":1751}],"outputs":[{"name":"IMAGE","type":"IMAGE","links":[],"slot_index":0}],"properties":{"showOutputText":true,"horizontal":false}},{"id":803,"type":"ImageCompositedMaskedWeight","pos":{"0":-3150,"1":-70},"size":{"0":315,"1":78},"flags":{},"order":37,"mode":0,"inputs":[{"name":"source","type":"IMAGE","link":1808,"label":"source"},{"name":"mask","type":"IMAGE","link":1864,"label":"mask"}],"outputs":[{"name":"IMAGE","type":"IMAGE","links":[1840],"slot_index":0,"shape":3,"label":"IMAGE"}],"properties":{"Node name for S&R":"ImageCompositedMaskedWeight"},"widgets_values":[0.6000000000000001]},{"id":807,"type":"ImageToMask","pos":{"0":-3150,"1":-250},"size":{"0":315,"1":58},"flags":{},"order":40,"mode":0,"inputs":[{"name":"image","type":"IMAGE","link":1840,"label":"图像"}],"outputs":[{"name":"MASK","type":"MASK","links":[1803],"slot_index":0,"shape":3,"label":"遮罩"}],"properties":{"Node name for S&R":"ImageToMask"},"widgets_values":["red"]},{"id":827,"type":"MaskToImage","pos":{"0":-3460,"1":-40},"size":{"0":140,"1":26},"flags":{},"order":33,"mode":0,"inputs":[{"name":"mask","type":"MASK","link":1863,"label":"遮罩"}],"outputs":[{"name":"IMAGE","type":"IMAGE","links":[1864],"slot_index":0,"shape":3,"label":"图像"}],"properties":{"Node name for S&R":"MaskToImage"},"widgets_values":[]},{"id":832,"type":"DWPreprocessor","pos":{"0":-4790,"1":880},"size":{"0":320,"1":200},"flags":{},"order":26,"mode":0,"inputs":[{"name":"image","type":"IMAGE","link":1877,"label":"图像"},{"name":"resolution","type":"INT","link":1880,"widget":{"name":"resolution"},"label":"分辨率"}],"outputs":[{"name":"IMAGE","type":"IMAGE","links":[1879,1881],"slot_index":0,"shape":3,"label":"图像"},{"name":"POSE_KEYPOINT","type":"POSE_KEYPOINT","links":null,"shape":3,"label":"姿态关键点"}],"properties":{"Node name for S&R":"DWPreprocessor"},"widgets_values":["enable","enable","disable",512,"yolox_l.onnx","dw-ll_ucoco_384_bs5.torchscript.pt","disable"]},{"id":833,"type":"PreviewImage","pos":{"0":-5540,"1":-1540},"size":{"0":370,"1":460},"flags":{},"order":31,"mode":0,"inputs":[{"name":"images","type":"IMAGE","link":1879,"label":"图像"}],"outputs":[],"properties":{"Node name for S&R":"PreviewImage"},"widgets_values":[]},{"id":834,"type":"Reroute","pos":{"0":-1020,"1":780},"size":[75,26],"flags":{},"order":32,"mode":0,"inputs":[{"name":"","type":"*","link":1881}],"outputs":[{"name":"","type":"IMAGE","links":[],"slot_index":0}],"properties":{"showOutputText":false,"horizontal":false}},{"id":843,"type":"Image Comparer (rgthree)","pos":{"0":-570,"1":-1780},"size":{"0":670,"1":840},"flags":{},"order":65,"mode":0,"inputs":[{"name":"image_a","type":"IMAGE","link":1890,"label":"图像_A","dir":3},{"name":"image_b","type":"IMAGE","link":1889,"label":"图像_B","dir":3}],"outputs":[],"properties":{"comparer_mode":"Slide"},"widgets_values":[[{"name":"A","selected":true,"url":"/api/view?filename=rgthree.compare._temp_ehzxp_00013_.png&type=temp&subfolder=&rand=0.7743843022891841"},{"name":"B","selected":true,"url":"/api/view?filename=rgthree.compare._temp_ehzxp_00014_.png&type=temp&subfolder=&rand=0.5688525415785299"}]]},{"id":844,"type":"ReActorRestoreFace","pos":{"0":1220,"1":-460},"size":{"0":315,"1":130},"flags":{},"order":66,"mode":0,"inputs":[{"name":"image","type":"IMAGE","link":1895,"label":"图像"}],"outputs":[{"name":"IMAGE","type":"IMAGE","links":[1900],"slot_index":0,"shape":3,"label":"图像"}],"properties":{"Node name for S&R":"ReActorRestoreFace"},"widgets_values":["retinaface_resnet50","GPEN-BFR-1024.onnx",1,0.5]},{"id":845,"type":"Image Comparer (rgthree)","pos":{"0":950,"1":-1800},"size":{"0":670,"1":840},"flags":{},"order":67,"mode":0,"inputs":[{"name":"image_a","type":"IMAGE","link":1900,"label":"图像_A","dir":3},{"name":"image_b","type":"IMAGE","link":1899,"label":"图像_B","dir":3}],"outputs":[],"properties":{"comparer_mode":"Slide"},"widgets_values":[[{"name":"A","selected":true,"url":"/api/view?filename=rgthree.compare._temp_tbmjb_00013_.png&type=temp&subfolder=&rand=0.6260540212339967"},{"name":"B","selected":true,"url":"/api/view?filename=rgthree.compare._temp_tbmjb_00014_.png&type=temp&subfolder=&rand=0.2746796939022884"}]]},{"id":846,"type":"ApplyInstantIDAdvanced","pos":{"0":840,"1":550},"size":{"0":315,"1":338},"flags":{},"order":60,"mode":0,"inputs":[{"name":"instantid","type":"INSTANTID","link":1902,"slot_index":0,"label":"InstantID"},{"name":"insightface","type":"FACEANALYSIS","link":1903,"slot_index":1,"label":"InsightFace"},{"name":"control_net","type":"CONTROL_NET","link":1904,"slot_index":2,"label":"ControlNet"},{"name":"image","type":"IMAGE","link":1908,"label":"图像"},{"name":"model","type":"MODEL","link":1932,"label":"模型"},{"name":"positive","type":"CONDITIONING","link":1944,"label":"正面条件"},{"name":"negative","type":"CONDITIONING","link":1945,"label":"负面条件"},{"name":"image_kps","type":"IMAGE","link":1907,"label":"图像_kps","shape":7},{"name":"mask","type":"MASK","link":null,"label":"遮罩","shape":7}],"outputs":[{"name":"MODEL","type":"MODEL","links":[1991],"slot_index":0,"shape":3,"label":"模型"},{"name":"positive","type":"CONDITIONING","links":[1913],"slot_index":1,"shape":3,"label":"正面条件"},{"name":"negative","type":"CONDITIONING","links":[1914],"slot_index":2,"shape":3,"label":"负面条件"}],"properties":{"Node name for S&R":"ApplyInstantIDAdvanced"},"widgets_values":[0.8,0.8,0,1,0.8,"average"]},{"id":847,"type":"InstantIDModelLoader","pos":{"0":420,"1":520},"size":{"0":315,"1":58},"flags":{},"order":2,"mode":0,"inputs":[],"outputs":[{"name":"INSTANTID","type":"INSTANTID","links":[1902],"shape":3}],"properties":{"Node name for S&R":"InstantIDModelLoader"},"widgets_values":["ip-adapter_instant_id_sdxl.bin"]},{"id":848,"type":"InstantIDFaceAnalysis","pos":{"0":420,"1":630},"size":{"0":315,"1":58},"flags":{},"order":3,"mode":0,"inputs":[],"outputs":[{"name":"FACEANALYSIS","type":"FACEANALYSIS","links":[1903],"shape":3,"label":"面部分析"}],"properties":{"Node name for S&R":"InstantIDFaceAnalysis"},"widgets_values":["CUDA"]},{"id":849,"type":"ControlNetLoader","pos":{"0":430,"1":740},"size":{"0":315,"1":58},"flags":{},"order":4,"mode":0,"inputs":[],"outputs":[{"name":"CONTROL_NET","type":"CONTROL_NET","links":[1904],"shape":3,"label":"ControlNet"}],"properties":{"Node name for S&R":"ControlNetLoader"},"widgets_values":["control_instant_id_sdxl.safetensors"]},{"id":850,"type":"Reroute","pos":{"0":220,"1":460},"size":[75,26],"flags":{},"order":22,"mode":0,"inputs":[{"name":"","type":"*","link":1916}],"outputs":[{"name":"","type":"IMAGE","links":[1907],"slot_index":0}],"properties":{"showOutputText":false,"horizontal":false}},{"id":854,"type":"JoinStrings","pos":{"0":-1470,"1":-670},"size":{"0":315,"1":106},"flags":{},"order":9,"mode":0,"inputs":[{"name":"string1","type":"STRING","link":1933,"widget":{"name":"string1"},"label":"字符串1"},{"name":"string2","type":"STRING","link":1934,"widget":{"name":"string2"},"label":"字符串2"}],"outputs":[{"name":"STRING","type":"STRING","links":[1935],"slot_index":0,"shape":3,"label":"字符串"}],"properties":{"Node name for S&R":"JoinStrings"},"widgets_values":["","",","]},{"id":857,"type":"workflow>controlnet","pos":{"0":-810,"1":700},"size":{"0":315,"1":210},"flags":{},"order":54,"mode":0,"inputs":[{"name":"ControlNet","type":"CONTROL_NET","link":1937,"label":"ControlNet"},{"name":"正面条件","type":"CONDITIONING","link":1942,"label":"正面条件"},{"name":"负面条件","type":"CONDITIONING","link":1943,"label":"负面条件"},{"name":"图像","type":"IMAGE","link":1988,"label":"图像"},{"name":"vae","type":"VAE","link":null,"label":"vae"}],"outputs":[{"name":"正面条件","type":"CONDITIONING","links":[1994],"slot_index":0,"shape":3,"label":"正面条件"},{"name":"负面条件","type":"CONDITIONING","links":[1995],"slot_index":1,"shape":3,"label":"负面条件"}],"properties":{"Node name for S&R":"workflow/controlnet"},"widgets_values":["depth",0.3,0,1]},{"id":858,"type":"ControlNetLoader","pos":{"0":-850,"1":530},"size":{"0":315,"1":58},"flags":{},"order":5,"mode":0,"inputs":[],"outputs":[{"name":"CONTROL_NET","type":"CONTROL_NET","links":[1937,1952],"slot_index":0,"shape":3,"label":"ControlNet"}],"properties":{"Node name for S&R":"ControlNetLoader"},"widgets_values":["controlnet-union-sdxl-promax-1.0.safetensors"]},{"id":859,"type":"Reroute","pos":{"0":80,"1":460},"size":[75,26],"flags":{},"order":58,"mode":0,"inputs":[{"name":"","type":"*","link":1981}],"outputs":[{"name":"","type":"CONDITIONING","links":[1944],"slot_index":0}],"properties":{"showOutputText":false,"horizontal":false}},{"id":860,"type":"Reroute","pos":{"0":80,"1":510},"size":[75,26],"flags":{},"order":59,"mode":0,"inputs":[{"name":"","type":"*","link":1975}],"outputs":[{"name":"","type":"CONDITIONING","links":[1945],"slot_index":0}],"properties":{"showOutputText":false,"horizontal":false}},{"id":861,"type":"Reroute","pos":{"0":-1030,"1":470},"size":[75,26],"flags":{},"order":19,"mode":0,"inputs":[{"name":"","type":"*","link":1940}],"outputs":[{"name":"","type":"CONDITIONING","links":[1942],"slot_index":0}],"properties":{"showOutputText":false,"horizontal":false}},{"id":862,"type":"Reroute","pos":{"0":-1030,"1":510},"size":[75,26],"flags":{},"order":20,"mode":0,"inputs":[{"name":"","type":"*","link":1941}],"outputs":[{"name":"","type":"CONDITIONING","links":[1943],"slot_index":0}],"properties":{"showOutputText":false,"horizontal":false}},{"id":863,"type":"workflow>controlnet","pos":{"0":-360,"1":700},"size":{"0":315,"1":210},"flags":{},"order":57,"mode":0,"inputs":[{"name":"ControlNet","type":"CONTROL_NET","link":1952,"label":"ControlNet"},{"name":"正面条件","type":"CONDITIONING","link":1994,"label":"正面条件"},{"name":"负面条件","type":"CONDITIONING","link":1995,"label":"负面条件"},{"name":"图像","type":"IMAGE","link":1976,"label":"图像"},{"name":"vae","type":"VAE","link":null,"label":"vae"}],"outputs":[{"name":"正面条件","type":"CONDITIONING","links":[1981],"slot_index":0,"shape":3,"label":"正面条件"},{"name":"负面条件","type":"CONDITIONING","links":[1975],"slot_index":1,"shape":3,"label":"负面条件"}],"properties":{"Node name for S&R":"workflow/controlnet"},"widgets_values":["repaint",0.8,0,1]},{"id":864,"type":"InpaintPreprocessor","pos":{"0":-2140,"1":-250},"size":{"0":210,"1":78},"flags":{},"order":52,"mode":0,"inputs":[{"name":"image","type":"IMAGE","link":1947,"label":"图像"},{"name":"mask","type":"MASK","link":1948,"label":"遮罩"}],"outputs":[{"name":"IMAGE","type":"IMAGE","links":[1955,1956],"slot_index":0,"shape":3,"label":"图像"}],"properties":{"Node name for S&R":"InpaintPreprocessor"},"widgets_values":[false]},{"id":865,"type":"Images to RGB","pos":{"0":-420,"1":540},"size":{"0":210,"1":26},"flags":{},"order":56,"mode":0,"inputs":[{"name":"images","type":"IMAGE","link":1956,"label":"图像"}],"outputs":[{"name":"IMAGE","type":"IMAGE","links":[1976],"slot_index":0,"shape":3,"label":"图像"}],"properties":{"Node name for S&R":"Images to RGB"},"widgets_values":[]},{"id":842,"type":"LoadImage","pos":{"0":-2100,"1":-1880},"size":{"0":780,"1":960},"flags":{},"order":6,"mode":0,"inputs":[],"outputs":[{"name":"IMAGE","type":"IMAGE","links":[1889,1908],"slot_index":0,"shape":3,"label":"图像"},{"name":"MASK","type":"MASK","links":[],"slot_index":1,"shape":3,"label":"遮罩"}],"properties":{"Node name for S&R":"LoadImage"},"widgets_values":["换脸 (2).jpg","image"]},{"id":763,"type":"LoadImage","pos":{"0":-4670,"1":-790},"size":[320,310],"flags":{},"order":8,"mode":0,"inputs":[],"outputs":[{"name":"IMAGE","type":"IMAGE","links":[1875],"slot_index":0,"shape":3,"label":"图像"},{"name":"MASK","type":"MASK","links":[],"slot_index":1,"shape":3,"label":"遮罩"}],"properties":{"Node name for S&R":"LoadImage"},"widgets_values":["17-.jpg","image"]},{"id":783,"type":"LoadImage","pos":{"0":-4210,"1":-810},"size":[320,310],"flags":{},"order":7,"mode":0,"inputs":[],"outputs":[{"name":"IMAGE","type":"IMAGE","links":[1727,1740,1741],"slot_index":0,"shape":3,"label":"图像"},{"name":"MASK","type":"MASK","links":[1711],"slot_index":1,"shape":3,"label":"遮罩"}],"properties":{"Node name for S&R":"LoadImage"},"widgets_values":["17 (1).jpg","image"]}],"links":[[1228,350,4,632,2,"VAE"],[1239,350,4,631,4,"VAE"],[1431,632,0,631,1,"CONDITIONING"],[1432,632,1,631,2,"CONDITIONING"],[1684,761,0,755,0,"IMAGE"],[1687,760,0,758,0,"IMAGE"],[1688,767,0,758,1,"IMAGE"],[1689,776,0,759,0,"IMAGE"],[1690,787,0,760,0,"IMAGE"],[1691,755,0,760,1,"INT"],[1692,755,1,760,2,"INT"],[1694,772,0,762,0,"*"],[1696,754,0,765,0,"IMAGE"],[1697,761,0,766,0,"*"],[1698,762,0,767,0,"IMAGE"],[1699,764,0,767,1,"IMAGE"],[1700,766,0,768,0,"IMAGE"],[1701,775,0,769,0,"IMAGE"],[1705,771,0,772,0,"MASK"],[1708,757,0,774,0,"MASK"],[1709,784,0,775,0,"*"],[1710,778,0,776,0,"*"],[1711,783,1,777,0,"MASK"],[1712,758,0,778,0,"IMAGE"],[1713,779,0,778,1,"IMAGE"],[1714,762,0,779,0,"IMAGE"],[1715,777,0,779,1,"IMAGE"],[1717,782,0,781,0,"IMAGE"],[1718,767,0,781,1,"IMAGE"],[1719,768,0,782,0,"IMAGE"],[1720,755,0,782,1,"INT"],[1721,755,1,782,2,"INT"],[1722,781,0,784,0,"IMAGE"],[1723,779,0,784,1,"IMAGE"],[1727,783,0,786,1,"IMAGE"],[1728,766,0,787,0,"IMAGE"],[1731,756,0,611,0,"*"],[1737,789,0,603,0,"*"],[1738,603,0,632,3,"IMAGE"],[1740,783,0,789,0,"*"],[1741,783,0,761,0,"*"],[1742,755,0,771,0,"INT"],[1743,755,1,771,1,"INT"],[1746,611,0,632,4,"MASK"],[1747,603,0,667,0,"IMAGE"],[1748,603,0,480,1,"IMAGE"],[1749,631,5,619,0,"*"],[1750,776,0,790,0,"*"],[1751,775,0,791,0,"*"],[1755,756,0,754,0,"MASK"],[1798,619,0,480,0,"IMAGE"],[1803,807,0,756,0,"*"],[1808,762,0,803,0,"IMAGE"],[1837,632,3,631,3,"LATENT"],[1840,803,0,807,0,"IMAGE"],[1863,774,0,827,0,"MASK"],[1864,827,0,803,1,"IMAGE"],[1867,755,0,787,1,"INT"],[1868,755,0,768,1,"INT"],[1871,764,0,757,0,"IMAGE"],[1875,763,0,764,0,"*"],[1877,766,0,832,0,"IMAGE"],[1879,832,0,833,0,"IMAGE"],[1880,755,0,832,1,"INT"],[1881,832,0,834,0,"*"],[1889,842,0,843,1,"IMAGE"],[1890,619,0,843,0,"IMAGE"],[1895,619,0,844,0,"IMAGE"],[1899,619,0,845,1,"IMAGE"],[1900,844,0,845,0,"IMAGE"],[1902,847,0,846,0,"INSTANTID"],[1903,848,0,846,1,"FACEANALYSIS"],[1904,849,0,846,2,"CONTROL_NET"],[1907,850,0,846,7,"IMAGE"],[1908,842,0,846,3,"IMAGE"],[1913,846,1,632,0,"CONDITIONING"],[1914,846,2,632,1,"CONDITIONING"],[1916,603,0,850,0,"*"],[1932,350,0,846,4,"MODEL"],[1933,624,0,854,0,"STRING"],[1934,625,0,854,1,"STRING"],[1935,854,0,350,2,"STRING"],[1937,858,0,857,0,"CONTROL_NET"],[1940,350,1,861,0,"*"],[1941,350,2,862,0,"*"],[1942,861,0,857,1,"CONDITIONING"],[1943,862,0,857,2,"CONDITIONING"],[1944,859,0,846,5,"CONDITIONING"],[1945,860,0,846,6,"CONDITIONING"],[1947,603,0,864,0,"IMAGE"],[1948,611,0,864,1,"MASK"],[1952,858,0,863,0,"CONTROL_NET"],[1955,864,0,786,0,"IMAGE"],[1956,864,0,865,0,"IMAGE"],[1975,863,1,860,0,"*"],[1976,865,0,863,3,"IMAGE"],[1981,863,0,859,0,"*"],[1988,790,0,857,3,"IMAGE"],[1991,846,0,631,0,"MODEL"],[1994,857,0,863,1,"CONDITIONING"],[1995,857,1,863,2,"CONDITIONING"]],"groups":[{"title":"提示词","bounding":[-2230,-790,1110,300],"color":"#3f789e","font_size":24,"flags":{}},{"title":"InstantID","bounding":[250,400,1000,630],"color":"#3f789e","font_size":24,"flags":{}},{"title":"lora写真效果图","bounding":[-980,-1970,2689,1156],"color":"#b06634","font_size":24,"flags":{}},{"title":"模板图","bounding":[-5000,-890,1677,490],"color":"#3f789e","font_size":24,"flags":{}},{"title":"模板预处理结果","bounding":[-5580,-1680,2805,685],"color":"#8A8","font_size":24,"flags":{}},{"title":"controlnet","bounding":[-990,410,1110,780],"color":"#3f789e","font_size":24,"flags":{}},{"title":"step1-inpaint","bounding":[-990,-550,2580,780],"color":"#3f789e","font_size":24,"flags":{}},{"title":"mask","bounding":[-5013,-323,1693,422],"color":"#3f789e","font_size":24,"flags":{}},{"title":"ControlNet图像预处理","bounding":[-4990,180,1698,940],"color":"#3f789e","font_size":24,"flags":{}}],"config":{},"extra":{"ds":{"scale":1.5535220464768995,"offset":[4704.021325187196,787.0491357258799]},"groupNodes":{"controlnet":{"nodes":[{"type":"SetUnionControlNetType","pos":[-1690,-80],"size":{"0":315,"1":58},"flags":{},"order":8,"mode":0,"inputs":[{"name":"control_net","type":"CONTROL_NET","link":null,"label":"ControlNet"}],"outputs":[{"name":"CONTROL_NET","type":"CONTROL_NET","links":[],"shape":3,"label":"ControlNet","slot_index":0}],"properties":{"Node name for S&R":"SetUnionControlNetType"},"widgets_values":["auto"],"index":0},{"type":"ControlNetApplyAdvanced","pos":[-1670,-300],"size":{"0":315,"1":166},"flags":{},"order":14,"mode":0,"inputs":[{"name":"positive","type":"CONDITIONING","link":null,"label":"正面条件"},{"name":"negative","type":"CONDITIONING","link":null,"label":"负面条件"},{"name":"control_net","type":"CONTROL_NET","link":null,"label":"ControlNet"},{"name":"image","type":"IMAGE","link":null,"label":"图像"}],"outputs":[{"name":"positive","type":"CONDITIONING","links":null,"shape":3,"label":"正面条件","slot_index":0},{"name":"negative","type":"CONDITIONING","links":null,"shape":3,"label":"负面条件"}],"properties":{"Node name for S&R":"ControlNetApplyAdvanced"},"widgets_values":[1,0,1],"index":1}],"links":[[0,0,1,2,855,"CONTROL_NET"]],"external":[]}},"workspace_info":{"id":"g6XnRlfKT7N6rEsugyqZ-","saveLock":false,"cloudID":null,"coverMediaPath":null}},"version":0.4}