{"last_node_id":391,"last_link_id":668,"nodes":[{"id":221,"type":"ImageGenResolutionFromImage","pos":{"0":-3650,"1":-2190},"size":{"0":140,"1":46},"flags":{},"order":25,"mode":0,"inputs":[{"name":"image","type":"IMAGE","link":647,"label":"图像"}],"outputs":[{"name":"IMAGE_GEN_WIDTH (INT)","type":"INT","links":[401],"slot_index":0,"shape":3,"label":"宽度(整数)"},{"name":"IMAGE_GEN_HEIGHT (INT)","type":"INT","links":[402],"slot_index":1,"shape":3,"label":"高度(整数)"}],"properties":{"Node name for S&R":"ImageGenResolutionFromImage"},"widgets_values":[]},{"id":245,"type":"easy compare","pos":{"0":-4750,"1":-2370},"size":{"0":210,"1":80},"flags":{},"order":16,"mode":0,"inputs":[{"name":"a","type":"*","link":617,"slot_index":0,"label":"A"},{"name":"b","type":"*","link":432,"label":"B"}],"outputs":[{"name":"boolean","type":"BOOLEAN","links":[588],"slot_index":0,"shape":3,"label":"布尔"}],"properties":{"Node name for S&R":"easy compare"},"widgets_values":["a <= b"]},{"id":211,"type":"InstantIDFaceAnalysis","pos":{"0":-3000,"1":-2520},"size":{"0":210,"1":58},"flags":{},"order":0,"mode":0,"inputs":[],"outputs":[{"name":"FACEANALYSIS","type":"FACEANALYSIS","links":[380],"slot_index":0,"shape":3,"label":"面部分析"}],"properties":{"Node name for S&R":"InstantIDFaceAnalysis"},"widgets_values":["CUDA"]},{"id":223,"type":"StyleAlignedBatchAlign","pos":{"0":-3770,"1":-3340},"size":{"0":210,"1":110},"flags":{},"order":13,"mode":0,"inputs":[{"name":"model","type":"MODEL","link":398,"label":"model"}],"outputs":[{"name":"MODEL","type":"MODEL","links":[411],"slot_index":0,"shape":3,"label":"MODEL"}],"properties":{"Node name for S&R":"StyleAlignedBatchAlign"},"widgets_values":["both","q+k",1]},{"id":232,"type":"LoraLoaderModelOnly","pos":{"0":-3730,"1":-3130},"size":{"0":320,"1":82},"flags":{"pinned":true},"order":21,"mode":0,"inputs":[{"name":"model","type":"MODEL","link":411,"label":"模型"}],"outputs":[{"name":"MODEL","type":"MODEL","links":[656],"slot_index":0,"shape":3,"label":"模型"}],"properties":{"Node name for S&R":"LoraLoaderModelOnly"},"widgets_values":["sdxl/professional.pt",1]},{"id":209,"type":"InstantIDModelLoader","pos":{"0":-3010,"1":-2660},"size":{"0":240,"1":60},"flags":{},"order":1,"mode":0,"inputs":[],"outputs":[{"name":"INSTANTID","type":"INSTANTID","links":[379],"slot_index":0,"shape":3,"label":"INSTANTID"}],"properties":{"Node name for S&R":"InstantIDModelLoader"},"widgets_values":["ip-adapter_instant_id_sdxl.bin"]},{"id":210,"type":"ControlNetLoader","pos":{"0":-3100,"1":-2400},"size":{"0":445.3599853515625,"1":58},"flags":{},"order":2,"mode":0,"inputs":[],"outputs":[{"name":"CONTROL_NET","type":"CONTROL_NET","links":[381],"slot_index":0,"shape":3,"label":"ControlNet"}],"properties":{"Node name for S&R":"ControlNetLoader"},"widgets_values":["control_instant_id_sdxl.safetensors"]},{"id":216,"type":"ControlNetLoader","pos":{"0":-3660,"1":-2670},"size":{"0":400,"1":60},"flags":{},"order":3,"mode":0,"inputs":[],"outputs":[{"name":"CONTROL_NET","type":"CONTROL_NET","links":[390],"shape":3,"label":"ControlNet"}],"properties":{"Node name for S&R":"ControlNetLoader"},"widgets_values":["thibaud_xl_openpose_256lora.safetensors"]},{"id":225,"type":"VHS_VideoCombine","pos":{"0":-1080,"1":-2580},"size":[1280,1580],"flags":{},"order":37,"mode":0,"inputs":[{"name":"images","type":"*","link":655,"label":"图像"},{"name":"audio","type":"AUDIO","link":null,"label":"音频"},{"name":"meta_batch","type":"VHS_BatchManager","link":null,"label":"批次管理"},{"name":"vae","type":"VAE","link":null}],"outputs":[{"name":"Filenames","type":"VHS_FILENAMES","links":null,"shape":3,"label":"文件名"}],"properties":{"Node name for S&R":"VHS_VideoCombine"},"widgets_values":{"frame_rate":12,"loop_count":0,"filename_prefix":"Age/Age","format":"video/h264-mp4","pix_fmt":"yuv420p","crf":19,"save_metadata":true,"pingpong":false,"save_output":true,"videopreview":{"hidden":false,"paused":false,"params":{"filename":"Age_00008.mp4","subfolder":"Age","type":"output","format":"video/h264-mp4","frame_rate":12}}}},{"id":376,"type":"Get resolution [Crystools]","pos":{"0":-4340,"1":-1360},"size":{"0":210,"1":100},"flags":{},"order":23,"mode":0,"inputs":[{"name":"image","type":"IMAGE","link":640,"label":"图像"}],"outputs":[{"name":"width","type":"INT","links":null,"shape":3,"label":"宽度"},{"name":"height","type":"INT","links":null,"shape":3,"label":"高度"}],"properties":{"Node name for S&R":"Get resolution [Crystools]"},"widgets_values":[]},{"id":380,"type":"PreviewImage","pos":{"0":-4370,"1":-1170},"size":{"0":210,"1":250},"flags":{},"order":24,"mode":0,"inputs":[{"name":"images","type":"IMAGE","link":643,"label":"图像"}],"outputs":[],"properties":{"Node name for S&R":"PreviewImage"},"widgets_values":[]},{"id":205,"type":"KSampler (Efficient)","pos":{"0":-2150,"1":-2650},"size":[280,560],"flags":{},"order":34,"mode":0,"inputs":[{"name":"model","type":"MODEL","link":667,"label":"模型"},{"name":"positive","type":"CONDITIONING","link":373,"label":"正面条件"},{"name":"negative","type":"CONDITIONING","link":374,"label":"负面条件"},{"name":"latent_image","type":"LATENT","link":652,"slot_index":3,"label":"Latent"},{"name":"optional_vae","type":"VAE","link":660,"label":"VAE(可选)"},{"name":"script","type":"SCRIPT","link":null,"label":"脚本"}],"outputs":[{"name":"MODEL","type":"MODEL","links":[],"slot_index":0,"shape":3,"label":"模型"},{"name":"CONDITIONING+","type":"CONDITIONING","links":[],"slot_index":1,"shape":3,"label":"正面条件"},{"name":"CONDITIONING-","type":"CONDITIONING","links":[],"slot_index":2,"shape":3,"label":"负面条件"},{"name":"LATENT","type":"LATENT","links":null,"shape":3,"label":"Latent"},{"name":"VAE","type":"VAE","links":[],"slot_index":4,"shape":3,"label":"VAE"},{"name":"IMAGE","type":"IMAGE","links":[606],"slot_index":5,"shape":3,"label":"图像"}],"properties":{"Node name for S&R":"KSampler (Efficient)"},"widgets_values":[1,null,8,2,"dpmpp_sde","karras",1,"auto","true"],"color":"#223322","bgcolor":"#335533","shape":1},{"id":377,"type":"ImageResize+","pos":{"0":-4420,"1":-1690},"size":{"0":315,"1":218},"flags":{},"order":19,"mode":0,"inputs":[{"name":"image","type":"IMAGE","link":632,"label":"图像"}],"outputs":[{"name":"IMAGE","type":"IMAGE","links":[640,643],"slot_index":0,"shape":3,"label":"图像"},{"name":"width","type":"INT","links":null,"shape":3,"label":"宽度"},{"name":"height","type":"INT","links":null,"shape":3,"label":"高度"}],"properties":{"Node name for S&R":"ImageResize+"},"widgets_values":[1024,1024,"nearest","keep proportion","always",0]},{"id":226,"type":"EmptyLatentImage","pos":{"0":-3430,"1":-2190},"size":{"0":210,"1":78},"flags":{},"order":28,"mode":0,"inputs":[{"name":"width","type":"INT","link":401,"slot_index":0,"widget":{"name":"width"},"label":"宽度"},{"name":"height","type":"INT","link":402,"widget":{"name":"height"},"label":"高度"}],"outputs":[{"name":"LATENT","type":"LATENT","links":[463,651],"slot_index":0,"shape":3,"label":"Latent"}],"properties":{"Node name for S&R":"EmptyLatentImage"},"widgets_values":[512,512,8]},{"id":383,"type":"Reroute","pos":{"0":-2690,"1":-2190},"size":[90.4,26],"flags":{},"order":31,"mode":0,"inputs":[{"name":"","type":"*","link":651}],"outputs":[{"name":"LATENT","type":"LATENT","links":[652],"slot_index":0}],"properties":{"showOutputText":true,"horizontal":false}},{"id":262,"type":"Anything Everywhere","pos":{"0":-3040,"1":-2230},"size":{"0":210,"1":26},"flags":{},"order":30,"mode":0,"inputs":[{"name":"LATENT","type":"*","link":463,"label":"输入","color_on":"#FF9CF9"}],"outputs":[],"properties":{"Node name for S&R":"Anything Everywhere","group_restricted":0,"color_restricted":0},"widgets_values":[]},{"id":385,"type":"Reroute","pos":{"0":-1210,"1":-2620},"size":[75,26],"flags":{},"order":36,"mode":0,"inputs":[{"name":"","type":"*","link":664}],"outputs":[{"name":"","type":"IMAGE","links":[655],"slot_index":0}],"properties":{"showOutputText":false,"horizontal":false}},{"id":239,"type":"Text _O","pos":{"0":-5710,"1":-2590},"size":{"0":390,"1":160},"flags":{},"order":4,"mode":0,"inputs":[],"outputs":[{"name":"STRING","type":"STRING","links":[593],"slot_index":0,"shape":3,"label":"STRING"}],"title":"Female","properties":{"Node name for S&R":"Text _O"},"widgets_values":["\"0\" :\"4-year-old,litte girl，baby:2，kawaii,short hair \",\n\"1\" :\"14-year-old,cute kid,girl \",\n\"2\" :\"24-year-old,young girl,long hair \",\n\"3\" :\"34-year-old,woman,long hair \",\n\"4\" :\"44-year-old,old woman\",\n\"5\" :\"64-year-old,old woman,gray hair\",\n\"6\" :\"84-year-old,old woman,wrinkles,white hair\",\n\"7\" :\"104-year-old,old woman,wrinkles:2,white hair\",",true]},{"id":238,"type":"Text _O","pos":{"0":-5720,"1":-2370},"size":{"0":390,"1":150},"flags":{},"order":5,"mode":0,"inputs":[],"outputs":[{"name":"STRING","type":"STRING","links":[594],"slot_index":0,"shape":3,"label":"STRING"}],"title":"Male","properties":{"Node name for S&R":"Text _O"},"widgets_values":["\"0\" :\"4-year-old,litte boy，baby:2,kawaii,short hair\",\n\"1\" :\"14-year-old,cute boy,short hair\",\n\"2\" :\"24-year-old,handsome man\",\n\"3\" :\"34-year-old,handsome man\",\n\"4\" :\"44-year-old,old man\",\n\"5\" :\"64-year-old,old man,gray hair\",\n\"6\" :\"84-year-old,old man,wrinkles,white hair\",\n\"7\" :\"104-year-old,old man,wrinkles:2,bald,white hair\",",true]},{"id":206,"type":"CheckpointLoaderSimple","pos":{"0":-3790,"1":-3530},"size":{"0":480,"1":100},"flags":{},"order":6,"mode":0,"inputs":[],"outputs":[{"name":"MODEL","type":"MODEL","links":[398],"slot_index":0,"label":"模型"},{"name":"CLIP","type":"CLIP","links":[657],"slot_index":1,"label":"CLIP"},{"name":"VAE","type":"VAE","links":[658],"slot_index":2,"label":"VAE"}],"properties":{"Node name for S&R":"CheckpointLoaderSimple"},"widgets_values":["sdxl/realvisxlV50_v50LightningBakedvae.safetensors"]},{"id":386,"type":"Reroute","pos":{"0":-3280,"1":-3110},"size":[75,26],"flags":{},"order":26,"mode":0,"inputs":[{"name":"","type":"*","link":656}],"outputs":[{"name":"","type":"MODEL","links":[659],"slot_index":0}],"properties":{"showOutputText":false,"horizontal":false}},{"id":388,"type":"Reroute","pos":{"0":-3260,"1":-3380},"size":[75,26],"flags":{},"order":15,"mode":0,"inputs":[{"name":"","type":"*","link":658}],"outputs":[{"name":"","type":"VAE","links":[660],"slot_index":0}],"properties":{"showOutputText":false,"horizontal":false}},{"id":387,"type":"Reroute","pos":{"0":-3250,"1":-3430},"size":[75,26],"flags":{},"order":14,"mode":0,"inputs":[{"name":"","type":"*","link":657}],"outputs":[{"name":"","type":"CLIP","links":[661],"slot_index":0}],"properties":{"showOutputText":false,"horizontal":false}},{"id":215,"type":"ControlNetApplyAdvanced","pos":{"0":-3620,"1":-2550},"size":{"0":330,"1":186},"flags":{},"order":29,"mode":0,"inputs":[{"name":"positive","type":"CONDITIONING","link":420,"label":"正面条件"},{"name":"negative","type":"CONDITIONING","link":389,"label":"负面条件"},{"name":"control_net","type":"CONTROL_NET","link":390,"slot_index":2,"label":"ControlNet"},{"name":"image","type":"IMAGE","link":648,"label":"图像"},{"name":"vae","type":"VAE","link":null}],"outputs":[{"name":"positive","type":"CONDITIONING","links":[384],"slot_index":0,"shape":3,"label":"正面条件"},{"name":"negative","type":"CONDITIONING","links":[385],"slot_index":1,"shape":3,"label":"负面条件"}],"properties":{"Node name for S&R":"ControlNetApplyAdvanced"},"widgets_values":[1,0,1]},{"id":354,"type":"Text Input Switch","pos":{"0":-4490,"1":-2530},"size":{"0":210,"1":74},"flags":{},"order":22,"mode":0,"inputs":[{"name":"text_a","type":"STRING","link":593,"widget":{"name":"text_a"},"label":"文本_A"},{"name":"text_b","type":"STRING","link":594,"widget":{"name":"text_b"},"label":"文本_B"},{"name":"boolean","type":"BOOLEAN","link":588,"widget":{"name":"boolean"}}],"outputs":[{"name":"STRING","type":"STRING","links":[662],"slot_index":0,"shape":3,"label":"字符串"}],"properties":{"Node name for S&R":"Text Input Switch"},"widgets_values":["","",false]},{"id":246,"type":"Text _O","pos":{"0":-4990,"1":-2180},"size":{"0":210,"1":81},"flags":{},"order":7,"mode":0,"inputs":[],"outputs":[{"name":"STRING","type":"STRING","links":[432],"slot_index":0,"shape":3,"label":"STRING"}],"title":"Female","properties":{"Node name for S&R":"Text _O"},"widgets_values":["Female",true]},{"id":224,"type":"BatchPromptSchedule","pos":{"0":-4070,"1":-2630},"size":{"0":250,"1":360},"flags":{},"order":27,"mode":0,"inputs":[{"name":"clip","type":"CLIP","link":661,"label":"CLIP"},{"name":"text","type":"STRING","link":662,"widget":{"name":"text"},"label":"文本"},{"name":"app_text","type":"STRING","link":620,"widget":{"name":"app_text"},"label":"附加文本"}],"outputs":[{"name":"POS","type":"CONDITIONING","links":[420],"slot_index":0,"shape":3,"label":"POS"},{"name":"NEG","type":"CONDITIONING","links":[389],"slot_index":1,"shape":3,"label":"NEG"}],"properties":{"Node name for S&R":"BatchPromptSchedule"},"widgets_values":["\"0\" :\"4-year-old,litte baby，kawaii,short hair \",\n\"1\" :\"14-year-old,cute kid,short hair \",\n\"2\" :\"24-year-old,young girl,long hair \",\n\"3\" :\"34-year-old,woman,long hair \",\n\"4\" :\"44-year-old,old woman\",\n\"5\" :\"64-year-old,old woman,gray hair\",\n\"6\" :\"84-year-old,old woman,white hair\",\n\"7\" :\"94-year-old,old woman,white hair\",",8,false,"professional portrait, realistic photography, perfect details, highest quality, master's masterpiece . 35mm photograph, film, bokeh, professional, 4k,","Portrait of a ",0,0,0,0,0,0,true,true,true]},{"id":369,"type":"List of strings [Crystools]","pos":{"0":-4760,"1":-3230},"size":{"0":320,"1":270},"flags":{},"order":17,"mode":0,"inputs":[{"name":"string_1","type":"STRING","link":618,"widget":{"name":"string_1"},"label":"字符串_1"},{"name":"string_2","type":"STRING","link":619,"widget":{"name":"string_2"},"label":"字符串_2"}],"outputs":[{"name":"concatenated","type":"STRING","links":[620],"slot_index":0,"shape":3,"label":"字符串合并"},{"name":"list_string","type":"ListString","links":null,"shape":6,"label":"字符串列表"}],"properties":{"Node name for S&R":"List of strings [Crystools]"},"widgets_values":["","","","","","","","",","]},{"id":286,"type":"Text _O","pos":{"0":-5200,"1":-3240},"size":{"0":340,"1":81},"flags":{},"order":8,"mode":0,"inputs":[],"outputs":[{"name":"STRING","type":"STRING","links":[618],"slot_index":0,"shape":3,"label":"STRING"}],"title":"Prompt","properties":{"Node name for S&R":"Text _O"},"widgets_values":["Smiling character in a White Shirt，Smile，looking at viewer , White Female",true]},{"id":366,"type":"Text _O","pos":{"0":-5200,"1":-3060},"size":{"0":340,"1":81},"flags":{},"order":9,"mode":0,"inputs":[],"outputs":[{"name":"STRING","type":"STRING","links":[617,619],"slot_index":0,"shape":3,"label":"STRING"}],"title":"Prompt","properties":{"Node name for S&R":"Text _O"},"widgets_values":["Female",true]},{"id":379,"type":"LoadImage","pos":{"0":-6300,"1":-1940},"size":{"0":710,"1":820},"flags":{},"order":10,"mode":0,"inputs":[],"outputs":[{"name":"IMAGE","type":"IMAGE","links":[646],"slot_index":0,"shape":3,"label":"图像"},{"name":"MASK","type":"MASK","links":null,"shape":3,"label":"遮罩"}],"properties":{"Node name for S&R":"LoadImage"},"widgets_values":["4321727062322_.pic.jpg","image"]},{"id":290,"type":"LoadImage","pos":{"0":-5180,"1":-1690},"size":{"0":710,"1":820},"flags":{},"order":11,"mode":0,"inputs":[],"outputs":[{"name":"IMAGE","type":"IMAGE","links":[632,663],"slot_index":0,"shape":3,"label":"图像"},{"name":"MASK","type":"MASK","links":null,"shape":3,"label":"遮罩"}],"properties":{"Node name for S&R":"LoadImage"},"widgets_values":["pose.webp","image"]},{"id":227,"type":"RIFE VFI","pos":{"0":-1640,"1":-2580},"size":{"0":210,"1":200},"flags":{},"order":35,"mode":0,"inputs":[{"name":"frames","type":"IMAGE","link":606,"label":"图像"},{"name":"optional_interpolation_states","type":"INTERPOLATION_STATES","link":null,"label":"插值规则(可选)"}],"outputs":[{"name":"IMAGE","type":"IMAGE","links":[664],"slot_index":0,"shape":3,"label":"图像"}],"properties":{"Node name for S&R":"RIFE VFI"},"widgets_values":["rife47.pth",10,20,true,true,1]},{"id":381,"type":"Reroute","pos":{"0":-3660,"1":-2020},"size":[75,26],"flags":{},"order":20,"mode":0,"inputs":[{"name":"","type":"*","link":663}],"outputs":[{"name":"","type":"IMAGE","links":[647,648,649],"slot_index":0}],"properties":{"showOutputText":false,"horizontal":false}},{"id":212,"type":"ApplyInstantID","pos":{"0":-2560,"1":-2650},"size":{"0":234.5703887939453,"1":266},"flags":{},"order":32,"mode":0,"inputs":[{"name":"instantid","type":"INSTANTID","link":379,"label":"InstantID"},{"name":"insightface","type":"FACEANALYSIS","link":380,"label":"InsightFace"},{"name":"control_net","type":"CONTROL_NET","link":381,"label":"ControlNet"},{"name":"image","type":"IMAGE","link":650,"slot_index":3,"label":"图像"},{"name":"model","type":"MODEL","link":659,"label":"模型"},{"name":"positive","type":"CONDITIONING","link":384,"label":"正面条件"},{"name":"negative","type":"CONDITIONING","link":385,"label":"负面条件"},{"name":"image_kps","type":"IMAGE","link":649,"slot_index":7,"label":"图像_kps"},{"name":"mask","type":"MASK","link":null,"label":"遮罩"}],"outputs":[{"name":"MODEL","type":"MODEL","links":[666],"slot_index":0,"shape":3,"label":"模型"},{"name":"POSITIVE","type":"CONDITIONING","links":[373],"slot_index":1,"shape":3,"label":"POSITIVE"},{"name":"NEGATIVE","type":"CONDITIONING","links":[374],"slot_index":2,"shape":3,"label":"NEGATIVE"}],"properties":{"Node name for S&R":"ApplyInstantID"},"widgets_values":[0.8,0.2,0.9]},{"id":382,"type":"Reroute","pos":{"0":-3650,"1":-1950},"size":[75,26],"flags":{},"order":18,"mode":0,"inputs":[{"name":"","type":"*","link":646}],"outputs":[{"name":"","type":"IMAGE","links":[650,668],"slot_index":0}],"properties":{"showOutputText":false,"horizontal":false}},{"id":390,"type":"IPAdapter","pos":{"0":-2840,"1":-1910},"size":{"0":315,"1":190},"flags":{},"order":33,"mode":0,"inputs":[{"name":"model","type":"MODEL","link":666,"label":"模型"},{"name":"ipadapter","type":"IPADAPTER","link":665,"label":"IPAdapter"},{"name":"image","type":"IMAGE","link":668,"label":"图像"},{"name":"attn_mask","type":"MASK","link":null,"label":"关注层遮罩"}],"outputs":[{"name":"MODEL","type":"MODEL","links":[667],"shape":3,"label":"模型","slot_index":0}],"properties":{"Node name for S&R":"IPAdapter"},"widgets_values":[0.6,0,1,"standard"]},{"id":391,"type":"IPAdapterUnifiedLoader","pos":{"0":-2840,"1":-1660},"size":{"0":315,"1":78},"flags":{},"order":12,"mode":0,"inputs":[{"name":"model","type":"MODEL","link":null,"label":"模型"},{"name":"ipadapter","type":"IPADAPTER","link":null,"label":"IPAdapter"}],"outputs":[{"name":"model","type":"MODEL","links":null,"shape":3,"label":"模型"},{"name":"ipadapter","type":"IPADAPTER","links":[665],"shape":3,"label":"IPAdapter"}],"properties":{"Node name for S&R":"IPAdapterUnifiedLoader"},"widgets_values":["PLUS FACE (portraits)"]}],"links":[[373,212,1,205,1,"CONDITIONING"],[374,212,2,205,2,"CONDITIONING"],[379,209,0,212,0,"INSTANTID"],[380,211,0,212,1,"FACEANALYSIS"],[381,210,0,212,2,"CONTROL_NET"],[384,215,0,212,5,"CONDITIONING"],[385,215,1,212,6,"CONDITIONING"],[389,224,1,215,1,"CONDITIONING"],[390,216,0,215,2,"CONTROL_NET"],[398,206,0,223,0,"MODEL"],[401,221,0,226,0,"INT"],[402,221,1,226,1,"INT"],[411,223,0,232,0,"MODEL"],[420,224,0,215,0,"CONDITIONING"],[432,246,0,245,1,"*"],[463,226,0,262,0,"LATENT"],[588,245,0,354,2,"BOOLEAN"],[593,239,0,354,0,"STRING"],[594,238,0,354,1,"STRING"],[606,205,5,227,0,"IMAGE"],[617,366,0,245,0,"*"],[618,286,0,369,0,"STRING"],[619,366,0,369,1,"STRING"],[620,369,0,224,2,"STRING"],[632,290,0,377,0,"IMAGE"],[640,377,0,376,0,"IMAGE"],[643,377,0,380,0,"IMAGE"],[646,379,0,382,0,"*"],[647,381,0,221,0,"IMAGE"],[648,381,0,215,3,"IMAGE"],[649,381,0,212,7,"IMAGE"],[650,382,0,212,3,"IMAGE"],[651,226,0,383,0,"*"],[652,383,0,205,3,"LATENT"],[655,385,0,225,0,"IMAGE"],[656,232,0,386,0,"*"],[657,206,1,387,0,"*"],[658,206,2,388,0,"*"],[659,386,0,212,4,"MODEL"],[660,388,0,205,4,"VAE"],[661,387,0,224,0,"CLIP"],[662,354,0,224,1,"STRING"],[663,290,0,381,0,"*"],[664,227,0,385,0,"*"],[665,391,1,390,1,"IPADAPTER"],[666,212,0,390,0,"MODEL"],[667,390,0,205,0,"MODEL"],[668,382,0,390,2,"IMAGE"]],"groups":[{"title":"姿态Pose+Resize","bounding":[-5230,-1910,1175,1063],"color":"#3f789e","font_size":100,"flags":{}},{"title":"视频合成","bounding":[-1180,-2830,1491,1926],"color":"#3f789e","font_size":100,"flags":{}},{"title":"补间生成","bounding":[-1749,-2847,443,782],"color":"#3f789e","font_size":100,"flags":{}},{"title":"Ksampler","bounding":[-2230,-2850,450,781],"color":"#3f789e","font_size":100,"flags":{}},{"title":"InstantID","bounding":[-3120,-2850,861,782],"color":"#3f789e","font_size":100,"flags":{}},{"title":"ControlNet","bounding":[-3710,-2850,542,779],"color":"#3f789e","font_size":100,"flags":{}},{"title":"Fizz提示词调度","bounding":[-4180,-2850,441,788],"color":"#3f789e","font_size":100,"flags":{}},{"title":"提示词-Prompt","bounding":[-5810,-2850,675,777],"color":"#3f789e","font_size":100,"flags":{}},{"title":"性别判定-Gender","bounding":[-5090,-2860,878,787],"color":"#3f789e","font_size":100,"flags":{}},{"title":"模型-Model","bounding":[-3820,-3750,587,789],"color":"#3f789e","font_size":100,"flags":{}}],"config":{},"extra":{"ds":{"scale":0.2794145953766217,"offset":[5899.7530114567335,3774.3066329198987]},"0246.VERSION":[0,0,4],"groupNodes":{},"workspace_info":{"id":"W5wFRytnNxWAmxj6I-1pL","saveLock":false,"cloudID":null,"coverMediaPath":null}},"version":0.4}