{"last_node_id":7,"last_link_id":3,"nodes":[{"id":4,"type":"OptimizeApiFlowNode","pos":[1070,240],"size":{"0":320,"1":60},"flags":{},"order":1,"mode":0,"inputs":[{"name":"original_flow","type":"STRING","link":2,"slot_index":0,"widget":{"name":"original_flow"},"label":"original_flow"}],"outputs":[{"name":"STRING","type":"STRING","links":[3],"slot_index":0,"shape":3,"label":"STRING"}],"properties":{"Node name for S&R":"OptimizeApiFlowNode"},"widgets_values":[""]},{"id":6,"type":"Primitive string multiline [Crystools]","pos":[650,370],"size":[590,600],"flags":{},"order":0,"mode":0,"outputs":[{"name":"string","type":"STRING","links":[2],"shape":3,"label":"字符串"}],"properties":{"Node name for S&R":"Primitive string multiline [Crystools]"},"widgets_values":["{\n  \"37\": {\n    \"inputs\": {\n      \"string\": \"cloth\",\n      \"speak_and_recognation\": true\n    },\n    \"class_type\": \"String Literal\",\n    \"_meta\": {\n      \"title\": \"String Literal\"\n    }\n  },\n  \"139\": {\n    \"inputs\": {\n      \"channel\": \"red\",\n      \"image\": [\n        \"1018\",\n        4\n      ]\n    },\n    \"class_type\": \"ImageToMask\",\n    \"_meta\": {\n      \"title\": \"图像到遮罩\"\n    }\n  },\n  \"218\": {\n    \"inputs\": {\n      \"preprocessor\": \"DepthAnythingV2Preprocessor\",\n      \"resolution\": [\n        \"333\",\n        0\n      ],\n      \"image\": [\n        \"1018\",\n        0\n      ]\n    },\n    \"class_type\": \"AIO_Preprocessor\",\n    \"_meta\": {\n      \"title\": \"Aux集成预处理器\"\n    }\n  },\n  \"223\": {\n    \"inputs\": {\n      \"weight\": 0.1,\n      \"source\": [\n        \"228\",\n        0\n      ],\n      \"mask\": [\n        \"1106\",\n        0\n      ]\n    },\n    \"class_type\": \"ImageCompositedMaskedWeight\",\n    \"_meta\": {\n      \"title\": \"图片遮罩根据权重混合\"\n    }\n  },\n  \"228\": {\n    \"inputs\": {\n      \"width\": [\n        \"333\",\n        0\n      ],\n      \"height\": [\n        \"333\",\n        1\n      ],\n      \"interpolation\": \"nearest\",\n      \"method\": \"stretch\",\n      \"condition\": \"always\",\n      \"multiple_of\": 0,\n      \"image\": [\n        \"218\",\n        0\n      ]\n    },\n    \"class_type\": \"ImageResize+\",\n    \"_meta\": {\n      \"title\": \"图像缩放\"\n    }\n  },\n  \"238\": {\n    \"inputs\": {\n      \"string\": \"bg\",\n      \"speak_and_recognation\": true\n    },\n    \"class_type\": \"String Literal\",\n    \"_meta\": {\n      \"title\": \"String Literal\"\n    }\n  },\n  \"239\": {\n    \"inputs\": {\n      \"string1\": [\n        \"37\",\n        0\n      ],\n      \"string2\": [\n        \"238\",\n        0\n      ],\n      \"delimiter\": \",\"\n    },\n    \"class_type\": \"JoinStrings\",\n    \"_meta\": {\n      \"title\": \"合并字符串\"\n    }\n  },\n  \"263\": {\n    \"inputs\": {\n      \"switch_1\": \"On\",\n      \"lora_name_1\": \"snapmecloth/0702/webulora/Black-shirt.safetensors\",\n      \"model_weight_1\": 1,\n      \"clip_weight_1\": 1,\n      \"switch_2\": \"On\",\n      \"lora_name_2\": \"sdxl/Professional_Portrait.safetensors\",\n      \"model_weight_2\": 0.6,\n      \"clip_weight_2\": 1,\n      \"switch_3\": \"Off\",\n      \"lora_name_3\": \"None\",\n      \"model_weight_3\": 0.8,\n      \"clip_weight_3\": 1\n    },\n    \"class_type\": \"CR LoRA Stack\",\n    \"_meta\": {\n      \"title\": \"LoRA堆\"\n    }\n  },\n  \"307\": {\n    \"inputs\": {\n      \"width\": [\n        \"333\",\n        0\n      ],\n      \"height\": [\n        \"333\",\n        1\n      ],\n      \"interpolation\": \"nearest\",\n      \"method\": \"stretch\",\n      \"condition\": \"always\",\n      \"multiple_of\": 0,\n      \"image\": [\n        \"844\",\n        0\n      ]\n    },\n    \"class_type\": \"ImageResize+\",\n    \"_meta\": {\n      \"title\": \"图像缩放\"\n    }\n  },\n  \"309\": {\n    \"inputs\": {\n      \"weight\": 0.1,\n      \"source\": [\n        \"307\",\n        0\n      ],\n      \"mask\": [\n        \"1106\",\n        0\n      ]\n    },\n    \"class_type\": \"ImageCompositedMaskedWeight\",\n    \"_meta\": {\n      \"title\": \"图片遮罩根据权重混合\"\n    }\n  },\n  \"333\": {\n    \"inputs\": {\n      \"image\": [\n        \"1018\",\n        0\n      ]\n    },\n    \"class_type\": \"Get resolution [Crystools]\",\n    \"_meta\": {\n      \"title\": \"获取分辨率\"\n    }\n  },\n  \"555\": {\n    \"inputs\": {\n      \"string\": \"negative\",\n      \"speak_and_recognation\": true\n    },\n    \"class_type\": \"String Literal\",\n    \"_meta\": {\n      \"title\": \"String Literal\"\n    }\n  },\n  \"844\": {\n    \"inputs\": {\n      \"preprocessor\": \"AnyLineArtPreprocessor_aux\",\n      \"resolution\": [\n        \"333\",\n        0\n      ],\n      \"image\": [\n        \"1018\",\n        0\n      ]\n    },\n    \"class_type\": \"AIO_Preprocessor\",\n    \"_meta\": {\n      \"title\": \"Aux集成预处理器\"\n    }\n  },\n  \"875\": {\n    \"inputs\": {\n      \"scale\": 0.6000000000000001,\n      \"start_at\": 0,\n      \"end_at\": 1000,\n      \"model\": [\n        \"1097\",\n        0\n      ],\n      \"vae\": [\n        \"1096\",\n        2\n      ],\n      \"image\": [\n        \"1018\",\n        1\n      ],\n      \"mask\": [\n        \"1219\",\n        0\n      ],\n      \"brushnet\": [\n        \"876\",\n        0\n      ],\n      \"positive\": [\n        \"1236:1\",\n        0\n      ],\n      \"negative\": [\n        \"1236:1\",\n        1\n      ]\n    },\n    \"class_type\": \"BrushNet\",\n    \"_meta\": {\n      \"title\": \"BrushNet\"\n    }\n  },\n  \"876\": {\n    \"inputs\": {\n      \"brushnet\": \"brushnet_xl/segmentation_mask_brushnet_ckpt_v1.safetensors\",\n      \"dtype\": \"float16\"\n    },\n    \"class_type\": \"BrushNetLoader\",\n    \"_meta\": {\n      \"title\": \"BrushNet加载器\"\n    }\n  },\n  \"882\": {\n    \"inputs\": {\n      \"dilate_iter\": [\n        \"1018\",\n        7\n      ],\n      \"grainy_level\": 0,\n      \"use_hair\": [\n        \"1018\",\n        8\n      ],\n      \"restore_width\": [\n        \"1132\",\n        0\n      ],\n      \"restore_height\": [\n        \"1132\",\n        1\n      ],\n      \"color_trans\": true,\n      \"save_temp_file\": false,\n      \"image_res_1\": [\n        \"1099\",\n        3\n      ],\n      \"face_mask\": [\n        \"1018\",\n        4\n      ],\n      \"control_mask_face\": [\n        \"1018\",\n        2\n      ],\n      \"face_image_pad\": [\n        \"1018\",\n        0\n      ]\n    },\n    \"class_type\": \"Snapme ImgProcess Step3\",\n    \"_meta\": {\n      \"title\": \"Snapme ImgProcess Step3\"\n    }\n  },\n  \"1018\": {\n    \"inputs\": {\n      \"prompt_cloth\": [\n        \"37\",\n        0\n      ],\n      \"prompt_background\": [\n        \"238\",\n        0\n      ],\n      \"save_temp_file\": true\n    },\n    \"class_type\": \"AliSegBodyHeadFace\",\n    \"_meta\": {\n      \"title\": \"阿里分割人体+头部+脸部\"\n    }\n  },\n  \"1096\": {\n    \"inputs\": {\n      \"base_ckpt_name\": \"sdxl/realvisxlV40_v40Bakedvae.safetensors\",\n      \"base_clip_skip\": -2,\n      \"refiner_ckpt_name\": \"sdxl/sd_xl_refiner_1.0.safetensors\",\n      \"refiner_clip_skip\": -1,\n      \"positive_ascore\": 6,\n      \"negative_ascore\": 3,\n      \"vae_name\": \"Baked VAE\",\n      \"positive\": [\n        \"239\",\n        0\n      ],\n      \"negative\": [\n        \"555\",\n        0\n      ],\n      \"token_normalization\": \"none\",\n      \"weight_interpretation\": \"compel\",\n      \"empty_latent_width\": 1024,\n      \"empty_latent_height\": 1024,\n      \"batch_size\": 1,\n      \"speak_and_recognation\": true,\n      \"lora_stack\": [\n        \"263\",\n        0\n      ]\n    },\n    \"class_type\": \"Eff. Loader SDXL\",\n    \"_meta\": {\n      \"title\": \"效率加载器(SDXL)\"\n    }\n  },\n  \"1097\": {\n    \"inputs\": {\n      \"sdxl_tuple\": [\n        \"1096\",\n        0\n      ]\n    },\n    \"class_type\": \"Unpack SDXL Tuple\",\n    \"_meta\": {\n      \"title\": \"解包SDXL元组\"\n    }\n  },\n  \"1099\": {\n    \"inputs\": {\n      \"noise_seed\": 20348021007866,\n      \"steps\": 35,\n      \"cfg\": 7,\n      \"sampler_name\": \"dpmpp_2m_sde_gpu\",\n      \"scheduler\": \"karras\",\n      \"start_at_step\": 0,\n      \"refine_at_step\": 30,\n      \"preview_method\": \"none\",\n      \"vae_decode\": \"true\",\n      \"sdxl_tuple\": [\n        \"1100\",\n        0\n      ],\n      \"latent_image\": [\n        \"875\",\n        3\n      ],\n      \"optional_vae\": [\n        \"1096\",\n        2\n      ]\n    },\n    \"class_type\": \"KSampler SDXL (Eff.)\",\n    \"_meta\": {\n      \"title\": \"K采样器(SDXL效率)\"\n    }\n  },\n  \"1100\": {\n    \"inputs\": {\n      \"base_model\": [\n        \"875\",\n        0\n      ],\n      \"base_clip\": [\n        \"1097\",\n        1\n      ],\n      \"base_positive\": [\n        \"875\",\n        1\n      ],\n      \"base_negative\": [\n        \"875\",\n        2\n      ],\n      \"refiner_model\": [\n        \"1097\",\n        4\n      ],\n      \"refiner_clip\": [\n        \"1097\",\n        5\n      ],\n      \"refiner_positive\": [\n        \"1097\",\n        6\n      ],\n      \"refiner_negative\": [\n        \"1097\",\n        7\n      ]\n    },\n    \"class_type\": \"Pack SDXL Tuple\",\n    \"_meta\": {\n      \"title\": \"打包SDXL元组\"\n    }\n  },\n  \"1104\": {\n    \"inputs\": {\n      \"channel\": \"red\",\n      \"image\": [\n        \"1018\",\n        2\n      ]\n    },\n    \"class_type\": \"ImageToMask\",\n    \"_meta\": {\n      \"title\": \"图像到遮罩\"\n    }\n  },\n  \"1105\": {\n    \"inputs\": {\n      \"dilation\": 5,\n      \"mask\": [\n        \"1104\",\n        0\n      ]\n    },\n    \"class_type\": \"ImpactDilateMask\",\n    \"_meta\": {\n      \"title\": \"遮罩膨胀\"\n    }\n  },\n  \"1106\": {\n    \"inputs\": {\n      \"mask\": [\n        \"1105\",\n        0\n      ]\n    },\n    \"class_type\": \"MaskToImage\",\n    \"_meta\": {\n      \"title\": \"遮罩到图像\"\n    }\n  },\n  \"1132\": {\n    \"inputs\": {},\n    \"class_type\": \"Get resolution [Crystools]\",\n    \"_meta\": {\n      \"title\": \"获取分辨率\"\n    }\n  },\n  \"1212\": {\n    \"inputs\": {\n      \"facedetection\": \"retinaface_resnet50\",\n      \"model\": \"GPEN-BFR-1024.onnx\",\n      \"visibility\": 1,\n      \"codeformer_weight\": 0.5,\n      \"image\": [\n        \"882\",\n        0\n      ]\n    },\n    \"class_type\": \"ReActorRestoreFace\",\n    \"_meta\": {\n      \"title\": \"ReActor恢复面部\"\n    }\n  },\n  \"1219\": {\n    \"inputs\": {\n      \"mask\": [\n        \"139\",\n        0\n      ]\n    },\n    \"class_type\": \"InvertMask\",\n    \"_meta\": {\n      \"title\": \"遮罩反转\"\n    }\n  },\n  \"1223\": {\n    \"inputs\": {\n      \"control_net_name\": \"controlnet-union-sdxl-promax-1.0.safetensors\"\n    },\n    \"class_type\": \"ControlNetLoader\",\n    \"_meta\": {\n      \"title\": \"ControlNet加载器\"\n    }\n  },\n  \"1239\": {\n    \"inputs\": {\n      \"dir\": \"comfyui\",\n      \"img_format\": \"JPEG\",\n      \"images\": [\n        \"1212\",\n        0\n      ]\n    },\n    \"class_type\": \"Save Image To OSS And Display\",\n    \"_meta\": {\n      \"title\": \"保存图像到OSS并展示oss地址\"\n    }\n  },\n  \"1240\": {\n    \"inputs\": {\n      \"url_or_path\": \"\",\n      \"speak_and_recognation\": true\n    },\n    \"class_type\": \"Load Image From Url\",\n    \"_meta\": {\n      \"title\": \"从url加载图像\"\n    }\n  },\n  \"1235:0\": {\n    \"inputs\": {\n      \"type\": \"canny/lineart/anime_lineart/mlsd\",\n      \"control_net\": [\n        \"1223\",\n        0\n      ]\n    },\n    \"class_type\": \"SetUnionControlNetType\",\n    \"_meta\": {\n      \"title\": \"设置UnionControlNet类型\"\n    }\n  },\n  \"1235:1\": {\n    \"inputs\": {\n      \"strength\": 0.2,\n      \"start_percent\": 0,\n      \"end_percent\": 1,\n      \"positive\": [\n        \"1097\",\n        2\n      ],\n      \"negative\": [\n        \"1097\",\n        3\n      ],\n      \"control_net\": [\n        \"1235:0\",\n        0\n      ],\n      \"image\": [\n        \"309\",\n        0\n      ]\n    },\n    \"class_type\": \"ControlNetApplyAdvanced\",\n    \"_meta\": {\n      \"title\": \"ControlNet应用(高级)\"\n    }\n  },\n  \"1236:0\": {\n    \"inputs\": {\n      \"type\": \"depth\",\n      \"control_net\": [\n        \"1223\",\n        0\n      ]\n    },\n    \"class_type\": \"SetUnionControlNetType\",\n    \"_meta\": {\n      \"title\": \"设置UnionControlNet类型\"\n    }\n  },\n  \"1236:1\": {\n    \"inputs\": {\n      \"strength\": 0.15,\n      \"start_percent\": 0,\n      \"end_percent\": 1,\n      \"positive\": [\n        \"1235:1\",\n        0\n      ],\n      \"negative\": [\n        \"1235:1\",\n        1\n      ],\n      \"control_net\": [\n        \"1236:0\",\n        0\n      ],\n      \"image\": [\n        \"223\",\n        0\n      ]\n    },\n    \"class_type\": \"ControlNetApplyAdvanced\",\n    \"_meta\": {\n      \"title\": \"ControlNet应用(高级)\"\n    }\n  }\n}",true]},{"id":7,"type":"DisplayText_Zho","pos":[1270,360],"size":{"0":670,"1":630},"flags":{},"order":2,"mode":0,"inputs":[{"name":"text","type":"STRING","link":3,"widget":{"name":"text"},"label":"text"}],"outputs":[{"name":"text","type":"STRING","links":null,"shape":3,"label":"text"}],"properties":{"Node name for S&R":"DisplayText_Zho"},"widgets_values":["","{\n\"1\": {\"inputs\": {\"string\": \"bg\", \"speak_and_recognation\": true}, \"class_type\": \"String Literal\"},\n\"2\": {\"inputs\": {\"string\": \"cloth\", \"speak_and_recognation\": true}, \"class_type\": \"String Literal\"},\n\"3\": {\"inputs\": {\"prompt_cloth\": [\"2\", 0], \"prompt_background\": [\"1\", 0], \"save_temp_file\": true}, \"class_type\": \"AliSegBodyHeadFace\"},\n\"4\": {\"inputs\": {\"channel\": \"red\", \"image\": [\"3\", 2]}, \"class_type\": \"ImageToMask\"},\n\"5\": {\"inputs\": {\"image\": [\"3\", 0]}, \"class_type\": \"Get resolution [Crystools]\"},\n\"6\": {\"inputs\": {\"dilation\": 5, \"mask\": [\"4\", 0]}, \"class_type\": \"ImpactDilateMask\"},\n\"7\": {\"inputs\": {\"preprocessor\": \"AnyLineArtPreprocessor_aux\", \"resolution\": [\"5\", 0], \"image\": [\"3\", 0]}, \"class_type\": \"AIO_Preprocessor\"},\n\"8\": {\"inputs\": {\"switch_1\": \"On\", \"lora_name_1\": \"snapmecloth/0702/webulora/Black-shirt.safetensors\", \"model_weight_1\": 1, \"clip_weight_1\": 1, \"switch_2\": \"On\", \"lora_name_2\": \"sdxl/Professional_Portrait.safetensors\", \"model_weight_2\": 0.6, \"clip_weight_2\": 1, \"switch_3\": \"Off\", \"lora_name_3\": \"None\", \"model_weight_3\": 0.8, \"clip_weight_3\": 1}, \"class_type\": \"CR LoRA Stack\"},\n\"9\": {\"inputs\": {\"string\": \"negative\", \"speak_and_recognation\": true}, \"class_type\": \"String Literal\"},\n\"10\": {\"inputs\": {\"string1\": [\"2\", 0], \"string2\": [\"1\", 0], \"delimiter\": \",\"}, \"class_type\": \"JoinStrings\"},\n\"11\": {\"inputs\": {\"preprocessor\": \"DepthAnythingV2Preprocessor\", \"resolution\": [\"5\", 0], \"image\": [\"3\", 0]}, \"class_type\": \"AIO_Preprocessor\"},\n\"12\": {\"inputs\": {\"mask\": [\"6\", 0]}, \"class_type\": \"MaskToImage\"},\n\"13\": {\"inputs\": {\"width\": [\"5\", 0], \"height\": [\"5\", 1], \"interpolation\": \"nearest\", \"method\": \"stretch\", \"condition\": \"always\", \"multiple_of\": 0, \"image\": [\"7\", 0]}, \"class_type\": \"ImageResize+\"},\n\"14\": {\"inputs\": {\"control_net_name\": \"controlnet-union-sdxl-promax-1.0.safetensors\"}, \"class_type\": \"ControlNetLoader\"},\n\"15\": {\"inputs\": {\"base_ckpt_name\": \"sdxl/realvisxlV40_v40Bakedvae.safetensors\", \"base_clip_skip\": -2, \"refiner_ckpt_name\": \"sdxl/sd_xl_refiner_1.0.safetensors\", \"refiner_clip_skip\": -1, \"positive_ascore\": 6, \"negative_ascore\": 3, \"vae_name\": \"Baked VAE\", \"positive\": [\"10\", 0], \"negative\": [\"9\", 0], \"token_normalization\": \"none\", \"weight_interpretation\": \"compel\", \"empty_latent_width\": 1024, \"empty_latent_height\": 1024, \"batch_size\": 1, \"speak_and_recognation\": true, \"lora_stack\": [\"8\", 0]}, \"class_type\": \"Eff. Loader SDXL\"},\n\"16\": {\"inputs\": {\"width\": [\"5\", 0], \"height\": [\"5\", 1], \"interpolation\": \"nearest\", \"method\": \"stretch\", \"condition\": \"always\", \"multiple_of\": 0, \"image\": [\"11\", 0]}, \"class_type\": \"ImageResize+\"},\n\"17\": {\"inputs\": {\"weight\": 0.1, \"source\": [\"13\", 0], \"mask\": [\"12\", 0]}, \"class_type\": \"ImageCompositedMaskedWeight\"},\n\"18\": {\"inputs\": {\"type\": \"canny/lineart/anime_lineart/mlsd\", \"control_net\": [\"14\", 0]}, \"class_type\": \"SetUnionControlNetType\"},\n\"19\": {\"inputs\": {\"sdxl_tuple\": [\"15\", 0]}, \"class_type\": \"Unpack SDXL Tuple\"},\n\"20\": {\"inputs\": {\"weight\": 0.1, \"source\": [\"16\", 0], \"mask\": [\"12\", 0]}, \"class_type\": \"ImageCompositedMaskedWeight\"},\n\"21\": {\"inputs\": {\"type\": \"depth\", \"control_net\": [\"14\", 0]}, \"class_type\": \"SetUnionControlNetType\"},\n\"22\": {\"inputs\": {\"strength\": 0.2, \"start_percent\": 0, \"end_percent\": 1, \"positive\": [\"19\", 2], \"negative\": [\"19\", 3], \"control_net\": [\"18\", 0], \"image\": [\"17\", 0]}, \"class_type\": \"ControlNetApplyAdvanced\"},\n\"23\": {\"inputs\": {\"channel\": \"red\", \"image\": [\"3\", 4]}, \"class_type\": \"ImageToMask\"},\n\"24\": {\"inputs\": {\"strength\": 0.15, \"start_percent\": 0, \"end_percent\": 1, \"positive\": [\"22\", 0], \"negative\": [\"22\", 1], \"control_net\": [\"21\", 0], \"image\": [\"20\", 0]}, \"class_type\": \"ControlNetApplyAdvanced\"},\n\"25\": {\"inputs\": {\"brushnet\": \"brushnet_xl/segmentation_mask_brushnet_ckpt_v1.safetensors\", \"dtype\": \"float16\"}, \"class_type\": \"BrushNetLoader\"},\n\"26\": {\"inputs\": {\"mask\": [\"23\", 0]}, \"class_type\": \"InvertMask\"},\n\"27\": {\"inputs\": {\"scale\": 0.6000000000000001, \"start_at\": 0, \"end_at\": 1000, \"model\": [\"19\", 0], \"vae\": [\"15\", 2], \"image\": [\"3\", 1], \"mask\": [\"26\", 0], \"brushnet\": [\"25\", 0], \"positive\": [\"24\", 0], \"negative\": [\"24\", 1]}, \"class_type\": \"BrushNet\"},\n\"28\": {\"inputs\": {\"base_model\": [\"27\", 0], \"base_clip\": [\"19\", 1], \"base_positive\": [\"27\", 1], \"base_negative\": [\"27\", 2], \"refiner_model\": [\"19\", 4], \"refiner_clip\": [\"19\", 5], \"refiner_positive\": [\"19\", 6], \"refiner_negative\": [\"19\", 7]}, \"class_type\": \"Pack SDXL Tuple\"},\n\"29\": {\"inputs\": {\"noise_seed\": 20348021007866, \"steps\": 35, \"cfg\": 7, \"sampler_name\": \"dpmpp_2m_sde_gpu\", \"scheduler\": \"karras\", \"start_at_step\": 0, \"refine_at_step\": 30, \"preview_method\": \"none\", \"vae_decode\": \"true\", \"sdxl_tuple\": [\"28\", 0], \"latent_image\": [\"27\", 3], \"optional_vae\": [\"15\", 2]}, \"class_type\": \"KSampler SDXL (Eff.)\"},\n\"30\": {\"inputs\": {}, \"class_type\": \"Get resolution [Crystools]\"},\n\"31\": {\"inputs\": {\"dilate_iter\": [\"3\", 7], \"grainy_level\": 0, \"use_hair\": [\"3\", 8], \"restore_width\": [\"30\", 0], \"restore_height\": [\"30\", 1], \"color_trans\": true, \"save_temp_file\": false, \"image_res_1\": [\"29\", 3], \"face_mask\": [\"3\", 4], \"control_mask_face\": [\"3\", 2], \"face_image_pad\": [\"3\", 0]}, \"class_type\": \"Snapme ImgProcess Step3\"},\n\"32\": {\"inputs\": {\"facedetection\": \"retinaface_resnet50\", \"model\": \"GPEN-BFR-1024.onnx\", \"visibility\": 1, \"codeformer_weight\": 0.5, \"image\": [\"31\", 0]}, \"class_type\": \"ReActorRestoreFace\"},\n\"33\": {\"inputs\": {\"url_or_path\": \"\", \"speak_and_recognation\": true}, \"class_type\": \"Load Image From Url\"},\n\"34\": {\"inputs\": {\"dir\": \"comfyui\", \"img_format\": \"JPEG\", \"images\": [\"32\", 0]}, \"class_type\": \"Save Image To OSS And Display\"}\n}"]}],"links":[[2,6,0,4,0,"STRING"],[3,4,0,7,0,"STRING"]],"groups":[],"config":{},"extra":{"ds":{"scale":0.5445000000000007,"offset":[282.90090446462597,51.79179907996935]},"workspace_info":{"id":"Hq4m--cLV2TvZl8crOzVg","saveLock":false,"cloudID":null,"coverMediaPath":null}},"version":0.4}