{"last_node_id":13,"last_link_id":16,"nodes":[{"id":4,"type":"PreviewImage","pos":[1740,540],"size":{"0":210,"1":250},"flags":{},"order":10,"mode":0,"inputs":[{"name":"images","type":"IMAGE","link":3,"label":"图像"}],"properties":{"Node name for S&R":"PreviewImage"}},{"id":9,"type":"Get resolution [Crystools]","pos":[1760,410],"size":{"0":210,"1":100},"flags":{},"order":11,"mode":0,"inputs":[{"name":"image","type":"IMAGE","link":9,"label":"图像"}],"outputs":[{"name":"width","type":"INT","links":null,"shape":3,"label":"宽度"},{"name":"height","type":"INT","links":null,"shape":3,"label":"高度"}],"properties":{"Node name for S&R":"Get resolution [Crystools]"}},{"id":10,"type":"Get resolution [Crystools]","pos":[-80,100],"size":{"0":210,"1":100},"flags":{},"order":3,"mode":0,"inputs":[{"name":"image","type":"IMAGE","link":10,"label":"图像"}],"outputs":[{"name":"width","type":"INT","links":null,"shape":3,"label":"宽度"},{"name":"height","type":"INT","links":null,"shape":3,"label":"高度"}],"properties":{"Node name for S&R":"Get resolution [Crystools]"}},{"id":11,"type":"Get resolution [Crystools]","pos":[260,70],"size":{"0":210,"1":100},"flags":{},"order":5,"mode":0,"inputs":[{"name":"image","type":"IMAGE","link":11,"label":"图像"}],"outputs":[{"name":"width","type":"INT","links":null,"shape":3,"label":"宽度"},{"name":"height","type":"INT","links":null,"shape":3,"label":"高度"}],"properties":{"Node name for S&R":"Get resolution [Crystools]"}},{"id":8,"type":"Get resolution [Crystools]","pos":[1140,370],"size":{"0":210,"1":100},"flags":{},"order":7,"mode":0,"inputs":[{"name":"image","type":"IMAGE","link":13,"label":"图像"}],"outputs":[{"name":"width","type":"INT","links":null,"shape":3,"label":"宽度"},{"name":"height","type":"INT","links":null,"shape":3,"label":"高度"}],"properties":{"Node name for S&R":"Get resolution [Crystools]"}},{"id":12,"type":"ImageUpscaleWithModel","pos":[740,350],"size":{"0":241.79998779296875,"1":46},"flags":{},"order":6,"mode":0,"inputs":[{"name":"upscale_model","type":"UPSCALE_MODEL","link":16,"label":"放大模型","slot_index":0},{"name":"image","type":"IMAGE","link":12,"label":"图像"}],"outputs":[{"name":"IMAGE","type":"IMAGE","links":[13,14,15],"shape":3,"label":"图像","slot_index":0}],"properties":{"Node name for S&R":"ImageUpscaleWithModel"}},{"id":1,"type":"LoadImage","pos":[-210,230],"size":[320,310],"flags":{},"order":0,"mode":0,"outputs":[{"name":"IMAGE","type":"IMAGE","links":[5,10],"shape":3,"label":"图像","slot_index":0},{"name":"MASK","type":"MASK","links":null,"shape":3,"label":"遮罩"}],"properties":{"Node name for S&R":"LoadImage"},"widgets_values":["body4.jpg","image"]},{"id":13,"type":"UpscaleModelLoader","pos":[700,180],"size":{"0":315,"1":58},"flags":{},"order":1,"mode":0,"outputs":[{"name":"UPSCALE_MODEL","type":"UPSCALE_MODEL","links":[16],"shape":3,"label":"放大模型"}],"properties":{"Node name for S&R":"UpscaleModelLoader"},"widgets_values":["4x-UltraSharp.pth"]},{"id":7,"type":"PreviewImage","pos":[290,550],"size":{"0":210,"1":250},"flags":{},"order":4,"mode":0,"inputs":[{"name":"images","type":"IMAGE","link":6,"label":"图像"}],"properties":{"Node name for S&R":"PreviewImage"}},{"id":6,"type":"ImageResize+","pos":[240,260],"size":{"0":315,"1":218},"flags":{},"order":2,"mode":0,"inputs":[{"name":"image","type":"IMAGE","link":5,"label":"图像"}],"outputs":[{"name":"IMAGE","type":"IMAGE","links":[6,11,12],"shape":3,"label":"图像","slot_index":0},{"name":"width","type":"INT","links":null,"shape":3,"label":"宽度"},{"name":"height","type":"INT","links":null,"shape":3,"label":"高度"}],"properties":{"Node name for S&R":"ImageResize+"},"widgets_values":[1024,1024,"nearest",true,"always",0]},{"id":5,"type":"PreviewImage","pos":[1140,530],"size":{"0":210,"1":250},"flags":{},"order":9,"mode":0,"inputs":[{"name":"images","type":"IMAGE","link":15,"label":"图像"}],"properties":{"Node name for S&R":"PreviewImage"}},{"id":3,"type":"ImageResize+","pos":[1380,220],"size":{"0":315,"1":218},"flags":{},"order":8,"mode":0,"inputs":[{"name":"image","type":"IMAGE","link":14,"label":"图像"}],"outputs":[{"name":"IMAGE","type":"IMAGE","links":[3,9],"shape":3,"label":"图像","slot_index":0},{"name":"width","type":"INT","links":null,"shape":3,"label":"宽度"},{"name":"height","type":"INT","links":null,"shape":3,"label":"高度"}],"properties":{"Node name for S&R":"ImageResize+"},"widgets_values":[1024,1024,"nearest",true,"always",0]}],"links":[[3,3,0,4,0,"IMAGE"],[5,1,0,6,0,"IMAGE"],[6,6,0,7,0,"IMAGE"],[9,3,0,9,0,"IMAGE"],[10,1,0,10,0,"IMAGE"],[11,6,0,11,0,"IMAGE"],[12,6,0,12,1,"IMAGE"],[13,12,0,8,0,"IMAGE"],[14,12,0,3,0,"IMAGE"],[15,12,0,5,0,"IMAGE"],[16,13,0,12,0,"UPSCALE_MODEL"]],"groups":[],"config":{},"extra":{"ds":{"scale":0.6588450000000005,"offset":[76.0041015713043,7.6252137320211695]},"workspace_info":{"id":"R6JlzIXNtp8lpX27WGuzo","saveLock":false,"cloudID":null,"coverMediaPath":null}},"version":0.4}