{"last_node_id":202,"last_link_id":486,"nodes":[{"id":189,"type":"LivePortraitCropper","pos":[-450,-1050],"size":{"0":330,"1":242},"flags":{},"order":11,"mode":0,"inputs":[{"name":"pipeline","type":"LIVEPORTRAITPIPE","link":446,"slot_index":0,"label":"pipeline"},{"name":"cropper","type":"LPCROPPER","link":486,"slot_index":1,"label":"cropper"},{"name":"source_image","type":"IMAGE","link":445,"label":"source_image"}],"outputs":[{"name":"cropped_image","type":"IMAGE","links":null,"shape":3,"slot_index":0,"label":"cropped_image"},{"name":"crop_info","type":"CROPINFO","links":[449],"shape":3,"slot_index":1,"label":"crop_info"}],"properties":{"Node name for S&R":"LivePortraitCropper"},"widgets_values":[512,2.3,0,-0.125,0,"large-small",true]},{"id":198,"type":"LivePortraitLoadMediaPipeCropper","pos":[-880,-900],"size":{"0":315,"1":82},"flags":{},"order":0,"mode":0,"outputs":[{"name":"cropper","type":"LPCROPPER","links":[486],"shape":3,"label":"cropper","slot_index":0}],"properties":{"Node name for S&R":"LivePortraitLoadMediaPipeCropper"},"widgets_values":["CPU",true]},{"id":165,"type":"ImageResizeKJ","pos":[-1250,-680],"size":{"0":315,"1":242},"flags":{},"order":5,"mode":0,"inputs":[{"name":"image","type":"IMAGE","link":466,"label":"图像"},{"name":"get_image_size","type":"IMAGE","link":null,"label":"参考图像大小"},{"name":"width_input","type":"INT","link":null,"widget":{"name":"width_input"},"label":"宽度"},{"name":"height_input","type":"INT","link":null,"widget":{"name":"height_input"},"label":"高度"}],"outputs":[{"name":"IMAGE","type":"IMAGE","links":[434],"shape":3,"slot_index":0,"label":"图像"},{"name":"width","type":"INT","links":null,"shape":3,"label":"宽度"},{"name":"height","type":"INT","links":null,"shape":3,"label":"高度"}],"properties":{"Node name for S&R":"ImageResizeKJ"},"widgets_values":[512,512,"lanczos",true,2,0,0]},{"id":196,"type":"LoadImage","pos":[-1640,-690],"size":{"0":330.4995422363281,"1":384.2416687011719},"flags":{},"order":1,"mode":0,"outputs":[{"name":"IMAGE","type":"IMAGE","links":[466],"shape":3,"slot_index":0,"label":"图像"},{"name":"MASK","type":"MASK","links":null,"shape":3,"label":"遮罩"}],"properties":{"Node name for S&R":"LoadImage"},"widgets_values":["01 (1).png","image"]},{"id":78,"type":"GetImageSizeAndCount","pos":[-860,-670],"size":{"0":210,"1":86},"flags":{},"order":8,"mode":0,"inputs":[{"name":"image","type":"IMAGE","link":434,"label":"图像"}],"outputs":[{"name":"image","type":"IMAGE","links":[445,485],"shape":3,"slot_index":0,"label":"图像"},{"name":"384 width","type":"INT","links":null,"shape":3},{"name":"512 height","type":"INT","links":null,"shape":3},{"name":"1 count","type":"INT","links":null,"shape":3}],"properties":{"Node name for S&R":"GetImageSizeAndCount"}},{"id":192,"type":"Reroute","pos":[-580,-700],"size":[82,26],"flags":{},"order":12,"mode":0,"inputs":[{"name":"","type":"*","link":485}],"outputs":[{"name":"IMAGE","type":"IMAGE","links":[456,457],"slot_index":0}],"properties":{"showOutputText":true,"horizontal":false}},{"id":181,"type":"GetImageSizeAndCount","pos":[60,-320],"size":{"0":210,"1":86},"flags":{},"order":15,"mode":0,"inputs":[{"name":"image","type":"IMAGE","link":458,"label":"图像"}],"outputs":[{"name":"image","type":"IMAGE","links":[478],"shape":3,"slot_index":0,"label":"图像"},{"name":"384 width","type":"INT","links":null,"shape":3},{"name":"512 height","type":"INT","links":null,"shape":3},{"name":"128 count","type":"INT","links":null,"shape":3}],"properties":{"Node name for S&R":"GetImageSizeAndCount"}},{"id":133,"type":"PrimitiveNode","pos":[-2000,-90],"size":{"0":210,"1":80},"flags":{},"order":3,"mode":0,"outputs":[{"name":"INT","type":"INT","links":[302],"widget":{"name":"frame_load_cap"},"slot_index":0}],"properties":{"Run widget replace on values":false},"widgets_values":[128,"fixed"]},{"id":8,"type":"VHS_LoadVideo","pos":[-1640,-140],"size":[340,570],"flags":{},"order":7,"mode":0,"inputs":[{"name":"meta_batch","type":"VHS_BatchManager","link":null,"label":"批次管理"},{"name":"vae","type":"VAE","link":null},{"name":"frame_load_cap","type":"INT","link":302,"widget":{"name":"frame_load_cap"},"label":"帧数读取上限"}],"outputs":[{"name":"IMAGE","type":"IMAGE","links":[436],"shape":3,"slot_index":0,"label":"图像"},{"name":"frame_count","type":"INT","links":null,"shape":3,"label":"帧计数"},{"name":"audio","type":"VHS_AUDIO","links":null,"shape":3,"label":"音频"},{"name":"video_info","type":"VHS_VIDEOINFO","links":null,"shape":3,"label":"视频信息"}],"properties":{"Node name for S&R":"VHS_LoadVideo"},"widgets_values":{"video":"d6_trim.mp4","force_rate":0,"force_size":"Disabled","custom_width":512,"custom_height":512,"frame_load_cap":128,"skip_first_frames":0,"select_every_nth":1,"choose video to upload":"image","videopreview":{"hidden":false,"paused":false,"params":{"frame_load_cap":128,"skip_first_frames":0,"force_rate":0,"filename":"d6_trim.mp4","type":"input","format":"video/mp4","select_every_nth":1}}}},{"id":182,"type":"GetImageSizeAndCount","pos":[-1260,-130],"size":{"0":210,"1":86},"flags":{},"order":10,"mode":0,"inputs":[{"name":"image","type":"IMAGE","link":436,"label":"图像"}],"outputs":[{"name":"image","type":"IMAGE","links":[451],"shape":3,"slot_index":0,"label":"图像"},{"name":"512 width","type":"INT","links":null,"shape":3},{"name":"512 height","type":"INT","links":null,"shape":3},{"name":"128 count","type":"INT","links":null,"shape":3}],"properties":{"Node name for S&R":"GetImageSizeAndCount"}},{"id":190,"type":"LivePortraitProcess","pos":[-480,-520],"size":{"0":430.8000183105469,"1":330},"flags":{},"order":13,"mode":0,"inputs":[{"name":"pipeline","type":"LIVEPORTRAITPIPE","link":448,"label":"pipeline"},{"name":"crop_info","type":"CROPINFO","link":449,"label":"crop_info"},{"name":"source_image","type":"IMAGE","link":456,"label":"source_image"},{"name":"driving_images","type":"IMAGE","link":451,"label":"driving_images"},{"name":"opt_retargeting_info","type":"RETARGETINGINFO","link":null,"label":"opt_retargeting_info"}],"outputs":[{"name":"cropped_image","type":"IMAGE","links":[454],"shape":3,"slot_index":0,"label":"cropped_image"},{"name":"output","type":"LP_OUT","links":[452],"shape":3,"slot_index":1,"label":"output"}],"properties":{"Node name for S&R":"LivePortraitProcess"},"widgets_values":[false,0.03,true,1,"constant","relative",0.000003,true,1]},{"id":1,"type":"DownloadAndLoadLivePortraitModels","pos":[-880,-1050],"size":{"0":302.43463134765625,"1":82},"flags":{},"order":4,"mode":0,"outputs":[{"name":"live_portrait_pipe","type":"LIVEPORTRAITPIPE","links":[446,448],"shape":3,"slot_index":0,"label":"live_portrait_pipe"}],"properties":{"Node name for S&R":"DownloadAndLoadLivePortraitModels"},"widgets_values":["auto","animal"]},{"id":168,"type":"VHS_VideoCombine","pos":[-550,-20],"size":[670,1190],"flags":{},"order":16,"mode":0,"inputs":[{"name":"images","type":"IMAGE","link":478,"label":"图像"},{"name":"audio","type":"VHS_AUDIO","link":null,"label":"音频"},{"name":"meta_batch","type":"VHS_BatchManager","link":null,"label":"批次管理"},{"name":"vae","type":"VAE","link":null}],"outputs":[{"name":"Filenames","type":"VHS_FILENAMES","links":null,"shape":3,"label":"文件名"}],"properties":{"Node name for S&R":"VHS_VideoCombine"},"widgets_values":{"frame_rate":16,"loop_count":0,"filename_prefix":"LivePortrait","format":"video/h264-mp4","pix_fmt":"yuv420p","crf":19,"save_metadata":true,"pingpong":false,"save_output":false,"videopreview":{"hidden":false,"paused":false,"params":{"filename":"LivePortrait_00002.mp4","subfolder":"","type":"temp","format":"video/h264-mp4","frame_rate":16}}}},{"id":81,"type":"GrowMaskWithBlur","pos":[420,-1040],"size":{"0":315,"1":246},"flags":{},"order":6,"mode":0,"inputs":[{"name":"mask","type":"MASK","link":192,"slot_index":0,"label":"遮罩"}],"outputs":[{"name":"mask","type":"MASK","links":[187,463],"shape":3,"slot_index":0,"label":"遮罩"},{"name":"mask_inverted","type":"MASK","links":null,"shape":3,"label":"反转遮罩"}],"properties":{"Node name for S&R":"GrowMaskWithBlur"},"widgets_values":[0,0,true,false,13.9,1,1,false]},{"id":83,"type":"CreateShapeMask","pos":[60,-1050],"size":{"0":315,"1":270},"flags":{},"order":2,"mode":0,"outputs":[{"name":"mask","type":"MASK","links":[192],"shape":3,"slot_index":0,"label":"遮罩"},{"name":"mask_inverted","type":"MASK","links":null,"shape":3,"label":"反转遮罩"}],"properties":{"Node name for S&R":"CreateShapeMask"},"widgets_values":["square",1,256,256,0,512,512,480,480]},{"id":82,"type":"MaskPreview+","pos":[830,-1020],"size":{"0":210,"1":246},"flags":{},"order":9,"mode":0,"inputs":[{"name":"mask","type":"MASK","link":187,"label":"遮罩"}],"properties":{"Node name for S&R":"MaskPreview+"}},{"id":191,"type":"LivePortraitComposite","pos":[60,-520],"size":{"0":355.20001220703125,"1":86},"flags":{},"order":14,"mode":0,"inputs":[{"name":"source_image","type":"IMAGE","link":457,"label":"source_image"},{"name":"cropped_image","type":"IMAGE","link":454,"label":"cropped_image"},{"name":"liveportrait_out","type":"LP_OUT","link":452,"label":"liveportrait_out"},{"name":"mask","type":"MASK","link":463,"label":"mask"}],"outputs":[{"name":"full_images","type":"IMAGE","links":[458],"shape":3,"slot_index":0,"label":"full_images"},{"name":"mask","type":"MASK","links":null,"shape":3,"label":"mask"}],"properties":{"Node name for S&R":"LivePortraitComposite"}}],"links":[[187,81,0,82,0,"MASK"],[192,83,0,81,0,"MASK"],[302,133,0,8,2,"INT"],[434,165,0,78,0,"IMAGE"],[436,8,0,182,0,"IMAGE"],[445,78,0,189,2,"IMAGE"],[446,1,0,189,0,"LIVEPORTRAITPIPE"],[448,1,0,190,0,"LIVEPORTRAITPIPE"],[449,189,1,190,1,"CROPINFO"],[451,182,0,190,3,"IMAGE"],[452,190,1,191,2,"LP_OUT"],[454,190,0,191,1,"IMAGE"],[456,192,0,190,2,"IMAGE"],[457,192,0,191,0,"IMAGE"],[458,191,0,181,0,"IMAGE"],[463,81,0,191,3,"MASK"],[466,196,0,165,0,"IMAGE"],[478,181,0,168,0,"IMAGE"],[485,78,0,192,0,"*"],[486,198,0,189,1,"LPCROPPER"]],"groups":[],"config":{},"extra":{"ds":{"scale":0.5989500000000055,"offset":{"0":2084.961345511199,"1":1208.2612771317708}},"workspace_info":{"id":"Z1VihA6dnCm2KDMCFjcUm","saveLock":false,"cloudID":null,"coverMediaPath":null}},"version":0.4}