{"last_node_id":41,"last_link_id":82,"nodes":[{"id":21,"type":"Get resolution [Crystools]","pos":[220,-450],"size":{"0":210,"1":100},"flags":{},"order":6,"mode":0,"inputs":[{"name":"image","type":"IMAGE","link":33,"label":"图像"}],"outputs":[{"name":"width","type":"INT","links":null,"shape":3,"label":"宽度"},{"name":"height","type":"INT","links":null,"shape":3,"label":"高度"}],"properties":{"Node name for S&R":"Get resolution [Crystools]"}},{"id":15,"type":"PreviewImage","pos":[890,-260],"size":{"0":310,"1":310},"flags":{},"order":10,"mode":0,"inputs":[{"name":"images","type":"IMAGE","link":27,"label":"图像"}],"properties":{"Node name for S&R":"PreviewImage"}},{"id":17,"type":"LoadImage","pos":[520,-260],"size":[320,310],"flags":{},"order":0,"mode":0,"outputs":[{"name":"IMAGE","type":"IMAGE","links":[28,34],"shape":3,"label":"图像","slot_index":0},{"name":"MASK","type":"MASK","links":null,"shape":3,"label":"遮罩"}],"properties":{"Node name for S&R":"LoadImage"},"widgets_values":["手指mask.png","image"]},{"id":16,"type":"LoadImage","pos":[140,-260],"size":[310,310],"flags":{},"order":1,"mode":0,"outputs":[{"name":"IMAGE","type":"IMAGE","links":[33,42],"shape":3,"label":"图像","slot_index":0},{"name":"MASK","type":"MASK","links":null,"shape":3,"label":"遮罩"}],"properties":{"Node name for S&R":"LoadImage"},"widgets_values":["手指ori.png","image"]},{"id":18,"type":"ImageToMask","pos":[520,110],"size":{"0":315,"1":58},"flags":{},"order":4,"mode":0,"inputs":[{"name":"image","type":"IMAGE","link":28,"label":"图像"}],"outputs":[{"name":"MASK","type":"MASK","links":[43],"shape":3,"label":"遮罩","slot_index":0}],"properties":{"Node name for S&R":"ImageToMask"},"widgets_values":["red"]},{"id":14,"type":"KSampler (Efficient)","pos":[1190,690],"size":[330,560],"flags":{},"order":9,"mode":0,"inputs":[{"name":"model","type":"MODEL","link":76,"label":"模型"},{"name":"positive","type":"CONDITIONING","link":77,"label":"正面条件"},{"name":"negative","type":"CONDITIONING","link":78,"label":"负面条件"},{"name":"latent_image","type":"LATENT","link":79,"label":"Latent"},{"name":"optional_vae","type":"VAE","link":26,"label":"VAE(可选)"},{"name":"script","type":"SCRIPT","link":null,"label":"脚本"}],"outputs":[{"name":"MODEL","type":"MODEL","links":null,"shape":3,"label":"模型"},{"name":"CONDITIONING+","type":"CONDITIONING","links":null,"shape":3,"label":"正面条件"},{"name":"CONDITIONING-","type":"CONDITIONING","links":null,"shape":3,"label":"负面条件"},{"name":"LATENT","type":"LATENT","links":null,"shape":3,"label":"Latent"},{"name":"VAE","type":"VAE","links":null,"shape":3,"label":"VAE"},{"name":"IMAGE","type":"IMAGE","links":[27,63],"shape":3,"label":"图像","slot_index":5}],"properties":{"Node name for S&R":"KSampler (Efficient)"},"widgets_values":[-1,null,10,6,"euler_ancestral","normal",1,"auto","true"],"color":"#332233","bgcolor":"#553355","shape":1},{"id":39,"type":"BrushNetLoader","pos":[600,1000],"size":{"0":315,"1":82},"flags":{},"order":2,"mode":0,"outputs":[{"name":"brushnet","type":"BRMODEL","links":[80],"shape":3,"label":"BrushNet"}],"properties":{"Node name for S&R":"BrushNetLoader"},"widgets_values":["brushnet_xl/segmentation_mask_brushnet_ckpt_v1.safetensors","float16"]},{"id":38,"type":"BrushNet","pos":[600,710],"size":{"0":315,"1":226},"flags":{},"order":8,"mode":0,"inputs":[{"name":"model","type":"MODEL","link":68,"label":"模型"},{"name":"vae","type":"VAE","link":73,"label":"VAE"},{"name":"image","type":"IMAGE","link":74,"label":"图像"},{"name":"mask","type":"MASK","link":75,"label":"遮罩"},{"name":"brushnet","type":"BRMODEL","link":80,"label":"BrushNet","slot_index":4},{"name":"positive","type":"CONDITIONING","link":72,"label":"正面条件"},{"name":"negative","type":"CONDITIONING","link":71,"label":"负面条件"}],"outputs":[{"name":"model","type":"MODEL","links":[76],"shape":3,"label":"模型","slot_index":0},{"name":"positive","type":"CONDITIONING","links":[77],"shape":3,"label":"正面条件","slot_index":1},{"name":"negative","type":"CONDITIONING","links":[78],"shape":3,"label":"负面条件","slot_index":2},{"name":"latent","type":"LATENT","links":[79],"shape":3,"label":"Latent","slot_index":3}],"properties":{"Node name for S&R":"BrushNet"},"widgets_values":[0.6000000000000001,0,10000]},{"id":34,"type":"InpaintStitch","pos":[1200,380],"size":{"0":315,"1":78},"flags":{},"order":11,"mode":0,"inputs":[{"name":"stitch","type":"STITCH","link":62,"label":"stitch"},{"name":"inpainted_image","type":"IMAGE","link":63,"label":"inpainted_image"}],"outputs":[{"name":"image","type":"IMAGE","links":[64],"shape":3,"label":"image","slot_index":0}],"properties":{"Node name for S&R":"InpaintStitch"},"widgets_values":["bislerp"]},{"id":35,"type":"PreviewImage","pos":[1250,-240],"size":[310,370],"flags":{},"order":12,"mode":0,"inputs":[{"name":"images","type":"IMAGE","link":64,"label":"图像"}],"properties":{"Node name for S&R":"PreviewImage"}},{"id":22,"type":"Get resolution [Crystools]","pos":[550,-450],"size":{"0":210,"1":100},"flags":{},"order":5,"mode":0,"inputs":[{"name":"image","type":"IMAGE","link":34,"label":"图像"}],"outputs":[{"name":"width","type":"INT","links":[],"shape":3,"label":"宽度","slot_index":0},{"name":"height","type":"INT","links":[],"shape":3,"label":"高度","slot_index":1}],"properties":{"Node name for S&R":"Get resolution [Crystools]"}},{"id":27,"type":"InpaintCrop","pos":[-110,240],"size":[440,390],"flags":{},"order":7,"mode":0,"inputs":[{"name":"image","type":"IMAGE","link":42,"label":"image"},{"name":"mask","type":"MASK","link":43,"label":"mask"},{"name":"optional_context_mask","type":"MASK","link":null,"label":"optional_context_mask"}],"outputs":[{"name":"stitch","type":"STITCH","links":[62],"shape":3,"label":"stitch","slot_index":0},{"name":"cropped_image","type":"IMAGE","links":[74],"shape":3,"label":"cropped_image","slot_index":1},{"name":"cropped_mask","type":"MASK","links":[75],"shape":3,"label":"cropped_mask","slot_index":2}],"properties":{"Node name for S&R":"InpaintCrop"},"widgets_values":[0,1,true,0,false,16,"bicubic","ranged size",1024,1024,1,512,512,1024,1024,32]},{"id":10,"type":"Efficient Loader","pos":[-80,700],"size":{"0":400,"1":520},"flags":{},"order":3,"mode":0,"inputs":[{"name":"lora_stack","type":"LORA_STACK","link":null,"label":"LoRA堆"},{"name":"cnet_stack","type":"CONTROL_NET_STACK","link":null,"label":"ControlNet堆"}],"outputs":[{"name":"MODEL","type":"MODEL","links":[68],"shape":3,"label":"模型","slot_index":0},{"name":"CONDITIONING+","type":"CONDITIONING","links":[72],"shape":3,"label":"正面条件","slot_index":1},{"name":"CONDITIONING-","type":"CONDITIONING","links":[71],"shape":3,"label":"负面条件","slot_index":2},{"name":"LATENT","type":"LATENT","links":null,"shape":3,"label":"Latent","slot_index":3},{"name":"VAE","type":"VAE","links":[26,73],"shape":3,"label":"VAE","slot_index":4},{"name":"CLIP","type":"CLIP","links":null,"shape":3,"label":"CLIP"},{"name":"DEPENDENCIES","type":"DEPENDENCIES","links":null,"shape":3,"label":"依赖"}],"properties":{"Node name for S&R":"Efficient Loader"},"widgets_values":["sdxl/dreamshaperXL_v21TurboDPMSDE.safetensors","Baked VAE",-1,"None",1,1,"nail art, bloosom, daisy,light pink,Smooth,transparent  texture,halo diffusion,watery, shiny, square shape, bokeh,light toned,spring,","embedding:negativeXL_D.safetensors, bed nail","none","comfy",512,512,1],"color":"#223322","bgcolor":"#335533","shape":1}],"links":[[26,10,4,14,4,"VAE"],[27,14,5,15,0,"IMAGE"],[28,17,0,18,0,"IMAGE"],[33,16,0,21,0,"IMAGE"],[34,17,0,22,0,"IMAGE"],[42,16,0,27,0,"IMAGE"],[43,18,0,27,1,"MASK"],[62,27,0,34,0,"STITCH"],[63,14,5,34,1,"IMAGE"],[64,34,0,35,0,"IMAGE"],[68,10,0,38,0,"MODEL"],[71,10,2,38,6,"CONDITIONING"],[72,10,1,38,5,"CONDITIONING"],[73,10,4,38,1,"VAE"],[74,27,1,38,2,"IMAGE"],[75,27,2,38,3,"MASK"],[76,38,0,14,0,"MODEL"],[77,38,1,14,1,"CONDITIONING"],[78,38,2,14,2,"CONDITIONING"],[79,38,3,14,3,"LATENT"],[80,39,0,38,4,"BRMODEL"]],"groups":[],"config":{},"extra":{"workspace_info":{"id":"zAkgwxVXhep1KKf_l4Hig","saveLock":false,"cloudID":null,"coverMediaPath":null},"ds":{"scale":0.4090909090909103,"offset":[1703.6393390811147,202.6428563298823]}},"version":0.4}