{"last_node_id":59,"last_link_id":152,"nodes":[{"id":9,"type":"GetImageSizeAndCount","pos":{"0":825,"1":518},"size":{"0":210,"1":86},"flags":{},"order":7,"mode":0,"inputs":[{"name":"image","type":"IMAGE","link":112,"label":"图像"}],"outputs":[{"name":"image","type":"IMAGE","links":[148],"slot_index":0,"shape":3,"label":"图像"},{"name":"576 width","type":"INT","links":null,"shape":3},{"name":"768 height","type":"INT","links":null,"shape":3},{"name":"16 count","type":"INT","links":null,"shape":3}],"properties":{"Node name for S&R":"GetImageSizeAndCount"}},{"id":42,"type":"MimicMotionGetPoses","pos":{"0":327,"1":702},"size":{"0":330,"1":126},"flags":{},"order":6,"mode":0,"inputs":[{"name":"ref_image","type":"IMAGE","link":110,"label":"ref_image"},{"name":"pose_images","type":"IMAGE","link":111,"label":"pose_images"}],"outputs":[{"name":"poses_with_ref","type":"IMAGE","links":[112,114],"slot_index":0,"shape":3,"label":"poses_with_ref"},{"name":"pose_images","type":"IMAGE","links":[138],"slot_index":1,"shape":3,"label":"pose_images"}],"properties":{"Node name for S&R":"MimicMotionGetPoses"},"widgets_values":[true,true,true]},{"id":28,"type":"ImageResizeKJ","pos":{"0":-71,"1":481},"size":{"0":315,"1":242},"flags":{},"order":3,"mode":0,"inputs":[{"name":"image","type":"IMAGE","link":61,"label":"图像"},{"name":"get_image_size","type":"IMAGE","link":null,"label":"参考图像大小"},{"name":"width_input","type":"INT","link":null,"widget":{"name":"width_input"},"label":"宽度"},{"name":"height_input","type":"INT","link":null,"widget":{"name":"height_input"},"label":"高度"}],"outputs":[{"name":"IMAGE","type":"IMAGE","links":[95,110,147],"slot_index":0,"shape":3,"label":"图像"},{"name":"width","type":"INT","links":[88],"slot_index":1,"shape":3,"label":"宽度"},{"name":"height","type":"INT","links":[89],"slot_index":2,"shape":3,"label":"高度"}],"properties":{"Node name for S&R":"ImageResizeKJ"},"widgets_values":[576,1024,"lanczos",true,64,0,0,"disabled"]},{"id":17,"type":"ImageConcatMulti","pos":{"0":1644,"1":830},"size":{"0":210,"1":190},"flags":{},"order":11,"mode":0,"inputs":[{"name":"image_1","type":"IMAGE","link":95,"label":"image_1"},{"name":"image_2","type":"IMAGE","link":137,"label":"image_2"},{"name":"image_3","type":"IMAGE","link":138,"label":"image_3"},{"name":"image_4","type":"IMAGE","link":151,"label":"image_4"}],"outputs":[{"name":"images","type":"IMAGE","links":[93],"slot_index":0,"shape":3,"label":"images"}],"properties":{"Node name for S&R":"ImageConcatMulti"},"widgets_values":[4,"right",false,null]},{"id":3,"type":"LoadImage","pos":{"0":-393,"1":311},"size":{"0":213.0849151611328,"1":410.70074462890625},"flags":{},"order":0,"mode":0,"inputs":[],"outputs":[{"name":"IMAGE","type":"IMAGE","links":[61],"slot_index":0,"shape":3,"label":"图像"},{"name":"MASK","type":"MASK","links":null,"shape":3,"label":"遮罩"}],"properties":{"Node name for S&R":"LoadImage"},"widgets_values":["1-1 (1).png","image"]},{"id":35,"type":"ImageResizeKJ","pos":{"0":-70,"1":860},"size":{"0":315,"1":242},"flags":{},"order":5,"mode":0,"inputs":[{"name":"image","type":"IMAGE","link":86,"label":"图像"},{"name":"get_image_size","type":"IMAGE","link":null,"label":"参考图像大小"},{"name":"width_input","type":"INT","link":88,"widget":{"name":"width_input"},"label":"宽度"},{"name":"height_input","type":"INT","link":89,"widget":{"name":"height_input"},"label":"高度"}],"outputs":[{"name":"IMAGE","type":"IMAGE","links":[111,137],"slot_index":0,"shape":3,"label":"图像"},{"name":"width","type":"INT","links":null,"shape":3,"label":"宽度"},{"name":"height","type":"INT","links":null,"shape":3,"label":"高度"}],"properties":{"Node name for S&R":"ImageResizeKJ"},"widgets_values":[576,1024,"lanczos",false,64,0,0,"disabled"]},{"id":16,"type":"VHS_VideoCombine","pos":{"0":1950,"1":130},"size":[2860,1270],"flags":{},"order":12,"mode":0,"inputs":[{"name":"images","type":"IMAGE","link":93,"label":"图像"},{"name":"audio","type":"VHS_AUDIO","link":null,"label":"音频"},{"name":"meta_batch","type":"VHS_BatchManager","link":null,"label":"批次管理"},{"name":"vae","type":"VAE","link":null}],"outputs":[{"name":"Filenames","type":"VHS_FILENAMES","links":null,"shape":3,"label":"文件名"}],"properties":{"Node name for S&R":"VHS_VideoCombine"},"widgets_values":{"frame_rate":12,"loop_count":0,"filename_prefix":"MimicMotion","format":"video/h264-mp4","pix_fmt":"yuv420p","crf":19,"save_metadata":true,"pingpong":false,"save_output":false,"videopreview":{"hidden":false,"paused":false,"params":{"filename":"MimicMotion_00006.mp4","subfolder":"","type":"temp","format":"video/h264-mp4","frame_rate":12}}}},{"id":2,"type":"DownloadAndLoadMimicMotionModel","pos":{"0":658,"1":230},"size":{"0":404.8147277832031,"1":89.03937530517578},"flags":{},"order":1,"mode":0,"inputs":[],"outputs":[{"name":"mimic_pipeline","type":"MIMICPIPE","links":[146,150],"shape":3,"label":"mimic_pipeline"}],"properties":{"Node name for S&R":"DownloadAndLoadMimicMotionModel"},"widgets_values":["MimicMotionMergedUnet_1-1-fp16.safetensors","fp16"]},{"id":5,"type":"VHS_LoadVideo","pos":{"0":-400,"1":850},"size":[240,400],"flags":{},"order":2,"mode":0,"inputs":[{"name":"meta_batch","type":"VHS_BatchManager","link":null,"label":"批次管理"},{"name":"vae","type":"VAE","link":null}],"outputs":[{"name":"IMAGE","type":"IMAGE","links":[86],"slot_index":0,"shape":3,"label":"图像"},{"name":"frame_count","type":"INT","links":[152],"shape":3,"label":"帧计数","slot_index":1},{"name":"audio","type":"VHS_AUDIO","links":null,"shape":3,"label":"音频"},{"name":"video_info","type":"VHS_VIDEOINFO","links":null,"shape":3,"label":"视频信息"}],"properties":{"Node name for S&R":"VHS_LoadVideo"},"widgets_values":{"video":"test3.mp4","force_rate":0,"force_size":"Disabled","custom_width":512,"custom_height":512,"frame_load_cap":15,"skip_first_frames":0,"select_every_nth":2,"choose video to upload":"image","videopreview":{"hidden":false,"paused":false,"params":{"frame_load_cap":15,"skip_first_frames":0,"force_rate":0,"filename":"test3.mp4","type":"input","format":"video/mp4","select_every_nth":2}}}},{"id":59,"type":"Display Int (rgthree)","pos":{"0":-70,"1":1150},"size":[315,76],"flags":{},"order":4,"mode":0,"inputs":[{"name":"input","type":"INT","link":152,"widget":{"name":"input"},"label":"输入","dir":3}],"outputs":[],"properties":{"Node name for S&R":"Display Int (rgthree)"},"widgets_values":[0,"15"]},{"id":57,"type":"MimicMotionSampler","pos":{"0":1100,"1":400},"size":{"0":315,"1":430},"flags":{},"order":9,"mode":0,"inputs":[{"name":"mimic_pipeline","type":"MIMICPIPE","link":146,"label":"mimic_pipeline"},{"name":"ref_image","type":"IMAGE","link":147,"label":"ref_image"},{"name":"pose_images","type":"IMAGE","link":148,"label":"pose_images"},{"name":"optional_scheduler","type":"DIFFUSERS_SCHEDULER","link":null,"label":"optional_scheduler"}],"outputs":[{"name":"samples","type":"LATENT","links":[149],"slot_index":0,"shape":3,"label":"samples"}],"properties":{"Node name for S&R":"MimicMotionSampler"},"widgets_values":[20,2,2,771644323914822,"randomize",15,0,16,6,false,1,0,1,1]},{"id":58,"type":"MimicMotionDecode","pos":{"0":1540,"1":400},"size":{"0":255.466796875,"1":78},"flags":{},"order":10,"mode":0,"inputs":[{"name":"mimic_pipeline","type":"MIMICPIPE","link":150,"slot_index":0,"label":"mimic_pipeline"},{"name":"samples","type":"LATENT","link":149,"label":"samples"}],"outputs":[{"name":"images","type":"IMAGE","links":[151],"slot_index":0,"shape":3,"label":"images"}],"properties":{"Node name for S&R":"MimicMotionDecode"},"widgets_values":[4]},{"id":37,"type":"VHS_VideoCombine","pos":{"0":460,"1":980},"size":[440,810],"flags":{},"order":8,"mode":0,"inputs":[{"name":"images","type":"IMAGE","link":114,"label":"图像"},{"name":"audio","type":"VHS_AUDIO","link":null,"label":"音频"},{"name":"meta_batch","type":"VHS_BatchManager","link":null,"label":"批次管理"},{"name":"vae","type":"VAE","link":null}],"outputs":[{"name":"Filenames","type":"VHS_FILENAMES","links":null,"shape":3,"label":"文件名"}],"properties":{"Node name for S&R":"VHS_VideoCombine"},"widgets_values":{"frame_rate":8,"loop_count":0,"filename_prefix":"MimicPose","format":"video/16bit-png","pingpong":false,"save_output":false,"videopreview":{"hidden":false,"paused":false,"params":{"filename":"MimicPose_00002.webp","subfolder":"","type":"temp","format":"image/webp","frame_rate":8}}}}],"links":[[61,3,0,28,0,"IMAGE"],[86,5,0,35,0,"IMAGE"],[88,28,1,35,2,"INT"],[89,28,2,35,3,"INT"],[93,17,0,16,0,"IMAGE"],[95,28,0,17,0,"IMAGE"],[110,28,0,42,0,"IMAGE"],[111,35,0,42,1,"IMAGE"],[112,42,0,9,0,"IMAGE"],[114,42,0,37,0,"IMAGE"],[137,35,0,17,1,"IMAGE"],[138,42,1,17,2,"IMAGE"],[146,2,0,57,0,"MIMICPIPE"],[147,28,0,57,1,"IMAGE"],[148,9,0,57,2,"IMAGE"],[149,57,0,58,1,"LATENT"],[150,2,0,58,0,"MIMICPIPE"],[151,58,0,17,3,"IMAGE"],[152,5,1,59,0,"INT"]],"groups":[],"config":{},"extra":{"ds":{"scale":0.35049389948139253,"offset":[1537.115746298333,619.9856146716556]},"workspace_info":{"id":"bxMbaTnEHebu-ruXC8tNB","saveLock":false,"cloudID":null,"coverMediaPath":null}},"version":0.4}