{"last_node_id":15,"last_link_id":39,"nodes":[{"id":4,"type":"INPAINT_VAEEncodeInpaintConditioning","pos":[60,860],"size":{"0":292.20001220703125,"1":106},"flags":{},"order":3,"mode":0,"inputs":[{"name":"positive","type":"CONDITIONING","link":1,"label":"正面条件"},{"name":"negative","type":"CONDITIONING","link":2,"label":"负面条件"},{"name":"vae","type":"VAE","link":5,"label":"VAE"},{"name":"pixels","type":"IMAGE","link":3,"label":"图像"},{"name":"mask","type":"MASK","link":4,"label":"遮罩"}],"outputs":[{"name":"positive","type":"CONDITIONING","links":[6],"shape":3,"label":"正面条件","slot_index":0},{"name":"negative","type":"CONDITIONING","links":[7],"shape":3,"label":"负面条件","slot_index":1},{"name":"latent_inpaint","type":"LATENT","links":null,"shape":3,"label":"局部重绘Latent","slot_index":2},{"name":"latent_samples","type":"LATENT","links":[8],"shape":3,"label":"采样Latent","slot_index":3}],"properties":{"Node name for S&R":"INPAINT_VAEEncodeInpaintConditioning"}},{"id":7,"type":"INPAINT_VAEEncodeInpaintConditioning","pos":[850,740],"size":{"0":292.20001220703125,"1":106},"flags":{},"order":6,"mode":0,"inputs":[{"name":"positive","type":"CONDITIONING","link":13,"label":"正面条件"},{"name":"negative","type":"CONDITIONING","link":14,"label":"负面条件"},{"name":"vae","type":"VAE","link":17,"label":"VAE"},{"name":"pixels","type":"IMAGE","link":15,"label":"图像"},{"name":"mask","type":"MASK","link":16,"label":"遮罩"}],"outputs":[{"name":"positive","type":"CONDITIONING","links":[19],"shape":3,"label":"正面条件","slot_index":0},{"name":"negative","type":"CONDITIONING","links":[20],"shape":3,"label":"负面条件","slot_index":1},{"name":"latent_inpaint","type":"LATENT","links":null,"shape":3,"label":"局部重绘Latent","slot_index":2},{"name":"latent_samples","type":"LATENT","links":[22],"shape":3,"label":"采样Latent","slot_index":3}],"properties":{"Node name for S&R":"INPAINT_VAEEncodeInpaintConditioning"}},{"id":2,"type":"Efficient Loader","pos":[-470,760],"size":[400,461.99998474121094],"flags":{},"order":0,"mode":0,"inputs":[{"name":"lora_stack","type":"LORA_STACK","link":null,"label":"LoRA堆"},{"name":"cnet_stack","type":"CONTROL_NET_STACK","link":null,"label":"ControlNet堆"}],"outputs":[{"name":"MODEL","type":"MODEL","links":[9],"shape":3,"label":"模型","slot_index":0},{"name":"CONDITIONING+","type":"CONDITIONING","links":[1],"shape":3,"label":"正面条件","slot_index":1},{"name":"CONDITIONING-","type":"CONDITIONING","links":[2],"shape":3,"label":"负面条件","slot_index":2},{"name":"LATENT","type":"LATENT","links":null,"shape":3,"label":"Latent"},{"name":"VAE","type":"VAE","links":[5,12],"shape":3,"label":"VAE","slot_index":4},{"name":"CLIP","type":"CLIP","links":null,"shape":3,"label":"CLIP"},{"name":"DEPENDENCIES","type":"DEPENDENCIES","links":null,"shape":3,"label":"依赖"}],"properties":{"Node name for S&R":"Efficient Loader"},"widgets_values":["sdxl/dreamshaperXL_v21TurboDPMSDE.safetensors","Baked VAE",-1,"None",1,1,"a baby face","embedding:negativeXL_D.safetensors, ","none","comfy",512,512,1,true,true],"color":"#443322","bgcolor":"#665533","shape":1},{"id":10,"type":"INPAINT_VAEEncodeInpaintConditioning","pos":[1790,780],"size":{"0":292.20001220703125,"1":106},"flags":{},"order":9,"mode":0,"inputs":[{"name":"positive","type":"CONDITIONING","link":24,"label":"正面条件"},{"name":"negative","type":"CONDITIONING","link":25,"label":"负面条件"},{"name":"vae","type":"VAE","link":28,"label":"VAE"},{"name":"pixels","type":"IMAGE","link":27,"label":"图像"},{"name":"mask","type":"MASK","link":26,"label":"遮罩"}],"outputs":[{"name":"positive","type":"CONDITIONING","links":[31],"shape":3,"label":"正面条件","slot_index":0},{"name":"negative","type":"CONDITIONING","links":[32],"shape":3,"label":"负面条件","slot_index":1},{"name":"latent_inpaint","type":"LATENT","links":null,"shape":3,"label":"局部重绘Latent","slot_index":2},{"name":"latent_samples","type":"LATENT","links":[33],"shape":3,"label":"采样Latent","slot_index":3}],"properties":{"Node name for S&R":"INPAINT_VAEEncodeInpaintConditioning"}},{"id":9,"type":"PreviewImage","pos":[1210,400],"size":[210,250],"flags":{},"order":8,"mode":0,"inputs":[{"name":"images","type":"IMAGE","link":23,"label":"图像"}],"properties":{"Node name for S&R":"PreviewImage"}},{"id":6,"type":"PreviewImage","pos":[930,400],"size":[210,250],"flags":{},"order":5,"mode":0,"inputs":[{"name":"images","type":"IMAGE","link":11,"label":"图像"}],"properties":{"Node name for S&R":"PreviewImage"}},{"id":13,"type":"PreviewImage","pos":[1480,390],"size":[210,250],"flags":{},"order":11,"mode":0,"inputs":[{"name":"images","type":"IMAGE","link":35,"label":"图像"}],"properties":{"Node name for S&R":"PreviewImage"}},{"id":14,"type":"PreviewImage","pos":[660,400],"size":[210,250],"flags":{},"order":2,"mode":0,"inputs":[{"name":"images","type":"IMAGE","link":36,"label":"图像"}],"properties":{"Node name for S&R":"PreviewImage"}},{"id":3,"type":"KSampler (Efficient)","pos":[420,760],"size":[330,560],"flags":{},"order":4,"mode":0,"inputs":[{"name":"model","type":"MODEL","link":9,"label":"模型"},{"name":"positive","type":"CONDITIONING","link":6,"label":"正面条件"},{"name":"negative","type":"CONDITIONING","link":7,"label":"负面条件"},{"name":"latent_image","type":"LATENT","link":8,"label":"Latent"},{"name":"optional_vae","type":"VAE","link":12,"label":"VAE(可选)"},{"name":"script","type":"SCRIPT","link":null,"label":"脚本"}],"outputs":[{"name":"MODEL","type":"MODEL","links":[21],"shape":3,"label":"模型","slot_index":0},{"name":"CONDITIONING+","type":"CONDITIONING","links":[13],"shape":3,"label":"正面条件","slot_index":1},{"name":"CONDITIONING-","type":"CONDITIONING","links":[14],"shape":3,"label":"负面条件","slot_index":2},{"name":"LATENT","type":"LATENT","links":null,"shape":3,"label":"Latent"},{"name":"VAE","type":"VAE","links":[17,18],"shape":3,"label":"VAE","slot_index":4},{"name":"IMAGE","type":"IMAGE","links":[11,15],"shape":3,"label":"图像","slot_index":5}],"properties":{"Node name for S&R":"KSampler (Efficient)"},"widgets_values":[-1,null,6,2,"dpmpp_sde","karras",0.45,"auto","true"],"color":"#223333","bgcolor":"#335555","shape":1},{"id":8,"type":"KSampler (Efficient)","pos":[1260,760],"size":[330,560],"flags":{},"order":7,"mode":0,"inputs":[{"name":"model","type":"MODEL","link":21,"label":"模型"},{"name":"positive","type":"CONDITIONING","link":19,"label":"正面条件"},{"name":"negative","type":"CONDITIONING","link":20,"label":"负面条件"},{"name":"latent_image","type":"LATENT","link":22,"label":"Latent"},{"name":"optional_vae","type":"VAE","link":18,"label":"VAE(可选)"},{"name":"script","type":"SCRIPT","link":null,"label":"脚本"}],"outputs":[{"name":"MODEL","type":"MODEL","links":[29],"shape":3,"label":"模型","slot_index":0},{"name":"CONDITIONING+","type":"CONDITIONING","links":[24],"shape":3,"label":"正面条件","slot_index":1},{"name":"CONDITIONING-","type":"CONDITIONING","links":[25],"shape":3,"label":"负面条件","slot_index":2},{"name":"LATENT","type":"LATENT","links":null,"shape":3,"label":"Latent"},{"name":"VAE","type":"VAE","links":[28,30],"shape":3,"label":"VAE","slot_index":4},{"name":"IMAGE","type":"IMAGE","links":[23,27],"shape":3,"label":"图像","slot_index":5}],"properties":{"Node name for S&R":"KSampler (Efficient)"},"widgets_values":[-1,null,6,2,"dpmpp_sde","karras",0.45,"auto","true"],"color":"#223333","bgcolor":"#335555","shape":1},{"id":11,"type":"KSampler (Efficient)","pos":[2190,760],"size":[330,560],"flags":{},"order":10,"mode":0,"inputs":[{"name":"model","type":"MODEL","link":29,"label":"模型"},{"name":"positive","type":"CONDITIONING","link":31,"label":"正面条件"},{"name":"negative","type":"CONDITIONING","link":32,"label":"负面条件"},{"name":"latent_image","type":"LATENT","link":33,"label":"Latent"},{"name":"optional_vae","type":"VAE","link":30,"label":"VAE(可选)"},{"name":"script","type":"SCRIPT","link":null,"label":"脚本"}],"outputs":[{"name":"MODEL","type":"MODEL","links":null,"shape":3,"label":"模型","slot_index":0},{"name":"CONDITIONING+","type":"CONDITIONING","links":[],"shape":3,"label":"正面条件","slot_index":1},{"name":"CONDITIONING-","type":"CONDITIONING","links":[],"shape":3,"label":"负面条件","slot_index":2},{"name":"LATENT","type":"LATENT","links":null,"shape":3,"label":"Latent"},{"name":"VAE","type":"VAE","links":null,"shape":3,"label":"VAE"},{"name":"IMAGE","type":"IMAGE","links":[35],"shape":3,"label":"图像","slot_index":5}],"properties":{"Node name for S&R":"KSampler (Efficient)"},"widgets_values":[-1,null,6,2,"dpmpp_sde","karras",0.45,"auto","true"],"color":"#223333","bgcolor":"#335555","shape":1},{"id":1,"type":"LoadImage","pos":[0,400],"size":[320,310],"flags":{},"order":1,"mode":0,"outputs":[{"name":"IMAGE","type":"IMAGE","links":[3,36],"shape":3,"label":"图像","slot_index":0},{"name":"MASK","type":"MASK","links":[4,16,26],"shape":3,"label":"遮罩","slot_index":1}],"properties":{"Node name for S&R":"LoadImage"},"widgets_values":["clipspace/clipspace-mask-5654624.700000018.png [input]","image"]}],"links":[[1,2,1,4,0,"CONDITIONING"],[2,2,2,4,1,"CONDITIONING"],[3,1,0,4,3,"IMAGE"],[4,1,1,4,4,"MASK"],[5,2,4,4,2,"VAE"],[6,4,0,3,1,"CONDITIONING"],[7,4,1,3,2,"CONDITIONING"],[8,4,3,3,3,"LATENT"],[9,2,0,3,0,"MODEL"],[11,3,5,6,0,"IMAGE"],[12,2,4,3,4,"VAE"],[13,3,1,7,0,"CONDITIONING"],[14,3,2,7,1,"CONDITIONING"],[15,3,5,7,3,"IMAGE"],[16,1,1,7,4,"MASK"],[17,3,4,7,2,"VAE"],[18,3,4,8,4,"VAE"],[19,7,0,8,1,"CONDITIONING"],[20,7,1,8,2,"CONDITIONING"],[21,3,0,8,0,"MODEL"],[22,7,3,8,3,"LATENT"],[23,8,5,9,0,"IMAGE"],[24,8,1,10,0,"CONDITIONING"],[25,8,2,10,1,"CONDITIONING"],[26,1,1,10,4,"MASK"],[27,8,5,10,3,"IMAGE"],[28,8,4,10,2,"VAE"],[29,8,0,11,0,"MODEL"],[30,8,4,11,4,"VAE"],[31,10,0,11,1,"CONDITIONING"],[32,10,1,11,2,"CONDITIONING"],[33,10,3,11,3,"LATENT"],[35,11,5,13,0,"IMAGE"],[36,1,0,14,0,"IMAGE"]],"groups":[],"config":{},"extra":{"ds":{"scale":0.9849732675807745,"offset":[-382.39931884093755,-288.42770409169765]},"workspace_info":{"id":"X_LtYim97bk6GlfWERvLU"}},"version":0.4}