{"last_node_id":211,"last_link_id":304,"nodes":[{"id":72,"type":"Reroute","pos":{"0":440,"1":780},"size":[75,26],"flags":{},"order":0,"mode":0,"inputs":[{"name":"","type":"*","link":null,"label":""}],"outputs":[{"name":"","type":"*","links":[],"slot_index":0,"label":""}],"properties":{"showOutputText":false,"horizontal":false}},{"id":133,"type":"Reroute","pos":{"0":-2250,"1":180},"size":[75,26],"flags":{},"order":1,"mode":0,"inputs":[{"name":"","type":"*","link":null,"label":""}],"outputs":[{"name":"","type":"*","links":[],"slot_index":0,"label":""}],"properties":{"showOutputText":false,"horizontal":false}},{"id":135,"type":"Reroute","pos":{"0":-2310,"1":630},"size":[75,26],"flags":{},"order":33,"mode":0,"inputs":[{"name":"","type":"*","link":241,"label":""}],"outputs":[{"name":"","type":"IMAGE","links":[192,242],"slot_index":0,"label":""}],"properties":{"showOutputText":false,"horizontal":false}},{"id":161,"type":"Reroute","pos":{"0":-2290,"1":710},"size":[75,26],"flags":{},"order":34,"mode":0,"inputs":[{"name":"","type":"*","link":244}],"outputs":[{"name":"","type":"IMAGE","links":[245],"slot_index":0}],"properties":{"showOutputText":false,"horizontal":false}},{"id":20,"type":"CLIPLoader","pos":{"0":-2460,"1":270},"size":{"0":451.30548095703125,"1":82},"flags":{},"order":2,"mode":0,"inputs":[],"outputs":[{"name":"CLIP","type":"CLIP","links":[56,134],"slot_index":0,"shape":3,"label":"CLIP"}],"properties":{"Node name for S&R":"CLIPLoader"},"widgets_values":["sd3/t5xxl_fp8_e4m3fn.safetensors","sd3"]},{"id":146,"type":"LoadAudio","pos":{"0":-30,"1":260},"size":{"0":315,"1":124},"flags":{},"order":3,"mode":0,"inputs":[],"outputs":[{"name":"AUDIO","type":"AUDIO","links":[207],"shape":3,"label":"音频"}],"properties":{"Node name for S&R":"LoadAudio"},"widgets_values":["voice2.mp3",null,""]},{"id":159,"type":"LoadImage","pos":{"0":-2910,"1":-30},"size":[320,310],"flags":{},"order":4,"mode":0,"inputs":[],"outputs":[{"name":"IMAGE","type":"IMAGE","links":[241],"slot_index":0,"label":"图像"},{"name":"MASK","type":"MASK","links":null,"label":"遮罩"}],"properties":{"Node name for S&R":"LoadImage"},"widgets_values":["ComfyUI_temp_vcbtm_00001_.png","image"]},{"id":1,"type":"DownloadAndLoadCogVideoModel","pos":{"0":-1810,"1":100},"size":{"0":337.8885192871094,"1":194},"flags":{},"order":5,"mode":0,"inputs":[{"name":"pab_config","type":"PAB_CONFIG","link":null,"label":"pab_config","shape":7},{"name":"block_edit","type":"TRANSFORMERBLOCKS","link":null,"shape":7},{"name":"lora","type":"COGLORA","link":null,"shape":7}],"outputs":[{"name":"cogvideo_pipe","type":"COGVIDEOPIPE","links":[124,228],"slot_index":0,"shape":3,"label":"CogVideo"}],"properties":{"Node name for S&R":"DownloadAndLoadCogVideoModel"},"widgets_values":["alibaba-pai/CogVideoX-Fun-V1.1-5b-InP","bf16","disabled","disabled",false]},{"id":160,"type":"LoadImage","pos":{"0":-2920,"1":400},"size":[320,310],"flags":{},"order":6,"mode":4,"inputs":[],"outputs":[{"name":"IMAGE","type":"IMAGE","links":[244],"slot_index":0,"label":"图像"},{"name":"MASK","type":"MASK","links":null,"label":"遮罩"}],"properties":{"Node name for S&R":"LoadImage"},"widgets_values":["last.png","image"]},{"id":136,"type":"Show any to JSON [Crystools]","pos":{"0":1160,"1":-10},"size":{"0":240,"1":170},"flags":{},"order":64,"mode":0,"inputs":[{"name":"any_value","type":"*","link":193,"label":"任意值","shape":7}],"outputs":[{"name":"string","type":"STRING","links":[194],"slot_index":0,"shape":3,"label":"字符串"}],"properties":{"Node name for S&R":"Show any to JSON [Crystools]"}},{"id":137,"type":"SaveVideoToOssAndDisplay","pos":{"0":1440,"1":20},"size":{"0":320,"1":80},"flags":{},"order":66,"mode":0,"inputs":[{"name":"input_path","type":"STRING","link":194,"widget":{"name":"input_path"},"label":"input_path"}],"outputs":[{"name":"STRING","type":"STRING","links":null,"shape":3,"label":"STRING"}],"properties":{"Node name for S&R":"SaveVideoToOssAndDisplay"},"widgets_values":["","comfyui/tickletalk/video/pgc"]},{"id":64,"type":"RIFE VFI","pos":{"0":-80,"1":0},"size":{"0":443.4000244140625,"1":198},"flags":{},"order":58,"mode":0,"inputs":[{"name":"frames","type":"IMAGE","link":136,"label":"图像"},{"name":"optional_interpolation_states","type":"INTERPOLATION_STATES","link":null,"label":"插值规则(可选)","shape":7}],"outputs":[{"name":"IMAGE","type":"IMAGE","links":[137],"slot_index":0,"shape":3,"label":"图像"}],"properties":{"Node name for S&R":"RIFE VFI"},"widgets_values":["rife47.pth",10,2,true,true,1]},{"id":44,"type":"VHS_VideoCombine","pos":{"0":480,"1":10},"size":[630,1110],"flags":{},"order":61,"mode":0,"inputs":[{"name":"images","type":"IMAGE","link":137,"label":"图像"},{"name":"audio","type":"AUDIO","link":207,"label":"音频","shape":7},{"name":"meta_batch","type":"VHS_BatchManager","link":null,"label":"批次管理","shape":7},{"name":"vae","type":"VAE","link":null,"label":"vae","shape":7}],"outputs":[{"name":"Filenames","type":"VHS_FILENAMES","links":[193],"slot_index":0,"shape":3,"label":"文件名"}],"properties":{"Node name for S&R":"VHS_VideoCombine"},"widgets_values":{"frame_rate":16,"loop_count":0,"filename_prefix":"CogVideoX-I2V-16","format":"video/h264-mp4","pix_fmt":"yuv420p","crf":19,"save_metadata":true,"pingpong":false,"save_output":true,"videopreview":{"hidden":false,"paused":false,"params":{"filename":"CogVideoX-I2V-16_00074-audio.mp4","subfolder":"","type":"output","format":"video/h264-mp4","frame_rate":16},"muted":false}}},{"id":56,"type":"CogVideoDecode","pos":{"0":-470,"1":120},"size":{"0":300.396484375,"1":198},"flags":{},"order":55,"mode":0,"inputs":[{"name":"pipeline","type":"COGVIDEOPIPE","link":236,"label":"CogVideo"},{"name":"samples","type":"LATENT","link":237,"label":"Latent"}],"outputs":[{"name":"images","type":"IMAGE","links":[136],"slot_index":0,"shape":3,"label":"图像"}],"properties":{"Node name for S&R":"CogVideoDecode"},"widgets_values":[false,240,360,0.2,0.2,false]},{"id":58,"type":"CogVideoImageEncode","pos":{"0":-1290,"1":680},"size":{"0":410,"1":122},"flags":{},"order":48,"mode":0,"inputs":[{"name":"pipeline","type":"COGVIDEOPIPE","link":124,"label":"CogVideo"},{"name":"image","type":"IMAGE","link":125,"label":"图像"},{"name":"mask","type":"MASK","link":null,"label":"mask","shape":7}],"outputs":[{"name":"samples","type":"LATENT","links":[243],"slot_index":0,"shape":3,"label":"Latent"}],"properties":{"Node name for S&R":"CogVideoImageEncode"},"widgets_values":[16,true]},{"id":155,"type":"CogVideoContextOptions","pos":{"0":-1300,"1":440},"size":{"0":315,"1":154},"flags":{},"order":7,"mode":0,"inputs":[],"outputs":[{"name":"context_options","type":"COGCONTEXT","links":[231],"label":"context_options"}],"properties":{"Node name for S&R":"CogVideoContextOptions"},"widgets_values":["uniform_standard",48,4,4,true]},{"id":30,"type":"CogVideoTextEncode","pos":{"0":-1870,"1":350},"size":{"0":470,"1":170},"flags":{},"order":35,"mode":0,"inputs":[{"name":"clip","type":"CLIP","link":134,"label":"CLIP"},{"name":"prompt","type":"STRING","link":209,"widget":{"name":"prompt"},"label":"提示词"}],"outputs":[{"name":"conditioning","type":"CONDITIONING","links":[226],"slot_index":0,"shape":3,"label":"条件"}],"properties":{"Node name for S&R":"CogVideoTextEncode"},"widgets_values":["a majestic stag is grazing in an enhanced forest, basking in the setting sun filtered by the trees",1,true,true]},{"id":37,"type":"ImageResizeKJ","pos":{"0":-1800,"1":800},"size":{"0":315,"1":266},"flags":{},"order":44,"mode":0,"inputs":[{"name":"image","type":"IMAGE","link":192,"label":"图像"},{"name":"get_image_size","type":"IMAGE","link":242,"label":"参考图像","shape":7},{"name":"width_input","type":"INT","link":null,"widget":{"name":"width_input"},"label":"宽度"},{"name":"height_input","type":"INT","link":null,"widget":{"name":"height_input"},"label":"高度"}],"outputs":[{"name":"IMAGE","type":"IMAGE","links":[125,229],"slot_index":0,"shape":3,"label":"图像"},{"name":"width","type":"INT","links":null,"shape":3,"label":"宽度"},{"name":"height","type":"INT","links":null,"shape":3,"label":"高度"}],"properties":{"Node name for S&R":"ImageResizeKJ"},"widgets_values":[512,768,"lanczos",false,16,0,0,"disabled"]},{"id":31,"type":"CogVideoTextEncode","pos":{"0":-1870,"1":590},"size":{"0":470,"1":130},"flags":{},"order":32,"mode":0,"inputs":[{"name":"clip","type":"CLIP","link":56,"label":"CLIP"}],"outputs":[{"name":"conditioning","type":"CONDITIONING","links":[227],"slot_index":0,"shape":3,"label":"条件"}],"properties":{"Node name for S&R":"CogVideoTextEncode"},"widgets_values":["The video is not of a high quality, it has a low resolution. Watermark present in each frame. Strange motion trajectory. Deformable movements, twisted limbs, disjointed camera transitions",1,true,true]},{"id":153,"type":"CogVideoXFunSampler","pos":{"0":-1050,"1":10},"size":{"0":380.4000244140625,"1":346},"flags":{"collapsed":false},"order":52,"mode":0,"inputs":[{"name":"pipeline","type":"COGVIDEOPIPE","link":228,"label":"pipeline"},{"name":"positive","type":"CONDITIONING","link":226,"label":"positive"},{"name":"negative","type":"CONDITIONING","link":227,"label":"negative"},{"name":"start_img","type":"IMAGE","link":229,"shape":7,"label":"start_img"},{"name":"end_img","type":"IMAGE","link":245,"shape":7,"label":"end_img"},{"name":"opt_empty_latent","type":"LATENT","link":243,"shape":7,"label":"opt_empty_latent"},{"name":"context_options","type":"COGCONTEXT","link":231,"shape":7,"label":"context_options"}],"outputs":[{"name":"cogvideo_pipe","type":"COGVIDEOPIPE","links":[236],"slot_index":0,"label":"cogvideo_pipe"},{"name":"samples","type":"LATENT","links":[237],"slot_index":1,"label":"samples"}],"properties":{"Node name for S&R":"CogVideoXFunSampler"},"widgets_values":[49,512,562287871857434,"randomize",50,6,"CogVideoXDPMScheduler",0.056]},{"id":147,"type":"easy prompt","pos":{"0":-2460,"1":20},"size":{"0":400,"1":200},"flags":{},"order":8,"mode":0,"inputs":[],"outputs":[{"name":"prompt","type":"STRING","links":[209],"slot_index":0,"shape":3,"label":"prompt"}],"properties":{"Node name for S&R":"easy prompt"},"widgets_values":["A white-collar woman with glasses and long, wavy brown hair sits at an office desk. the camera slowly zooms in, moving down from her face to her chest. Her chest rises and falls noticeably with her breathing","none","none",true]},{"id":164,"type":"CLIPLoader","pos":{"0":-2440,"1":1860},"size":{"0":451.30548095703125,"1":82},"flags":{},"order":9,"mode":0,"inputs":[],"outputs":[{"name":"CLIP","type":"CLIP","links":[246,248],"slot_index":0,"shape":3,"label":"CLIP"}],"properties":{"Node name for S&R":"CLIPLoader"},"widgets_values":["sd3/t5xxl_fp8_e4m3fn.safetensors","sd3"]},{"id":168,"type":"VHS_VideoCombine","pos":{"0":520,"1":1600},"size":[630,1110],"flags":{},"order":62,"mode":0,"inputs":[{"name":"images","type":"IMAGE","link":251,"label":"图像"},{"name":"audio","type":"AUDIO","link":252,"label":"音频","shape":7},{"name":"meta_batch","type":"VHS_BatchManager","link":null,"label":"批次管理","shape":7},{"name":"vae","type":"VAE","link":null,"label":"vae","shape":7}],"outputs":[{"name":"Filenames","type":"VHS_FILENAMES","links":[259],"slot_index":0,"shape":3,"label":"文件名"}],"properties":{"Node name for S&R":"VHS_VideoCombine"},"widgets_values":{"frame_rate":16,"loop_count":0,"filename_prefix":"CogVideoX-I2V-16","format":"video/h264-mp4","pix_fmt":"yuv420p","crf":19,"save_metadata":true,"pingpong":false,"save_output":true,"videopreview":{"hidden":false,"paused":false,"params":{"filename":"CogVideoX-I2V-16_00074-audio.mp4","subfolder":"","type":"output","format":"video/h264-mp4","frame_rate":16},"muted":false}}},{"id":169,"type":"CogVideoDecode","pos":{"0":-450,"1":1710},"size":{"0":300.396484375,"1":198},"flags":{},"order":56,"mode":0,"inputs":[{"name":"pipeline","type":"COGVIDEOPIPE","link":273,"label":"CogVideo"},{"name":"samples","type":"LATENT","link":274,"label":"Latent"}],"outputs":[{"name":"images","type":"IMAGE","links":[257],"slot_index":0,"shape":3,"label":"图像"}],"properties":{"Node name for S&R":"CogVideoDecode"},"widgets_values":[false,240,360,0.2,0.2,false]},{"id":171,"type":"RIFE VFI","pos":{"0":-40,"1":1590},"size":{"0":443.4000244140625,"1":198},"flags":{},"order":59,"mode":0,"inputs":[{"name":"frames","type":"IMAGE","link":257,"label":"图像"},{"name":"optional_interpolation_states","type":"INTERPOLATION_STATES","link":null,"label":"插值规则(可选)","shape":7}],"outputs":[{"name":"IMAGE","type":"IMAGE","links":[251],"slot_index":0,"shape":3,"label":"图像"}],"properties":{"Node name for S&R":"RIFE VFI"},"widgets_values":["rife47.pth",10,2,true,true,1]},{"id":172,"type":"Reroute","pos":{"0":480,"1":2370},"size":[75,26],"flags":{},"order":10,"mode":0,"inputs":[{"name":"","type":"*","link":null,"label":""}],"outputs":[{"name":"","type":"*","links":null}],"properties":{"showOutputText":false,"horizontal":false}},{"id":173,"type":"Reroute","pos":{"0":-2230,"1":1770},"size":[75,26],"flags":{},"order":11,"mode":0,"inputs":[{"name":"","type":"*","link":null,"label":""}],"outputs":[{"name":"","type":"*","links":null}],"properties":{"showOutputText":false,"horizontal":false}},{"id":174,"type":"Reroute","pos":{"0":-2290,"1":2220},"size":[75,26],"flags":{},"order":39,"mode":0,"inputs":[{"name":"","type":"*","link":258,"label":""}],"outputs":[{"name":"","type":"IMAGE","links":[249,250]}],"properties":{"showOutputText":false,"horizontal":false}},{"id":175,"type":"Show any to JSON [Crystools]","pos":{"0":1200,"1":1580},"size":{"0":240,"1":170},"flags":{},"order":65,"mode":0,"inputs":[{"name":"any_value","type":"*","link":259,"label":"任意值","shape":7}],"outputs":[{"name":"string","type":"STRING","links":[260],"slot_index":0,"shape":3,"label":"字符串"}],"properties":{"Node name for S&R":"Show any to JSON [Crystools]"}},{"id":176,"type":"SaveVideoToOssAndDisplay","pos":{"0":1480,"1":1610},"size":{"0":320,"1":80},"flags":{},"order":67,"mode":0,"inputs":[{"name":"input_path","type":"STRING","link":260,"widget":{"name":"input_path"},"label":"input_path"}],"outputs":[{"name":"STRING","type":"STRING","links":null,"shape":3,"label":"STRING"}],"properties":{"Node name for S&R":"SaveVideoToOssAndDisplay"},"widgets_values":["","comfyui/tickletalk/video/pgc"]},{"id":177,"type":"LoadAudio","pos":{"0":10,"1":1850},"size":{"0":315,"1":124},"flags":{},"order":12,"mode":0,"inputs":[],"outputs":[{"name":"AUDIO","type":"AUDIO","links":[252],"shape":3,"label":"音频"}],"properties":{"Node name for S&R":"LoadAudio"},"widgets_values":["voice2.mp3",null,""]},{"id":181,"type":"Note","pos":{"0":-1790,"1":1570},"size":[390,60],"flags":{},"order":13,"mode":0,"inputs":[],"outputs":[],"properties":{},"widgets_values":["现在可用的有：\ncogvideox-5b-i2v、cogvideox-fun-v1.1-5b-inp、cogvieox-fun-v1,1-5b-pose\n其他模型暂时没有本地文件"],"color":"#432","bgcolor":"#653"},{"id":183,"type":"LoadImage","pos":{"0":-2900,"1":1990},"size":[320,310],"flags":{},"order":14,"mode":4,"inputs":[],"outputs":[{"name":"IMAGE","type":"IMAGE","links":[268],"slot_index":0,"label":"图像"},{"name":"MASK","type":"MASK","links":null,"label":"遮罩"}],"properties":{"Node name for S&R":"LoadImage"},"widgets_values":["last.png","image"]},{"id":184,"type":"Reroute","pos":{"0":-2270,"1":2300},"size":[75,26],"flags":{},"order":37,"mode":0,"inputs":[{"name":"","type":"*","link":268}],"outputs":[{"name":"","type":"IMAGE","links":[]}],"properties":{"showOutputText":false,"horizontal":false}},{"id":178,"type":"easy prompt","pos":{"0":-2440,"1":1610},"size":{"0":400,"1":200},"flags":{},"order":15,"mode":0,"inputs":[],"outputs":[{"name":"prompt","type":"STRING","links":[247],"slot_index":0,"shape":3,"label":"prompt"}],"properties":{"Node name for S&R":"easy prompt"},"widgets_values":["A white-collar woman with glasses and long, wavy brown hair sits at an office desk. the camera slowly zooms in, moving down from her face to her chest. Her chest rises and falls noticeably with her breathing","none","none",true]},{"id":158,"type":"Note","pos":{"0":-1810,"1":-20},"size":{"0":390,"1":60},"flags":{},"order":16,"mode":0,"inputs":[],"outputs":[],"properties":{},"widgets_values":["现在可用的有：\ncogvideox-5b-i2v、cogvideox-fun-v1.1-5b-inp、cogvieox-fun-v1,1-5b-pose\n其他模型暂时没有本地文件"],"color":"#432","bgcolor":"#653"},{"id":185,"type":"Note","pos":{"0":-2920,"1":-240},"size":[4700,100],"flags":{},"order":17,"mode":0,"inputs":[],"outputs":[],"properties":{},"widgets_values":["cogvideox-fun-v1.1-5b"],"color":"#432","bgcolor":"#653"},{"id":163,"type":"DownloadAndLoadCogVideoModel","pos":{"0":-1790,"1":1690},"size":{"0":337.8885192871094,"1":194},"flags":{},"order":18,"mode":0,"inputs":[{"name":"pab_config","type":"PAB_CONFIG","link":null,"label":"pab_config","shape":7},{"name":"block_edit","type":"TRANSFORMERBLOCKS","link":null,"shape":7},{"name":"lora","type":"COGLORA","link":null,"shape":7}],"outputs":[{"name":"cogvideo_pipe","type":"COGVIDEOPIPE","links":[255,269],"slot_index":0,"shape":3,"label":"CogVideo"}],"properties":{"Node name for S&R":"DownloadAndLoadCogVideoModel"},"widgets_values":["THUDM/CogVideoX-5b-I2V","bf16","disabled","disabled",false]},{"id":165,"type":"CogVideoTextEncode","pos":{"0":-1850,"1":1940},"size":{"0":470,"1":170},"flags":{},"order":38,"mode":0,"inputs":[{"name":"clip","type":"CLIP","link":246,"label":"CLIP"},{"name":"prompt","type":"STRING","link":247,"widget":{"name":"prompt"},"label":"提示词"}],"outputs":[{"name":"conditioning","type":"CONDITIONING","links":[270],"slot_index":0,"shape":3,"label":"条件"}],"properties":{"Node name for S&R":"CogVideoTextEncode"},"widgets_values":["a majestic stag is grazing in an enhanced forest, basking in the setting sun filtered by the trees",1,true,true]},{"id":166,"type":"CogVideoTextEncode","pos":{"0":-1850,"1":2180},"size":{"0":470,"1":130},"flags":{},"order":36,"mode":0,"inputs":[{"name":"clip","type":"CLIP","link":248,"label":"CLIP"}],"outputs":[{"name":"conditioning","type":"CONDITIONING","links":[271],"slot_index":0,"shape":3,"label":"条件"}],"properties":{"Node name for S&R":"CogVideoTextEncode"},"widgets_values":["The video is not of a high quality, it has a low resolution. Watermark present in each frame. Strange motion trajectory. Deformable movements, twisted limbs, disjointed camera transitions",1,true,true]},{"id":170,"type":"CogVideoImageEncode","pos":{"0":-1270,"1":2270},"size":{"0":410,"1":122},"flags":{},"order":49,"mode":0,"inputs":[{"name":"pipeline","type":"COGVIDEOPIPE","link":255,"label":"CogVideo"},{"name":"image","type":"IMAGE","link":256,"label":"图像"},{"name":"mask","type":"MASK","link":null,"label":"mask","shape":7}],"outputs":[{"name":"samples","type":"LATENT","links":[272],"slot_index":0,"shape":3,"label":"Latent"}],"properties":{"Node name for S&R":"CogVideoImageEncode"},"widgets_values":[16,true]},{"id":180,"type":"CogVideoContextOptions","pos":{"0":-1280,"1":2030},"size":{"0":315,"1":154},"flags":{},"order":19,"mode":0,"inputs":[],"outputs":[{"name":"context_options","type":"COGCONTEXT","links":[275],"label":"context_options","slot_index":0}],"properties":{"Node name for S&R":"CogVideoContextOptions"},"widgets_values":["uniform_standard",49,4,4,true]},{"id":186,"type":"CogVideoSampler","pos":{"0":-930,"1":1710},"size":{"0":405.5999755859375,"1":350},"flags":{},"order":53,"mode":0,"inputs":[{"name":"pipeline","type":"COGVIDEOPIPE","link":269,"label":"CogVideo"},{"name":"positive","type":"CONDITIONING","link":270,"label":"正面条件"},{"name":"negative","type":"CONDITIONING","link":271,"label":"负面条件"},{"name":"samples","type":"LATENT","link":272,"shape":7,"label":"Latent"},{"name":"image_cond_latents","type":"LATENT","link":null,"shape":7},{"name":"context_options","type":"COGCONTEXT","link":275,"shape":7}],"outputs":[{"name":"cogvideo_pipe","type":"COGVIDEOPIPE","links":[273],"label":"CogVideo","slot_index":0},{"name":"samples","type":"LATENT","links":[274],"label":"Latent","slot_index":1}],"properties":{"Node name for S&R":"CogVideoSampler"},"widgets_values":[480,720,49,50,6,0,"randomize","CogVideoXDDIM",1]},{"id":182,"type":"LoadImage","pos":{"0":-2890,"1":1560},"size":[320,310],"flags":{},"order":20,"mode":0,"inputs":[],"outputs":[{"name":"IMAGE","type":"IMAGE","links":[258],"slot_index":0,"label":"图像"},{"name":"MASK","type":"MASK","links":null,"label":"遮罩"}],"properties":{"Node name for S&R":"LoadImage"},"widgets_values":["ComfyUI_temp_vcbtm_00001_.png","image"]},{"id":167,"type":"ImageResizeKJ","pos":{"0":-1780,"1":2390},"size":[315,266],"flags":{},"order":45,"mode":0,"inputs":[{"name":"image","type":"IMAGE","link":249,"label":"图像"},{"name":"get_image_size","type":"IMAGE","link":250,"label":"参考图像","shape":7},{"name":"width_input","type":"INT","link":null,"widget":{"name":"width_input"},"label":"宽度","shape":7},{"name":"height_input","type":"INT","link":null,"widget":{"name":"height_input"},"label":"高度","shape":7}],"outputs":[{"name":"IMAGE","type":"IMAGE","links":[256],"slot_index":0,"shape":3,"label":"图像"},{"name":"width","type":"INT","links":null,"shape":3,"label":"宽度"},{"name":"height","type":"INT","links":null,"shape":3,"label":"高度"}],"properties":{"Node name for S&R":"ImageResizeKJ"},"widgets_values":[480,720,"lanczos",false,16,0,0,"disabled"]},{"id":188,"type":"CLIPLoader","pos":{"0":-2480,"1":3460},"size":{"0":451.30548095703125,"1":82},"flags":{},"order":21,"mode":0,"inputs":[],"outputs":[{"name":"CLIP","type":"CLIP","links":[276,278],"slot_index":0,"shape":3,"label":"CLIP"}],"properties":{"Node name for S&R":"CLIPLoader"},"widgets_values":["sd3/t5xxl_fp8_e4m3fn.safetensors","sd3"]},{"id":191,"type":"ImageResizeKJ","pos":{"0":-1820,"1":3990},"size":[315,266],"flags":{},"order":47,"mode":0,"inputs":[{"name":"image","type":"IMAGE","link":279,"label":"图像"},{"name":"get_image_size","type":"IMAGE","link":280,"label":"参考图像","shape":7},{"name":"width_input","type":"INT","link":null,"widget":{"name":"width_input"},"label":"宽度","shape":7},{"name":"height_input","type":"INT","link":null,"widget":{"name":"height_input"},"label":"高度","shape":7}],"outputs":[{"name":"IMAGE","type":"IMAGE","links":[286],"slot_index":0,"shape":3,"label":"图像"},{"name":"width","type":"INT","links":null,"shape":3,"label":"宽度"},{"name":"height","type":"INT","links":null,"shape":3,"label":"高度"}],"properties":{"Node name for S&R":"ImageResizeKJ"},"widgets_values":[480,720,"lanczos",false,16,0,0,"disabled"]},{"id":192,"type":"VHS_VideoCombine","pos":{"0":480,"1":3200},"size":[630,1110],"flags":{},"order":57,"mode":0,"inputs":[{"name":"images","type":"IMAGE","link":281,"label":"图像"},{"name":"audio","type":"AUDIO","link":282,"label":"音频","shape":7},{"name":"meta_batch","type":"VHS_BatchManager","link":null,"label":"批次管理","shape":7},{"name":"vae","type":"VAE","link":null,"label":"vae","shape":7}],"outputs":[{"name":"Filenames","type":"VHS_FILENAMES","links":[289],"slot_index":0,"shape":3,"label":"文件名"}],"properties":{"Node name for S&R":"VHS_VideoCombine"},"widgets_values":{"frame_rate":16,"loop_count":0,"filename_prefix":"CogVideoX-I2V-16","format":"video/h264-mp4","pix_fmt":"yuv420p","crf":19,"save_metadata":true,"pingpong":false,"save_output":true,"videopreview":{"hidden":false,"paused":false,"params":{"filename":"CogVideoX-I2V-16_00074-audio.mp4","subfolder":"","type":"output","format":"video/h264-mp4","frame_rate":16},"muted":false}}},{"id":193,"type":"CogVideoDecode","pos":{"0":-490,"1":3310},"size":{"0":300.396484375,"1":198},"flags":{},"order":50,"mode":0,"inputs":[{"name":"pipeline","type":"COGVIDEOPIPE","link":299,"label":"CogVideo"},{"name":"samples","type":"LATENT","link":300,"label":"Latent"}],"outputs":[{"name":"images","type":"IMAGE","links":[287],"slot_index":0,"shape":3,"label":"图像"}],"properties":{"Node name for S&R":"CogVideoDecode"},"widgets_values":[false,240,360,0.2,0.2,false]},{"id":194,"type":"CogVideoImageEncode","pos":{"0":-1310,"1":3870},"size":{"0":410,"1":122},"flags":{},"order":51,"mode":0,"inputs":[{"name":"pipeline","type":"COGVIDEOPIPE","link":285,"label":"CogVideo"},{"name":"image","type":"IMAGE","link":286,"label":"图像"},{"name":"mask","type":"MASK","link":null,"label":"mask","shape":7}],"outputs":[{"name":"samples","type":"LATENT","links":[],"slot_index":0,"shape":3,"label":"Latent"}],"properties":{"Node name for S&R":"CogVideoImageEncode"},"widgets_values":[16,true]},{"id":195,"type":"RIFE VFI","pos":{"0":-80,"1":3190},"size":{"0":443.4000244140625,"1":198},"flags":{},"order":54,"mode":0,"inputs":[{"name":"frames","type":"IMAGE","link":287,"label":"图像"},{"name":"optional_interpolation_states","type":"INTERPOLATION_STATES","link":null,"label":"插值规则(可选)","shape":7}],"outputs":[{"name":"IMAGE","type":"IMAGE","links":[281],"slot_index":0,"shape":3,"label":"图像"}],"properties":{"Node name for S&R":"RIFE VFI"},"widgets_values":["rife47.pth",10,2,true,true,1]},{"id":196,"type":"Reroute","pos":{"0":440,"1":3970},"size":[75,26],"flags":{},"order":22,"mode":0,"inputs":[{"name":"","type":"*","link":null,"label":""}],"outputs":[{"name":"","type":"*","links":null}],"properties":{"showOutputText":false,"horizontal":false}},{"id":197,"type":"Reroute","pos":{"0":-2270,"1":3370},"size":[75,26],"flags":{},"order":23,"mode":0,"inputs":[{"name":"","type":"*","link":null,"label":""}],"outputs":[{"name":"","type":"*","links":null}],"properties":{"showOutputText":false,"horizontal":false}},{"id":198,"type":"Reroute","pos":{"0":-2330,"1":3820},"size":[75,26],"flags":{},"order":43,"mode":0,"inputs":[{"name":"","type":"*","link":288,"label":""}],"outputs":[{"name":"","type":"IMAGE","links":[279,280]}],"properties":{"showOutputText":false,"horizontal":false}},{"id":199,"type":"Show any to JSON [Crystools]","pos":{"0":1160,"1":3180},"size":{"0":240,"1":170},"flags":{},"order":60,"mode":0,"inputs":[{"name":"any_value","type":"*","link":289,"label":"任意值","shape":7}],"outputs":[{"name":"string","type":"STRING","links":[290],"slot_index":0,"shape":3,"label":"字符串"}],"properties":{"Node name for S&R":"Show any to JSON [Crystools]"}},{"id":200,"type":"SaveVideoToOssAndDisplay","pos":{"0":1440,"1":3210},"size":{"0":320,"1":80},"flags":{},"order":63,"mode":0,"inputs":[{"name":"input_path","type":"STRING","link":290,"widget":{"name":"input_path"},"label":"input_path"}],"outputs":[{"name":"STRING","type":"STRING","links":null,"shape":3,"label":"STRING"}],"properties":{"Node name for S&R":"SaveVideoToOssAndDisplay"},"widgets_values":["","comfyui/tickletalk/video/pgc"]},{"id":201,"type":"LoadAudio","pos":{"0":-30,"1":3450},"size":{"0":315,"1":124},"flags":{},"order":24,"mode":0,"inputs":[],"outputs":[{"name":"AUDIO","type":"AUDIO","links":[282],"shape":3,"label":"音频"}],"properties":{"Node name for S&R":"LoadAudio"},"widgets_values":["voice2.mp3",null,""]},{"id":202,"type":"easy prompt","pos":{"0":-2480,"1":3210},"size":{"0":400,"1":200},"flags":{},"order":25,"mode":0,"inputs":[],"outputs":[{"name":"prompt","type":"STRING","links":[277],"slot_index":0,"shape":3,"label":"prompt"}],"properties":{"Node name for S&R":"easy prompt"},"widgets_values":["A white-collar woman with glasses and long, wavy brown hair sits at an office desk. the camera slowly zooms in, moving down from her face to her chest. Her chest rises and falls noticeably with her breathing","none","none",true]},{"id":204,"type":"Note","pos":{"0":-1830,"1":3170},"size":[390,60],"flags":{},"order":26,"mode":0,"inputs":[],"outputs":[],"properties":{},"widgets_values":["现在可用的有：\ncogvideox-5b-i2v、cogvideox-fun-v1.1-5b-inp、cogvieox-fun-v1,1-5b-pose\n其他模型暂时没有本地文件"],"color":"#432","bgcolor":"#653"},{"id":206,"type":"LoadImage","pos":{"0":-2940,"1":3590},"size":[320,310],"flags":{},"order":27,"mode":4,"inputs":[],"outputs":[{"name":"IMAGE","type":"IMAGE","links":[291],"slot_index":0,"label":"图像"},{"name":"MASK","type":"MASK","links":null,"label":"遮罩"}],"properties":{"Node name for S&R":"LoadImage"},"widgets_values":["last.png","image"]},{"id":207,"type":"Reroute","pos":{"0":-2310,"1":3900},"size":[75,26],"flags":{},"order":42,"mode":0,"inputs":[{"name":"","type":"*","link":291}],"outputs":[{"name":"","type":"IMAGE","links":null}],"properties":{"showOutputText":false,"horizontal":false}},{"id":205,"type":"LoadImage","pos":{"0":-2930,"1":3160},"size":[320,310],"flags":{},"order":28,"mode":0,"inputs":[],"outputs":[{"name":"IMAGE","type":"IMAGE","links":[288],"slot_index":0,"label":"图像"},{"name":"MASK","type":"MASK","links":null,"label":"遮罩"}],"properties":{"Node name for S&R":"LoadImage"},"widgets_values":["ComfyUI_temp_vcbtm_00001_.png","image"]},{"id":187,"type":"DownloadAndLoadCogVideoModel","pos":{"0":-1830,"1":3290},"size":{"0":337.8885192871094,"1":194},"flags":{},"order":29,"mode":0,"inputs":[{"name":"pab_config","type":"PAB_CONFIG","link":null,"label":"pab_config","shape":7},{"name":"block_edit","type":"TRANSFORMERBLOCKS","link":null,"shape":7},{"name":"lora","type":"COGLORA","link":null,"shape":7}],"outputs":[{"name":"cogvideo_pipe","type":"COGVIDEOPIPE","links":[285,298],"slot_index":0,"shape":3,"label":"CogVideo"}],"properties":{"Node name for S&R":"DownloadAndLoadCogVideoModel"},"widgets_values":["THUDM/CogVideoX-5b-I2V","bf16","disabled","disabled",false]},{"id":189,"type":"CogVideoTextEncode","pos":{"0":-1890,"1":3540},"size":{"0":470,"1":170},"flags":{},"order":41,"mode":0,"inputs":[{"name":"clip","type":"CLIP","link":276,"label":"CLIP"},{"name":"prompt","type":"STRING","link":277,"widget":{"name":"prompt"},"label":"提示词"}],"outputs":[{"name":"conditioning","type":"CONDITIONING","links":[301],"slot_index":0,"shape":3,"label":"条件"}],"properties":{"Node name for S&R":"CogVideoTextEncode"},"widgets_values":["a majestic stag is grazing in an enhanced forest, basking in the setting sun filtered by the trees",1,true,true]},{"id":190,"type":"CogVideoTextEncode","pos":{"0":-1890,"1":3780},"size":{"0":470,"1":130},"flags":{},"order":40,"mode":0,"inputs":[{"name":"clip","type":"CLIP","link":278,"label":"CLIP"}],"outputs":[{"name":"conditioning","type":"CONDITIONING","links":[302],"slot_index":0,"shape":3,"label":"条件"}],"properties":{"Node name for S&R":"CogVideoTextEncode"},"widgets_values":["The video is not of a high quality, it has a low resolution. Watermark present in each frame. Strange motion trajectory. Deformable movements, twisted limbs, disjointed camera transitions",1,true,true]},{"id":210,"type":"CogVideoContextOptions","pos":{"0":-1310,"1":3620},"size":{"0":315,"1":154},"flags":{},"order":30,"mode":0,"inputs":[],"outputs":[{"name":"context_options","type":"COGCONTEXT","links":[303],"label":"context_options"}],"properties":{"Node name for S&R":"CogVideoContextOptions"},"widgets_values":["uniform_standard",48,4,4,true]},{"id":209,"type":"CogVideoXFunControlSampler","pos":{"0":-940,"1":3340},"size":{"0":367.79998779296875,"1":350},"flags":{},"order":46,"mode":0,"inputs":[{"name":"pipeline","type":"COGVIDEOPIPE","link":298,"label":"pipeline"},{"name":"positive","type":"CONDITIONING","link":301,"label":"positive"},{"name":"negative","type":"CONDITIONING","link":302,"label":"negative"},{"name":"control_latents","type":"COGCONTROL_LATENTS","link":304,"label":"control_latents"},{"name":"samples","type":"LATENT","link":null,"shape":7,"label":"samples"},{"name":"context_options","type":"COGCONTEXT","link":303,"shape":7,"label":"context_options"}],"outputs":[{"name":"cogvideo_pipe","type":"COGVIDEOPIPE","links":[299],"label":"cogvideo_pipe","slot_index":0},{"name":"samples","type":"LATENT","links":[300],"label":"samples","slot_index":1}],"properties":{"Node name for S&R":"CogVideoXFunControlSampler"},"widgets_values":[42,"randomize",25,6,"DDIM",1,0,1,1]},{"id":211,"type":"CogVideoControlImageEncode","pos":{"0":-1350,"1":3190},"size":{"0":367.79998779296875,"1":146},"flags":{},"order":31,"mode":0,"inputs":[{"name":"pipeline","type":"COGVIDEOPIPE","link":null,"label":"pipeline"},{"name":"control_video","type":"IMAGE","link":null,"label":"control_video"}],"outputs":[{"name":"control_latents","type":"COGCONTROL_LATENTS","links":[304],"label":"control_latents"},{"name":"width","type":"INT","links":null,"label":"width"},{"name":"height","type":"INT","links":null,"label":"height"}],"properties":{"Node name for S&R":"CogVideoControlImageEncode"},"widgets_values":[512,false,0]}],"links":[[56,20,0,31,0,"CLIP"],[124,1,0,58,0,"COGVIDEOPIPE"],[125,37,0,58,1,"IMAGE"],[134,20,0,30,0,"CLIP"],[136,56,0,64,0,"IMAGE"],[137,64,0,44,0,"IMAGE"],[192,135,0,37,0,"IMAGE"],[193,44,0,136,0,"*"],[194,136,0,137,0,"STRING"],[207,146,0,44,1,"AUDIO"],[209,147,0,30,1,"STRING"],[226,30,0,153,1,"CONDITIONING"],[227,31,0,153,2,"CONDITIONING"],[228,1,0,153,0,"COGVIDEOPIPE"],[229,37,0,153,3,"IMAGE"],[231,155,0,153,6,"COGCONTEXT"],[236,153,0,56,0,"COGVIDEOPIPE"],[237,153,1,56,1,"LATENT"],[241,159,0,135,0,"*"],[242,135,0,37,1,"IMAGE"],[243,58,0,153,5,"LATENT"],[244,160,0,161,0,"*"],[245,161,0,153,4,"IMAGE"],[246,164,0,165,0,"CLIP"],[247,178,0,165,1,"STRING"],[248,164,0,166,0,"CLIP"],[249,174,0,167,0,"IMAGE"],[250,174,0,167,1,"IMAGE"],[251,171,0,168,0,"IMAGE"],[252,177,0,168,1,"AUDIO"],[255,163,0,170,0,"COGVIDEOPIPE"],[256,167,0,170,1,"IMAGE"],[257,169,0,171,0,"IMAGE"],[258,182,0,174,0,"*"],[259,168,0,175,0,"*"],[260,175,0,176,0,"STRING"],[268,183,0,184,0,"*"],[269,163,0,186,0,"COGVIDEOPIPE"],[270,165,0,186,1,"CONDITIONING"],[271,166,0,186,2,"CONDITIONING"],[272,170,0,186,3,"LATENT"],[273,186,0,169,0,"COGVIDEOPIPE"],[274,186,1,169,1,"LATENT"],[275,180,0,186,5,"COGCONTEXT"],[276,188,0,189,0,"CLIP"],[277,202,0,189,1,"STRING"],[278,188,0,190,0,"CLIP"],[279,198,0,191,0,"IMAGE"],[280,198,0,191,1,"IMAGE"],[281,195,0,192,0,"IMAGE"],[282,201,0,192,1,"AUDIO"],[285,187,0,194,0,"COGVIDEOPIPE"],[286,191,0,194,1,"IMAGE"],[287,193,0,195,0,"IMAGE"],[288,205,0,198,0,"*"],[289,192,0,199,0,"*"],[290,199,0,200,0,"STRING"],[291,206,0,207,0,"*"],[298,187,0,209,0,"COGVIDEOPIPE"],[299,209,0,193,0,"COGVIDEOPIPE"],[300,209,1,193,1,"LATENT"],[301,189,0,209,1,"CONDITIONING"],[302,190,0,209,2,"CONDITIONING"],[303,210,0,209,5,"COGCONTEXT"],[304,211,0,209,3,"COGCONTROL_LATENTS"]],"groups":[{"title":"Group","bounding":[-50,1500,1880,1240],"color":"#b58b2a","font_size":24,"flags":{}},{"title":"Group","bounding":[-2450,1500,2370,1230],"color":"#8AA","font_size":24,"flags":{}},{"title":"输出","bounding":[-90,-100,1880,1310],"color":"#b58b2a","font_size":24,"flags":{}},{"title":"load","bounding":[-2420,-1430,980,-80],"color":"#3f789e","font_size":24,"flags":{}},{"title":"cog文生视频","bounding":[-2530,-100,2430,1310],"color":"#8AA","font_size":24,"flags":{}},{"title":"加载内容","bounding":[-2930,-100,380,1310],"color":"#A88","font_size":24,"flags":{}},{"title":"Group","bounding":[-2910,1490,450,1240],"color":"#A88","font_size":24,"flags":{}}],"config":{},"extra":{"ds":{"scale":0.13310000000000097,"offset":[6378.2180768113785,1309.5035358199966]},"workspace_info":{"id":"zYI32QHjcToGY4qazc-kR","saveLock":false,"cloudID":null,"coverMediaPath":null},"groupNodes":{"input":{"nodes":[{"id":-1,"type":"easy prompt","pos":{"0":-3590,"1":-1040},"size":{"0":340,"1":129},"flags":{},"order":11,"mode":0,"inputs":[],"outputs":[{"name":"prompt","type":"STRING","links":[],"slot_index":0,"shape":3,"label":"prompt"}],"title":"啦啦队队长","properties":{"Node name for S&R":"easy prompt"},"widgets_values":["golden hair, blue eyes,((beautiful)), (sweet),(sexy),(white skin),((fair skin)),(blue bra),in door","none","none"],"index":0},{"id":-1,"type":"easy prompt","pos":{"0":-3590,"1":-1220},"size":{"0":340,"1":129},"flags":{},"order":12,"mode":0,"inputs":[],"outputs":[{"name":"prompt","type":"STRING","links":[],"slot_index":0,"shape":3,"label":"prompt"}],"title":"银发明星","properties":{"Node name for S&R":"easy prompt"},"widgets_values":["breathtakingly beautiful, Gorgeous silver earrings,silver white hair, braided bun, piercing blue eyes, seductive gaze, slender and tall figure,perfect makeup,","none","none"],"index":1},{"id":-1,"type":"LoadImage","pos":{"0":-5210,"1":-1270},"size":{"0":210,"1":310},"flags":{},"order":13,"mode":0,"inputs":[],"outputs":[{"name":"IMAGE","type":"IMAGE","links":[],"slot_index":0,"shape":3,"label":"IMAGE"},{"name":"MASK","type":"MASK","links":null,"shape":3,"label":"MASK"}],"properties":{"Node name for S&R":"LoadImage"},"widgets_values":["1-9.png","image"],"index":2},{"id":-1,"type":"LoadImage","pos":{"0":-4740,"1":-1280},"size":{"0":210,"1":340},"flags":{},"order":14,"mode":0,"inputs":[],"outputs":[{"name":"IMAGE","type":"IMAGE","links":[],"slot_index":0,"shape":3,"label":"IMAGE"},{"name":"MASK","type":"MASK","links":null,"shape":3,"label":"MASK"}],"properties":{"Node name for S&R":"LoadImage"},"widgets_values":["0-1.png","image"],"index":3},{"id":-1,"type":"easy prompt","pos":{"0":-3570,"1":-860},"size":{"0":340,"1":129},"flags":{},"order":15,"mode":0,"inputs":[],"outputs":[{"name":"prompt","type":"STRING","links":[],"slot_index":0,"shape":3,"label":"prompt"}],"title":"办公室白领","properties":{"Node name for S&R":"easy prompt"},"widgets_values":["solo,18+ years old，tan skin，long hair style，blonde hair color,blue eyes color,sexy body,","none","none"],"index":4},{"id":-1,"type":"LoadImage","pos":{"0":-4500,"1":-1270},"size":{"0":210,"1":340},"flags":{},"order":16,"mode":0,"inputs":[],"outputs":[{"name":"IMAGE","type":"IMAGE","links":[],"slot_index":0,"shape":3,"label":"IMAGE"},{"name":"MASK","type":"MASK","links":null,"shape":3,"label":"MASK"}],"properties":{"Node name for S&R":"LoadImage"},"widgets_values":["3-2.png","image"],"index":5},{"id":-1,"type":"LoadImage","pos":{"0":-5210,"1":-870},"size":{"0":210,"1":340},"flags":{},"order":17,"mode":0,"inputs":[],"outputs":[{"name":"IMAGE","type":"IMAGE","links":[],"slot_index":0,"shape":3,"label":"IMAGE"},{"name":"MASK","type":"MASK","links":null,"shape":3,"label":"MASK"}],"properties":{"Node name for S&R":"LoadImage"},"widgets_values":["0-1 (2).png","image"],"index":6},{"id":-1,"type":"LoadImage","pos":{"0":-4270,"1":-1290},"size":{"0":210,"1":340},"flags":{},"order":18,"mode":0,"inputs":[],"outputs":[{"name":"IMAGE","type":"IMAGE","links":[],"slot_index":0,"shape":3,"label":"IMAGE"},{"name":"MASK","type":"MASK","links":null,"shape":3,"label":"MASK"}],"properties":{"Node name for S&R":"LoadImage"},"widgets_values":["1-3.png","image"],"index":7},{"id":-1,"type":"LoadImage","pos":{"0":-3980,"1":-1280},"size":{"0":210,"1":340},"flags":{},"order":19,"mode":0,"inputs":[],"outputs":[{"name":"IMAGE","type":"IMAGE","links":[],"slot_index":0,"shape":3,"label":"IMAGE"},{"name":"MASK","type":"MASK","links":null,"shape":3,"label":"MASK"}],"properties":{"Node name for S&R":"LoadImage"},"widgets_values":["1-2 (3).png","image"],"index":8},{"id":-1,"type":"LoadImage","pos":{"0":-4940,"1":-860},"size":{"0":210,"1":340},"flags":{},"order":20,"mode":0,"inputs":[],"outputs":[{"name":"IMAGE","type":"IMAGE","links":[],"slot_index":0,"shape":3,"label":"IMAGE"},{"name":"MASK","type":"MASK","links":null,"shape":3,"label":"MASK"}],"properties":{"Node name for S&R":"LoadImage"},"widgets_values":["0-1 (1).png","image"],"index":9},{"id":-1,"type":"LoadImage","pos":{"0":-4700,"1":-860},"size":{"0":210,"1":340},"flags":{},"order":21,"mode":0,"inputs":[],"outputs":[{"name":"IMAGE","type":"IMAGE","links":[],"slot_index":0,"shape":3,"label":"IMAGE"},{"name":"MASK","type":"MASK","links":null,"shape":3,"label":"MASK"}],"properties":{"Node name for S&R":"LoadImage"},"widgets_values":["1-1 (8).png","image"],"index":10},{"id":-1,"type":"LoadImage","pos":{"0":-4450,"1":-850},"size":{"0":210,"1":340},"flags":{},"order":22,"mode":0,"inputs":[],"outputs":[{"name":"IMAGE","type":"IMAGE","links":[],"slot_index":0,"shape":3,"label":"IMAGE"},{"name":"MASK","type":"MASK","links":null,"shape":3,"label":"MASK"}],"properties":{"Node name for S&R":"LoadImage"},"widgets_values":["1-1 (7).png","image"],"index":11},{"id":-1,"type":"LoadImage","pos":{"0":-4200,"1":-840},"size":{"0":210,"1":340},"flags":{},"order":23,"mode":0,"inputs":[],"outputs":[{"name":"IMAGE","type":"IMAGE","links":[],"slot_index":0,"shape":3,"label":"IMAGE"},{"name":"MASK","type":"MASK","links":null,"shape":3,"label":"MASK"}],"properties":{"Node name for S&R":"LoadImage"},"widgets_values":["1-3 (2).png","image"],"index":12},{"id":-1,"type":"LoadImage","pos":{"0":-3920,"1":-860},"size":{"0":210,"1":340},"flags":{},"order":24,"mode":0,"inputs":[],"outputs":[{"name":"IMAGE","type":"IMAGE","links":[],"slot_index":0,"shape":3,"label":"IMAGE"},{"name":"MASK","type":"MASK","links":null,"shape":3,"label":"MASK"}],"properties":{"Node name for S&R":"LoadImage"},"widgets_values":["1-3 (1).png","image"],"index":13},{"id":-1,"type":"easy prompt","pos":{"0":-3580,"1":-670},"size":{"0":340,"1":129},"flags":{},"order":25,"mode":0,"inputs":[],"outputs":[{"name":"prompt","type":"STRING","links":[],"slot_index":0,"shape":3,"label":"prompt"}],"title":"花环少女","properties":{"Node name for S&R":"easy prompt"},"widgets_values":["beautiful face, sweet, big chest, golden blonde hair, single loose braid, green eyes,(smooth skin),(clean skin),outdoor,(clean face),flower bra,","none","none"],"index":14},{"id":-1,"type":"easy prompt","pos":{"0":-3560,"1":-480},"size":{"0":340,"1":129},"flags":{},"order":26,"mode":0,"inputs":[],"outputs":[{"name":"prompt","type":"STRING","links":[],"slot_index":0,"shape":3,"label":"prompt"}],"title":"银翼杀手","properties":{"Node name for S&R":"easy prompt"},"widgets_values":["hair cascading over one shoulder, white hair,stylish and feminine, piercing golden eyes, winged eyeliner, red lipstick, dangerous, seductive, confident,night,cold bra,Halo bra, metallic texture bra","none","none"],"index":15},{"id":-1,"type":"easy prompt","pos":{"0":-3570,"1":-290},"size":{"0":340,"1":129},"flags":{},"order":27,"mode":0,"inputs":[],"outputs":[{"name":"prompt","type":"STRING","links":[],"slot_index":0,"shape":3,"label":"prompt"}],"title":"卡车司机","properties":{"Node name for S&R":"easy prompt"},"widgets_values":["large boobs, long blonde wave hair, green eyes, beautiful, young,day,wilderness,white skin,Smooth skin,grass,(black bra),smooth skin,out door","none","none"],"index":16},{"id":-1,"type":"easy prompt","pos":{"0":-3190,"1":-1270},"size":{"0":290,"1":180},"flags":{},"order":28,"mode":0,"inputs":[],"outputs":[{"name":"prompt","type":"STRING","links":[],"slot_index":0,"shape":3,"label":"prompt"}],"title":"酒保","properties":{"Node name for S&R":"easy prompt"},"widgets_values":["flowing raven brown hair,sexy,deep brown eyes,red lipstick,big chest,red bra,(smooth skin),((clean skin))","none","none"],"index":17},{"id":-1,"type":"easy prompt","pos":{"0":-3150,"1":-1050},"size":{"0":270,"1":129},"flags":{},"order":29,"mode":0,"inputs":[],"outputs":[{"name":"prompt","type":"STRING","links":[],"slot_index":0,"shape":3,"label":"prompt"}],"title":"占星师","properties":{"Node name for S&R":"easy prompt"},"widgets_values":["(european),((sexy)),(mysterious temperament),long hair,long purple hair,dark purple color,heavy makeup,red lips,(smooth skin),(clean skin)","none","none"],"index":18},{"id":-1,"type":"easy prompt","pos":{"0":-3150,"1":-860},"size":{"0":270,"1":129},"flags":{},"order":30,"mode":0,"inputs":[],"outputs":[{"name":"prompt","type":"STRING","links":[],"slot_index":0,"shape":3,"label":"prompt"}],"title":"RIN","properties":{"Node name for S&R":"easy prompt"},"widgets_values":["long dark straight hair,black bra, black eyes, straight eyebrows slanting upwards and outwards, rebellious and cold expression, sharp eyes, cold face, desolate temperament,(smooth skin),(clean skin)","none","none"],"index":19},{"id":-1,"type":"easy prompt","pos":{"0":-3160,"1":-680},"size":{"0":270,"1":129},"flags":{},"order":31,"mode":0,"inputs":[],"outputs":[{"name":"prompt","type":"STRING","links":[],"slot_index":0,"shape":3,"label":"prompt"}],"title":"凤凰","properties":{"Node name for S&R":"easy prompt"},"widgets_values":["Red hair, patient gown, Striped bra,very beautiful, young, sexy, sexy big chest,(smooth skin),(clean skin),(Within the hospital),","none","none"],"index":20},{"id":-1,"type":"easy prompt","pos":{"0":-3170,"1":-490},"size":{"0":270,"1":129},"flags":{},"order":32,"mode":0,"inputs":[],"outputs":[{"name":"prompt","type":"STRING","links":[],"slot_index":0,"shape":3,"label":"prompt"}],"title":"城堡女","properties":{"Node name for S&R":"easy prompt"},"widgets_values":["European, black raven long hair, red eyes, beautiful, make up, noble and elegant temperament,in door ,yellow wall,(smooth skin),(clean skin)","none","none"],"index":21},{"id":-1,"type":"easy prompt","pos":{"0":-3160,"1":-280},"size":{"0":270,"1":129},"flags":{},"order":33,"mode":0,"inputs":[],"outputs":[{"name":"prompt","type":"STRING","links":[],"slot_index":0,"shape":3,"label":"prompt"}],"title":"凤凰","properties":{"Node name for S&R":"easy prompt"},"widgets_values":["red hair, beautiful face, high ponytail, blue eyes, sun-kissed skin, beautiful,sexy,(smooth skin),(clean skin)","none","none"],"index":22},{"id":-1,"type":"LoadImage","pos":{"0":-5200,"1":-470},"size":{"0":210,"1":340},"flags":{},"order":34,"mode":0,"inputs":[],"outputs":[{"name":"IMAGE","type":"IMAGE","links":[],"slot_index":0,"shape":3,"label":"IMAGE"},{"name":"MASK","type":"MASK","links":null,"shape":3,"label":"MASK"}],"properties":{"Node name for S&R":"LoadImage"},"widgets_values":["1-1 (1).png","image"],"index":23},{"id":-1,"type":"easy prompt","pos":{"0":-2840,"1":-1250},"size":{"0":290,"1":180},"flags":{},"order":35,"mode":0,"inputs":[],"outputs":[{"name":"prompt","type":"STRING","links":[],"slot_index":0,"shape":3,"label":"prompt"}],"title":"钓鱼女孩","properties":{"Node name for S&R":"easy prompt"},"widgets_values":["Fried Dough Twists braids, green eyes, blond hair,sexy body,Fishing, wilderness,(white bra),","none","none"],"index":24},{"id":-1,"type":"LoadImage","pos":{"0":-4980,"1":-1260},"size":{"0":210,"1":310},"flags":{},"order":36,"mode":0,"inputs":[],"outputs":[{"name":"IMAGE","type":"IMAGE","links":[],"slot_index":0,"shape":3,"label":"IMAGE"},{"name":"MASK","type":"MASK","links":null,"shape":3,"label":"MASK"}],"properties":{"Node name for S&R":"LoadImage"},"widgets_values":["1-1 (6).png","image"],"index":25},{"id":-1,"type":"Reroute","pos":{"0":-4010,"1":-440},"size":[75,26],"flags":{},"order":46,"mode":0,"inputs":[{"name":"","type":"*","link":null,"label":""}],"outputs":[{"name":"","type":"*","links":null}],"properties":{"showOutputText":false,"horizontal":false},"index":26},{"id":-1,"type":"Reroute","pos":{"0":-4000,"1":-350},"size":[75,26],"flags":{},"order":47,"mode":0,"inputs":[{"name":"","type":"*","link":null,"label":""}],"outputs":[{"name":"","type":"*","links":null}],"properties":{"showOutputText":false,"horizontal":false},"index":27},{"id":-1,"type":"Reroute","pos":{"0":-3210,"1":-90},"size":[75,26],"flags":{},"order":48,"mode":0,"inputs":[{"name":"","type":"*","link":null,"label":""}],"outputs":[{"name":"","type":"*","links":null}],"properties":{"showOutputText":false,"horizontal":false},"index":28},{"id":-1,"type":"Reroute","pos":{"0":-4000,"1":-290},"size":[75,26],"flags":{},"order":49,"mode":0,"inputs":[{"name":"","type":"*","link":null,"label":""}],"outputs":[{"name":"","type":"*","links":null}],"properties":{"showOutputText":false,"horizontal":false},"index":29},{"id":-1,"type":"Reroute","pos":{"0":-3800,"1":-460},"size":[75,26],"flags":{},"order":50,"mode":0,"inputs":[{"name":"","type":"*","link":null,"label":""}],"outputs":[{"name":"","type":"*","links":null}],"properties":{"showOutputText":false,"horizontal":false},"index":30},{"id":-1,"type":"Reroute","pos":{"0":-3990,"1":-220},"size":[75,26],"flags":{},"order":51,"mode":0,"inputs":[{"name":"","type":"*","link":null,"label":""}],"outputs":[{"name":"","type":"*","links":null}],"properties":{"showOutputText":false,"horizontal":false},"index":31},{"id":-1,"type":"Reroute","pos":{"0":-3990,"1":-170},"size":[75,26],"flags":{},"order":52,"mode":0,"inputs":[{"name":"","type":"*","link":null,"label":""}],"outputs":[{"name":"","type":"*","links":null}],"properties":{"showOutputText":false,"horizontal":false},"index":32},{"id":-1,"type":"Reroute","pos":{"0":-3790,"1":-400},"size":[75,26],"flags":{},"order":53,"mode":0,"inputs":[{"name":"","type":"*","link":null,"label":""}],"outputs":[{"name":"","type":"*","links":null}],"properties":{"showOutputText":false,"horizontal":false},"index":33},{"id":-1,"type":"Reroute","pos":{"0":-3790,"1":-340},"size":[75,26],"flags":{},"order":54,"mode":0,"inputs":[{"name":"","type":"*","link":null,"label":""}],"outputs":[{"name":"","type":"*","links":null}],"properties":{"showOutputText":false,"horizontal":false},"index":34},{"id":-1,"type":"Reroute","pos":{"0":-3780,"1":-280},"size":[75,26],"flags":{},"order":55,"mode":0,"inputs":[{"name":"","type":"*","link":null,"label":""}],"outputs":[{"name":"","type":"*","links":null}],"properties":{"showOutputText":false,"horizontal":false},"index":35},{"id":-1,"type":"Reroute","pos":{"0":-3770,"1":-220},"size":[75,26],"flags":{},"order":56,"mode":0,"inputs":[{"name":"","type":"*","link":null,"label":""}],"outputs":[{"name":"","type":"*","links":null}],"properties":{"showOutputText":false,"horizontal":false},"index":36},{"id":-1,"type":"Reroute","pos":{"0":-3780,"1":-170},"size":[75,26],"flags":{},"order":57,"mode":0,"inputs":[{"name":"","type":"*","link":null,"label":""}],"outputs":[{"name":"","type":"*","links":null}],"properties":{"showOutputText":false,"horizontal":false},"index":37},{"id":-1,"type":"Reroute","pos":{"0":-4000,"1":-120},"size":[75,26],"flags":{},"order":58,"mode":0,"inputs":[{"name":"","type":"*","link":null,"label":""}],"outputs":[{"name":"","type":"*","links":null}],"properties":{"showOutputText":false,"horizontal":false},"index":38},{"id":-1,"type":"Reroute","pos":{"0":-4000,"1":-390},"size":[75,26],"flags":{},"order":59,"mode":0,"inputs":[{"name":"","type":"*","link":null,"label":""}],"outputs":[{"name":"","type":"*","links":null}],"properties":{"showOutputText":false,"horizontal":false},"index":39}],"links":[[2,0,26,0,94,"IMAGE"],[3,0,27,0,95,"IMAGE"],[4,0,28,0,96,"STRING"],[5,0,29,0,97,"IMAGE"],[6,0,30,0,98,"IMAGE"],[7,0,31,0,99,"IMAGE"],[8,0,32,0,100,"IMAGE"],[9,0,33,0,101,"IMAGE"],[10,0,34,0,102,"IMAGE"],[11,0,35,0,103,"IMAGE"],[12,0,36,0,104,"IMAGE"],[13,0,37,0,105,"IMAGE"],[23,0,38,0,128,"IMAGE"],[25,0,39,0,91,"IMAGE"]],"external":[]}}},"version":0.4}