{"last_node_id":83,"last_link_id":184,"nodes":[{"id":31,"type":"CogVideoTextEncode","pos":{"0":497,"1":520},"size":{"0":501.0985412597656,"1":138.65379333496094},"flags":{},"order":5,"mode":0,"inputs":[{"name":"clip","type":"CLIP","link":56,"label":"CLIP"}],"outputs":[{"name":"conditioning","type":"CONDITIONING","links":[179],"slot_index":0,"shape":3,"label":"条件"}],"properties":{"Node name for S&R":"CogVideoTextEncode"},"widgets_values":["The video is not of a high quality, it has a low resolution. Watermark present in each frame. Strange motion trajectory. Character is speaking",1,true,true]},{"id":59,"type":"AddLabel","pos":{"0":1466,"1":-5},"size":{"0":315,"1":274},"flags":{},"order":14,"mode":0,"inputs":[{"name":"image","type":"IMAGE","link":126,"label":"图像"},{"name":"caption","type":"STRING","link":null,"widget":{"name":"caption"}},{"name":"text","type":"STRING","link":129,"widget":{"name":"text"},"label":"文本"}],"outputs":[{"name":"IMAGE","type":"IMAGE","links":[150],"slot_index":0,"shape":3,"label":"图像"}],"properties":{"Node name for S&R":"AddLabel"},"widgets_values":[10,2,48,12,"white","black","FreeMono.ttf","Text","up",""]},{"id":30,"type":"CogVideoTextEncode","pos":{"0":513,"1":286},"size":{"0":471.90142822265625,"1":168.08047485351562},"flags":{},"order":4,"mode":0,"inputs":[{"name":"clip","type":"CLIP","link":54,"label":"CLIP"}],"outputs":[{"name":"conditioning","type":"CONDITIONING","links":[128,178],"slot_index":0,"shape":3,"label":"条件"}],"properties":{"Node name for S&R":"CogVideoTextEncode"},"widgets_values":["a brown bear is dancing in a forest, in front of a waterfall",1,true,true]},{"id":44,"type":"VHS_VideoCombine","pos":{"0":1842,"1":-5},"size":[1190,310],"flags":{},"order":15,"mode":0,"inputs":[{"name":"images","type":"IMAGE","link":150,"label":"图像"},{"name":"audio","type":"AUDIO","link":null,"shape":7,"label":"音频"},{"name":"meta_batch","type":"VHS_BatchManager","link":null,"shape":7,"label":"批次管理"},{"name":"vae","type":"VAE","link":null,"shape":7}],"outputs":[{"name":"Filenames","type":"VHS_FILENAMES","links":null,"shape":3,"label":"文件名"}],"properties":{"Node name for S&R":"VHS_VideoCombine"},"widgets_values":{"frame_rate":8,"loop_count":0,"filename_prefix":"CogVideoX_Fun_Pose","format":"video/h264-mp4","pix_fmt":"yuv420p","crf":19,"save_metadata":true,"pingpong":false,"save_output":false,"videopreview":{"hidden":false,"paused":false,"params":{"filename":"CogVideoX_Fun_Pose_00004.mp4","subfolder":"","type":"temp","format":"video/h264-mp4","frame_rate":8},"muted":false}}},{"id":65,"type":"VHS_LoadVideo","pos":{"0":-250,"1":760},"size":[390,620],"flags":{},"order":3,"mode":0,"inputs":[{"name":"meta_batch","type":"VHS_BatchManager","link":null,"shape":7,"label":"批次管理"},{"name":"vae","type":"VAE","link":null,"shape":7},{"name":"frame_load_cap","type":"INT","link":152,"widget":{"name":"frame_load_cap"},"label":"帧数读取上限"}],"outputs":[{"name":"IMAGE","type":"IMAGE","links":[173],"slot_index":0,"shape":3,"label":"图像"},{"name":"frame_count","type":"INT","links":null,"shape":3,"label":"帧计数"},{"name":"audio","type":"AUDIO","links":null,"shape":3,"label":"音频"},{"name":"video_info","type":"VHS_VIDEOINFO","links":[],"slot_index":3,"shape":3,"label":"视频信息"}],"properties":{"Node name for S&R":"VHS_LoadVideo"},"widgets_values":{"video":"1726641610365921433_shaded宅舞测试.mp4","force_rate":0,"force_size":"Disabled","custom_width":512,"custom_height":512,"frame_load_cap":17,"skip_first_frames":0,"select_every_nth":1,"choose video to upload":"image","videopreview":{"hidden":false,"paused":false,"params":{"frame_load_cap":17,"skip_first_frames":0,"force_rate":0,"filename":"1726641610365921433_shaded宅舞测试.mp4","type":"input","format":"video/mp4","select_every_nth":1},"muted":false}}},{"id":72,"type":"INTConstant","pos":{"0":-500,"1":800},"size":{"0":210,"1":58},"flags":{},"order":0,"mode":0,"inputs":[],"outputs":[{"name":"value","type":"INT","links":[152],"slot_index":0,"shape":3,"label":"值"}],"properties":{"Node name for S&R":"INTConstant"},"widgets_values":[49],"color":"#1b4669","bgcolor":"#29699c"},{"id":80,"type":"DWPreprocessor","pos":{"0":240,"1":740},"size":{"0":364.7358703613281,"1":222},"flags":{},"order":6,"mode":0,"inputs":[{"name":"image","type":"IMAGE","link":173,"label":"图像"}],"outputs":[{"name":"IMAGE","type":"IMAGE","links":[174],"slot_index":0,"shape":3,"label":"图像"},{"name":"POSE_KEYPOINT","type":"POSE_KEYPOINT","links":null,"shape":3,"label":"姿态关键点"}],"properties":{"Node name for S&R":"DWPreprocessor"},"widgets_values":["enable","enable","enable",512,"yolox_l.torchscript.pt","dw-ll_ucoco_384_bs5.torchscript.pt","disable"]},{"id":37,"type":"ImageResizeKJ","pos":{"0":270,"1":1000},"size":{"0":315,"1":266},"flags":{},"order":8,"mode":0,"inputs":[{"name":"image","type":"IMAGE","link":174,"label":"图像"},{"name":"get_image_size","type":"IMAGE","link":null,"shape":7,"label":"参考图像"},{"name":"width_input","type":"INT","link":null,"widget":{"name":"width_input"},"label":"宽度"},{"name":"height_input","type":"INT","link":null,"widget":{"name":"height_input"},"label":"高度"}],"outputs":[{"name":"IMAGE","type":"IMAGE","links":[130],"slot_index":0,"shape":3,"label":"图像"},{"name":"width","type":"INT","links":null,"shape":3,"label":"宽度"},{"name":"height","type":"INT","links":null,"shape":3,"label":"高度"}],"properties":{"Node name for S&R":"ImageResizeKJ"},"widgets_values":[512,512,"lanczos",true,16,0,0,"disabled"]},{"id":61,"type":"GetImageSizeAndCount","pos":{"0":630,"1":1010},"size":{"0":277.20001220703125,"1":86},"flags":{},"order":9,"mode":0,"inputs":[{"name":"image","type":"IMAGE","link":130,"label":"图像"}],"outputs":[{"name":"image","type":"IMAGE","links":[135,175],"slot_index":0,"shape":3,"label":"图像"},{"name":"width","type":"INT","links":null,"shape":3,"label":"宽度"},{"name":"height","type":"INT","links":null,"shape":3,"label":"高度"},{"name":"count","type":"INT","links":null,"shape":3,"label":"数量"}],"properties":{"Node name for S&R":"GetImageSizeAndCount"},"widgets_values":[]},{"id":82,"type":"CogVideoXFunControlSampler","pos":{"0":1060,"1":300},"size":{"0":311.2205810546875,"1":350},"flags":{},"order":11,"mode":0,"inputs":[{"name":"pipeline","type":"COGVIDEOPIPE","link":183,"label":"pipeline"},{"name":"positive","type":"CONDITIONING","link":178,"label":"positive"},{"name":"negative","type":"CONDITIONING","link":179,"label":"negative"},{"name":"control_latents","type":"COGCONTROL_LATENTS","link":182,"label":"control_latents"},{"name":"samples","type":"LATENT","link":null,"shape":7,"label":"samples"},{"name":"context_options","type":"COGCONTEXT","link":null,"shape":7,"label":"context_options"}],"outputs":[{"name":"cogvideo_pipe","type":"COGVIDEOPIPE","links":[180],"shape":3,"label":"cogvideo_pipe"},{"name":"samples","type":"LATENT","links":[181],"shape":3,"label":"samples"}],"properties":{"Node name for S&R":"CogVideoXFunControlSampler"},"widgets_values":[42,"fixed",25,6,"CogVideoXDPMScheduler",0.7000000000000001,0,1,1]},{"id":11,"type":"CogVideoDecode","pos":{"0":1450,"1":350},"size":{"0":282.7455749511719,"1":198},"flags":{},"order":12,"mode":0,"inputs":[{"name":"pipeline","type":"COGVIDEOPIPE","link":180,"label":"CogVideo"},{"name":"samples","type":"LATENT","link":181,"label":"Latent"}],"outputs":[{"name":"images","type":"IMAGE","links":[124],"slot_index":0,"shape":3,"label":"图像"}],"properties":{"Node name for S&R":"CogVideoDecode"},"widgets_values":[true,240,360,0.2,0.2,true]},{"id":81,"type":"CogVideoControlImageEncode","pos":{"0":1080,"1":990},"size":{"0":367.79998779296875,"1":146},"flags":{},"order":10,"mode":0,"inputs":[{"name":"pipeline","type":"COGVIDEOPIPE","link":184,"label":"pipeline"},{"name":"control_video","type":"IMAGE","link":175,"label":"control_video"}],"outputs":[{"name":"control_latents","type":"COGCONTROL_LATENTS","links":[182],"slot_index":0,"shape":3,"label":"control_latents"},{"name":"width","type":"INT","links":null,"shape":3,"label":"width"},{"name":"height","type":"INT","links":null,"shape":3,"label":"height"}],"properties":{"Node name for S&R":"CogVideoControlImageEncode"},"widgets_values":[512,false,0]},{"id":58,"type":"ImageConcatMulti","pos":{"0":1820,"1":390},"size":{"0":210,"1":150},"flags":{},"order":13,"mode":0,"inputs":[{"name":"image_1","type":"IMAGE","link":135,"label":"图像_1"},{"name":"image_2","type":"IMAGE","link":124,"label":"图像_2"}],"outputs":[{"name":"images","type":"IMAGE","links":[126],"slot_index":0,"shape":3,"label":"图像"}],"properties":{},"widgets_values":[2,"right",true,null]},{"id":20,"type":"CLIPLoader","pos":{"0":-30,"1":410},"size":{"0":451.30548095703125,"1":82},"flags":{},"order":1,"mode":0,"inputs":[],"outputs":[{"name":"CLIP","type":"CLIP","links":[54,56],"slot_index":0,"shape":3,"label":"CLIP"}],"properties":{"Node name for S&R":"CLIPLoader"},"widgets_values":["t5\\clip\\google_t5-v1_1-xxl_encoderonly-fp8_e4m3fn.safetensors","sd3"]},{"id":60,"type":"WidgetToString","pos":{"0":1080,"1":80},"size":{"0":315,"1":130},"flags":{"collapsed":true},"order":7,"mode":0,"inputs":[{"name":"any_input","type":"*","link":128,"shape":7}],"outputs":[{"name":"STRING","type":"STRING","links":[129],"slot_index":0,"shape":3,"label":"字符串"}],"properties":{"Node name for S&R":"WidgetToString"},"widgets_values":[0,"prompt",false,""]},{"id":83,"type":"DownloadAndLoadCogVideoModel","pos":{"0":610,"1":40},"size":{"0":315,"1":194},"flags":{},"order":2,"mode":0,"inputs":[{"name":"pab_config","type":"PAB_CONFIG","link":null,"shape":7},{"name":"block_edit","type":"TRANSFORMERBLOCKS","link":null,"shape":7},{"name":"lora","type":"COGLORA","link":null,"shape":7}],"outputs":[{"name":"cogvideo_pipe","type":"COGVIDEOPIPE","links":[183,184],"label":"CogVideo","slot_index":0}],"properties":{"Node name for S&R":"DownloadAndLoadCogVideoModel"},"widgets_values":["alibaba-pai/CogVideoX-Fun-V1.1-5b-Pose","bf16","disabled","disabled",false]}],"links":[[54,20,0,30,0,"CLIP"],[56,20,0,31,0,"CLIP"],[124,11,0,58,1,"IMAGE"],[126,58,0,59,0,"IMAGE"],[128,30,0,60,0,"*"],[129,60,0,59,2,"STRING"],[130,37,0,61,0,"IMAGE"],[135,61,0,58,0,"IMAGE"],[150,59,0,44,0,"IMAGE"],[152,72,0,65,2,"INT"],[173,65,0,80,0,"IMAGE"],[174,80,0,37,0,"IMAGE"],[175,61,0,81,1,"IMAGE"],[178,30,0,82,1,"CONDITIONING"],[179,31,0,82,2,"CONDITIONING"],[180,82,0,11,0,"COGVIDEOPIPE"],[181,82,1,11,1,"LATENT"],[182,81,0,82,3,"COGCONTROL_LATENTS"],[183,83,0,82,0,"COGVIDEOPIPE"],[184,83,0,81,0,"COGVIDEOPIPE"]],"groups":[],"config":{},"extra":{"ds":{"scale":0.3073560549142846,"offset":[1780.3615347187467,256.79557704080565]},"workspace_info":{"id":"BInLiuoSv4fUurSo5nhWH"}},"version":0.4}