{"last_node_id":239,"last_link_id":348,"nodes":[{"id":172,"type":"Reroute","pos":{"0":470,"1":2350},"size":[75,26],"flags":{},"order":0,"mode":0,"inputs":[{"name":"","type":"*","link":null,"label":""}],"outputs":[{"name":"","type":"*","links":null}],"properties":{"showOutputText":false,"horizontal":false}},{"id":174,"type":"Reroute","pos":{"0":-2290,"1":2200},"size":[75,26],"flags":{},"order":37,"mode":0,"inputs":[{"name":"","type":"*","link":346,"label":""}],"outputs":[{"name":"","type":"IMAGE","links":[249]}],"properties":{"showOutputText":false,"horizontal":false}},{"id":175,"type":"Show any to JSON [Crystools]","pos":{"0":1190,"1":1560},"size":{"0":240,"1":170},"flags":{},"order":44,"mode":0,"inputs":[{"name":"any_value","type":"*","link":259,"label":"任意值","shape":7}],"outputs":[{"name":"string","type":"STRING","links":[260],"slot_index":0,"shape":3,"label":"字符串"}],"properties":{"Node name for S&R":"Show any to JSON [Crystools]"},"widgets_values":[]},{"id":177,"type":"LoadAudio","pos":{"0":0,"1":1830},"size":{"0":315,"1":124},"flags":{},"order":1,"mode":0,"inputs":[],"outputs":[{"name":"AUDIO","type":"AUDIO","links":[252],"shape":3,"label":"音频"}],"properties":{"Node name for S&R":"LoadAudio"},"widgets_values":["voice2.mp3",null,""]},{"id":181,"type":"Note","pos":{"0":-1790,"1":1550},"size":{"0":390,"1":60},"flags":{},"order":2,"mode":0,"inputs":[],"outputs":[],"properties":{},"widgets_values":["现在可用的有：\ncogvideox-5b-i2v、cogvideox-fun-v1.1-5b-inp、cogvieox-fun-v1,1-5b-pose\n其他模型暂时没有本地文件"],"color":"#432","bgcolor":"#653"},{"id":184,"type":"Reroute","pos":{"0":-2270,"1":2280},"size":[75,26],"flags":{},"order":22,"mode":0,"inputs":[{"name":"","type":"*","link":268}],"outputs":[{"name":"","type":"IMAGE","links":[]}],"properties":{"showOutputText":false,"horizontal":false}},{"id":163,"type":"DownloadAndLoadCogVideoModel","pos":{"0":-1790,"1":1670},"size":{"0":337.8885192871094,"1":194},"flags":{},"order":3,"mode":0,"inputs":[{"name":"pab_config","type":"PAB_CONFIG","link":null,"label":"pab_config","shape":7},{"name":"block_edit","type":"TRANSFORMERBLOCKS","link":null,"shape":7},{"name":"lora","type":"COGLORA","link":null,"shape":7}],"outputs":[{"name":"cogvideo_pipe","type":"COGVIDEOPIPE","links":[255,269],"slot_index":0,"shape":3,"label":"CogVideo"}],"properties":{"Node name for S&R":"DownloadAndLoadCogVideoModel"},"widgets_values":["THUDM/CogVideoX-5b-I2V","bf16","disabled","disabled",false]},{"id":165,"type":"CogVideoTextEncode","pos":{"0":-1850,"1":1920},"size":{"0":470,"1":170},"flags":{},"order":21,"mode":0,"inputs":[{"name":"clip","type":"CLIP","link":246,"label":"CLIP"},{"name":"prompt","type":"STRING","link":247,"widget":{"name":"prompt"},"label":"提示词"}],"outputs":[{"name":"conditioning","type":"CONDITIONING","links":[270],"slot_index":0,"shape":3,"label":"条件"}],"properties":{"Node name for S&R":"CogVideoTextEncode"},"widgets_values":["a majestic stag is grazing in an enhanced forest, basking in the setting sun filtered by the trees",1,true,true]},{"id":166,"type":"CogVideoTextEncode","pos":{"0":-1850,"1":2160},"size":{"0":470,"1":130},"flags":{},"order":20,"mode":0,"inputs":[{"name":"clip","type":"CLIP","link":248,"label":"CLIP"}],"outputs":[{"name":"conditioning","type":"CONDITIONING","links":[271],"slot_index":0,"shape":3,"label":"条件"}],"properties":{"Node name for S&R":"CogVideoTextEncode"},"widgets_values":["The video is not of a high quality, it has a low resolution. Watermark present in each frame. Strange motion trajectory. Deformable movements, twisted limbs, disjointed camera transitions",1,true,true]},{"id":213,"type":"Primitive integer [Crystools]","pos":{"0":-2320,"1":2520},"size":{"0":315,"1":58},"flags":{},"order":4,"mode":0,"inputs":[],"outputs":[{"name":"int","type":"INT","links":[307],"label":"整数"}],"properties":{"Node name for S&R":"Primitive integer [Crystools]"},"widgets_values":[480]},{"id":170,"type":"CogVideoImageEncode","pos":{"0":-1270,"1":2250},"size":{"0":410,"1":122},"flags":{},"order":39,"mode":0,"inputs":[{"name":"pipeline","type":"COGVIDEOPIPE","link":255,"label":"CogVideo"},{"name":"image","type":"IMAGE","link":256,"label":"图像"},{"name":"mask","type":"MASK","link":null,"label":"mask","shape":7}],"outputs":[{"name":"samples","type":"LATENT","links":[308],"slot_index":0,"shape":3,"label":"Latent"}],"properties":{"Node name for S&R":"CogVideoImageEncode"},"widgets_values":[16,true]},{"id":186,"type":"CogVideoSampler","pos":{"0":-1090,"1":1680},"size":{"0":405.5999755859375,"1":350},"flags":{},"order":40,"mode":0,"inputs":[{"name":"pipeline","type":"COGVIDEOPIPE","link":269,"label":"CogVideo"},{"name":"positive","type":"CONDITIONING","link":270,"label":"正面条件"},{"name":"negative","type":"CONDITIONING","link":271,"label":"负面条件"},{"name":"samples","type":"LATENT","link":null,"shape":7,"label":"Latent"},{"name":"image_cond_latents","type":"LATENT","link":308,"shape":7},{"name":"context_options","type":"COGCONTEXT","link":null,"shape":7}],"outputs":[{"name":"cogvideo_pipe","type":"COGVIDEOPIPE","links":[273],"slot_index":0,"label":"CogVideo"},{"name":"samples","type":"LATENT","links":[274],"slot_index":1,"label":"Latent"}],"properties":{"Node name for S&R":"CogVideoSampler"},"widgets_values":[480,720,49,50,6,766175920895269,"randomize","CogVideoXDDIM",1]},{"id":176,"type":"SaveVideoToOssAndDisplay","pos":{"0":1470,"1":1590},"size":{"0":320,"1":80},"flags":{},"order":45,"mode":0,"inputs":[{"name":"input_path","type":"STRING","link":260,"widget":{"name":"input_path"},"label":"input_path"}],"outputs":[{"name":"STRING","type":"STRING","links":null,"shape":3,"label":"STRING"}],"properties":{"Node name for S&R":"SaveVideoToOssAndDisplay"},"widgets_values":["","comfyui/tickletalk/video/1017test"]},{"id":222,"type":"PerturbedAttentionGuidance","pos":{"0":-2360,"1":570},"size":{"0":315,"1":58},"flags":{},"order":24,"mode":0,"inputs":[{"name":"model","type":"MODEL","link":320,"label":"模型"}],"outputs":[{"name":"MODEL","type":"MODEL","links":[331],"slot_index":0,"label":"模型"}],"properties":{"Node name for S&R":"PerturbedAttentionGuidance"},"widgets_values":[2]},{"id":236,"type":"Reroute","pos":{"0":-1250,"1":640},"size":[75,26],"flags":{},"order":31,"mode":0,"inputs":[{"name":"","type":"*","link":334}],"outputs":[{"name":"","type":"CONDITIONING","links":[336,337],"slot_index":0}],"properties":{"showOutputText":false,"horizontal":false}},{"id":237,"type":"Reroute","pos":{"0":-1290,"1":720},"size":[75,26],"flags":{},"order":25,"mode":0,"inputs":[{"name":"","type":"*","link":335}],"outputs":[{"name":"","type":"CONDITIONING","links":[338,339],"slot_index":0}],"properties":{"showOutputText":false,"horizontal":false}},{"id":217,"type":"CLIPTextEncode","pos":{"0":-1800,"1":640},"size":{"0":400,"1":200},"flags":{},"order":29,"mode":0,"inputs":[{"name":"clip","type":"CLIP","link":310,"label":"CLIP"},{"name":"text","type":"STRING","link":328,"widget":{"name":"text"},"label":"文本"}],"outputs":[{"name":"CONDITIONING","type":"CONDITIONING","links":[334],"slot_index":0,"label":"条件"}],"properties":{"Node name for S&R":"CLIPTextEncode"},"widgets_values":["",true]},{"id":215,"type":"CheckpointLoaderSimple","pos":{"0":-2330,"1":940},"size":{"0":315,"1":98},"flags":{},"order":5,"mode":0,"inputs":[],"outputs":[{"name":"MODEL","type":"MODEL","links":[319],"slot_index":0,"label":"模型"},{"name":"CLIP","type":"CLIP","links":[310,312],"slot_index":1,"label":"CLIP"},{"name":"VAE","type":"VAE","links":[316],"slot_index":2,"label":"VAE"}],"properties":{"Node name for S&R":"CheckpointLoaderSimple"},"widgets_values":["sdxl/Dices_DreamDiffusion_XL_Lightning_v0.2.safetensors"]},{"id":223,"type":"LoraLoaderModelOnly","pos":{"0":-2330,"1":740},"size":{"0":315,"1":82},"flags":{},"order":18,"mode":0,"inputs":[{"name":"model","type":"MODEL","link":319,"label":"模型"}],"outputs":[{"name":"MODEL","type":"MODEL","links":[320],"slot_index":0,"label":"模型"}],"properties":{"Node name for S&R":"LoraLoaderModelOnly"},"widgets_values":["sdxl/realism_sdxl.safetensors",1]},{"id":218,"type":"CLIPTextEncode","pos":{"0":-1770,"1":930},"size":{"0":400,"1":200},"flags":{},"order":19,"mode":0,"inputs":[{"name":"clip","type":"CLIP","link":312,"label":"CLIP"}],"outputs":[{"name":"CONDITIONING","type":"CONDITIONING","links":[335],"slot_index":0,"label":"条件"}],"properties":{"Node name for S&R":"CLIPTextEncode"},"widgets_values":["score_4, score_3, score_2, score_1, source_pony, source_furry, source_cartoon,lowres, bad, error, fewer, extra, missing, worst quality, jpeg artifacts, bad quality, watermark, signature, extra digits, artistic error, username, abstract, artist logo, artist name, signature, bad fingers, bad hand,embedding:Morenegative_Stable_Yogi-neg, ",true]},{"id":224,"type":"Reroute","pos":{"0":-1110,"1":580},"size":[75,26],"flags":{},"order":30,"mode":0,"inputs":[{"name":"","type":"*","link":332}],"outputs":[{"name":"","type":"MODEL","links":[322,342],"slot_index":0}],"properties":{"showOutputText":false,"horizontal":false}},{"id":233,"type":"IPAdapterAdvanced","pos":{"0":-480,"1":-30},"size":{"0":315,"1":278},"flags":{},"order":27,"mode":0,"inputs":[{"name":"model","type":"MODEL","link":331,"label":"模型"},{"name":"ipadapter","type":"IPADAPTER","link":329,"label":"IPAdapter"},{"name":"image","type":"IMAGE","link":330,"label":"正面图像"},{"name":"image_negative","type":"IMAGE","link":null,"shape":7,"label":"负面图像"},{"name":"attn_mask","type":"MASK","link":null,"shape":7,"label":"关注层遮罩"},{"name":"clip_vision","type":"CLIP_VISION","link":343,"shape":7,"label":"CLIP视觉"}],"outputs":[{"name":"MODEL","type":"MODEL","links":[332],"slot_index":0,"label":"模型"}],"properties":{"Node name for S&R":"IPAdapterAdvanced"},"widgets_values":[0.5,"linear","concat",0.2,0.8,"V only"]},{"id":238,"type":"CLIPVisionLoader","pos":{"0":-1020,"1":300},"size":{"0":315,"1":58},"flags":{},"order":6,"mode":0,"inputs":[],"outputs":[{"name":"CLIP_VISION","type":"CLIP_VISION","links":[343],"label":"CLIP视觉"}],"properties":{"Node name for S&R":"CLIPVisionLoader"},"widgets_values":["CLIP-ViT-H-14-laion2B-s32B-b79K.safetensors"]},{"id":234,"type":"LoadImage","pos":{"0":-1030,"1":-110},"size":{"0":320,"1":310},"flags":{},"order":7,"mode":0,"inputs":[],"outputs":[{"name":"IMAGE","type":"IMAGE","links":[330],"label":"图像"},{"name":"MASK","type":"MASK","links":null,"label":"遮罩"}],"properties":{"Node name for S&R":"LoadImage"},"widgets_values":["0-1.png","image"]},{"id":232,"type":"IPAdapterModelLoader","pos":{"0":-1040,"1":-230},"size":{"0":315,"1":58},"flags":{},"order":8,"mode":0,"inputs":[],"outputs":[{"name":"IPADAPTER","type":"IPADAPTER","links":[329],"slot_index":0,"label":"IPAdapter"}],"properties":{"Node name for S&R":"IPAdapterModelLoader"},"widgets_values":["ip-adapter-plus-face_sdxl_vit-h.safetensors"]},{"id":216,"type":"KSampler","pos":{"0":-1280,"1":860},"size":{"0":315,"1":262},"flags":{},"order":32,"mode":0,"inputs":[{"name":"model","type":"MODEL","link":322,"label":"模型"},{"name":"positive","type":"CONDITIONING","link":336,"label":"正面条件"},{"name":"negative","type":"CONDITIONING","link":338,"label":"负面条件"},{"name":"latent_image","type":"LATENT","link":314,"label":"Latent"}],"outputs":[{"name":"LATENT","type":"LATENT","links":[344],"slot_index":0,"label":"Latent"}],"properties":{"Node name for S&R":"KSampler"},"widgets_values":[1058175767510706,"randomize",7,2,"dpmpp_sde_gpu","karras",1]},{"id":235,"type":"KSampler","pos":{"0":-910,"1":860},"size":{"0":315,"1":262},"flags":{},"order":34,"mode":0,"inputs":[{"name":"model","type":"MODEL","link":342,"label":"模型"},{"name":"positive","type":"CONDITIONING","link":337,"label":"正面条件"},{"name":"negative","type":"CONDITIONING","link":339,"label":"负面条件"},{"name":"latent_image","type":"LATENT","link":345,"label":"Latent"}],"outputs":[{"name":"LATENT","type":"LATENT","links":[340],"slot_index":0,"label":"Latent"}],"properties":{"Node name for S&R":"KSampler"},"widgets_values":[685507485600317,"randomize",7,2,"dpmpp_sde_gpu","karras",0.6]},{"id":168,"type":"VHS_VideoCombine","pos":{"0":510,"1":1580},"size":[630,730],"flags":{},"order":43,"mode":0,"inputs":[{"name":"images","type":"IMAGE","link":251,"label":"图像"},{"name":"audio","type":"AUDIO","link":252,"label":"音频","shape":7},{"name":"meta_batch","type":"VHS_BatchManager","link":null,"label":"批次管理","shape":7},{"name":"vae","type":"VAE","link":null,"label":"vae","shape":7}],"outputs":[{"name":"Filenames","type":"VHS_FILENAMES","links":[259],"slot_index":0,"shape":3,"label":"文件名"}],"properties":{"Node name for S&R":"VHS_VideoCombine"},"widgets_values":{"frame_rate":16,"loop_count":0,"filename_prefix":"CogVideoX-I2V-16","format":"video/h264-mp4","pix_fmt":"yuv420p","crf":19,"save_metadata":true,"pingpong":false,"save_output":true,"videopreview":{"hidden":false,"paused":false,"params":{"filename":"CogVideoX-I2V-16_00086-audio.mp4","subfolder":"","type":"output","format":"video/h264-mp4","frame_rate":16},"muted":false}}},{"id":164,"type":"CLIPLoader","pos":{"0":-2420,"1":1960},"size":{"0":451.30548095703125,"1":82},"flags":{},"order":9,"mode":0,"inputs":[],"outputs":[{"name":"CLIP","type":"CLIP","links":[246,248],"slot_index":0,"shape":3,"label":"CLIP"}],"properties":{"Node name for S&R":"CLIPLoader"},"widgets_values":["sd3/t5xxl_fp8_e4m3fn.safetensors","sd3"]},{"id":212,"type":"Primitive integer [Crystools]","pos":{"0":-2310,"1":2370},"size":{"0":315,"1":58},"flags":{},"order":10,"mode":0,"inputs":[],"outputs":[{"name":"int","type":"INT","links":[306],"label":"整数"}],"properties":{"Node name for S&R":"Primitive integer [Crystools]"},"widgets_values":[720]},{"id":178,"type":"easy prompt","pos":{"0":-2390,"1":1680},"size":{"0":400,"1":200},"flags":{},"order":11,"mode":0,"inputs":[],"outputs":[{"name":"prompt","type":"STRING","links":[247],"slot_index":0,"shape":3,"label":"prompt"}],"properties":{"Node name for S&R":"easy prompt"},"widgets_values":["A white-collar woman with glasses and long, wavy brown hair sits at an office desk. the camera slowly zooms in, moving down from her face to her chest. Her chest rises and falls noticeably with her breathing,And a man's hand was caressing her chest,When touched on her chest, she shyly blinked her eyes","none","none",true]},{"id":182,"type":"LoadImage","pos":{"0":-2870,"1":1610},"size":{"0":320,"1":310},"flags":{},"order":12,"mode":0,"inputs":[],"outputs":[{"name":"IMAGE","type":"IMAGE","links":[],"slot_index":0,"label":"图像"},{"name":"MASK","type":"MASK","links":null,"label":"遮罩"}],"properties":{"Node name for S&R":"LoadImage"},"widgets_values":["ComfyUI_temp_vcbtm_00001_.png","image"]},{"id":183,"type":"LoadImage","pos":{"0":-2870,"1":2060},"size":{"0":320,"1":310},"flags":{},"order":13,"mode":4,"inputs":[],"outputs":[{"name":"IMAGE","type":"IMAGE","links":[268],"slot_index":0,"label":"图像"},{"name":"MASK","type":"MASK","links":null,"label":"遮罩"}],"properties":{"Node name for S&R":"LoadImage"},"widgets_values":["last.png","image"]},{"id":167,"type":"ImageResizeKJ","pos":{"0":-1790,"1":2360},"size":{"0":315,"1":266},"flags":{},"order":38,"mode":0,"inputs":[{"name":"image","type":"IMAGE","link":249,"label":"图像"},{"name":"get_image_size","type":"IMAGE","link":null,"label":"参考图像","shape":7},{"name":"width_input","type":"INT","link":306,"widget":{"name":"width_input"},"label":"宽度","shape":7},{"name":"height_input","type":"INT","link":307,"widget":{"name":"height_input"},"label":"高度","shape":7}],"outputs":[{"name":"IMAGE","type":"IMAGE","links":[256],"slot_index":0,"shape":3,"label":"图像"},{"name":"width","type":"INT","links":null,"shape":3,"label":"宽度"},{"name":"height","type":"INT","links":null,"shape":3,"label":"高度"}],"properties":{"Node name for S&R":"ImageResizeKJ"},"widgets_values":[720,480,"lanczos",false,16,0,0,"center"]},{"id":221,"type":"PreviewImage","pos":{"0":-540,"1":610},"size":{"0":210,"1":250},"flags":{},"order":36,"mode":0,"inputs":[{"name":"images","type":"IMAGE","link":317,"label":"图像"}],"outputs":[],"properties":{"Node name for S&R":"PreviewImage"},"widgets_values":[]},{"id":239,"type":"LatentUpscaleBy","pos":{"0":-1020,"1":750},"size":{"0":315,"1":82},"flags":{"collapsed":true},"order":33,"mode":0,"inputs":[{"name":"samples","type":"LATENT","link":344,"label":"Latent"}],"outputs":[{"name":"LATENT","type":"LATENT","links":[345],"slot_index":0,"label":"Latent"}],"properties":{"Node name for S&R":"LatentUpscaleBy"},"widgets_values":["nearest-exact",2]},{"id":220,"type":"VAEDecode","pos":{"0":-540,"1":950},"size":{"0":210,"1":46},"flags":{},"order":35,"mode":0,"inputs":[{"name":"samples","type":"LATENT","link":340,"label":"Latent"},{"name":"vae","type":"VAE","link":316,"label":"VAE"}],"outputs":[{"name":"IMAGE","type":"IMAGE","links":[317,346],"slot_index":0,"label":"图像"}],"properties":{"Node name for S&R":"VAEDecode"},"widgets_values":[]},{"id":169,"type":"CogVideoDecode","pos":{"0":-450,"1":1690},"size":{"0":300.396484375,"1":198},"flags":{},"order":41,"mode":0,"inputs":[{"name":"pipeline","type":"COGVIDEOPIPE","link":273,"label":"CogVideo"},{"name":"samples","type":"LATENT","link":274,"label":"Latent"}],"outputs":[{"name":"images","type":"IMAGE","links":[347],"slot_index":0,"shape":3,"label":"图像"}],"properties":{"Node name for S&R":"CogVideoDecode"},"widgets_values":[false,240,360,0.2,0.2,false]},{"id":171,"type":"RIFE VFI","pos":{"0":10,"1":1570},"size":{"0":443.4000244140625,"1":198},"flags":{},"order":42,"mode":0,"inputs":[{"name":"frames","type":"IMAGE","link":347,"label":"图像"},{"name":"optional_interpolation_states","type":"INTERPOLATION_STATES","link":null,"label":"插值规则(可选)","shape":7}],"outputs":[{"name":"IMAGE","type":"IMAGE","links":[251],"slot_index":0,"shape":3,"label":"图像"}],"properties":{"Node name for S&R":"RIFE VFI"},"widgets_values":["rife47.pth",10,2,true,true,1]},{"id":219,"type":"EmptyLatentImage","pos":{"0":-1580,"1":1290},"size":{"0":315,"1":106},"flags":{},"order":14,"mode":0,"inputs":[],"outputs":[{"name":"LATENT","type":"LATENT","links":[314],"label":"Latent"}],"properties":{"Node name for S&R":"EmptyLatentImage"},"widgets_values":[360,360,1]},{"id":225,"type":"TTKeywordMap","pos":{"0":-3260,"1":630},"size":{"0":315,"1":130},"flags":{},"order":26,"mode":0,"inputs":[{"name":"replace_text","type":"LIST","link":323,"label":"replace_text"}],"outputs":[{"name":"关键词映射","type":"STRING","links":[327,328],"slot_index":0,"label":"关键词映射"}],"properties":{"Node name for S&R":"TTKeywordMap"},"widgets_values":[0,0,0,"solo,18+ years old，tan skin，long hair style，blonde hair color,blue eyes color,sexy body,wear glass"]},{"id":230,"type":"Primitive string [Crystools]","pos":{"0":-4000,"1":830},"size":{"0":315,"1":58},"flags":{},"order":15,"mode":0,"inputs":[],"outputs":[{"name":"string","type":"STRING","links":[326],"slot_index":0,"label":"字符串"}],"properties":{"Node name for S&R":"Primitive string [Crystools]"},"widgets_values":["scarlett·hayes_clothes"]},{"id":229,"type":"Primitive string [Crystools]","pos":{"0":-4020,"1":700},"size":{"0":315,"1":58},"flags":{},"order":16,"mode":0,"inputs":[],"outputs":[{"name":"string","type":"STRING","links":[325],"slot_index":0,"label":"字符串"}],"properties":{"Node name for S&R":"Primitive string [Crystools]"},"widgets_values":[""]},{"id":231,"type":"easy showAnything","pos":{"0":-2890,"1":600},"size":{"0":440,"1":270},"flags":{},"order":28,"mode":0,"inputs":[{"name":"anything","type":"*","link":327,"shape":7,"label":"输入任何"}],"outputs":[{"name":"output","type":"*","links":null}],"properties":{"Node name for S&R":"easy showAnything"},"widgets_values":["score_9, score_8_up, score_7_up, score_6_up,1female\\(solo,18+ years old，tan skin，long hair style，blonde hair color,blue eyes color,sexy body,wear glass,BREAK,Focused on bra,close up, tight fitting bra, curves accentuated,BREAK,business attire,white shirt,beside the desk,office,\\),safe,best quality, very aesthetic, absurdres,high resolution,HD,Depth of field, storytelling composition, realistic light and shadow,4k"]},{"id":226,"type":"Text List","pos":{"0":-3610,"1":620},"size":{"0":315,"1":202},"flags":{},"order":23,"mode":0,"inputs":[{"name":"text_a","type":"STRING","link":324,"widget":{"name":"text_a"},"shape":7,"label":"文本_A"},{"name":"text_b","type":"STRING","link":325,"widget":{"name":"text_b"},"shape":7,"label":"文本_B"},{"name":"text_c","type":"STRING","link":326,"widget":{"name":"text_c"},"shape":7,"label":"文本_C"},{"name":"text_d","type":"STRING","link":null,"widget":{"name":"text_d"},"shape":7,"label":"文本_D"},{"name":"text_e","type":"STRING","link":null,"widget":{"name":"text_e"},"shape":7,"label":"文本_E"},{"name":"text_f","type":"STRING","link":null,"widget":{"name":"text_f"},"shape":7,"label":"文本_F"},{"name":"text_g","type":"STRING","link":null,"widget":{"name":"text_g"},"shape":7,"label":"文本_g"}],"outputs":[{"name":"LIST","type":"LIST","links":[323],"label":"列表"}],"properties":{"Node name for S&R":"Text List"},"widgets_values":["","","","","","",""]},{"id":227,"type":"Primitive string [Crystools]","pos":{"0":-4020,"1":570},"size":{"0":315,"1":58},"flags":{},"order":17,"mode":0,"inputs":[],"outputs":[{"name":"string","type":"STRING","links":[324],"label":"字符串"}],"properties":{"Node name for S&R":"Primitive string [Crystools]"},"widgets_values":["breast"]}],"links":[[246,164,0,165,0,"CLIP"],[247,178,0,165,1,"STRING"],[248,164,0,166,0,"CLIP"],[249,174,0,167,0,"IMAGE"],[251,171,0,168,0,"IMAGE"],[252,177,0,168,1,"AUDIO"],[255,163,0,170,0,"COGVIDEOPIPE"],[256,167,0,170,1,"IMAGE"],[259,168,0,175,0,"*"],[260,175,0,176,0,"STRING"],[268,183,0,184,0,"*"],[269,163,0,186,0,"COGVIDEOPIPE"],[270,165,0,186,1,"CONDITIONING"],[271,166,0,186,2,"CONDITIONING"],[273,186,0,169,0,"COGVIDEOPIPE"],[274,186,1,169,1,"LATENT"],[306,212,0,167,2,"INT"],[307,213,0,167,3,"INT"],[308,170,0,186,4,"LATENT"],[310,215,1,217,0,"CLIP"],[312,215,1,218,0,"CLIP"],[314,219,0,216,3,"LATENT"],[316,215,2,220,1,"VAE"],[317,220,0,221,0,"IMAGE"],[319,215,0,223,0,"MODEL"],[320,223,0,222,0,"MODEL"],[322,224,0,216,0,"MODEL"],[323,226,0,225,0,"LIST"],[324,227,0,226,0,"STRING"],[325,229,0,226,1,"STRING"],[326,230,0,226,2,"STRING"],[327,225,0,231,0,"*"],[328,225,0,217,1,"STRING"],[329,232,0,233,1,"IPADAPTER"],[330,234,0,233,2,"IMAGE"],[331,222,0,233,0,"MODEL"],[332,233,0,224,0,"*"],[334,217,0,236,0,"*"],[335,218,0,237,0,"*"],[336,236,0,216,1,"CONDITIONING"],[337,236,0,235,1,"CONDITIONING"],[338,237,0,216,2,"CONDITIONING"],[339,237,0,235,2,"CONDITIONING"],[340,235,0,220,0,"LATENT"],[342,224,0,235,0,"MODEL"],[343,238,0,233,5,"CLIP_VISION"],[344,216,0,239,0,"LATENT"],[345,239,0,235,3,"LATENT"],[346,220,0,174,0,"*"],[347,169,0,171,0,"IMAGE"]],"groups":[{"title":"ipadapter","bounding":[-1050,-300,895,662],"color":"#b06634","font_size":24,"flags":{}},{"title":"基础文生图","bounding":[-2370,490,2290,970],"color":"#3f789e","font_size":24,"flags":{}},{"title":"Group","bounding":[-2930,1500,450,1240],"color":"#A88","font_size":24,"flags":{}},{"title":"load","bounding":[-2420,-1430,980,-80],"color":"#3f789e","font_size":24,"flags":{}},{"title":"Group","bounding":[-2450,1480,2370,1230],"color":"#8AA","font_size":24,"flags":{}},{"title":"Group","bounding":[-60,1480,1870,1210],"color":"#b58b2a","font_size":24,"flags":{}},{"title":"prompt调度","bounding":[-4040,490,1650,490],"color":"#A88","font_size":24,"flags":{}}],"config":{},"extra":{"ds":{"scale":0.5559917313492246,"offset":[1983.6229049619499,-418.4998343611687]},"workspace_info":{"id":"KFqfblPpQ-oJnLmNgc9J6","saveLock":false,"cloudID":null,"coverMediaPath":null},"groupNodes":{"input":{"nodes":[{"id":-1,"type":"easy prompt","pos":{"0":-3590,"1":-1040},"size":{"0":340,"1":129},"flags":{},"order":11,"mode":0,"inputs":[],"outputs":[{"name":"prompt","type":"STRING","links":[],"slot_index":0,"shape":3,"label":"prompt"}],"title":"啦啦队队长","properties":{"Node name for S&R":"easy prompt"},"widgets_values":["golden hair, blue eyes,((beautiful)), (sweet),(sexy),(white skin),((fair skin)),(blue bra),in door","none","none"],"index":0},{"id":-1,"type":"easy prompt","pos":{"0":-3590,"1":-1220},"size":{"0":340,"1":129},"flags":{},"order":12,"mode":0,"inputs":[],"outputs":[{"name":"prompt","type":"STRING","links":[],"slot_index":0,"shape":3,"label":"prompt"}],"title":"银发明星","properties":{"Node name for S&R":"easy prompt"},"widgets_values":["breathtakingly beautiful, Gorgeous silver earrings,silver white hair, braided bun, piercing blue eyes, seductive gaze, slender and tall figure,perfect makeup,","none","none"],"index":1},{"id":-1,"type":"LoadImage","pos":{"0":-5210,"1":-1270},"size":{"0":210,"1":310},"flags":{},"order":13,"mode":0,"inputs":[],"outputs":[{"name":"IMAGE","type":"IMAGE","links":[],"slot_index":0,"shape":3,"label":"IMAGE"},{"name":"MASK","type":"MASK","links":null,"shape":3,"label":"MASK"}],"properties":{"Node name for S&R":"LoadImage"},"widgets_values":["1-9.png","image"],"index":2},{"id":-1,"type":"LoadImage","pos":{"0":-4740,"1":-1280},"size":{"0":210,"1":340},"flags":{},"order":14,"mode":0,"inputs":[],"outputs":[{"name":"IMAGE","type":"IMAGE","links":[],"slot_index":0,"shape":3,"label":"IMAGE"},{"name":"MASK","type":"MASK","links":null,"shape":3,"label":"MASK"}],"properties":{"Node name for S&R":"LoadImage"},"widgets_values":["0-1.png","image"],"index":3},{"id":-1,"type":"easy prompt","pos":{"0":-3570,"1":-860},"size":{"0":340,"1":129},"flags":{},"order":15,"mode":0,"inputs":[],"outputs":[{"name":"prompt","type":"STRING","links":[],"slot_index":0,"shape":3,"label":"prompt"}],"title":"办公室白领","properties":{"Node name for S&R":"easy prompt"},"widgets_values":["solo,18+ years old，tan skin，long hair style，blonde hair color,blue eyes color,sexy body,","none","none"],"index":4},{"id":-1,"type":"LoadImage","pos":{"0":-4500,"1":-1270},"size":{"0":210,"1":340},"flags":{},"order":16,"mode":0,"inputs":[],"outputs":[{"name":"IMAGE","type":"IMAGE","links":[],"slot_index":0,"shape":3,"label":"IMAGE"},{"name":"MASK","type":"MASK","links":null,"shape":3,"label":"MASK"}],"properties":{"Node name for S&R":"LoadImage"},"widgets_values":["3-2.png","image"],"index":5},{"id":-1,"type":"LoadImage","pos":{"0":-5210,"1":-870},"size":{"0":210,"1":340},"flags":{},"order":17,"mode":0,"inputs":[],"outputs":[{"name":"IMAGE","type":"IMAGE","links":[],"slot_index":0,"shape":3,"label":"IMAGE"},{"name":"MASK","type":"MASK","links":null,"shape":3,"label":"MASK"}],"properties":{"Node name for S&R":"LoadImage"},"widgets_values":["0-1 (2).png","image"],"index":6},{"id":-1,"type":"LoadImage","pos":{"0":-4270,"1":-1290},"size":{"0":210,"1":340},"flags":{},"order":18,"mode":0,"inputs":[],"outputs":[{"name":"IMAGE","type":"IMAGE","links":[],"slot_index":0,"shape":3,"label":"IMAGE"},{"name":"MASK","type":"MASK","links":null,"shape":3,"label":"MASK"}],"properties":{"Node name for S&R":"LoadImage"},"widgets_values":["1-3.png","image"],"index":7},{"id":-1,"type":"LoadImage","pos":{"0":-3980,"1":-1280},"size":{"0":210,"1":340},"flags":{},"order":19,"mode":0,"inputs":[],"outputs":[{"name":"IMAGE","type":"IMAGE","links":[],"slot_index":0,"shape":3,"label":"IMAGE"},{"name":"MASK","type":"MASK","links":null,"shape":3,"label":"MASK"}],"properties":{"Node name for S&R":"LoadImage"},"widgets_values":["1-2 (3).png","image"],"index":8},{"id":-1,"type":"LoadImage","pos":{"0":-4940,"1":-860},"size":{"0":210,"1":340},"flags":{},"order":20,"mode":0,"inputs":[],"outputs":[{"name":"IMAGE","type":"IMAGE","links":[],"slot_index":0,"shape":3,"label":"IMAGE"},{"name":"MASK","type":"MASK","links":null,"shape":3,"label":"MASK"}],"properties":{"Node name for S&R":"LoadImage"},"widgets_values":["0-1 (1).png","image"],"index":9},{"id":-1,"type":"LoadImage","pos":{"0":-4700,"1":-860},"size":{"0":210,"1":340},"flags":{},"order":21,"mode":0,"inputs":[],"outputs":[{"name":"IMAGE","type":"IMAGE","links":[],"slot_index":0,"shape":3,"label":"IMAGE"},{"name":"MASK","type":"MASK","links":null,"shape":3,"label":"MASK"}],"properties":{"Node name for S&R":"LoadImage"},"widgets_values":["1-1 (8).png","image"],"index":10},{"id":-1,"type":"LoadImage","pos":{"0":-4450,"1":-850},"size":{"0":210,"1":340},"flags":{},"order":22,"mode":0,"inputs":[],"outputs":[{"name":"IMAGE","type":"IMAGE","links":[],"slot_index":0,"shape":3,"label":"IMAGE"},{"name":"MASK","type":"MASK","links":null,"shape":3,"label":"MASK"}],"properties":{"Node name for S&R":"LoadImage"},"widgets_values":["1-1 (7).png","image"],"index":11},{"id":-1,"type":"LoadImage","pos":{"0":-4200,"1":-840},"size":{"0":210,"1":340},"flags":{},"order":23,"mode":0,"inputs":[],"outputs":[{"name":"IMAGE","type":"IMAGE","links":[],"slot_index":0,"shape":3,"label":"IMAGE"},{"name":"MASK","type":"MASK","links":null,"shape":3,"label":"MASK"}],"properties":{"Node name for S&R":"LoadImage"},"widgets_values":["1-3 (2).png","image"],"index":12},{"id":-1,"type":"LoadImage","pos":{"0":-3920,"1":-860},"size":{"0":210,"1":340},"flags":{},"order":24,"mode":0,"inputs":[],"outputs":[{"name":"IMAGE","type":"IMAGE","links":[],"slot_index":0,"shape":3,"label":"IMAGE"},{"name":"MASK","type":"MASK","links":null,"shape":3,"label":"MASK"}],"properties":{"Node name for S&R":"LoadImage"},"widgets_values":["1-3 (1).png","image"],"index":13},{"id":-1,"type":"easy prompt","pos":{"0":-3580,"1":-670},"size":{"0":340,"1":129},"flags":{},"order":25,"mode":0,"inputs":[],"outputs":[{"name":"prompt","type":"STRING","links":[],"slot_index":0,"shape":3,"label":"prompt"}],"title":"花环少女","properties":{"Node name for S&R":"easy prompt"},"widgets_values":["beautiful face, sweet, big chest, golden blonde hair, single loose braid, green eyes,(smooth skin),(clean skin),outdoor,(clean face),flower bra,","none","none"],"index":14},{"id":-1,"type":"easy prompt","pos":{"0":-3560,"1":-480},"size":{"0":340,"1":129},"flags":{},"order":26,"mode":0,"inputs":[],"outputs":[{"name":"prompt","type":"STRING","links":[],"slot_index":0,"shape":3,"label":"prompt"}],"title":"银翼杀手","properties":{"Node name for S&R":"easy prompt"},"widgets_values":["hair cascading over one shoulder, white hair,stylish and feminine, piercing golden eyes, winged eyeliner, red lipstick, dangerous, seductive, confident,night,cold bra,Halo bra, metallic texture bra","none","none"],"index":15},{"id":-1,"type":"easy prompt","pos":{"0":-3570,"1":-290},"size":{"0":340,"1":129},"flags":{},"order":27,"mode":0,"inputs":[],"outputs":[{"name":"prompt","type":"STRING","links":[],"slot_index":0,"shape":3,"label":"prompt"}],"title":"卡车司机","properties":{"Node name for S&R":"easy prompt"},"widgets_values":["large boobs, long blonde wave hair, green eyes, beautiful, young,day,wilderness,white skin,Smooth skin,grass,(black bra),smooth skin,out door","none","none"],"index":16},{"id":-1,"type":"easy prompt","pos":{"0":-3190,"1":-1270},"size":{"0":290,"1":180},"flags":{},"order":28,"mode":0,"inputs":[],"outputs":[{"name":"prompt","type":"STRING","links":[],"slot_index":0,"shape":3,"label":"prompt"}],"title":"酒保","properties":{"Node name for S&R":"easy prompt"},"widgets_values":["flowing raven brown hair,sexy,deep brown eyes,red lipstick,big chest,red bra,(smooth skin),((clean skin))","none","none"],"index":17},{"id":-1,"type":"easy prompt","pos":{"0":-3150,"1":-1050},"size":{"0":270,"1":129},"flags":{},"order":29,"mode":0,"inputs":[],"outputs":[{"name":"prompt","type":"STRING","links":[],"slot_index":0,"shape":3,"label":"prompt"}],"title":"占星师","properties":{"Node name for S&R":"easy prompt"},"widgets_values":["(european),((sexy)),(mysterious temperament),long hair,long purple hair,dark purple color,heavy makeup,red lips,(smooth skin),(clean skin)","none","none"],"index":18},{"id":-1,"type":"easy prompt","pos":{"0":-3150,"1":-860},"size":{"0":270,"1":129},"flags":{},"order":30,"mode":0,"inputs":[],"outputs":[{"name":"prompt","type":"STRING","links":[],"slot_index":0,"shape":3,"label":"prompt"}],"title":"RIN","properties":{"Node name for S&R":"easy prompt"},"widgets_values":["long dark straight hair,black bra, black eyes, straight eyebrows slanting upwards and outwards, rebellious and cold expression, sharp eyes, cold face, desolate temperament,(smooth skin),(clean skin)","none","none"],"index":19},{"id":-1,"type":"easy prompt","pos":{"0":-3160,"1":-680},"size":{"0":270,"1":129},"flags":{},"order":31,"mode":0,"inputs":[],"outputs":[{"name":"prompt","type":"STRING","links":[],"slot_index":0,"shape":3,"label":"prompt"}],"title":"凤凰","properties":{"Node name for S&R":"easy prompt"},"widgets_values":["Red hair, patient gown, Striped bra,very beautiful, young, sexy, sexy big chest,(smooth skin),(clean skin),(Within the hospital),","none","none"],"index":20},{"id":-1,"type":"easy prompt","pos":{"0":-3170,"1":-490},"size":{"0":270,"1":129},"flags":{},"order":32,"mode":0,"inputs":[],"outputs":[{"name":"prompt","type":"STRING","links":[],"slot_index":0,"shape":3,"label":"prompt"}],"title":"城堡女","properties":{"Node name for S&R":"easy prompt"},"widgets_values":["European, black raven long hair, red eyes, beautiful, make up, noble and elegant temperament,in door ,yellow wall,(smooth skin),(clean skin)","none","none"],"index":21},{"id":-1,"type":"easy prompt","pos":{"0":-3160,"1":-280},"size":{"0":270,"1":129},"flags":{},"order":33,"mode":0,"inputs":[],"outputs":[{"name":"prompt","type":"STRING","links":[],"slot_index":0,"shape":3,"label":"prompt"}],"title":"凤凰","properties":{"Node name for S&R":"easy prompt"},"widgets_values":["red hair, beautiful face, high ponytail, blue eyes, sun-kissed skin, beautiful,sexy,(smooth skin),(clean skin)","none","none"],"index":22},{"id":-1,"type":"LoadImage","pos":{"0":-5200,"1":-470},"size":{"0":210,"1":340},"flags":{},"order":34,"mode":0,"inputs":[],"outputs":[{"name":"IMAGE","type":"IMAGE","links":[],"slot_index":0,"shape":3,"label":"IMAGE"},{"name":"MASK","type":"MASK","links":null,"shape":3,"label":"MASK"}],"properties":{"Node name for S&R":"LoadImage"},"widgets_values":["1-1 (1).png","image"],"index":23},{"id":-1,"type":"easy prompt","pos":{"0":-2840,"1":-1250},"size":{"0":290,"1":180},"flags":{},"order":35,"mode":0,"inputs":[],"outputs":[{"name":"prompt","type":"STRING","links":[],"slot_index":0,"shape":3,"label":"prompt"}],"title":"钓鱼女孩","properties":{"Node name for S&R":"easy prompt"},"widgets_values":["Fried Dough Twists braids, green eyes, blond hair,sexy body,Fishing, wilderness,(white bra),","none","none"],"index":24},{"id":-1,"type":"LoadImage","pos":{"0":-4980,"1":-1260},"size":{"0":210,"1":310},"flags":{},"order":36,"mode":0,"inputs":[],"outputs":[{"name":"IMAGE","type":"IMAGE","links":[],"slot_index":0,"shape":3,"label":"IMAGE"},{"name":"MASK","type":"MASK","links":null,"shape":3,"label":"MASK"}],"properties":{"Node name for S&R":"LoadImage"},"widgets_values":["1-1 (6).png","image"],"index":25},{"id":-1,"type":"Reroute","pos":{"0":-4010,"1":-440},"size":[75,26],"flags":{},"order":46,"mode":0,"inputs":[{"name":"","type":"*","link":null,"label":""}],"outputs":[{"name":"","type":"*","links":null}],"properties":{"showOutputText":false,"horizontal":false},"index":26},{"id":-1,"type":"Reroute","pos":{"0":-4000,"1":-350},"size":[75,26],"flags":{},"order":47,"mode":0,"inputs":[{"name":"","type":"*","link":null,"label":""}],"outputs":[{"name":"","type":"*","links":null}],"properties":{"showOutputText":false,"horizontal":false},"index":27},{"id":-1,"type":"Reroute","pos":{"0":-3210,"1":-90},"size":[75,26],"flags":{},"order":48,"mode":0,"inputs":[{"name":"","type":"*","link":null,"label":""}],"outputs":[{"name":"","type":"*","links":null}],"properties":{"showOutputText":false,"horizontal":false},"index":28},{"id":-1,"type":"Reroute","pos":{"0":-4000,"1":-290},"size":[75,26],"flags":{},"order":49,"mode":0,"inputs":[{"name":"","type":"*","link":null,"label":""}],"outputs":[{"name":"","type":"*","links":null}],"properties":{"showOutputText":false,"horizontal":false},"index":29},{"id":-1,"type":"Reroute","pos":{"0":-3800,"1":-460},"size":[75,26],"flags":{},"order":50,"mode":0,"inputs":[{"name":"","type":"*","link":null,"label":""}],"outputs":[{"name":"","type":"*","links":null}],"properties":{"showOutputText":false,"horizontal":false},"index":30},{"id":-1,"type":"Reroute","pos":{"0":-3990,"1":-220},"size":[75,26],"flags":{},"order":51,"mode":0,"inputs":[{"name":"","type":"*","link":null,"label":""}],"outputs":[{"name":"","type":"*","links":null}],"properties":{"showOutputText":false,"horizontal":false},"index":31},{"id":-1,"type":"Reroute","pos":{"0":-3990,"1":-170},"size":[75,26],"flags":{},"order":52,"mode":0,"inputs":[{"name":"","type":"*","link":null,"label":""}],"outputs":[{"name":"","type":"*","links":null}],"properties":{"showOutputText":false,"horizontal":false},"index":32},{"id":-1,"type":"Reroute","pos":{"0":-3790,"1":-400},"size":[75,26],"flags":{},"order":53,"mode":0,"inputs":[{"name":"","type":"*","link":null,"label":""}],"outputs":[{"name":"","type":"*","links":null}],"properties":{"showOutputText":false,"horizontal":false},"index":33},{"id":-1,"type":"Reroute","pos":{"0":-3790,"1":-340},"size":[75,26],"flags":{},"order":54,"mode":0,"inputs":[{"name":"","type":"*","link":null,"label":""}],"outputs":[{"name":"","type":"*","links":null}],"properties":{"showOutputText":false,"horizontal":false},"index":34},{"id":-1,"type":"Reroute","pos":{"0":-3780,"1":-280},"size":[75,26],"flags":{},"order":55,"mode":0,"inputs":[{"name":"","type":"*","link":null,"label":""}],"outputs":[{"name":"","type":"*","links":null}],"properties":{"showOutputText":false,"horizontal":false},"index":35},{"id":-1,"type":"Reroute","pos":{"0":-3770,"1":-220},"size":[75,26],"flags":{},"order":56,"mode":0,"inputs":[{"name":"","type":"*","link":null,"label":""}],"outputs":[{"name":"","type":"*","links":null}],"properties":{"showOutputText":false,"horizontal":false},"index":36},{"id":-1,"type":"Reroute","pos":{"0":-3780,"1":-170},"size":[75,26],"flags":{},"order":57,"mode":0,"inputs":[{"name":"","type":"*","link":null,"label":""}],"outputs":[{"name":"","type":"*","links":null}],"properties":{"showOutputText":false,"horizontal":false},"index":37},{"id":-1,"type":"Reroute","pos":{"0":-4000,"1":-120},"size":[75,26],"flags":{},"order":58,"mode":0,"inputs":[{"name":"","type":"*","link":null,"label":""}],"outputs":[{"name":"","type":"*","links":null}],"properties":{"showOutputText":false,"horizontal":false},"index":38},{"id":-1,"type":"Reroute","pos":{"0":-4000,"1":-390},"size":[75,26],"flags":{},"order":59,"mode":0,"inputs":[{"name":"","type":"*","link":null,"label":""}],"outputs":[{"name":"","type":"*","links":null}],"properties":{"showOutputText":false,"horizontal":false},"index":39}],"links":[[2,0,26,0,94,"IMAGE"],[3,0,27,0,95,"IMAGE"],[4,0,28,0,96,"STRING"],[5,0,29,0,97,"IMAGE"],[6,0,30,0,98,"IMAGE"],[7,0,31,0,99,"IMAGE"],[8,0,32,0,100,"IMAGE"],[9,0,33,0,101,"IMAGE"],[10,0,34,0,102,"IMAGE"],[11,0,35,0,103,"IMAGE"],[12,0,36,0,104,"IMAGE"],[13,0,37,0,105,"IMAGE"],[23,0,38,0,128,"IMAGE"],[25,0,39,0,91,"IMAGE"]],"external":[]}}},"version":0.4}