{"last_node_id":440,"last_link_id":949,"nodes":[{"id":99,"type":"Reroute","pos":[-540,-80],"size":[75,26],"flags":{},"order":5,"mode":0,"inputs":[{"name":"","type":"*","link":148,"label":""}],"outputs":[{"name":"VAE","type":"VAE","links":[149],"slot_index":0,"label":"VAE"}],"properties":{"showOutputText":true,"horizontal":false}},{"id":104,"type":"Reroute","pos":[140,-80],"size":[75,26],"flags":{},"order":17,"mode":0,"inputs":[{"name":"","type":"*","link":156,"label":""}],"outputs":[{"name":"CLIP","type":"CLIP","links":[158],"slot_index":0,"label":"CLIP"}],"properties":{"showOutputText":true,"horizontal":false}},{"id":103,"type":"Reroute","pos":[-400,-80],"size":[75,26],"flags":{},"order":14,"mode":0,"inputs":[{"name":"","type":"*","link":377,"label":""}],"outputs":[{"name":"CLIP","type":"CLIP","links":[156,773],"slot_index":0,"label":"CLIP"}],"properties":{"showOutputText":true,"horizontal":false}},{"id":222,"type":"CLIPSetLastLayer","pos":[-840,90],"size":{"0":320,"1":60},"flags":{"collapsed":true},"order":10,"mode":0,"inputs":[{"name":"clip","type":"CLIP","link":376,"label":"CLIP"}],"outputs":[{"name":"CLIP","type":"CLIP","links":[377],"shape":3,"label":"CLIP","slot_index":0}],"properties":{"Node name for S&R":"CLIPSetLastLayer"},"widgets_values":[-2]},{"id":144,"type":"VAEDecode","pos":[1270.6877029704035,93.91320888720007],"size":{"0":220,"1":60},"flags":{},"order":24,"mode":0,"inputs":[{"name":"samples","type":"LATENT","link":796,"label":"Latent"},{"name":"vae","type":"VAE","link":944,"label":"VAE"}],"outputs":[{"name":"IMAGE","type":"IMAGE","links":[761],"shape":3,"label":"图像","slot_index":0}],"properties":{"Node name for S&R":"VAEDecode"}},{"id":413,"type":"Text List to Text","pos":[-60,400],"size":{"0":315,"1":58},"flags":{},"order":19,"mode":0,"inputs":[{"name":"text_list","type":"LIST","link":771,"label":"文本列表"}],"outputs":[{"name":"STRING","type":"STRING","links":[772],"shape":3,"label":"字符串","slot_index":0}],"properties":{"Node name for S&R":"Text List to Text"},"widgets_values":[", "]},{"id":419,"type":"Save Image To OSS","pos":[1193.7475571059579,-913.396676962598],"size":{"0":320,"1":120},"flags":{},"order":26,"mode":0,"inputs":[{"name":"images","type":"IMAGE","link":816,"label":"images"}],"outputs":[{"name":"JSON","type":"JSON","links":[817],"shape":3,"label":"JSON","slot_index":0}],"properties":{"Node name for S&R":"Save Image To OSS"},"widgets_values":["comfyui"]},{"id":420,"type":"Show any to JSON [Crystools]","pos":[1203.7475571059579,-723.396676962598],"size":{"0":300,"1":120},"flags":{},"order":27,"mode":0,"inputs":[{"name":"any_value","type":"*","link":817,"label":"任意值"}],"outputs":[{"name":"string","type":"STRING","links":[],"shape":3,"label":"字符串","slot_index":0}],"properties":{"Node name for S&R":"Show any to JSON [Crystools]"}},{"id":94,"type":"CR Apply LoRA Stack","pos":[-976.7790949164298,338.84621008324217],"size":{"0":380,"1":80},"flags":{},"order":6,"mode":0,"inputs":[{"name":"model","type":"MODEL","link":135,"label":"模型"},{"name":"clip","type":"CLIP","link":136,"label":"CLIP"},{"name":"lora_stack","type":"LORA_STACK","link":379,"label":"LoRA堆"}],"outputs":[{"name":"MODEL","type":"MODEL","links":[848],"shape":3,"label":"模型","slot_index":0},{"name":"CLIP","type":"CLIP","links":[376],"shape":3,"label":"CLIP","slot_index":1},{"name":"show_help","type":"STRING","links":null,"shape":3,"label":"show_help"}],"properties":{"Node name for S&R":"CR Apply LoRA Stack"}},{"id":101,"type":"Reroute","pos":[360,-90],"size":[82,26],"flags":{},"order":9,"mode":0,"inputs":[{"name":"","type":"*","link":848,"label":""}],"outputs":[{"name":"MODEL","type":"MODEL","links":[846],"slot_index":0,"label":"MODEL"}],"properties":{"showOutputText":true,"horizontal":false}},{"id":11,"type":"VAEEncode","pos":[894.9791369406087,95.40192280864211],"size":{"0":220,"1":60},"flags":{},"order":18,"mode":0,"inputs":[{"name":"pixels","type":"IMAGE","link":943,"label":"图像","slot_index":0},{"name":"vae","type":"VAE","link":150,"label":"VAE"}],"outputs":[{"name":"LATENT","type":"LATENT","links":[19],"shape":3,"label":"Latent","slot_index":0}],"properties":{"Node name for S&R":"VAEEncode"}},{"id":15,"type":"RepeatLatentBatch","pos":[874.9791369406087,365.40192280864227],"size":{"0":220,"1":60},"flags":{},"order":21,"mode":0,"inputs":[{"name":"samples","type":"LATENT","link":19,"label":"Latent"}],"outputs":[{"name":"LATENT","type":"LATENT","links":[794],"shape":3,"label":"Latent","slot_index":0}],"properties":{"Node name for S&R":"RepeatLatentBatch"},"widgets_values":[1]},{"id":4,"type":"CheckpointLoaderSimple","pos":[-970,150],"size":{"0":380,"1":100},"flags":{},"order":0,"mode":0,"outputs":[{"name":"MODEL","type":"MODEL","links":[135],"slot_index":0,"label":"模型"},{"name":"CLIP","type":"CLIP","links":[136],"slot_index":1,"label":"CLIP"},{"name":"VAE","type":"VAE","links":[148],"slot_index":2,"label":"VAE"}],"properties":{"Node name for S&R":"CheckpointLoaderSimple"},"widgets_values":["juggernautXL_v9-Lightning_4S_V9_RDPhoto2.safetensors"],"color":"#fff065","bgcolor":"#ffdc51"},{"id":187,"type":"Reroute","pos":[-120,-90],"size":[82,26],"flags":{},"order":11,"mode":0,"inputs":[{"name":"","type":"*","link":368,"label":""}],"outputs":[{"name":"IMAGE","type":"IMAGE","links":[814],"slot_index":0,"label":"IMAGE"}],"properties":{"showOutputText":true,"horizontal":false}},{"id":412,"type":"Text List","pos":[-20,140],"size":{"0":240,"1":160},"flags":{},"order":16,"mode":0,"inputs":[{"name":"text_a","type":"STRING","link":864,"widget":{"name":"text_a"},"slot_index":0,"label":"文本_A"},{"name":"text_b","type":"STRING","link":812,"widget":{"name":"text_b"},"label":"文本_B"},{"name":"text_c","type":"STRING","link":946,"widget":{"name":"text_c"},"label":"文本_C"},{"name":"text_d","type":"STRING","link":null,"widget":{"name":"text_d"},"label":"文本_D"},{"name":"text_e","type":"STRING","link":null,"widget":{"name":"text_e"},"label":"文本_E"},{"name":"text_f","type":"STRING","link":null,"widget":{"name":"text_f"},"label":"文本_F"},{"name":"text_g","type":"STRING","link":null,"widget":{"name":"text_g"},"label":"文本_g"}],"outputs":[{"name":"LIST","type":"LIST","links":[771],"shape":3,"label":"列表","slot_index":0}],"properties":{"Node name for S&R":"Text List"},"widgets_values":["","","","","","",""]},{"id":417,"type":"KSampler","pos":[1164.9791369406091,295.40192280864227],"size":{"0":315,"1":262},"flags":{},"order":23,"mode":0,"inputs":[{"name":"model","type":"MODEL","link":934,"label":"模型"},{"name":"positive","type":"CONDITIONING","link":937,"label":"正面条件"},{"name":"negative","type":"CONDITIONING","link":938,"label":"负面条件"},{"name":"latent_image","type":"LATENT","link":794,"label":"Latent"}],"outputs":[{"name":"LATENT","type":"LATENT","links":[796],"shape":3,"label":"Latent","slot_index":0}],"properties":{"Node name for S&R":"KSampler"},"widgets_values":[542453922614243,"randomize",15,7,"dpmpp_2m_sde","karras",0.5]},{"id":418,"type":"String Literal","pos":[-470,380],"size":{"0":320,"1":120},"flags":{},"order":1,"mode":0,"outputs":[{"name":"STRING","type":"STRING","links":[812],"shape":3,"label":"STRING","slot_index":0}],"properties":{"Node name for S&R":"String Literal"},"widgets_values":["8k,ultra detailed, bmasterpiece, best quality"],"color":"#90cf2e","bgcolor":"#7cbb1a"},{"id":410,"type":"CLIPTextEncode","pos":[370,90],"size":{"0":240,"1":60},"flags":{},"order":22,"mode":0,"inputs":[{"name":"clip","type":"CLIP","link":773,"label":"CLIP"},{"name":"text","type":"STRING","link":772,"widget":{"name":"text"},"label":"文本"}],"outputs":[{"name":"CONDITIONING","type":"CONDITIONING","links":[937],"slot_index":0,"label":"条件"}],"properties":{"Node name for S&R":"CLIPTextEncode"},"widgets_values":["clay character"]},{"id":102,"type":"Reroute","pos":[740,-80],"size":[82,26],"flags":{},"order":13,"mode":0,"inputs":[{"name":"","type":"*","link":846,"label":""}],"outputs":[{"name":"MODEL","type":"MODEL","links":[934],"slot_index":0,"label":"MODEL"}],"properties":{"showOutputText":true,"horizontal":false}},{"id":188,"type":"Reroute","pos":[600,-80],"size":[82,26],"flags":{},"order":15,"mode":0,"inputs":[{"name":"","type":"*","link":814,"label":""}],"outputs":[{"name":"IMAGE","type":"IMAGE","links":[943],"slot_index":0,"label":"IMAGE"}],"properties":{"showOutputText":true,"horizontal":false}},{"id":100,"type":"Reroute","pos":[990,-80],"size":[75,26],"flags":{},"order":8,"mode":0,"inputs":[{"name":"","type":"*","link":149,"label":""}],"outputs":[{"name":"VAE","type":"VAE","links":[150,944],"slot_index":0,"label":"VAE"}],"properties":{"showOutputText":true,"horizontal":false}},{"id":404,"type":"Reroute","pos":[940,-260],"size":[82,26],"flags":{},"order":25,"mode":0,"inputs":[{"name":"","type":"*","link":761}],"outputs":[{"name":"IMAGE","type":"IMAGE","links":[816],"slot_index":0}],"properties":{"showOutputText":true,"horizontal":false}},{"id":92,"type":"CR LoRA Stack","pos":[-980,480],"size":{"0":380,"1":360},"flags":{},"order":2,"mode":0,"inputs":[{"name":"lora_stack","type":"LORA_STACK","link":null,"label":"LoRA堆"}],"outputs":[{"name":"LORA_STACK","type":"LORA_STACK","links":[379],"shape":3,"label":"LORA_STACK","slot_index":0},{"name":"show_help","type":"STRING","links":null,"shape":3,"label":"show_help"}],"properties":{"Node name for S&R":"CR LoRA Stack"},"widgets_values":["On","琉璃少女xl1V10.safetensors",0.6,1,"On","3D人偶_v1.0.safetensors",0.1,1,"On","玉雕风格.safetensors",0.4,1]},{"id":411,"type":"String Literal","pos":[-470,150],"size":{"0":320,"1":120},"flags":{},"order":3,"mode":0,"outputs":[{"name":"STRING","type":"STRING","links":[864],"shape":3,"label":"STRING","slot_index":0}],"properties":{"Node name for S&R":"String Literal"},"widgets_values":["coloured glaze, jade, glass, glasssculpture, transparent, translucent, Porcelain doll, Porcelain, Glazed Artwork, Ceramic,clear"],"color":"#90cf2e","bgcolor":"#7cbb1a"},{"id":437,"type":"ClipInterrogator","pos":[-480,600],"size":{"0":320,"1":240},"flags":{},"order":12,"mode":0,"inputs":[{"name":"image","type":"IMAGE","link":945,"label":"图像"}],"outputs":[{"name":"prompt","type":"STRING","links":[946],"shape":6,"label":"提示词","slot_index":0},{"name":"random_samples","type":"STRING","links":null,"shape":6,"label":"随机样本"}],"properties":{"Node name for S&R":"ClipInterrogator"},"widgets_values":["fast","on","a girl with long hair and pink sweater, pink background, wearing a pastel pink hoodie, wearing a pink hoodie, pink clothes, light pink background, photoshoot for skincare brand, wearing sweater, dull pink background, bian luan, wearing a light - pink suit, pink shirt, pink face, tiktok 4 k uhd image, pink, pink girl, pink color palette","[\n  {\n    \"medium_ranks\": {\n      \"a stock photo\": 0.1923828125,\n      \"a polaroid photo\": 0.190185546875,\n      \"a pastel\": 0.1885986328125,\n      \"a picture\": 0.18505859375,\n      \"a screenshot\": 0.1751708984375\n    },\n    \"artist_ranks\": {\n      \"by Lü Ji\": 0.233154296875,\n      \"inspired by Wang Yuanqi\": 0.2181396484375,\n      \"by Fan Kuan\": 0.2080078125,\n      \"inspired by Elina Karimova\": 0.2076416015625,\n      \"inspired by Nadya Rusheva\": 0.2012939453125\n    },\n    \"movement_ranks\": {\n      \"aestheticism\": 0.193115234375,\n      \"paris school\": 0.188720703125,\n      \"color field\": 0.1878662109375,\n      \"rayonism\": 0.18115234375,\n      \"fauvism\": 0.180419921875\n    },\n    \"trending_ranks\": {\n      \"instagram\": 0.207275390625,\n      \"featured on instagram\": 0.1988525390625,\n      \"tumblr contest winner\": 0.194580078125,\n      \"trending on instagram\": 0.1944580078125,\n      \"instagram contest winner\": 0.1942138671875\n    },\n    \"flavor_ranks\": {\n      \"pink background\": 0.271240234375,\n      \"wearing a pastel pink hoodie\": 0.27099609375,\n      \"wearing a pink hoodie\": 0.270263671875,\n      \"pink clothes\": 0.26904296875,\n      \"light pink background\": 0.261962890625\n    }\n  }\n]","a pastel,by Lü Ji,rayonism,tumblr contest winner,wearing a pink hoodie\n\na stock photo,inspired by Wang Yuanqi,paris school,tumblr contest winner,pink clothes\n\na picture,by Lü Ji,rayonism,featured on instagram,light pink background\n\na picture,inspired by Elina Karimova,rayonism,instagram contest winner,light pink background\n\na picture,inspired by Nadya Rusheva,fauvism,instagram contest winner,light pink background"]},{"id":7,"type":"CLIPTextEncode","pos":[310,230],"size":{"0":380,"1":280},"flags":{},"order":20,"mode":0,"inputs":[{"name":"clip","type":"CLIP","link":158,"label":"CLIP"}],"outputs":[{"name":"CONDITIONING","type":"CONDITIONING","links":[938],"slot_index":0,"label":"条件"}],"properties":{"Node name for S&R":"CLIPTextEncode"},"widgets_values":["nsfw, paintings, cartoon, anime, sketches, worst quality, low quality, normal quality, lowres, watermark, monochrome, grayscale, ugly, blurry, Tan skin, dark skin, black skin, skin spots, skin blemishes, age spot, glans, disabled, distorted, bad anatomy, morbid, malformation, amputation, bad proportions, twins, missing body, fused body, extra head, poorly drawn face, bad eyes, deformed eye, unclear eyes, cross-eyed, long neck, malformed limbs, extra limbs, extra arms, missing arms, bad tongue, strange fingers, mutated hands, missing hands, poorly drawn hands, extra hands, fused hands, connected hand, bad hands, wrong fingers, missing fingers, extra fingers, 4 fingers, 3 fingers, deformed hands, extra legs, bad legs, many legs, more than two legs, bad feet, wrong feet, extra feets"],"color":"#914040","bgcolor":"#7d2c2c"},{"id":218,"type":"ImageScale","pos":[-720,-220],"size":{"0":320,"1":140},"flags":{},"order":7,"mode":0,"inputs":[{"name":"image","type":"IMAGE","link":949,"label":"图像"}],"outputs":[{"name":"IMAGE","type":"IMAGE","links":[368,945],"shape":3,"label":"图像","slot_index":0}],"properties":{"Node name for S&R":"ImageScale"},"widgets_values":["lanczos",1024,0,"disabled"]},{"id":439,"type":"Load Image From Url","pos":[-240,-910],"size":{"0":400,"1":200},"flags":{},"order":4,"mode":0,"outputs":[{"name":"IMAGE","type":"IMAGE","links":[949],"shape":3,"label":"IMAGE","slot_index":0},{"name":"MASK","type":"MASK","links":null,"shape":3,"label":"MASK"}],"properties":{"Node name for S&R":"Load Image From Url"},"widgets_values":["https://dlm-ai.oss-cn-hangzhou.aliyuncs.com/facechain/template/WechatIMG358.jpg"]}],"links":[[19,11,0,15,0,"LATENT"],[135,4,0,94,0,"MODEL"],[136,4,1,94,1,"CLIP"],[148,4,2,99,0,"*"],[149,99,0,100,0,"*"],[150,100,0,11,1,"VAE"],[156,103,0,104,0,"*"],[158,104,0,7,0,"CLIP"],[368,218,0,187,0,"*"],[376,94,1,222,0,"CLIP"],[377,222,0,103,0,"*"],[379,92,0,94,2,"LORA_STACK"],[761,144,0,404,0,"*"],[771,412,0,413,0,"LIST"],[772,413,0,410,1,"STRING"],[773,103,0,410,0,"CLIP"],[794,15,0,417,3,"LATENT"],[796,417,0,144,0,"LATENT"],[812,418,0,412,1,"STRING"],[814,187,0,188,0,"*"],[816,404,0,419,0,"IMAGE"],[817,419,0,420,0,"*"],[846,101,0,102,0,"*"],[848,94,0,101,0,"*"],[864,411,0,412,0,"STRING"],[934,102,0,417,0,"MODEL"],[937,410,0,417,1,"CONDITIONING"],[938,7,0,417,2,"CONDITIONING"],[943,188,0,11,0,"IMAGE"],[944,100,0,144,1,"VAE"],[945,218,0,437,0,"IMAGE"],[946,437,0,412,2,"STRING"],[949,439,0,218,0,"IMAGE"]],"groups":[{"title":"Prompt","bounding":[-541,-2,1289,862],"color":"#7cbb1a","font_size":24,"locked":false},{"title":"Checkpoint & Lora","bounding":[-1007,-5,434,872],"color":"#ffc83d","font_size":24,"locked":false},{"title":"ksampler","bounding":[831,-4,697,865],"color":"#0d7876","font_size":24,"locked":false},{"title":"","bounding":[-314,-1030,1221,840],"color":"#ffffff","font_size":24,"locked":false},{"title":"IMAGE TO 瓷娃娃 STYLE","bounding":[-295,-1201,1220,135],"color":"#47d8f5","font_size":96,"locked":false},{"title":"OSS","bounding":[1031,-1040,946,614],"color":"#3f789e","font_size":24,"locked":false}],"config":{},"extra":{"ds":{"scale":0.37190082644628114,"offset":[1545.2266856453546,713.0571093620158]},"workspace_info":{"id":"nQtDGZWvHAmyhey6J_iI8"}},"version":0.4}