{"last_node_id":164,"last_link_id":304,"nodes":[{"id":19,"type":"Text List to Text","pos":[648.4678654583099,356.2712236829971],"size":{"0":240,"1":60},"flags":{},"order":27,"mode":0,"inputs":[{"name":"text_list","type":"LIST","link":24,"label":"文本列表","slot_index":0}],"outputs":[{"name":"STRING","type":"STRING","links":[23,50],"shape":3,"label":"字符串","slot_index":0}],"properties":{"Node name for S&R":"Text List to Text"},"widgets_values":[", "]},{"id":25,"type":"Text List","pos":[648.4678654583099,136.27122368299703],"size":{"0":240,"1":160},"flags":{},"order":24,"mode":0,"inputs":[{"name":"text_a","type":"STRING","link":25,"widget":{"name":"text_a"},"slot_index":0,"label":"文本_A"},{"name":"text_b","type":"STRING","link":224,"widget":{"name":"text_b"},"label":"文本_B"},{"name":"text_c","type":"STRING","link":null,"widget":{"name":"text_c"},"label":"文本_C"},{"name":"text_d","type":"STRING","link":null,"widget":{"name":"text_d"},"label":"文本_D"},{"name":"text_e","type":"STRING","link":null,"widget":{"name":"text_e"},"label":"文本_E"},{"name":"text_f","type":"STRING","link":null,"widget":{"name":"text_f"},"label":"文本_F"},{"name":"text_g","type":"STRING","link":null,"widget":{"name":"text_g"},"label":"文本_g"}],"outputs":[{"name":"LIST","type":"LIST","links":[24],"shape":3,"label":"列表","slot_index":0}],"properties":{"Node name for S&R":"Text List"},"widgets_values":["","","","","","",""]},{"id":100,"type":"Reroute","pos":[1749.6174628387553,-59.09673104964094],"size":[75,26],"flags":{},"order":9,"mode":0,"inputs":[{"name":"","type":"*","link":149,"label":""}],"outputs":[{"name":"VAE","type":"VAE","links":[150,151],"slot_index":0,"label":"VAE"}],"properties":{"showOutputText":true,"horizontal":false}},{"id":99,"type":"Reroute","pos":[-140,-60],"size":[75,26],"flags":{},"order":6,"mode":0,"inputs":[{"name":"","type":"*","link":148,"label":""}],"outputs":[{"name":"VAE","type":"VAE","links":[149],"slot_index":0,"label":"VAE"}],"properties":{"showOutputText":true,"horizontal":false}},{"id":103,"type":"Reroute","pos":[-20,-60],"size":[75,26],"flags":{},"order":13,"mode":0,"inputs":[{"name":"","type":"*","link":228,"label":""}],"outputs":[{"name":"CLIP","type":"CLIP","links":[156],"slot_index":0,"label":"CLIP"}],"properties":{"showOutputText":true,"horizontal":false}},{"id":104,"type":"Reroute","pos":[800,-60],"size":[75,26],"flags":{},"order":17,"mode":0,"inputs":[{"name":"","type":"*","link":156,"label":""}],"outputs":[{"name":"CLIP","type":"CLIP","links":[157,158],"slot_index":0,"label":"CLIP"}],"properties":{"showOutputText":true,"horizontal":false}},{"id":4,"type":"CheckpointLoaderSimple","pos":[-600,100],"size":{"0":380,"1":100},"flags":{},"order":0,"mode":0,"outputs":[{"name":"MODEL","type":"MODEL","links":[135],"slot_index":0,"label":"模型"},{"name":"CLIP","type":"CLIP","links":[136],"slot_index":1,"label":"CLIP"},{"name":"VAE","type":"VAE","links":[148],"slot_index":2,"label":"VAE"}],"properties":{"Node name for S&R":"CheckpointLoaderSimple"},"widgets_values":["juggernautXL_v9-Lightning_4S_V9_RDPhoto2.safetensors"],"color":"#fff065","bgcolor":"#ffdc51"},{"id":130,"type":"ClipInterrogator","pos":[290,350],"size":{"0":320,"1":240},"flags":{},"order":20,"mode":0,"inputs":[{"name":"image","type":"IMAGE","link":223,"label":"图像"}],"outputs":[{"name":"prompt","type":"STRING","links":[224],"shape":6,"label":"提示词","slot_index":0},{"name":"random_samples","type":"STRING","links":null,"shape":6,"label":"随机样本"}],"properties":{"Node name for S&R":"ClipInterrogator"},"widgets_values":["fast","on","a girl with long hair and pink sweater, pink background, wearing a pastel pink hoodie, wearing a pink hoodie, pink clothes, light pink background, photoshoot for skincare brand, wearing sweater, dull pink background, bian luan, wearing a light - pink suit, pink shirt, pink face, pink, pink girl, tiktok 4 k uhd image, pink color palette","[\n  {\n    \"medium_ranks\": {\n      \"a stock photo\": 0.1927490234375,\n      \"a polaroid photo\": 0.1910400390625,\n      \"a pastel\": 0.189208984375,\n      \"a picture\": 0.185546875,\n      \"a screenshot\": 0.1749267578125\n    },\n    \"artist_ranks\": {\n      \"by Lü Ji\": 0.2337646484375,\n      \"inspired by Wang Yuanqi\": 0.2186279296875,\n      \"by Fan Kuan\": 0.2081298828125,\n      \"inspired by Elina Karimova\": 0.2066650390625,\n      \"by Cui Bai\": 0.20166015625\n    },\n    \"movement_ranks\": {\n      \"aestheticism\": 0.1932373046875,\n      \"color field\": 0.1890869140625,\n      \"paris school\": 0.1881103515625,\n      \"rayonism\": 0.18115234375,\n      \"fauvism\": 0.1807861328125\n    },\n    \"trending_ranks\": {\n      \"instagram\": 0.20703125,\n      \"featured on instagram\": 0.1990966796875,\n      \"instagram contest winner\": 0.19482421875,\n      \"tumblr contest winner\": 0.1943359375,\n      \"trending on instagram\": 0.1943359375\n    },\n    \"flavor_ranks\": {\n      \"pink background\": 0.27294921875,\n      \"wearing a pastel pink hoodie\": 0.271240234375,\n      \"wearing a pink hoodie\": 0.27099609375,\n      \"pink clothes\": 0.27001953125,\n      \"light pink background\": 0.263427734375\n    }\n  }\n]","a pastel,inspired by Wang Yuanqi,aestheticism,featured on instagram,light pink background\n\na stock photo,inspired by Elina Karimova,aestheticism,featured on instagram,wearing a pastel pink hoodie\n\na pastel,by Cui Bai,paris school,tumblr contest winner,wearing a pink hoodie\n\na polaroid photo,by Fan Kuan,rayonism,instagram contest winner,light pink background\n\na screenshot,by Cui Bai,fauvism,tumblr contest winner,pink clothes"]},{"id":144,"type":"Reroute","pos":[1080,-90],"size":[82,26],"flags":{},"order":21,"mode":0,"inputs":[{"name":"","type":"*","link":247}],"outputs":[{"name":"IMAGE","type":"IMAGE","links":[248,249],"slot_index":0}],"properties":{"showOutputText":true,"horizontal":false}},{"id":101,"type":"Reroute","pos":[290,-50],"size":[82,26],"flags":{},"order":19,"mode":0,"inputs":[{"name":"","type":"*","link":289,"label":""}],"outputs":[{"name":"MODEL","type":"MODEL","links":[266],"slot_index":0,"label":"MODEL"}],"properties":{"showOutputText":true,"horizontal":false}},{"id":111,"type":"Reroute","pos":[1710,-220],"size":[82,26],"flags":{},"order":34,"mode":0,"inputs":[{"name":"","type":"*","link":168,"label":""}],"outputs":[{"name":"IMAGE","type":"IMAGE","links":[176],"slot_index":0,"label":"IMAGE"}],"properties":{"showOutputText":true,"horizontal":false}},{"id":106,"type":"Reroute","pos":[220,-100],"size":[82,26],"flags":{},"order":16,"mode":0,"inputs":[{"name":"","type":"*","link":278,"label":""}],"outputs":[{"name":"IMAGE","type":"IMAGE","links":[223,247],"slot_index":0,"label":"IMAGE"}],"properties":{"showOutputText":true,"horizontal":false}},{"id":94,"type":"CR Apply LoRA Stack","pos":[-600,330],"size":{"0":380,"1":80},"flags":{},"order":7,"mode":0,"inputs":[{"name":"model","type":"MODEL","link":135,"label":"模型"},{"name":"clip","type":"CLIP","link":136,"label":"CLIP"},{"name":"lora_stack","type":"LORA_STACK","link":131,"label":"LoRA堆"}],"outputs":[{"name":"MODEL","type":"MODEL","links":[269],"shape":3,"label":"模型","slot_index":0},{"name":"CLIP","type":"CLIP","links":[227],"shape":3,"label":"CLIP","slot_index":1},{"name":"show_help","type":"STRING","links":null,"shape":3,"label":"show_help"}],"properties":{"Node name for S&R":"CR Apply LoRA Stack"}},{"id":26,"type":"String Literal","pos":[290,140],"size":{"0":320,"1":120},"flags":{},"order":1,"mode":0,"outputs":[{"name":"STRING","type":"STRING","links":[25],"shape":3,"label":"STRING"}],"properties":{"Node name for S&R":"String Literal"},"widgets_values":["claymotion, made-of-clay, stopmotion, polymer clay, ultra light clay, High quality, details, cartoonish, 4k,big eye"],"color":"#90cf2e","bgcolor":"#7cbb1a"},{"id":164,"type":"ControlNetLoaderAdvanced","pos":[1790,500],"size":{"0":360,"1":60},"flags":{},"order":2,"mode":0,"inputs":[{"name":"timestep_keyframe","type":"TIMESTEP_KEYFRAME","link":null,"label":"帧间隔"}],"outputs":[{"name":"CONTROL_NET","type":"CONTROL_NET","links":[294],"shape":3,"label":"ControlNet"}],"properties":{"Node name for S&R":"ControlNetLoaderAdvanced"},"widgets_values":["sai_xl_depth_256lora.safetensors"]},{"id":6,"type":"CLIPTextEncode","pos":[940,120],"size":{"0":240,"1":60},"flags":{},"order":28,"mode":0,"inputs":[{"name":"clip","type":"CLIP","link":157,"label":"CLIP"},{"name":"text","type":"STRING","link":23,"widget":{"name":"text"},"label":"文本"}],"outputs":[{"name":"CONDITIONING","type":"CONDITIONING","links":[297],"slot_index":0,"label":"条件"}],"properties":{"Node name for S&R":"CLIPTextEncode"},"widgets_values":["clay character"]},{"id":7,"type":"CLIPTextEncode","pos":[940,260],"size":{"0":240,"1":460},"flags":{},"order":22,"mode":0,"inputs":[{"name":"clip","type":"CLIP","link":158,"label":"CLIP"}],"outputs":[{"name":"CONDITIONING","type":"CONDITIONING","links":[298],"slot_index":0,"label":"条件"}],"properties":{"Node name for S&R":"CLIPTextEncode"},"widgets_values":["nsfw, paintings, cartoon, anime, sketches, worst quality, low quality, normal quality, lowres, watermark, monochrome, grayscale, ugly, blurry, Tan skin, dark skin, black skin, skin spots, skin blemishes, age spot, glans, disabled, distorted, bad anatomy, morbid, malformation, amputation, bad proportions, twins, missing body, fused body, extra head, poorly drawn face, bad eyes, deformed eye, unclear eyes, cross-eyed, long neck, malformed limbs, extra limbs, extra arms, missing arms, bad tongue, strange fingers, mutated hands, missing hands, poorly drawn hands, extra hands, fused hands, connected hand, bad hands, wrong fingers, missing fingers, extra fingers, 4 fingers, 3 fingers, deformed hands, extra legs, bad legs, many legs, more than two legs, bad feet, wrong feet, extra feets,"],"color":"#914040","bgcolor":"#7d2c2c"},{"id":162,"type":"ControlNetLoaderAdvanced","pos":[1340,490],"size":{"0":360,"1":60},"flags":{},"order":3,"mode":0,"inputs":[{"name":"timestep_keyframe","type":"TIMESTEP_KEYFRAME","link":null,"label":"帧间隔"}],"outputs":[{"name":"CONTROL_NET","type":"CONTROL_NET","links":[291],"shape":3,"label":"ControlNet"}],"properties":{"Node name for S&R":"ControlNetLoaderAdvanced"},"widgets_values":["sai_xl_canny_256lora.safetensors"]},{"id":30,"type":"AIO_Preprocessor","pos":[1330,640],"size":{"0":360,"1":100},"flags":{},"order":25,"mode":0,"inputs":[{"name":"image","type":"IMAGE","link":248,"label":"图像"}],"outputs":[{"name":"IMAGE","type":"IMAGE","links":[299],"shape":3,"label":"图像","slot_index":0}],"properties":{"Node name for S&R":"AIO_Preprocessor"},"widgets_values":["CannyEdgePreprocessor",1024]},{"id":142,"type":"AIO_Preprocessor","pos":[1780,640],"size":{"0":360,"1":100},"flags":{},"order":26,"mode":0,"inputs":[{"name":"image","type":"IMAGE","link":249,"label":"图像"}],"outputs":[{"name":"IMAGE","type":"IMAGE","links":[300],"shape":3,"label":"图像","slot_index":0}],"properties":{"Node name for S&R":"AIO_Preprocessor"},"widgets_values":["DepthAnythingPreprocessor",1024]},{"id":15,"type":"RepeatLatentBatch","pos":[2290,410],"size":{"0":220,"1":60},"flags":{},"order":18,"mode":0,"inputs":[{"name":"samples","type":"LATENT","link":301,"label":"Latent"}],"outputs":[{"name":"LATENT","type":"LATENT","links":[285],"shape":3,"label":"Latent","slot_index":0}],"properties":{"Node name for S&R":"RepeatLatentBatch"},"widgets_values":[1]},{"id":8,"type":"VAEDecode","pos":[2630,110],"size":{"0":220,"1":60},"flags":{},"order":33,"mode":0,"inputs":[{"name":"samples","type":"LATENT","link":7,"label":"Latent"},{"name":"vae","type":"VAE","link":151,"label":"VAE"}],"outputs":[{"name":"IMAGE","type":"IMAGE","links":[168],"slot_index":0,"label":"图像"}],"properties":{"Node name for S&R":"VAEDecode"}},{"id":151,"type":"Reroute","pos":[2010,-60],"size":[82,26],"flags":{},"order":23,"mode":0,"inputs":[{"name":"","type":"*","link":266}],"outputs":[{"name":"MODEL","type":"MODEL","links":[267],"slot_index":0}],"properties":{"showOutputText":true,"horizontal":false}},{"id":156,"type":"Reroute","pos":[-70,-160],"size":[75,26],"flags":{},"order":8,"mode":0,"inputs":[{"name":"","type":"*","link":304}],"outputs":[{"name":"","type":"IMAGE","links":[280],"slot_index":0}],"properties":{"showOutputText":false,"horizontal":false}},{"id":139,"type":"IPAdapterUnifiedLoader","pos":[-130,360],"size":{"0":315,"1":78},"flags":{},"order":10,"mode":0,"inputs":[{"name":"model","type":"MODEL","link":269,"label":"模型"},{"name":"ipadapter","type":"IPADAPTER","link":null,"label":"IPAdapter","slot_index":1}],"outputs":[{"name":"model","type":"MODEL","links":[233],"shape":3,"label":"模型","slot_index":0},{"name":"ipadapter","type":"IPADAPTER","links":[229],"shape":3,"label":"IPAdapter"}],"properties":{"Node name for S&R":"IPAdapterUnifiedLoader"},"widgets_values":["PLUS (high strength)"]},{"id":137,"type":"IPAdapterStyleComposition","pos":[-120,490],"size":{"0":315,"1":322},"flags":{},"order":15,"mode":0,"inputs":[{"name":"model","type":"MODEL","link":233,"label":"model"},{"name":"ipadapter","type":"IPADAPTER","link":229,"label":"ipadapter","slot_index":1},{"name":"image_style","type":"IMAGE","link":235,"label":"image_style"},{"name":"image_composition","type":"IMAGE","link":236,"label":"image_composition"},{"name":"image_negative","type":"IMAGE","link":null,"label":"image_negative"},{"name":"attn_mask","type":"MASK","link":null,"label":"attn_mask"},{"name":"clip_vision","type":"CLIP_VISION","link":null,"label":"clip_vision"}],"outputs":[{"name":"MODEL","type":"MODEL","links":[289],"shape":3,"label":"MODEL","slot_index":0}],"properties":{"Node name for S&R":"IPAdapterStyleComposition"},"widgets_values":[0.8,1,false,"average",0,1,"V only"]},{"id":133,"type":"CLIPSetLastLayer","pos":[-560,-90],"size":{"0":315,"1":58},"flags":{},"order":11,"mode":0,"inputs":[{"name":"clip","type":"CLIP","link":227,"label":"CLIP"}],"outputs":[{"name":"CLIP","type":"CLIP","links":[228],"shape":3,"label":"CLIP","slot_index":0}],"properties":{"Node name for S&R":"CLIPSetLastLayer"},"widgets_values":[-2]},{"id":11,"type":"VAEEncode","pos":[2280,300],"size":{"0":220,"1":60},"flags":{},"order":14,"mode":0,"inputs":[{"name":"pixels","type":"IMAGE","link":18,"label":"图像","slot_index":0},{"name":"vae","type":"VAE","link":150,"label":"VAE"}],"outputs":[{"name":"LATENT","type":"LATENT","links":[301],"shape":3,"label":"Latent","slot_index":0}],"properties":{"Node name for S&R":"VAEEncode"}},{"id":163,"type":"ACN_AdvancedControlNetApply","pos":[1780,120],"size":{"0":350,"1":270},"flags":{},"order":31,"mode":0,"inputs":[{"name":"positive","type":"CONDITIONING","link":292,"label":"正面条件"},{"name":"negative","type":"CONDITIONING","link":293,"label":"负面条件"},{"name":"control_net","type":"CONTROL_NET","link":294,"label":"ControlNet","slot_index":2},{"name":"image","type":"IMAGE","link":300,"label":"图像"},{"name":"mask_optional","type":"MASK","link":null,"label":"遮罩"},{"name":"timestep_kf","type":"TIMESTEP_KEYFRAME","link":null,"label":"帧间隔"},{"name":"latent_kf_override","type":"LATENT_KEYFRAME","link":null,"label":"覆盖Latent关键帧"},{"name":"weights_override","type":"CONTROL_NET_WEIGHTS","link":null,"label":"覆盖ControlNet权重"},{"name":"model_optional","type":"MODEL","link":null,"label":"模型(可选)"}],"outputs":[{"name":"positive","type":"CONDITIONING","links":[302],"shape":3,"label":"正面条件","slot_index":0},{"name":"negative","type":"CONDITIONING","links":[303],"shape":3,"label":"负面条件","slot_index":1},{"name":"model_opt","type":"MODEL","links":[],"shape":3,"label":"model_opt","slot_index":2}],"properties":{"Node name for S&R":"ACN_AdvancedControlNetApply"},"widgets_values":[0.8,0,1]},{"id":37,"type":"ShowText|pysssss","pos":[640,480],"size":{"0":240,"1":240},"flags":{},"order":29,"mode":0,"inputs":[{"name":"text","type":"STRING","link":50,"widget":{"name":"text"},"label":"文本"}],"outputs":[{"name":"STRING","type":"STRING","links":null,"shape":6,"label":"字符串"}],"properties":{"Node name for S&R":"ShowText|pysssss"},"widgets_values":["","claymotion, made-of-clay, stopmotion, polymer clay, ultra light clay, High quality, details, cartoonish, 4k,big eye, a girl with long hair and pink sweater, pink background, wearing a pastel pink hoodie, wearing a pink hoodie, pink clothes, light pink background, photoshoot for skincare brand, wearing sweater, dull pink background, bian luan, wearing a light - pink suit, pink shirt, pink face, pink, pink girl, tiktok 4 k uhd image, pink color palette"]},{"id":3,"type":"KSampler","pos":[2577.078071356748,244.6334848353765],"size":{"0":320,"1":270},"flags":{},"order":32,"mode":0,"inputs":[{"name":"model","type":"MODEL","link":267,"label":"模型"},{"name":"positive","type":"CONDITIONING","link":302,"label":"正面条件"},{"name":"negative","type":"CONDITIONING","link":303,"label":"负面条件"},{"name":"latent_image","type":"LATENT","link":285,"label":"Latent","slot_index":3}],"outputs":[{"name":"LATENT","type":"LATENT","links":[7],"slot_index":0,"label":"Latent"}],"properties":{"Node name for S&R":"KSampler"},"widgets_values":[458269154941073,"randomize",15,2,"dpmpp_sde","karras",0.7000000000000001]},{"id":92,"type":"CR LoRA Stack","pos":[-600,480],"size":{"0":380,"1":360},"flags":{},"order":4,"mode":0,"inputs":[{"name":"lora_stack","type":"LORA_STACK","link":null,"label":"LoRA堆"}],"outputs":[{"name":"LORA_STACK","type":"LORA_STACK","links":[131],"shape":3,"label":"LORA_STACK","slot_index":0},{"name":"show_help","type":"STRING","links":null,"shape":3,"label":"show_help"}],"properties":{"Node name for S&R":"CR LoRA Stack"},"widgets_values":["On","CLAYMATE_V2.03_.safetensors",0.9500000000000001,1,"On","DD-made-of-clay-XL-v2.safetensors",0.45,1,"Off","add-detail-xl.safetensors",1.5,1]},{"id":13,"type":"ImageResize+","pos":[-130,80],"size":{"0":320,"1":220},"flags":{},"order":12,"mode":0,"inputs":[{"name":"image","type":"IMAGE","link":280,"label":"图像"}],"outputs":[{"name":"IMAGE","type":"IMAGE","links":[18,235,236,278],"shape":3,"label":"图像","slot_index":0},{"name":"width","type":"INT","links":null,"shape":3,"label":"宽度"},{"name":"height","type":"INT","links":null,"shape":3,"label":"高度"}],"properties":{"Node name for S&R":"ImageResize+"},"widgets_values":[1024,0,"lanczos",true,"always",8]},{"id":161,"type":"ACN_AdvancedControlNetApply","pos":[1330,130],"size":{"0":360,"1":270},"flags":{},"order":30,"mode":0,"inputs":[{"name":"positive","type":"CONDITIONING","link":297,"label":"正面条件"},{"name":"negative","type":"CONDITIONING","link":298,"label":"负面条件","slot_index":1},{"name":"control_net","type":"CONTROL_NET","link":291,"label":"ControlNet","slot_index":2},{"name":"image","type":"IMAGE","link":299,"label":"图像"},{"name":"mask_optional","type":"MASK","link":null,"label":"遮罩"},{"name":"timestep_kf","type":"TIMESTEP_KEYFRAME","link":null,"label":"帧间隔"},{"name":"latent_kf_override","type":"LATENT_KEYFRAME","link":null,"label":"覆盖Latent关键帧"},{"name":"weights_override","type":"CONTROL_NET_WEIGHTS","link":null,"label":"覆盖ControlNet权重"},{"name":"model_optional","type":"MODEL","link":null,"label":"模型(可选)"}],"outputs":[{"name":"positive","type":"CONDITIONING","links":[292],"shape":3,"label":"正面条件","slot_index":0},{"name":"negative","type":"CONDITIONING","links":[293],"shape":3,"label":"负面条件","slot_index":1},{"name":"model_opt","type":"MODEL","links":[],"shape":3,"label":"model_opt","slot_index":2}],"properties":{"Node name for S&R":"ACN_AdvancedControlNetApply"},"widgets_values":[0.6,0,1]},{"id":115,"type":"Save Image To OSS","pos":[1890,-370],"size":{"0":560,"1":150},"flags":{},"order":35,"mode":0,"inputs":[{"name":"images","type":"IMAGE","link":176,"label":"images"}],"outputs":[{"name":"JSON","type":"JSON","links":[173],"shape":3,"label":"JSON","slot_index":0}],"properties":{"Node name for S&R":"Save Image To OSS"},"widgets_values":["comfyui"]},{"id":118,"type":"Show any to JSON [Crystools]","pos":[1950,-640],"size":{"0":370,"1":200},"flags":{},"order":36,"mode":0,"inputs":[{"name":"any_value","type":"*","link":173,"label":"任意值"}],"outputs":[{"name":"string","type":"STRING","links":[],"shape":3,"label":"字符串","slot_index":0}],"properties":{"Node name for S&R":"Show any to JSON [Crystools]"}},{"id":114,"type":"Load Image From Url","pos":[340,-860],"size":{"0":400,"1":200},"flags":{},"order":5,"mode":0,"outputs":[{"name":"IMAGE","type":"IMAGE","links":[304],"shape":3,"label":"IMAGE","slot_index":0},{"name":"MASK","type":"MASK","links":null,"shape":3,"label":"MASK"}],"properties":{"Node name for S&R":"Load Image From Url"},"widgets_values":["https://dlm-ai.oss-cn-hangzhou.aliyuncs.com/facechain/template/WechatIMG358.jpg"]}],"links":[[7,3,0,8,0,"LATENT"],[18,13,0,11,0,"IMAGE"],[23,19,0,6,1,"STRING"],[24,25,0,19,0,"LIST"],[25,26,0,25,0,"STRING"],[50,19,0,37,0,"STRING"],[131,92,0,94,2,"LORA_STACK"],[135,4,0,94,0,"MODEL"],[136,4,1,94,1,"CLIP"],[148,4,2,99,0,"*"],[149,99,0,100,0,"*"],[150,100,0,11,1,"VAE"],[151,100,0,8,1,"VAE"],[156,103,0,104,0,"*"],[157,104,0,6,0,"CLIP"],[158,104,0,7,0,"CLIP"],[168,8,0,111,0,"*"],[173,115,0,118,0,"*"],[176,111,0,115,0,"IMAGE"],[223,106,0,130,0,"IMAGE"],[224,130,0,25,1,"STRING"],[227,94,1,133,0,"CLIP"],[228,133,0,103,0,"*"],[229,139,1,137,1,"IPADAPTER"],[233,139,0,137,0,"MODEL"],[235,13,0,137,2,"IMAGE"],[236,13,0,137,3,"IMAGE"],[247,106,0,144,0,"*"],[248,144,0,30,0,"IMAGE"],[249,144,0,142,0,"IMAGE"],[266,101,0,151,0,"*"],[267,151,0,3,0,"MODEL"],[269,94,0,139,0,"MODEL"],[278,13,0,106,0,"*"],[280,156,0,13,0,"IMAGE"],[285,15,0,3,3,"LATENT"],[289,137,0,101,0,"*"],[291,162,0,161,2,"CONTROL_NET"],[292,161,0,163,0,"CONDITIONING"],[293,161,1,163,1,"CONDITIONING"],[294,164,0,163,2,"CONTROL_NET"],[297,6,0,161,0,"CONDITIONING"],[298,7,0,161,1,"CONDITIONING"],[299,30,0,161,3,"IMAGE"],[300,142,0,163,3,"IMAGE"],[301,11,0,15,0,"LATENT"],[302,163,0,3,1,"CONDITIONING"],[303,163,1,3,2,"CONDITIONING"],[304,114,0,156,0,"*"]],"groups":[{"title":"Prompt","bounding":[252,3,955,867],"color":"#7cbb1a","font_size":24,"locked":false},{"title":"Checkpoint & Lora","bounding":[-630,-3,434,872],"color":"#ffc83d","font_size":24,"locked":false},{"title":"ksampler","bounding":[2227,7,704,900],"color":"#3f789e","font_size":24,"locked":false},{"title":"ControlNet","bounding":[1260,8,950,875],"color":"#3362f0","font_size":24,"locked":false},{"title":"","bounding":[261,-991,1098,868],"color":"#ffffff","font_size":24,"locked":false},{"title":"IMAGE TO CLAY STYLE","bounding":[259,-1144,1099,133],"color":"#29a38f","font_size":96,"locked":false},{"title":"IPAdapter","bounding":[-163,-3,383,869],"color":"#3f789e","font_size":24,"locked":false}],"config":{},"extra":{"ds":{"scale":0.3380916604057101,"offset":[1445.9883637688204,1614.9973520144686]},"workspace_info":{"id":"0J_TosmKKzyjWDzFzuaee"}},"version":0.4}