{"last_node_id":255,"last_link_id":380,"nodes":[{"id":5,"type":"EmptyLatentImage","pos":{"0":420.7305603027344,"1":100.9999771118164},"size":{"0":330.5548400878906,"1":78},"flags":{},"order":12,"mode":0,"inputs":[{"name":"width","type":"INT","link":316,"widget":{"name":"width"}},{"name":"height","type":"INT","link":317,"widget":{"name":"height"}}],"outputs":[{"name":"LATENT","type":"LATENT","links":[257],"slot_index":0}],"properties":{"Node name for S&R":"EmptyLatentImage"},"widgets_values":[832,1216,1]},{"id":6,"type":"CLIPTextEncode","pos":{"0":424.2805480957031,"1":617.9647216796875},"size":{"0":210,"1":54},"flags":{"collapsed":false},"order":26,"mode":0,"inputs":[{"name":"clip","type":"CLIP","link":262},{"name":"text","type":"STRING","link":377,"slot_index":1,"widget":{"name":"text"}}],"outputs":[{"name":"CONDITIONING","type":"CONDITIONING","links":[86],"slot_index":0}],"properties":{"Node name for S&R":"CLIPTextEncode"},"widgets_values":[""]},{"id":16,"type":"KSamplerSelect","pos":{"0":807.7305297851562,"1":260.9999694824219},"size":{"0":268.2277526855469,"1":58},"flags":{},"order":0,"mode":0,"inputs":[],"outputs":[{"name":"SAMPLER","type":"SAMPLER","links":[19,184,297],"slot_index":0,"shape":3}],"properties":{"Node name for S&R":"KSamplerSelect"},"widgets_values":["euler"]},{"id":148,"type":"PreviewImage","pos":{"0":1142,"1":701},"size":{"0":358.31109619140625,"1":396.1903076171875},"flags":{},"order":36,"mode":0,"inputs":[{"name":"images","type":"IMAGE","link":157}],"outputs":[],"properties":{"Node name for S&R":"PreviewImage"},"widgets_values":[]},{"id":168,"type":"Latent Upscale by Factor (WAS)","pos":{"0":1540,"1":90},"size":{"0":252,"1":110.42315673828125},"flags":{},"order":35,"mode":0,"inputs":[{"name":"samples","type":"LATENT","link":273}],"outputs":[{"name":"LATENT","type":"LATENT","links":[277,293],"slot_index":0,"shape":3}],"properties":{"Node name for S&R":"Latent Upscale by Factor (WAS)"},"widgets_values":["bilinear",1.05,"true"]},{"id":201,"type":"LatentInterpolate","pos":{"0":1560,"1":260},"size":{"0":210,"1":78},"flags":{},"order":38,"mode":0,"inputs":[{"name":"samples1","type":"LATENT","link":293},{"name":"samples2","type":"LATENT","link":292}],"outputs":[{"name":"LATENT","type":"LATENT","links":[288],"slot_index":0,"shape":3}],"properties":{"Node name for S&R":"LatentInterpolate"},"widgets_values":[0.3]},{"id":210,"type":"LatentInterpolate","pos":{"0":2640,"1":230},"size":{"0":210,"1":78},"flags":{},"order":40,"mode":0,"inputs":[{"name":"samples1","type":"LATENT","link":303},{"name":"samples2","type":"LATENT","link":304}],"outputs":[{"name":"LATENT","type":"LATENT","links":[302],"slot_index":0,"shape":3}],"properties":{"Node name for S&R":"LatentInterpolate"},"widgets_values":[0.3]},{"id":199,"type":"CLIPTextEncodeFlux","pos":{"0":1560,"1":380},"size":{"0":210,"1":150},"flags":{},"order":23,"mode":0,"inputs":[{"name":"clip","type":"CLIP","link":282}],"outputs":[{"name":"CONDITIONING","type":"CONDITIONING","links":[281],"shape":3}],"title":"Empty Negative","properties":{"Node name for S&R":"CLIPTextEncodeFlux"},"widgets_values":["","",3.5]},{"id":206,"type":"SamplerCustomAdvanced","pos":{"0":2890,"1":100},"size":{"0":359.2783203125,"1":495.8291320800781},"flags":{},"order":41,"mode":0,"inputs":[{"name":"noise","type":"NOISE","link":305,"slot_index":0},{"name":"guider","type":"GUIDER","link":298,"slot_index":1},{"name":"sampler","type":"SAMPLER","link":297,"slot_index":2},{"name":"sigmas","type":"SIGMAS","link":295,"slot_index":3},{"name":"latent_image","type":"LATENT","link":302,"slot_index":4}],"outputs":[{"name":"output","type":"LATENT","links":[300],"slot_index":0,"shape":3},{"name":"denoised_output","type":"LATENT","links":null,"shape":3}],"properties":{"Node name for S&R":"SamplerCustomAdvanced"},"widgets_values":[]},{"id":22,"type":"BasicGuider","pos":{"0":892.459716796875,"1":612.540283203125},"size":{"0":196.9998779296875,"1":62.66668701171875},"flags":{"collapsed":false},"order":32,"mode":0,"inputs":[{"name":"model","type":"MODEL","link":94,"slot_index":0},{"name":"conditioning","type":"CONDITIONING","link":87,"slot_index":1}],"outputs":[{"name":"GUIDER","type":"GUIDER","links":[30,185,298],"slot_index":0,"shape":3}],"properties":{"Node name for S&R":"BasicGuider"},"widgets_values":[]},{"id":61,"type":"ModelSamplingFlux","pos":{"0":757.7305297851562,"1":393.9999694824219},"size":{"0":321.8402404785156,"1":122},"flags":{},"order":27,"mode":0,"inputs":[{"name":"model","type":"MODEL","link":331},{"name":"width","type":"INT","link":318,"widget":{"name":"width"}},{"name":"height","type":"INT","link":319,"widget":{"name":"height"}}],"outputs":[{"name":"MODEL","type":"MODEL","links":[93,94,201,279,296],"slot_index":0,"shape":3}],"properties":{"Node name for S&R":"ModelSamplingFlux"},"widgets_values":[0.5,0.5,1024,1024]},{"id":13,"type":"SamplerCustomAdvanced","pos":{"0":1140,"1":90},"size":{"0":352.4039611816406,"1":463.3393859863281},"flags":{},"order":33,"mode":0,"inputs":[{"name":"noise","type":"NOISE","link":37,"slot_index":0},{"name":"guider","type":"GUIDER","link":30,"slot_index":1},{"name":"sampler","type":"SAMPLER","link":19,"slot_index":2},{"name":"sigmas","type":"SIGMAS","link":20,"slot_index":3},{"name":"latent_image","type":"LATENT","link":257,"slot_index":4}],"outputs":[{"name":"output","type":"LATENT","links":[156,273],"slot_index":0,"shape":3},{"name":"denoised_output","type":"LATENT","links":null,"shape":3}],"properties":{"Node name for S&R":"SamplerCustomAdvanced"},"widgets_values":[]},{"id":147,"type":"VAEDecode","pos":{"0":1148,"1":605},"size":{"0":140,"1":46},"flags":{},"order":34,"mode":0,"inputs":[{"name":"samples","type":"LATENT","link":156},{"name":"vae","type":"VAE","link":336}],"outputs":[{"name":"IMAGE","type":"IMAGE","links":[157,307],"slot_index":0}],"properties":{"Node name for S&R":"VAEDecode"},"widgets_values":[]},{"id":60,"type":"FluxGuidance","pos":{"0":659.459716796875,"1":616.540283203125},"size":{"0":211.60000610351562,"1":58},"flags":{"collapsed":false},"order":28,"mode":0,"inputs":[{"name":"conditioning","type":"CONDITIONING","link":86}],"outputs":[{"name":"CONDITIONING","type":"CONDITIONING","links":[87,280],"slot_index":0,"shape":3}],"properties":{"Node name for S&R":"FluxGuidance"},"widgets_values":[3.5]},{"id":157,"type":"SamplerCustomAdvanced","pos":{"0":2120,"1":100},"size":{"0":413.476318359375,"1":655.64111328125},"flags":{},"order":39,"mode":0,"inputs":[{"name":"noise","type":"NOISE","link":186,"slot_index":0},{"name":"guider","type":"GUIDER","link":185,"slot_index":1},{"name":"sampler","type":"SAMPLER","link":184,"slot_index":2},{"name":"sigmas","type":"SIGMAS","link":191,"slot_index":3},{"name":"latent_image","type":"LATENT","link":288,"slot_index":4}],"outputs":[{"name":"output","type":"LATENT","links":[303],"slot_index":0,"shape":3},{"name":"denoised_output","type":"LATENT","links":null,"shape":3}],"properties":{"Node name for S&R":"SamplerCustomAdvanced"},"widgets_values":[]},{"id":161,"type":"BasicScheduler","pos":{"0":1840,"1":380},"size":{"0":236.45303344726562,"1":106},"flags":{},"order":30,"mode":0,"inputs":[{"name":"model","type":"MODEL","link":201,"slot_index":0}],"outputs":[{"name":"SIGMAS","type":"SIGMAS","links":[191],"slot_index":0,"shape":3}],"properties":{"Node name for S&R":"BasicScheduler"},"widgets_values":["simple",8,0.5]},{"id":198,"type":"BNK_Unsampler","pos":{"0":1830,"1":90},"size":{"0":243.55404663085938,"1":238},"flags":{},"order":37,"mode":0,"inputs":[{"name":"model","type":"MODEL","link":279},{"name":"positive","type":"CONDITIONING","link":280},{"name":"negative","type":"CONDITIONING","link":281},{"name":"latent_image","type":"LATENT","link":277}],"outputs":[{"name":"LATENT","type":"LATENT","links":[292,304],"slot_index":0,"shape":3}],"properties":{"Node name for S&R":"BNK_Unsampler"},"widgets_values":[8,6,1,"euler","simple","disable"]},{"id":212,"type":"Image Comparer (rgthree)","pos":{"0":3810,"1":30},"size":{"0":1250,"1":1100},"flags":{},"order":43,"mode":0,"inputs":[{"name":"image_a","type":"IMAGE","link":306,"dir":3},{"name":"image_b","type":"IMAGE","link":307,"dir":3}],"outputs":[],"properties":{"comparer_mode":"Slide"},"widgets_values":[[{"name":"A","selected":true,"url":"/api/view?filename=rgthree.compare._temp_lnsja_00025_.png&type=temp&subfolder=&rand=0.5315715368684013"},{"name":"B","selected":true,"url":"/api/view?filename=rgthree.compare._temp_lnsja_00026_.png&type=temp&subfolder=&rand=0.3890369241956868"}]],"color":"#223","bgcolor":"#335"},{"id":207,"type":"BasicScheduler","pos":{"0":2640,"1":390},"size":{"0":210,"1":106},"flags":{},"order":31,"mode":0,"inputs":[{"name":"model","type":"MODEL","link":296,"slot_index":0}],"outputs":[{"name":"SIGMAS","type":"SIGMAS","links":[295],"slot_index":0,"shape":3}],"properties":{"Node name for S&R":"BasicScheduler"},"widgets_values":["simple",12,0.5]},{"id":223,"type":"PulidFluxModelLoader","pos":{"0":-1260,"1":440},"size":{"0":360,"1":60},"flags":{},"order":1,"mode":0,"inputs":[],"outputs":[{"name":"PULIDFLUX","type":"PULIDFLUX","links":[326],"slot_index":0,"shape":3}],"properties":{"Node name for S&R":"PulidFluxModelLoader"},"widgets_values":["pulid_flux_v0.9.0.safetensors"]},{"id":224,"type":"PulidFluxEvaClipLoader","pos":{"0":-1260,"1":540},"size":{"0":360,"1":30},"flags":{},"order":2,"mode":0,"inputs":[],"outputs":[{"name":"EVA_CLIP","type":"EVA_CLIP","links":[327],"slot_index":0,"shape":3}],"properties":{"Node name for S&R":"PulidFluxEvaClipLoader"},"widgets_values":[]},{"id":225,"type":"PulidFluxInsightFaceLoader","pos":{"0":-1260,"1":610},"size":{"0":360,"1":60},"flags":{},"order":3,"mode":0,"inputs":[],"outputs":[{"name":"FACEANALYSIS","type":"FACEANALYSIS","links":[328],"slot_index":0,"shape":3}],"properties":{"Node name for S&R":"PulidFluxInsightFaceLoader"},"widgets_values":["CUDA"]},{"id":193,"type":"LoraLoader","pos":{"0":420,"1":380},"size":{"0":315,"1":126},"flags":{},"order":20,"mode":4,"inputs":[{"name":"model","type":"MODEL","link":324},{"name":"clip","type":"CLIP","link":325}],"outputs":[{"name":"MODEL","type":"MODEL","links":[330],"slot_index":0,"shape":3},{"name":"CLIP","type":"CLIP","links":[262,282],"slot_index":1,"shape":3}],"properties":{"Node name for S&R":"LoraLoader"},"widgets_values":["flux\\araminta_k_flux_koda.safetensors",1,1]},{"id":216,"type":"SDXLAspectRatioSelector","pos":{"0":-1640,"1":580},"size":{"0":320,"1":100},"flags":{},"order":4,"mode":0,"inputs":[],"outputs":[{"name":"ratio","type":"STRING","links":null,"shape":3},{"name":"width","type":"INT","links":[316,318],"slot_index":1,"shape":3},{"name":"height","type":"INT","links":[317,319],"slot_index":2,"shape":3}],"properties":{"Node name for S&R":"SDXLAspectRatioSelector"},"widgets_values":["3:4"],"color":"#232","bgcolor":"#353"},{"id":17,"type":"BasicScheduler","pos":{"0":795.7305297851562,"1":93.9999771118164},"size":{"0":281.2428283691406,"1":106},"flags":{},"order":29,"mode":0,"inputs":[{"name":"model","type":"MODEL","link":93,"slot_index":0}],"outputs":[{"name":"SIGMAS","type":"SIGMAS","links":[20],"slot_index":0,"shape":3}],"properties":{"Node name for S&R":"BasicScheduler"},"widgets_values":["simple",12,1]},{"id":25,"type":"RandomNoise","pos":{"0":422.7305603027344,"1":235.99996948242188},"size":{"0":327.1990661621094,"1":94.58134460449219},"flags":{},"order":5,"mode":0,"inputs":[],"outputs":[{"name":"NOISE","type":"NOISE","links":[37,186,305],"slot_index":0,"shape":3}],"properties":{"Node name for S&R":"RandomNoise"},"widgets_values":[787136018898588,"randomize"]},{"id":219,"type":"LoraLoader","pos":{"0":-1640,"1":380},"size":{"0":320,"1":130},"flags":{},"order":16,"mode":0,"inputs":[{"name":"model","type":"MODEL","link":334},{"name":"clip","type":"CLIP","link":335}],"outputs":[{"name":"MODEL","type":"MODEL","links":[324],"slot_index":0,"shape":3},{"name":"CLIP","type":"CLIP","links":[325],"slot_index":1,"shape":3}],"properties":{"Node name for S&R":"LoraLoader"},"widgets_values":["flux\\Hyper-FLUX.1-dev-8steps-lora_rank1.safetensors",0.8,1]},{"id":228,"type":"CheckpointLoaderSimple","pos":{"0":-1640,"1":70},"size":{"0":315,"1":98},"flags":{},"order":6,"mode":0,"inputs":[],"outputs":[{"name":"MODEL","type":"MODEL","links":[332],"slot_index":0,"shape":3},{"name":"CLIP","type":"CLIP","links":[333],"slot_index":1,"shape":3},{"name":"VAE","type":"VAE","links":[336,337],"slot_index":2,"shape":3}],"properties":{"Node name for S&R":"CheckpointLoaderSimple"},"widgets_values":["flux\\flux1-dev-fp8.safetensors"]},{"id":158,"type":"VAEDecode","pos":{"0":3270,"1":110},"size":{"0":140,"1":46},"flags":{},"order":42,"mode":0,"inputs":[{"name":"samples","type":"LATENT","link":300},{"name":"vae","type":"VAE","link":337}],"outputs":[{"name":"IMAGE","type":"IMAGE","links":[306,315],"slot_index":0,"shape":3}],"properties":{"Node name for S&R":"VAEDecode"},"widgets_values":[]},{"id":233,"type":"MaskToSEGS","pos":{"0":-410,"1":480},"size":{"0":315,"1":154},"flags":{},"order":18,"mode":0,"inputs":[{"name":"mask","type":"MASK","link":343}],"outputs":[{"name":"SEGS","type":"SEGS","links":[344],"slot_index":0,"shape":3}],"properties":{"Node name for S&R":"MaskToSEGS"},"widgets_values":[false,1.2000000000000002,false,100,false]},{"id":234,"type":"SEGSPreview","pos":{"0":-150,"1":100},"size":{"0":228.31101989746094,"1":314},"flags":{},"order":21,"mode":0,"inputs":[{"name":"segs","type":"SEGS","link":344},{"name":"fallback_image_opt","type":"IMAGE","link":349,"shape":7}],"outputs":[{"name":"IMAGE","type":"IMAGE","links":[345,350],"slot_index":0,"shape":6}],"properties":{"Node name for S&R":"SEGSPreview"},"widgets_values":[false,1]},{"id":232,"type":"PreviewImage","pos":{"0":-400,"1":100},"size":{"0":230.38951110839844,"1":312.22418212890625},"flags":{},"order":17,"mode":0,"inputs":[{"name":"images","type":"IMAGE","link":342}],"outputs":[],"properties":{"Node name for S&R":"PreviewImage"},"widgets_values":[]},{"id":227,"type":"ApplyPulidFlux","pos":{"0":20,"1":460},"size":{"0":315,"1":206},"flags":{},"order":25,"mode":0,"inputs":[{"name":"model","type":"MODEL","link":330},{"name":"pulid_flux","type":"PULIDFLUX","link":326},{"name":"eva_clip","type":"EVA_CLIP","link":327},{"name":"face_analysis","type":"FACEANALYSIS","link":328},{"name":"image","type":"IMAGE","link":350},{"name":"attn_mask","type":"MASK","link":null,"shape":7}],"outputs":[{"name":"MODEL","type":"MODEL","links":[331],"slot_index":0,"shape":3}],"properties":{"Node name for S&R":"ApplyPulidFlux"},"widgets_values":[1,0,1]},{"id":237,"type":"Florence2Run","pos":{"0":-860,"1":310},"size":{"0":400,"1":352},"flags":{},"order":14,"mode":0,"inputs":[{"name":"image","type":"IMAGE","link":348},{"name":"florence2_model","type":"FL2MODEL","link":347}],"outputs":[{"name":"image","type":"IMAGE","links":[342],"slot_index":0,"shape":3},{"name":"mask","type":"MASK","links":[343],"slot_index":1,"shape":3},{"name":"caption","type":"STRING","links":null,"shape":3},{"name":"data","type":"JSON","links":null,"shape":3}],"properties":{"Node name for S&R":"Florence2Run"},"widgets_values":["head","caption_to_phrase_grounding",true,false,1024,3,true,"",374141333135024,"fixed"]},{"id":236,"type":"Florence2ModelLoader","pos":{"0":-850,"1":150},"size":{"0":315,"1":106},"flags":{},"order":7,"mode":0,"inputs":[{"name":"lora","type":"PEFTLORA","link":null,"shape":7}],"outputs":[{"name":"florence2_model","type":"FL2MODEL","links":[347],"slot_index":0,"shape":3}],"properties":{"Node name for S&R":"Florence2ModelLoader"},"widgets_values":["CogFlorence-2.2-Large","fp16","sdpa"]},{"id":235,"type":"PreviewImage","pos":{"0":110,"1":100},"size":{"0":228.0189971923828,"1":312.3359680175781},"flags":{},"order":24,"mode":0,"inputs":[{"name":"images","type":"IMAGE","link":345}],"outputs":[],"properties":{"Node name for S&R":"PreviewImage"},"widgets_values":[]},{"id":229,"type":"LoraLoader","pos":{"0":-1640,"1":210},"size":{"0":320,"1":130},"flags":{},"order":13,"mode":0,"inputs":[{"name":"model","type":"MODEL","link":332},{"name":"clip","type":"CLIP","link":333}],"outputs":[{"name":"MODEL","type":"MODEL","links":[334],"slot_index":0,"shape":3},{"name":"CLIP","type":"CLIP","links":[335],"slot_index":1,"shape":3}],"properties":{"Node name for S&R":"LoraLoader"},"widgets_values":["flux\\FLUX-dev-lora-One-Click-Creative-Template.safetensors",1,1]},{"id":255,"type":"OllamaVision","pos":{"0":-860,"1":730},"size":{"0":400,"1":200},"flags":{},"order":15,"mode":0,"inputs":[{"name":"images","type":"IMAGE","link":378}],"outputs":[{"name":"description","type":"STRING","links":[379],"slot_index":0,"shape":3}],"properties":{"Node name for S&R":"OllamaVision"},"widgets_values":["Ignore the artistic style of the picture. Please describe the character's gender, race, hairstyle, hair color, physical features, clothing, clothing material, expression. Do not output anything else.","disable","http://127.0.0.1:11434","minicpm-v:8b-2.6-q4_K_M",5]},{"id":251,"type":"DisplayText_Zho","pos":{"0":-420,"1":690},"size":[400,300],"flags":{},"order":19,"mode":0,"inputs":[{"name":"text","type":"STRING","link":379,"widget":{"name":"text"}}],"outputs":[{"name":"text","type":"STRING","links":[375],"slot_index":0,"shape":3}],"properties":{"Node name for S&R":"DisplayText_Zho"},"widgets_values":["","The character appears to be female, with East Asian features. She has her hair styled in a sleek updo with some strands gently framing the sides of her face. Her hair color is dark brown or black. The physical features include gentle eyes, arched eyebrows, and a soft smile showcasing closed-lipped expression. She wears minimal makeup that enhances rather than obscures her natural beauty. As for clothing, she dons an off-shoulder garment which suggests a formal or semi-formal event attire. However, the material is not clearly discernible from this angle but appears to be of light fabric suitable for such occasions."],"color":"#346434"},{"id":28,"type":"String Literal","pos":{"0":40,"1":720},"size":[250,100],"flags":{},"order":8,"mode":0,"inputs":[],"outputs":[{"name":"STRING","type":"STRING","links":[376],"slot_index":0,"shape":3}],"properties":{"Node name for S&R":"String Literal"},"widgets_values":["The background is 4 real photos, and in the middle is a cartoon picture summarizing the real photos."],"color":"#232","bgcolor":"#353"},{"id":254,"type":"LayerUtility: TextJoin","pos":{"0":60,"1":880},"size":[210,94],"flags":{},"order":22,"mode":0,"inputs":[{"name":"text_1","type":"STRING","link":375,"widget":{"name":"text_1"}},{"name":"text_2","type":"STRING","link":376,"widget":{"name":"text_2"},"shape":7},{"name":"text_3","type":"STRING","link":null,"widget":{"name":"text_3"},"shape":7},{"name":"text_4","type":"STRING","link":null,"widget":{"name":"text_4"},"shape":7}],"outputs":[{"name":"text","type":"STRING","links":[377],"slot_index":0,"shape":3}],"properties":{"Node name for S&R":"LayerUtility: TextJoin"},"widgets_values":["","","",""],"color":"rgba(38, 73, 116, 0.7)"},{"id":211,"type":"Note","pos":{"0":390,"1":740},"size":{"0":475.674560546875,"1":258.2613525390625},"flags":{},"order":9,"mode":0,"inputs":[],"outputs":[],"properties":{"text":""},"widgets_values":["This was an experiment that just seems to work, I really don't know how or why. It seems that interpolation of latents with Flux yields more fine details in images. To vary an image more substantially you can try adding a node to set another seed for the 2nd pass, this allows you to change the image details while retaining quality and most of the composition. I haven't explored other types of styles with this workflow besides photos. I CANNOT PROVIDE SUPPORT FOR THIS, I'M JUST SHARING! \n\nThe Flux.1 checkpoint used in this workflow is the dev version, if you're missing any custom nodes or get errors/red nodes please click manager and click on \"Install Missing Custom Nodes\", when the installation finishes click \"Restart\" as instructed, then reload the workflow.\n  \nI'm using an RTX 4090 with 24GB of RAM, each image takes approx. 98 seconds.\nIf you modify and share this workflow all I ask is that you credit me.  \n\n@renderartist \nrenderartist.com "],"color":"#432","bgcolor":"#653"},{"id":218,"type":"Note","pos":{"0":-1670,"1":750},"size":[370,250],"flags":{},"order":10,"mode":0,"inputs":[],"outputs":[],"properties":{"text":""},"widgets_values":["https://www.liblib.art/modelinfo/f32569f1880942649ba976d08ba7cdaa?from=pic_detail\n(ComfyUI\\models\\unet)\n\nhttps://huggingface.co/bdsqlsz/Hyper-Flux1-dev/blob/main/Hyper-FLUX.1-dev-8steps-lora_rank1.safetensors\n(ComfyUI\\models\\loras\\flux)\n\nhttps://huggingface.co/Shakker-Labs/FLUX.1-dev-LoRA-One-Click-Creative-Template\n(ComfyUI\\models\\loras\\flux)\n\nTurning on pulid will make the image less sharp and change the overall look of the model.\n\nDatou\nhttps://www.youtube.com/@Datou1977"],"color":"#432","bgcolor":"#653"},{"id":215,"type":"SaveImage","pos":{"0":3440,"1":110},"size":{"0":320,"1":270},"flags":{},"order":44,"mode":0,"inputs":[{"name":"images","type":"IMAGE","link":315}],"outputs":[],"properties":{"Node name for S&R":"SaveImage"},"widgets_values":["sticker/img_"],"color":"#223","bgcolor":"#335"},{"id":226,"type":"LoadImage","pos":{"0":-1260,"1":100},"size":[360,310],"flags":{},"order":11,"mode":0,"inputs":[],"outputs":[{"name":"IMAGE","type":"IMAGE","links":[348,349,378],"slot_index":0,"shape":3},{"name":"MASK","type":"MASK","links":null,"shape":3}],"properties":{"Node name for S&R":"LoadImage"},"widgets_values":["512.jpg","image"],"color":"#232","bgcolor":"#353"}],"links":[[19,16,0,13,2,"SAMPLER"],[20,17,0,13,3,"SIGMAS"],[30,22,0,13,1,"GUIDER"],[37,25,0,13,0,"NOISE"],[86,6,0,60,0,"CONDITIONING"],[87,60,0,22,1,"CONDITIONING"],[93,61,0,17,0,"MODEL"],[94,61,0,22,0,"MODEL"],[156,13,0,147,0,"LATENT"],[157,147,0,148,0,"IMAGE"],[184,16,0,157,2,"SAMPLER"],[185,22,0,157,1,"GUIDER"],[186,25,0,157,0,"NOISE"],[191,161,0,157,3,"SIGMAS"],[201,61,0,161,0,"MODEL"],[257,5,0,13,4,"LATENT"],[262,193,1,6,0,"CLIP"],[273,13,0,168,0,"LATENT"],[277,168,0,198,3,"LATENT"],[279,61,0,198,0,"MODEL"],[280,60,0,198,1,"CONDITIONING"],[281,199,0,198,2,"CONDITIONING"],[282,193,1,199,0,"CLIP"],[288,201,0,157,4,"LATENT"],[292,198,0,201,1,"LATENT"],[293,168,0,201,0,"LATENT"],[295,207,0,206,3,"SIGMAS"],[296,61,0,207,0,"MODEL"],[297,16,0,206,2,"SAMPLER"],[298,22,0,206,1,"GUIDER"],[300,206,0,158,0,"LATENT"],[302,210,0,206,4,"LATENT"],[303,157,0,210,0,"LATENT"],[304,198,0,210,1,"LATENT"],[305,25,0,206,0,"NOISE"],[306,158,0,212,0,"IMAGE"],[307,147,0,212,1,"IMAGE"],[315,158,0,215,0,"IMAGE"],[316,216,1,5,0,"INT"],[317,216,2,5,1,"INT"],[318,216,1,61,1,"INT"],[319,216,2,61,2,"INT"],[324,219,0,193,0,"MODEL"],[325,219,1,193,1,"CLIP"],[326,223,0,227,1,"PULIDFLUX"],[327,224,0,227,2,"EVA_CLIP"],[328,225,0,227,3,"FACEANALYSIS"],[330,193,0,227,0,"MODEL"],[331,227,0,61,0,"MODEL"],[332,228,0,229,0,"MODEL"],[333,228,1,229,1,"CLIP"],[334,229,0,219,0,"MODEL"],[335,229,1,219,1,"CLIP"],[336,228,2,147,1,"VAE"],[337,228,2,158,1,"VAE"],[342,237,0,232,0,"IMAGE"],[343,237,1,233,0,"MASK"],[344,233,0,234,0,"SEGS"],[345,234,0,235,0,"IMAGE"],[347,236,0,237,1,"FL2MODEL"],[348,226,0,237,0,"IMAGE"],[349,226,0,234,1,"IMAGE"],[350,234,0,227,4,"IMAGE"],[375,251,0,254,0,"STRING"],[376,28,0,254,1,"STRING"],[377,254,0,6,1,"STRING"],[378,226,0,255,0,"IMAGE"],[379,255,0,251,0,"STRING"]],"groups":[{"title":"pulid","bounding":[-1290,0,1660,1010],"color":"#3f789e","font_size":24,"flags":{}},{"title":"Load FLUX.1","bounding":[-1670,0,369,693],"color":"#3f789e","font_size":24,"flags":{}},{"title":"Set Parameters","bounding":[378,0,733,526],"color":"#3f789e","font_size":24,"flags":{}},{"title":"Conditioning","bounding":[378,535,732,159],"color":"#3f789e","font_size":24,"flags":{}},{"title":"1st Pass","bounding":[1119,0,401,1128],"color":"#3f789e","font_size":24,"flags":{}},{"title":"2nd Pass","bounding":[1530,0,1086,1126],"color":"#3f789e","font_size":24,"flags":{}},{"title":"3rd Pass","bounding":[2630,0,1150,1130],"color":"#3f789e","font_size":24,"flags":{}}],"config":{},"extra":{"ds":{"scale":0.35049389948139265,"offset":[501.3821460453275,767.8774963354349]},"workspace_info":{"id":"IBQmnKsuVAKWZxE4Fo76c"}},"version":0.4,"widget_idx_map":{"16":{"sampler_name":0},"17":{"scheduler":0},"25":{"noise_seed":0},"161":{"scheduler":0},"198":{"sampler_name":3,"scheduler":4},"207":{"scheduler":0},"237":{"seed":8}},"seed_widgets":{"25":0,"237":8}}