{"last_node_id":195,"last_link_id":513,"nodes":[{"id":12,"type":"EmptyLatentImage","pos":[1390,290],"size":{"0":290,"1":120},"flags":{},"order":0,"mode":0,"inputs":[],"outputs":[{"name":"LATENT","type":"LATENT","links":[336],"shape":3,"slot_index":0,"label":"Latent"}],"properties":{"Node name for S&R":"EmptyLatentImage"},"widgets_values":[512,768,1],"color":"#422342"},{"id":146,"type":"PreviewImage","pos":[1410,500],"size":{"0":210,"1":250},"flags":{},"order":32,"mode":0,"inputs":[{"name":"images","type":"IMAGE","link":341,"label":"图像"}],"properties":{"Node name for S&R":"PreviewImage"},"color":"#422342"},{"id":68,"type":"InstantIDModelLoader","pos":[2110,630],"size":{"0":240,"1":60},"flags":{},"order":1,"mode":0,"outputs":[{"name":"INSTANTID","type":"INSTANTID","links":[152],"shape":3,"slot_index":0,"label":"INSTANTID"}],"properties":{"Node name for S&R":"InstantIDModelLoader"},"widgets_values":["ip-adapter.bin"],"color":"#38291f"},{"id":71,"type":"InstantIDFaceAnalysis","pos":[2120,770],"size":{"0":230,"1":60},"flags":{},"order":2,"mode":0,"outputs":[{"name":"FACEANALYSIS","type":"FACEANALYSIS","links":[153],"shape":3,"slot_index":0,"label":"面部分析"}],"properties":{"Node name for S&R":"InstantIDFaceAnalysis"},"widgets_values":["CPU"],"color":"#38291f"},{"id":69,"type":"ControlNetLoader","pos":[2130,900],"size":{"0":230,"1":80},"flags":{},"order":3,"mode":0,"outputs":[{"name":"CONTROL_NET","type":"CONTROL_NET","links":[154],"shape":3,"slot_index":0,"label":"ControlNet"}],"properties":{"Node name for S&R":"ControlNetLoader"},"widgets_values":["instantid\\diffusion_pytorch_model.safetensors",null],"color":"#38291f"},{"id":114,"type":"PulidModelLoader","pos":[930,640],"size":{"0":320,"1":60},"flags":{},"order":4,"mode":0,"outputs":[{"name":"PULID","type":"PULID","links":[319],"shape":3,"label":"PuLID","slot_index":0}],"properties":{"Node name for S&R":"PulidModelLoader"},"widgets_values":["ip-adapter_pulid_sdxl_fp16.safetensors"],"color":"#006691"},{"id":169,"type":"Load RetinaFace","pos":[-620,1200],"size":{"0":150,"1":30},"flags":{},"order":5,"mode":0,"outputs":[{"name":"MODEL","type":"RETINAFACE","links":[393],"shape":3,"label":"MODEL"}],"properties":{"Node name for S&R":"Load RetinaFace"},"color":"rgba(0,0,0,.8)"},{"id":172,"type":"DF_Image_scale_to_side","pos":[-430,1210],"size":{"0":210,"1":130},"flags":{},"order":24,"mode":0,"inputs":[{"name":"image","type":"IMAGE","link":399,"label":"image"}],"outputs":[{"name":"IMAGE","type":"IMAGE","links":[394,400],"shape":3,"label":"IMAGE","slot_index":0}],"properties":{"Node name for S&R":"DF_Image_scale_to_side"},"widgets_values":[1024,"Longest","nearest-exact","disabled"],"color":"rgba(0,0,0,.8)"},{"id":166,"type":"PreviewImage","pos":[600,630],"size":{"0":220,"1":300},"flags":{},"order":26,"mode":0,"inputs":[{"name":"images","type":"IMAGE","link":392,"label":"图像"}],"properties":{"Node name for S&R":"PreviewImage"},"color":"#1f1f48"},{"id":115,"type":"PulidEvaClipLoader","pos":[1040,780],"size":{"0":210,"1":30},"flags":{"pinned":true},"order":6,"mode":0,"outputs":[{"name":"EVA_CLIP","type":"EVA_CLIP","links":[320],"shape":3,"label":"EVA_CLIP","slot_index":0}],"properties":{"Node name for S&R":"PulidEvaClipLoader"},"color":"#006691"},{"id":116,"type":"PulidInsightFaceLoader","pos":[940,900],"size":{"0":320,"1":60},"flags":{},"order":7,"mode":0,"outputs":[{"name":"FACEANALYSIS","type":"FACEANALYSIS","links":[321],"shape":3,"label":"面部分析模型","slot_index":0}],"properties":{"Node name for S&R":"PulidInsightFaceLoader"},"widgets_values":["CUDA"],"color":"#006691"},{"id":168,"type":"PreviewImage","pos":[-170,1220],"size":{"0":390,"1":420},"flags":{},"order":28,"mode":0,"inputs":[{"name":"images","type":"IMAGE","link":394,"label":"图像"}],"properties":{"Node name for S&R":"PreviewImage"},"color":"rgba(0,0,0,.8)"},{"id":167,"type":"Crop Face","pos":[-640,1330],"size":{"0":210,"1":120},"flags":{},"order":20,"mode":0,"inputs":[{"name":"model","type":"RETINAFACE","link":393,"label":"model","slot_index":0},{"name":"image","type":"IMAGE","link":398,"label":"image"}],"outputs":[{"name":"face_image","type":"IMAGE","links":[399],"shape":3,"label":"face_image","slot_index":0},{"name":"preview","type":"IMAGE","links":null,"shape":3,"label":"preview"},{"name":"bbox","type":"BBOX","links":null,"shape":3,"label":"bbox"}],"properties":{"Node name for S&R":"Crop Face"},"widgets_values":[0.1,100],"color":"rgba(0,0,0,.8)"},{"id":175,"type":"Image Paste Face","pos":[4000,290],"size":{"0":210,"1":120},"flags":{},"order":40,"mode":4,"inputs":[{"name":"image","type":"IMAGE","link":434,"label":"图像"},{"name":"crop_image","type":"IMAGE","link":459,"label":"裁剪图像"},{"name":"crop_data","type":"CROP_DATA","link":405,"slot_index":2,"label":"裁剪数据"}],"outputs":[{"name":"IMAGE","type":"IMAGE","links":[422],"shape":3,"slot_index":0,"label":"图像"},{"name":"MASK_IMAGE","type":"IMAGE","links":[],"shape":3,"slot_index":1,"label":"遮罩图像"}],"properties":{"Node name for S&R":"Image Paste Face"},"widgets_values":[0.25,0],"color":"#008181"},{"id":181,"type":"SaveImage","pos":[-210,-1150],"size":{"0":660,"1":1030},"flags":{},"order":41,"mode":0,"inputs":[{"name":"images","type":"IMAGE","link":422,"label":"图像"}],"properties":{"Node name for S&R":"SaveImage"},"widgets_values":[" PVCYou/%date:yyyy-MM-dd%/PVC-Figures-You"]},{"id":164,"type":"LayerUtility: QWenImage2Prompt","pos":[-600,310],"size":{"0":250,"1":60},"flags":{},"order":19,"mode":0,"inputs":[{"name":"image","type":"IMAGE","link":390,"label":"image"}],"outputs":[{"name":"text","type":"STRING","links":[387],"shape":3,"label":"text","slot_index":0}],"properties":{"Node name for S&R":"LayerUtility: QWenImage2Prompt"},"widgets_values":["describe this character,Gender, skin colour, hairstyle,dresses."],"color":"#346434"},{"id":122,"type":"ConcatText_Zho","pos":[-270,290],"size":{"0":210,"1":50},"flags":{},"order":27,"mode":0,"inputs":[{"name":"text_1","type":"STRING","link":263,"widget":{"name":"text_1"},"label":"text_1"},{"name":"text_2","type":"STRING","link":391,"widget":{"name":"text_2"},"label":"text_2"}],"outputs":[{"name":"text","type":"STRING","links":[262],"shape":3,"slot_index":0,"label":"text"}],"properties":{"Node name for S&R":"ConcatText_Zho"},"widgets_values":["",""],"color":"#346434"},{"id":173,"type":"PreviewImage","pos":[3380,380],"size":{"0":210,"1":250},"flags":{},"order":37,"mode":4,"inputs":[{"name":"images","type":"IMAGE","link":487,"label":"图像"}],"properties":{"Node name for S&R":"PreviewImage"},"color":"#008181"},{"id":176,"type":"Image Crop Face","pos":[3400,850],"size":{"0":210,"1":100},"flags":{},"order":35,"mode":4,"inputs":[{"name":"image","type":"IMAGE","link":426,"label":"图像"}],"outputs":[{"name":"IMAGE","type":"IMAGE","links":[486],"shape":3,"slot_index":0,"label":"图像"},{"name":"CROP_DATA","type":"CROP_DATA","links":[405],"shape":3,"slot_index":1,"label":"裁剪数据"}],"properties":{"Node name for S&R":"Image Crop Face"},"widgets_values":[0.25,"haarcascade_frontalface_alt_tree.xml"],"color":"#008181"},{"id":174,"type":"ImageScaleToTotalPixels","pos":[3390,690],"size":{"0":210,"1":80},"flags":{},"order":36,"mode":4,"inputs":[{"name":"image","type":"IMAGE","link":486,"label":"图像"}],"outputs":[{"name":"IMAGE","type":"IMAGE","links":[487,488],"shape":3,"slot_index":0,"label":"图像"}],"properties":{"Node name for S&R":"ImageScaleToTotalPixels"},"widgets_values":["lanczos",1],"color":"#008181"},{"id":138,"type":"ApplyPulid","pos":[920,260],"size":{"0":340,"1":310},"flags":{},"order":25,"mode":0,"inputs":[{"name":"model","type":"MODEL","link":333,"label":"模型"},{"name":"pulid","type":"PULID","link":319,"label":"PuLID"},{"name":"eva_clip","type":"EVA_CLIP","link":320,"label":"EVA_CLIP"},{"name":"face_analysis","type":"FACEANALYSIS","link":321,"label":"面部分析模型"},{"name":"image","type":"IMAGE","link":322,"label":"图像"},{"name":"attn_mask","type":"MASK","link":null,"label":"attn_mask"}],"outputs":[{"name":"MODEL","type":"MODEL","links":[337],"shape":3,"slot_index":0,"label":"模型"}],"properties":{"Node name for S&R":"ApplyPulid"},"widgets_values":["fidelity",1,0,0.9],"color":"#006691"},{"id":118,"type":"CLIPTextEncode","pos":[-10,300],"size":{"0":210,"1":50},"flags":{},"order":29,"mode":0,"inputs":[{"name":"clip","type":"CLIP","link":null,"label":"CLIP"},{"name":"text","type":"STRING","link":262,"widget":{"name":"text"},"label":"文本"}],"outputs":[{"name":"CONDITIONING","type":"CONDITIONING","links":[374,375],"shape":3,"slot_index":0,"label":"条件"}],"properties":{"Node name for S&R":"CLIPTextEncode"},"widgets_values":[""],"color":"#346434"},{"id":119,"type":"CLIPTextEncode","pos":[-10,460],"size":{"0":220,"1":410},"flags":{},"order":8,"mode":0,"inputs":[{"name":"clip","type":"CLIP","link":null,"label":"CLIP"}],"outputs":[{"name":"CONDITIONING","type":"CONDITIONING","links":[290,339],"shape":3,"slot_index":0,"label":"条件"}],"properties":{"Node name for S&R":"CLIPTextEncode"},"widgets_values":["nsfw, paintings, cartoon, anime, sketches, worst quality, low quality, normal quality, lowres, watermark, monochrome, grayscale, ugly, blurry, Tan skin, dark skin, black skin, skin spots, skin blemishes, age spot, glans, disabled, distorted, bad anatomy, morbid, malformation, amputation, bad proportions, twins, missing body, fused body, extra head, poorly drawn face, bad eyes, deformed eye, unclear eyes, cross-eyed, long neck, malformed limbs, extra limbs, extra arms, missing arms, bad tongue, strange fingers, mutated hands, missing hands, poorly drawn hands, extra hands, fused hands, connected hand, bad hands, wrong fingers, missing fingers, extra fingers, 4 fingers, 3 fingers, deformed hands, extra legs, bad legs, many legs, more than two legs, bad feet, wrong feet, extra feets,"],"color":"#346434"},{"id":77,"type":"ApplyInstantID","pos":[2090,260],"size":{"0":320,"1":270},"flags":{},"order":33,"mode":0,"inputs":[{"name":"instantid","type":"INSTANTID","link":152,"label":"InstantID"},{"name":"insightface","type":"FACEANALYSIS","link":153,"label":"InsightFace"},{"name":"control_net","type":"CONTROL_NET","link":154,"label":"ControlNet"},{"name":"image","type":"IMAGE","link":400,"label":"图像"},{"name":"model","type":"MODEL","link":null,"label":"模型"},{"name":"positive","type":"CONDITIONING","link":375,"label":"正面条件"},{"name":"negative","type":"CONDITIONING","link":290,"label":"负面条件"},{"name":"image_kps","type":"IMAGE","link":355,"label":"图像_kps"},{"name":"mask","type":"MASK","link":null,"label":"遮罩"}],"outputs":[{"name":"MODEL","type":"MODEL","links":[349],"shape":3,"slot_index":0,"label":"模型"},{"name":"POSITIVE","type":"CONDITIONING","links":[350],"shape":3,"slot_index":1,"label":"POSITIVE"},{"name":"NEGATIVE","type":"CONDITIONING","links":[351],"shape":3,"slot_index":2,"label":"NEGATIVE"}],"properties":{"Node name for S&R":"ApplyInstantID"},"widgets_values":[0.8,0.2,1],"color":"#38291f"},{"id":184,"type":"KSampler (Efficient)","pos":[3680,250],"size":{"0":280,"1":730},"flags":{},"order":39,"mode":4,"inputs":[{"name":"model","type":"MODEL","link":505,"label":"模型"},{"name":"positive","type":"CONDITIONING","link":506,"label":"正面条件","slot_index":1},{"name":"negative","type":"CONDITIONING","link":507,"label":"负面条件"},{"name":"latent_image","type":"LATENT","link":431,"label":"Latent","slot_index":3},{"name":"optional_vae","type":"VAE","link":null,"label":"VAE(可选)"},{"name":"script","type":"SCRIPT","link":null,"label":"脚本","slot_index":5}],"outputs":[{"name":"MODEL","type":"MODEL","links":[],"shape":3,"label":"模型","slot_index":0},{"name":"CONDITIONING+","type":"CONDITIONING","links":[],"shape":3,"label":"正面条件","slot_index":1},{"name":"CONDITIONING-","type":"CONDITIONING","links":[],"shape":3,"label":"负面条件","slot_index":2},{"name":"LATENT","type":"LATENT","links":[],"shape":3,"label":"Latent","slot_index":3},{"name":"VAE","type":"VAE","links":[],"shape":3,"label":"VAE","slot_index":4},{"name":"IMAGE","type":"IMAGE","links":[459],"shape":3,"label":"图像","slot_index":5}],"properties":{"Node name for S&R":"KSampler (Efficient)"},"widgets_values":[4,139361233195173,20,4,"euler_ancestral","karras",0.5,"auto","true"],"color":"#008181","bgcolor":"#335533","shape":1},{"id":185,"type":"VAEEncode","pos":[3380,270],"size":{"0":210,"1":50},"flags":{},"order":38,"mode":4,"inputs":[{"name":"pixels","type":"IMAGE","link":488,"label":"图像"},{"name":"vae","type":"VAE","link":null,"label":"VAE"}],"outputs":[{"name":"LATENT","type":"LATENT","links":[431],"shape":3,"label":"Latent"}],"properties":{"Node name for S&R":"VAEEncode"},"color":"#008181"},{"id":120,"type":"CR Text","pos":[-260,440],"size":{"0":210,"1":210},"flags":{},"order":9,"mode":0,"outputs":[{"name":"text","type":"*","links":[263],"shape":3,"slot_index":0,"label":"文本"},{"name":"show_help","type":"STRING","links":null,"shape":3,"label":"显示帮助"}],"properties":{"Node name for S&R":"CR Text"},"widgets_values":["(whole body:1.5)，(masterpiece),(highest quality),(extremely detailed),Anime,(extremely detailed),(figurine:1.5),(((solo))),(whole body shot:1.5), (whole-length portrait:1.5),exaggerated features with, oversized features, ((dark background, clean background)),"],"color":"#346434"},{"id":187,"type":"Note","pos":[-620,700],"size":{"0":310,"1":140},"flags":{},"order":10,"mode":0,"properties":{"text":""},"widgets_values":["使用Layerstyle的Qwen节点来反推提示词：\nhttps://github.com/chflame163/ComfyUI_LayerStyle"],"color":"#346434"},{"id":2,"type":"CheckpointLoaderSimple","pos":[-1050,430],"size":{"0":320,"1":120},"flags":{},"order":11,"mode":0,"outputs":[{"name":"MODEL","type":"MODEL","links":[508],"shape":3,"slot_index":0,"label":"模型"},{"name":"CLIP","type":"CLIP","links":[509],"shape":3,"slot_index":1,"label":"CLIP"},{"name":"VAE","type":"VAE","links":[454,462],"shape":3,"slot_index":2,"label":"VAE"}],"properties":{"Node name for S&R":"CheckpointLoaderSimple"},"widgets_values":["xl\\PVC手办风格__万物皆可胶_BETA1.2.safetensors",null],"color":"#c09430"},{"id":191,"type":"Anything Everywhere3","pos":[-1040,810],"size":{"0":310,"1":70},"flags":{},"order":18,"mode":0,"inputs":[{"name":"MODEL","type":"*","link":510,"label":"MODEL","color_on":"#B39DDB"},{"name":"CLIP","type":"*","link":511,"label":"CLIP","color_on":"#FFD500"},{"name":"VAE","type":"*","link":454,"label":"VAE","color_on":"#FF6E6E"}],"properties":{"Node name for S&R":"Anything Everywhere3","group_restricted":false,"color_restricted":false},"widgets_values":[]},{"id":145,"type":"KSampler (Efficient)","pos":[1740,290],"size":{"0":240,"1":570},"flags":{},"order":30,"mode":0,"inputs":[{"name":"model","type":"MODEL","link":337,"label":"模型"},{"name":"positive","type":"CONDITIONING","link":374,"label":"正面条件"},{"name":"negative","type":"CONDITIONING","link":339,"label":"负面条件"},{"name":"latent_image","type":"LATENT","link":336,"label":"Latent","slot_index":3},{"name":"optional_vae","type":"VAE","link":null,"label":"VAE(可选)"},{"name":"script","type":"SCRIPT","link":null,"label":"脚本"}],"outputs":[{"name":"MODEL","type":"MODEL","links":[],"shape":3,"label":"模型","slot_index":0},{"name":"CONDITIONING+","type":"CONDITIONING","links":[],"shape":3,"label":"正面条件","slot_index":1},{"name":"CONDITIONING-","type":"CONDITIONING","links":[],"shape":3,"label":"负面条件","slot_index":2},{"name":"LATENT","type":"LATENT","links":[424],"shape":3,"label":"Latent","slot_index":3},{"name":"VAE","type":"VAE","links":[],"shape":3,"label":"VAE","slot_index":4},{"name":"IMAGE","type":"IMAGE","links":[341,355],"shape":3,"label":"图像","slot_index":5}],"properties":{"Node name for S&R":"KSampler (Efficient)"},"widgets_values":[629908493797230,139361233195173,15,4,"euler_ancestral","karras",1,"auto","true"],"color":"#422342","bgcolor":"#333355","shape":1},{"id":151,"type":"KSampler (Efficient)","pos":[2970,270],"size":{"0":280,"1":730},"flags":{},"order":34,"mode":0,"inputs":[{"name":"model","type":"MODEL","link":349,"label":"模型"},{"name":"positive","type":"CONDITIONING","link":350,"label":"正面条件","slot_index":1},{"name":"negative","type":"CONDITIONING","link":351,"label":"负面条件"},{"name":"latent_image","type":"LATENT","link":423,"label":"Latent","slot_index":3},{"name":"optional_vae","type":"VAE","link":462,"label":"VAE(可选)"},{"name":"script","type":"SCRIPT","link":427,"label":"脚本","slot_index":5}],"outputs":[{"name":"MODEL","type":"MODEL","links":[505],"shape":3,"label":"模型","slot_index":0},{"name":"CONDITIONING+","type":"CONDITIONING","links":[506],"shape":3,"label":"正面条件","slot_index":1},{"name":"CONDITIONING-","type":"CONDITIONING","links":[507],"shape":3,"label":"负面条件","slot_index":2},{"name":"LATENT","type":"LATENT","links":[],"shape":3,"label":"Latent","slot_index":3},{"name":"VAE","type":"VAE","links":[],"shape":3,"label":"VAE","slot_index":4},{"name":"IMAGE","type":"IMAGE","links":[426,434],"shape":3,"label":"图像","slot_index":5}],"properties":{"Node name for S&R":"KSampler (Efficient)"},"widgets_values":[1090288465570393,139361233195173,20,4,"euler_ancestral","karras",0.6,"auto","true"],"color":"#422342","bgcolor":"#553355","shape":1},{"id":182,"type":"LatentUpscaleBy","pos":[2560,290],"size":{"0":320,"1":80},"flags":{},"order":31,"mode":0,"inputs":[{"name":"samples","type":"LATENT","link":424,"label":"Latent"}],"outputs":[{"name":"LATENT","type":"LATENT","links":[423],"shape":3,"label":"Latent"}],"properties":{"Node name for S&R":"LatentUpscaleBy"},"widgets_values":["nearest-exact",1.5],"color":"#422342"},{"id":183,"type":"HighRes-Fix Script","pos":[2570,490],"size":[330,250],"flags":{},"order":12,"mode":0,"inputs":[{"name":"script","type":"SCRIPT","link":null,"label":"脚本"}],"outputs":[{"name":"SCRIPT","type":"SCRIPT","links":[427],"shape":3,"label":"脚本"}],"properties":{"Node name for S&R":"HighRes-Fix Script"},"widgets_values":["latent","(use same)","nearest-exact","RealESRGAN_x4plus.pth",1.5,true,369763404839180,null,8,0.5,1,false,"SD1.5-CN 1.1-control-LoRAs\\control_lora_rank128_v11e_sd15_ip2p_fp16.safetensors",1,"none",false],"color":"#422342","bgcolor":"#665533","shape":1},{"id":195,"type":"LoraLoader","pos":[-1040,600],"size":{"0":310,"1":150},"flags":{},"order":16,"mode":0,"inputs":[{"name":"model","type":"MODEL","link":508,"label":"模型"},{"name":"clip","type":"CLIP","link":509,"label":"CLIP"}],"outputs":[{"name":"MODEL","type":"MODEL","links":[510],"shape":3,"label":"模型","slot_index":0},{"name":"CLIP","type":"CLIP","links":[511],"shape":3,"label":"CLIP","slot_index":1}],"properties":{"Node name for S&R":"LoraLoader"},"widgets_values":["GN\\EnvyZoomSliderXL01.safetensors",-1.25,1,null]},{"id":140,"type":"IPAdapterUnifiedLoader","pos":[330,660],"size":{"0":250,"1":80},"flags":{},"order":13,"mode":0,"inputs":[{"name":"model","type":"MODEL","link":null,"label":"模型"},{"name":"ipadapter","type":"IPADAPTER","link":null,"label":"IPAdapter"}],"outputs":[{"name":"model","type":"MODEL","links":[330],"shape":3,"slot_index":0,"label":"模型"},{"name":"ipadapter","type":"IPADAPTER","links":[331],"shape":3,"label":"IPAdapter","slot_index":1}],"properties":{"Node name for S&R":"IPAdapterUnifiedLoader"},"widgets_values":["VIT-G (medium strength)"],"color":"#1f1f48"},{"id":186,"type":"Note","pos":[-1030,940],"size":{"0":310,"1":140},"flags":{},"order":14,"mode":0,"properties":{"text":""},"widgets_values":["checkpoint:\nhttps://www.liblib.art/modelinfo/5a751a7b7c32499ab5e3b087e3d2de17\n(ComfyUI//models/checkpoints)\n\nLORA:\nhttps://civitai.com/api/download/models/240274"],"color":"#c09430"},{"id":143,"type":"IPAdapterAdvanced","pos":[360,270],"size":{"0":320,"1":280},"flags":{},"order":21,"mode":0,"inputs":[{"name":"model","type":"MODEL","link":330,"label":"模型"},{"name":"ipadapter","type":"IPADAPTER","link":331,"label":"IPAdapter"},{"name":"image","type":"IMAGE","link":512,"label":"正面图像"},{"name":"image_negative","type":"IMAGE","link":null,"label":"负面图像"},{"name":"attn_mask","type":"MASK","link":null,"label":"关注层遮罩"},{"name":"clip_vision","type":"CLIP_VISION","link":null,"label":"CLIP视觉"}],"outputs":[{"name":"MODEL","type":"MODEL","links":[333],"shape":3,"label":"模型","slot_index":0}],"properties":{"Node name for S&R":"IPAdapterAdvanced"},"widgets_values":[0.8,"ease in","concat",0.3,0.6,"V only"],"color":"#1f1f48"},{"id":141,"type":"PrepImageForClipVision","pos":[330,810],"size":{"0":250,"1":110},"flags":{"collapsed":false},"order":22,"mode":0,"inputs":[{"name":"image","type":"IMAGE","link":513,"slot_index":0,"label":"图像"}],"outputs":[{"name":"IMAGE","type":"IMAGE","links":[392],"shape":3,"label":"图像","slot_index":0}],"properties":{"Node name for S&R":"PrepImageForClipVision"},"widgets_values":["LANCZOS","pad",0],"color":"#1f1f48"},{"id":137,"type":"DF_Image_scale_to_side","pos":[-1050,240],"size":{"0":320,"1":130},"flags":{},"order":17,"mode":0,"inputs":[{"name":"image","type":"IMAGE","link":313,"label":"image"}],"outputs":[{"name":"IMAGE","type":"IMAGE","links":[322,390,398,512,513],"shape":3,"label":"IMAGE","slot_index":0}],"properties":{"Node name for S&R":"DF_Image_scale_to_side"},"widgets_values":[1024,"Longest","nearest-exact","disabled"],"color":"#c09430"},{"id":163,"type":"ShowText|pysssss","pos":[-620,460],"size":{"0":320,"1":140},"flags":{},"order":23,"mode":0,"inputs":[{"name":"text","type":"STRING","link":387,"widget":{"name":"text"},"label":"文本"}],"outputs":[{"name":"STRING","type":"STRING","links":[391],"shape":6,"label":"字符串","slot_index":0}],"properties":{"Node name for S&R":"ShowText|pysssss"},"widgets_values":[["a woman with long dark hair and a white shirt"],"man is male, has white hair, glasses, and a white hat"],"color":"#346434"},{"id":6,"type":"LoadImage","pos":[-970,-1150],"size":{"0":750,"1":1030},"flags":{},"order":15,"mode":0,"outputs":[{"name":"IMAGE","type":"IMAGE","links":[313],"shape":3,"slot_index":0,"label":"图像"},{"name":"MASK","type":"MASK","links":null,"shape":3,"label":"遮罩"}],"properties":{"Node name for S&R":"LoadImage"},"widgets_values":["Jackie_Chan_July_2016(1).jpg","image"]}],"links":[[152,68,0,77,0,"INSTANTID"],[153,71,0,77,1,"FACEANALYSIS"],[154,69,0,77,2,"CONTROL_NET"],[262,122,0,118,1,"STRING"],[263,120,0,122,0,"STRING"],[290,119,0,77,6,"CONDITIONING"],[313,6,0,137,0,"IMAGE"],[319,114,0,138,1,"PULID"],[320,115,0,138,2,"EVA_CLIP"],[321,116,0,138,3,"FACEANALYSIS"],[322,137,0,138,4,"IMAGE"],[330,140,0,143,0,"MODEL"],[331,140,1,143,1,"IPADAPTER"],[333,143,0,138,0,"MODEL"],[336,12,0,145,3,"LATENT"],[337,138,0,145,0,"MODEL"],[339,119,0,145,2,"CONDITIONING"],[341,145,5,146,0,"IMAGE"],[349,77,0,151,0,"MODEL"],[350,77,1,151,1,"CONDITIONING"],[351,77,2,151,2,"CONDITIONING"],[355,145,5,77,7,"IMAGE"],[374,118,0,145,1,"CONDITIONING"],[375,118,0,77,5,"CONDITIONING"],[387,164,0,163,0,"STRING"],[390,137,0,164,0,"IMAGE"],[391,163,0,122,1,"STRING"],[392,141,0,166,0,"IMAGE"],[393,169,0,167,0,"RETINAFACE"],[394,172,0,168,0,"IMAGE"],[398,137,0,167,1,"IMAGE"],[399,167,0,172,0,"IMAGE"],[400,172,0,77,3,"IMAGE"],[405,176,1,175,2,"CROP_DATA"],[422,175,0,181,0,"IMAGE"],[423,182,0,151,3,"LATENT"],[424,145,3,182,0,"LATENT"],[426,151,5,176,0,"IMAGE"],[427,183,0,151,5,"SCRIPT"],[431,185,0,184,3,"LATENT"],[434,151,5,175,0,"IMAGE"],[454,2,2,191,2,"VAE"],[459,184,5,175,1,"IMAGE"],[462,2,2,151,4,"VAE"],[486,176,0,174,0,"IMAGE"],[487,174,0,173,0,"IMAGE"],[488,174,0,185,0,"IMAGE"],[505,151,0,184,0,"MODEL"],[506,151,1,184,1,"CONDITIONING"],[507,151,2,184,2,"CONDITIONING"],[508,2,0,195,0,"MODEL"],[509,2,1,195,1,"CLIP"],[510,195,0,191,0,"MODEL"],[511,195,1,191,1,"CLIP"],[512,137,0,143,2,"IMAGE"],[513,137,0,141,0,"IMAGE"]],"groups":[{"title":"Lora","bounding":[-1080,150,400,970],"color":"#b58b2a","font_size":24,"locked":false},{"title":"Prompt","bounding":[-660,150,935,906],"color":"#8A8","font_size":24,"locked":false},{"title":"Ksampler","bounding":[1320,150,692,908],"color":"#a1309b","font_size":24,"locked":false},{"title":"InstantID","bounding":[2030,150,423,916],"color":"#b06634","font_size":24,"locked":false},{"title":"Ksampler","bounding":[2480,150,840,920],"color":"#a1309b","font_size":24,"locked":false},{"title":"PuLID","bounding":[850,150,454,905],"color":"#3f789e","font_size":24,"locked":false},{"title":"IPAdapter","bounding":[310,150,520,910],"color":"#88A","font_size":24,"locked":false},{"title":"                PVC Figures You","bounding":[-1090,-1340,1680,1230],"color":"#3f789e","font_size":100,"locked":false},{"title":"Coap Face","bounding":[-660,1080,930,710],"color":"#444","font_size":24,"locked":false},{"title":"Face Redrawing","bounding":[3340,150,910,920],"color":"#8AA","font_size":24,"locked":false}],"config":{},"extra":{"ds":{"scale":0.5989500000000061,"offset":{"0":1274.1894490165748,"1":1746.7381790706697}},"0246.VERSION":[0,0,4],"workspace_info":{"id":"NSsaAaQH3rMxXq1YpodG2"}},"version":0.4}