{"last_node_id":68,"last_link_id":121,"nodes":[{"id":53,"type":"EmptySD3LatentImage","pos":[540,350],"size":{"0":320,"1":110},"flags":{},"order":0,"mode":0,"outputs":[{"name":"LATENT","type":"LATENT","links":[100],"shape":3,"slot_index":0,"label":"Latent"}],"properties":{"Node name for S&R":"EmptySD3LatentImage"},"widgets_values":[960,1536,1]},{"id":40,"type":"CLIPTextEncode","pos":[540,220],"size":{"0":320,"1":80},"flags":{},"order":5,"mode":0,"inputs":[{"name":"clip","type":"CLIP","link":97,"label":"CLIP"},{"name":"text","type":"STRING","link":120,"widget":{"name":"text"},"label":"文本"}],"outputs":[{"name":"CONDITIONING","type":"CONDITIONING","links":[80],"shape":3,"slot_index":0,"label":"条件"}],"properties":{"Node name for S&R":"CLIPTextEncode"},"widgets_values":[""]},{"id":16,"type":"CLIPTextEncode","pos":[540,100],"size":{"0":320,"1":70},"flags":{},"order":4,"mode":0,"inputs":[{"name":"clip","type":"CLIP","link":96,"label":"CLIP"},{"name":"text","type":"STRING","link":119,"widget":{"name":"text"},"slot_index":1,"label":"文本"}],"outputs":[{"name":"CONDITIONING","type":"CONDITIONING","links":[21],"slot_index":0,"label":"条件"}],"properties":{"Node name for S&R":"CLIPTextEncode"},"widgets_values":["highly realistic vintage book cover with a textured black background. At the top, the title 'COMFYPARK' is styled in a sharp, classic stylized font. Near the bottom, the author name 'ZHO' appears in a smaller, elegant serif font. The cover should look exceptionally real with enhanced crispness in the text, showing clear signs of wear such as slightly frayed edges and subtle distress marks. The overall appearance should mimic a well-preserved, old academic book, with a focus on high fidelity in the material texture and color depth."]},{"id":54,"type":"PreviewImage","pos":[1372,-223],"size":{"0":690,"1":1130},"flags":{},"order":8,"mode":0,"inputs":[{"name":"images","type":"IMAGE","link":101,"label":"图像"}],"properties":{"Node name for S&R":"PreviewImage"}},{"id":8,"type":"VAEDecode","pos":[540,850],"size":{"0":320,"1":50},"flags":{},"order":7,"mode":0,"inputs":[{"name":"samples","type":"LATENT","link":7,"label":"Latent"},{"name":"vae","type":"VAE","link":53,"slot_index":1,"label":"VAE"}],"outputs":[{"name":"IMAGE","type":"IMAGE","links":[101,121],"slot_index":0,"label":"图像"}],"properties":{"Node name for S&R":"VAEDecode"}},{"id":3,"type":"KSampler","pos":[541,506],"size":{"0":320,"1":474},"flags":{},"order":6,"mode":0,"inputs":[{"name":"model","type":"MODEL","link":99,"slot_index":0,"label":"模型"},{"name":"positive","type":"CONDITIONING","link":21,"label":"正面条件"},{"name":"negative","type":"CONDITIONING","link":80,"label":"负面条件"},{"name":"latent_image","type":"LATENT","link":100,"label":"Latent"}],"outputs":[{"name":"LATENT","type":"LATENT","links":[7],"slot_index":0,"label":"Latent"}],"properties":{"Node name for S&R":"KSampler"},"widgets_values":[85714264878689,"randomize",30,5.45,"euler","sgm_uniform",1]},{"id":68,"type":"SaveImage","pos":[1472,-365],"size":[315,270],"flags":{},"order":9,"mode":0,"inputs":[{"name":"images","type":"IMAGE","link":121,"label":"图像"}],"properties":{},"widgets_values":["Portrait_SD3"]},{"id":43,"type":"TripleCLIPLoader","pos":[540,-230],"size":{"0":320,"1":120},"flags":{},"order":1,"mode":0,"outputs":[{"name":"CLIP","type":"CLIP","links":[96,97],"shape":3,"slot_index":0,"label":"CLIP"}],"properties":{"Node name for S&R":"TripleCLIPLoader"},"widgets_values":["sd3/clip_l.safetensors","sd3/clip_g.safetensors","sd3/t5xxl_fp16.safetensors"]},{"id":4,"type":"CheckpointLoaderSimple","pos":[540,-60],"size":{"0":320,"1":110},"flags":{},"order":2,"mode":0,"outputs":[{"name":"MODEL","type":"MODEL","links":[99],"slot_index":0,"label":"模型"},{"name":"CLIP","type":"CLIP","links":[],"slot_index":1,"label":"CLIP"},{"name":"VAE","type":"VAE","links":[53],"slot_index":2,"label":"VAE"}],"properties":{"Node name for S&R":"CheckpointLoaderSimple"},"widgets_values":["sd3/sd3_medium.safetensors"]},{"id":67,"type":"PortraitMaster","pos":[908,-380],"size":{"0":400,"1":2142},"flags":{},"order":3,"mode":0,"outputs":[{"name":"positive","type":"STRING","links":[119],"shape":3,"slot_index":0,"label":"正面提示词"},{"name":"negative","type":"STRING","links":[120],"shape":3,"slot_index":1,"label":"负面提示词"}],"properties":{"Node name for S&R":"PortraitMaster"},"widgets_values":["Face",1,"-",0,30,"-","-",0.5,"-",0.88,"-","-","-","-","-","-","-",0,"-",0,0,"-","-","-",0,"-","-",0,0,0,0,0,0,0,0,0,0,0,0,0,0,0,0,0,"-","-",0,"enable","raw photo, (realistic:1.5)","","","","-",1.5,"-",1.5,false,false,false,false,false,false,false,false,false,false,false,false,false,false,false,false,false,false,false,false,false,false,false,false,false,1266,"randomize"]}],"links":[[7,3,0,8,0,"LATENT"],[21,16,0,3,1,"CONDITIONING"],[53,4,2,8,1,"VAE"],[80,40,0,3,2,"CONDITIONING"],[96,43,0,16,0,"CLIP"],[97,43,0,40,0,"CLIP"],[99,4,0,3,0,"MODEL"],[100,53,0,3,3,"LATENT"],[101,8,0,54,0,"IMAGE"],[119,67,0,16,1,"STRING"],[120,67,1,40,1,"STRING"],[121,8,0,68,0,"IMAGE"]],"groups":[],"config":{},"extra":{"ds":{"scale":0.8769226950000005,"offset":[-251.09358431033124,95.68892717428834]},"workspace_info":{"id":"Q4jeYK3nfE9UUyWPFresq"}},"version":0.4}