{"last_node_id":188,"last_link_id":361,"nodes":[{"id":135,"type":"Reroute","pos":[100,-10],"size":[75,26],"flags":{},"order":17,"mode":0,"inputs":[{"name":"","type":"*","link":289,"label":""}],"outputs":[{"name":"","type":"MASK","links":[216],"slot_index":0,"label":""}],"properties":{"showOutputText":false,"horizontal":false}},{"id":130,"type":"PreviewImage","pos":[441.55060378428385,354.073677006212],"size":[210,250],"flags":{},"order":46,"mode":0,"inputs":[{"name":"images","type":"IMAGE","link":210,"label":"图像"}],"properties":{"Node name for S&R":"PreviewImage"},"locked":true},{"id":119,"type":"VAEEncodeForInpaint","pos":[1650.082707966,-681.8851136328678],"size":[250,100],"flags":{},"order":50,"mode":0,"inputs":[{"name":"pixels","type":"IMAGE","link":242,"label":"图像"},{"name":"vae","type":"VAE","link":245,"label":"VAE"},{"name":"mask","type":"MASK","link":194,"label":"遮罩"}],"outputs":[{"name":"LATENT","type":"LATENT","links":[195],"slot_index":0,"shape":3,"label":"Latent"}],"properties":{"Node name for S&R":"VAEEncodeForInpaint"},"widgets_values":[6],"locked":true},{"id":125,"type":"VAEEncode","pos":[1650.082707966,-421.88511363286875],"size":[260,50],"flags":{},"order":36,"mode":0,"inputs":[{"name":"pixels","type":"IMAGE","link":243,"label":"图像"},{"name":"vae","type":"VAE","link":246,"label":"VAE"}],"outputs":[{"name":"LATENT","type":"LATENT","links":[197],"slot_index":0,"shape":3,"label":"Latent"}],"properties":{"Node name for S&R":"VAEEncode"},"locked":true},{"id":120,"type":"VHS_DuplicateLatents","pos":[1650.082707966,-531.8851136328683],"size":[260.3999938964844,54],"flags":{},"order":52,"mode":0,"inputs":[{"name":"latents","type":"LATENT","link":195,"label":"Latent"},{"name":"multiply_by","type":"*","link":null,"widget":{"name":"multiply_by"},"label":"系数"}],"outputs":[{"name":"LATENT","type":"LATENT","links":[199],"slot_index":0,"shape":3,"label":"Latent"},{"name":"count","type":"INT","links":null,"shape":3,"label":"计数"}],"properties":{"Node name for S&R":"VHS_DuplicateLatents"},"widgets_values":{"multiply_by":14},"locked":true},{"id":121,"type":"VHS_DuplicateLatents","pos":[1650.082707966,-331.885113632869],"size":[260.3999938964844,54],"flags":{},"order":41,"mode":0,"inputs":[{"name":"latents","type":"LATENT","link":197,"label":"Latent"},{"name":"multiply_by","type":"*","link":null,"widget":{"name":"multiply_by"},"label":"系数"}],"outputs":[{"name":"LATENT","type":"LATENT","links":[200],"slot_index":0,"shape":3,"label":"Latent"},{"name":"count","type":"INT","links":null,"shape":3,"label":"计数"}],"properties":{"Node name for S&R":"VHS_DuplicateLatents"},"widgets_values":{"multiply_by":14},"locked":true},{"id":138,"type":"Reroute","pos":[730,660],"size":[75,26],"flags":{},"order":45,"mode":0,"inputs":[{"name":"","type":"*","link":218,"label":""}],"outputs":[{"name":"","type":"MASK","links":[239],"slot_index":0,"label":""}],"properties":{"showOutputText":false,"horizontal":false}},{"id":126,"type":"Mask Gaussian Region","pos":[1650.082707966,-791.8851136328682],"size":[250,60],"flags":{},"order":48,"mode":0,"inputs":[{"name":"masks","type":"MASK","link":240,"label":"遮罩"}],"outputs":[{"name":"MASKS","type":"MASK","links":[194],"slot_index":0,"shape":3,"label":"遮罩"}],"properties":{"Node name for S&R":"Mask Gaussian Region"},"widgets_values":[10.8],"locked":true},{"id":148,"type":"Reroute","pos":[1540.0827079660044,-841.8851136328682],"size":[75,26],"flags":{},"order":32,"mode":0,"inputs":[{"name":"","type":"*","link":241,"label":""}],"outputs":[{"name":"","type":"IMAGE","links":[242,243,260],"slot_index":0,"label":""}],"properties":{"showOutputText":false,"horizontal":false}},{"id":149,"type":"Reroute","pos":[1540.0827079660044,-761.8851136328682],"size":[75,26],"flags":{},"order":23,"mode":0,"inputs":[{"name":"","type":"*","link":259,"label":""}],"outputs":[{"name":"","type":"VAE","links":[245,246,261],"slot_index":0,"label":""}],"properties":{"showOutputText":false,"horizontal":false}},{"id":150,"type":"Reroute","pos":[1543.6831262435453,-721.7349574460957],"size":[75,26],"flags":{},"order":18,"mode":0,"inputs":[{"name":"","type":"*","link":284,"label":"","widget":{"name":"value"}}],"outputs":[{"name":"","type":"INT","links":[],"slot_index":0,"label":""}],"properties":{"showOutputText":false,"horizontal":false}},{"id":144,"type":"VAEEncode","pos":[1933.6831262435362,-781.7349574460957],"size":[260,50],"flags":{},"order":37,"mode":0,"inputs":[{"name":"pixels","type":"IMAGE","link":260,"label":"图像"},{"name":"vae","type":"VAE","link":261,"label":"VAE"}],"outputs":[{"name":"LATENT","type":"LATENT","links":[233],"slot_index":0,"shape":3,"label":"Latent"}],"properties":{"Node name for S&R":"VAEEncode"},"locked":true},{"id":122,"type":"LatentComposite","pos":[1650.082707966,-231.88511363286895],"size":[260,130],"flags":{"collapsed":false},"order":54,"mode":0,"inputs":[{"name":"samples_to","type":"LATENT","link":199,"label":"目标Latent"},{"name":"samples_from","type":"LATENT","link":200,"label":"源Latent"}],"outputs":[{"name":"LATENT","type":"LATENT","links":[317],"slot_index":0,"shape":3,"label":"Latent"}],"properties":{"Node name for S&R":"LatentComposite"},"widgets_values":[0,0,0],"locked":true},{"id":147,"type":"Reroute","pos":[1540.0827079660044,-801.8851136328681],"size":[75,26],"flags":{},"order":47,"mode":0,"inputs":[{"name":"","type":"*","link":239,"label":""}],"outputs":[{"name":"","type":"MASK","links":[240,265],"slot_index":0,"label":""}],"properties":{"showOutputText":false,"horizontal":false}},{"id":117,"type":"VideoLinearCFGGuidance","pos":[1356.5146202779529,60.22664180255285],"size":[250,60],"flags":{},"order":39,"mode":0,"inputs":[{"name":"model","type":"MODEL","link":274,"label":"模型"}],"outputs":[{"name":"MODEL","type":"MODEL","links":[],"slot_index":0,"shape":3,"label":"模型"}],"properties":{"Node name for S&R":"VideoLinearCFGGuidance"},"widgets_values":[1],"locked":true},{"id":154,"type":"Reroute","pos":[960,20],"size":[75,26],"flags":{},"order":33,"mode":0,"inputs":[{"name":"","type":"*","link":267,"label":""}],"outputs":[{"name":"","type":"IMAGE","links":[268,269],"slot_index":0,"label":""}],"properties":{"showOutputText":false,"horizontal":false}},{"id":152,"type":"Reroute","pos":[1370,-160],"size":[75,26],"flags":{},"order":14,"mode":0,"inputs":[{"name":"","type":"*","link":254,"label":""}],"outputs":[{"name":"","type":"VAE","links":[259,270],"slot_index":0,"label":""}],"properties":{"showOutputText":false,"horizontal":false}},{"id":155,"type":"Reroute","pos":[960,70],"size":[75,26],"flags":{},"order":24,"mode":0,"inputs":[{"name":"","type":"*","link":270,"label":""}],"outputs":[{"name":"","type":"VAE","links":[271,272],"slot_index":0,"label":""}],"properties":{"showOutputText":false,"horizontal":false}},{"id":156,"type":"Reroute","pos":[960,120],"size":[75,26],"flags":{},"order":34,"mode":0,"inputs":[{"name":"","type":"*","link":273,"label":""}],"outputs":[{"name":"","type":"MODEL","links":[274,275],"slot_index":0,"label":""}],"properties":{"showOutputText":false,"horizontal":false}},{"id":153,"type":"Reroute","pos":[1370,-120],"size":[75,26],"flags":{},"order":13,"mode":0,"inputs":[{"name":"","type":"*","link":253,"label":""}],"outputs":[{"name":"","type":"CLIP_VISION","links":[281],"slot_index":0,"label":""}],"properties":{"showOutputText":false,"horizontal":false}},{"id":159,"type":"Reroute","pos":[970,210],"size":[75,26],"flags":{},"order":22,"mode":0,"inputs":[{"name":"","type":"*","link":281,"label":""}],"outputs":[{"name":"","type":"CLIP_VISION","links":[282],"slot_index":0,"label":""}],"properties":{"showOutputText":false,"horizontal":false}},{"id":160,"type":"Reroute","pos":[739.3853846691895,-320],"size":[75,26],"flags":{},"order":10,"mode":0,"inputs":[{"name":"","type":"*","link":323,"label":"","widget":{"name":"value"}}],"outputs":[{"name":"","type":"INT","links":[284,302],"slot_index":0,"label":""}],"properties":{"showOutputText":false,"horizontal":false}},{"id":162,"type":"Reroute","pos":[739.3853846691895,-370],"size":[75,26],"flags":{},"order":9,"mode":0,"inputs":[{"name":"","type":"*","link":287,"label":""}],"outputs":[{"name":"","type":"MASK","links":[289],"slot_index":0,"label":""}],"properties":{"showOutputText":false,"horizontal":false}},{"id":131,"type":"VideoLinearCFGGuidance","pos":[960,-650],"size":[370,60],"flags":{},"order":12,"mode":0,"inputs":[{"name":"model","type":"MODEL","link":211,"label":"模型"}],"outputs":[{"name":"MODEL","type":"MODEL","links":[212],"slot_index":0,"shape":3,"label":"模型"}],"properties":{"Node name for S&R":"VideoLinearCFGGuidance"},"widgets_values":[1],"locked":true},{"id":132,"type":"FreeU_V2","pos":[960,-540],"size":[370,130],"flags":{},"order":21,"mode":0,"inputs":[{"name":"model","type":"MODEL","link":212,"label":"模型"}],"outputs":[{"name":"MODEL","type":"MODEL","links":[250],"slot_index":0,"shape":3,"label":"模型"}],"properties":{"Node name for S&R":"FreeU_V2"},"widgets_values":[1.3,1.4,0.9,0.2],"locked":true},{"id":110,"type":"MaskToImage","pos":[211.5506037842838,364.0736770062121],"size":[210,26],"flags":{},"order":27,"mode":0,"inputs":[{"name":"mask","type":"MASK","link":216,"label":"遮罩"}],"outputs":[{"name":"IMAGE","type":"IMAGE","links":[176],"slot_index":0,"shape":3,"label":"图像"}],"properties":{"Node name for S&R":"MaskToImage"},"locked":true},{"id":109,"type":"GetImageSize+","pos":[211.5506037842838,274.0736770062119],"size":[210,46],"flags":{},"order":31,"mode":0,"inputs":[{"name":"image","type":"IMAGE","link":327,"label":"图像"}],"outputs":[{"name":"width","type":"INT","links":[177],"slot_index":0,"shape":3,"label":"宽度"},{"name":"height","type":"INT","links":[178],"slot_index":1,"shape":3,"label":"高度"},{"name":"count","type":"INT","links":null,"shape":3}],"properties":{"Node name for S&R":"GetImageSize+"},"locked":true},{"id":129,"type":"InpaintPreprocessor","pos":[441.55060378428385,274.0736770062119],"size":[210,46],"flags":{},"order":44,"mode":0,"inputs":[{"name":"image","type":"IMAGE","link":328,"label":"图像"},{"name":"mask","type":"MASK","link":209,"label":"遮罩"}],"outputs":[{"name":"IMAGE","type":"IMAGE","links":[210],"slot_index":0,"shape":3,"label":"图像"}],"properties":{"Node name for S&R":"InpaintPreprocessor"},"locked":true},{"id":139,"type":"Reroute","pos":[730,610],"size":[75,26],"flags":{},"order":26,"mode":0,"inputs":[{"name":"","type":"*","link":329,"label":""}],"outputs":[{"name":"","type":"IMAGE","links":[241,267],"slot_index":0,"label":""}],"properties":{"showOutputText":false,"horizontal":false}},{"id":140,"type":"GetImageSize+","pos":[1066.514620277955,60.22664180255285],"size":[250,50],"flags":{},"order":38,"mode":0,"inputs":[{"name":"image","type":"IMAGE","link":268,"label":"图像"}],"outputs":[{"name":"width","type":"INT","links":[225],"slot_index":0,"shape":3,"label":"宽度"},{"name":"height","type":"INT","links":[226],"slot_index":1,"shape":3,"label":"高度"},{"name":"count","type":"INT","links":null,"shape":3}],"properties":{"Node name for S&R":"GetImageSize+"},"locked":true},{"id":146,"type":"Reroute","pos":[2187.4417076825766,-177.62058826663122],"size":[75,26],"flags":{},"order":56,"mode":0,"inputs":[{"name":"","type":"*","link":322,"label":""}],"outputs":[{"name":"","type":"LATENT","links":[276],"slot_index":0,"label":""}],"properties":{"showOutputText":false,"horizontal":false}},{"id":151,"type":"Reroute","pos":[1370,-200],"size":[75,26],"flags":{},"order":29,"mode":0,"inputs":[{"name":"","type":"*","link":250,"label":""}],"outputs":[{"name":"","type":"MODEL","links":[273],"slot_index":0,"label":""}],"properties":{"showOutputText":false,"horizontal":false}},{"id":161,"type":"Reroute","pos":[739.3853846691895,-420],"size":[75,26],"flags":{},"order":8,"mode":0,"inputs":[{"name":"","type":"*","link":286,"label":""}],"outputs":[{"name":"","type":"IMAGE","links":[288],"slot_index":0,"label":""}],"properties":{"showOutputText":false,"horizontal":false}},{"id":168,"type":"Note","pos":[70,-1060],"size":{"0":520,"1":130},"flags":{"pinned":true},"order":0,"mode":0,"properties":{"text":""},"widgets_values":["Title: Motion Brush\nAuthor: storyicon@foxmail.com\nDate: 2023-12-13\nDescription: \n\n运动笔刷，让图片动起来，同时支持蒙版和无蒙版。\n如果要设置蒙版的话，直接在上传的图片右键选择 Open in MaskEditor 涂抹蒙版即可。"],"color":"#432","bgcolor":"#653"},{"id":115,"type":"VAEDecode","pos":[1636.5146202779536,60.22664180255285],"size":[210,46],"flags":{},"order":59,"mode":0,"inputs":[{"name":"samples","type":"LATENT","link":183,"label":"Latent"},{"name":"vae","type":"VAE","link":272,"label":"VAE"}],"outputs":[{"name":"IMAGE","type":"IMAGE","links":[295],"slot_index":0,"label":"图像"}],"properties":{"Node name for S&R":"VAEDecode"},"locked":true},{"id":158,"type":"Reroute","pos":[960,160],"size":[75,26],"flags":{},"order":19,"mode":0,"inputs":[{"name":"","type":"*","link":302,"label":"","widget":{"name":"value"}}],"outputs":[{"name":"","type":"INT","links":[279],"slot_index":0,"label":""}],"properties":{"showOutputText":false,"horizontal":false}},{"id":167,"type":"Reroute","pos":[740,-220],"size":[75,26],"flags":{},"order":11,"mode":0,"inputs":[{"name":"","type":"*","link":324,"label":""}],"outputs":[{"name":"","type":"INT","links":[303],"slot_index":0,"label":""}],"properties":{"showOutputText":false,"horizontal":false}},{"id":165,"type":"Seed (rgthree)","pos":{"0":399.3853759765625,"1":-380,"2":0,"3":0,"4":0,"5":0,"6":0,"7":0,"8":0,"9":0},"size":{"0":210,"1":130},"flags":{},"order":1,"mode":0,"inputs":[],"outputs":[{"name":"SEED","type":"INT","links":[308],"slot_index":0,"shape":3,"label":"随机种","dir":4}],"properties":{"Node name for S&R":"Seed (rgthree)"},"widgets_values":[834339535069912,null,null,null]},{"id":166,"type":"Reroute","pos":[740,-260],"size":[75,26],"flags":{},"order":7,"mode":0,"inputs":[{"name":"","type":"*","link":308,"label":"","widget":{"name":"value"}}],"outputs":[{"name":"","type":"INT","links":[310],"slot_index":0,"label":""}],"properties":{"showOutputText":false,"horizontal":false}},{"id":173,"type":"Reroute","pos":[960,310],"size":[75,26],"flags":{},"order":15,"mode":0,"inputs":[{"name":"","type":"*","link":310,"label":"","widget":{"name":"value"}}],"outputs":[{"name":"","type":"INT","links":[309],"slot_index":0,"label":""}],"properties":{"showOutputText":false,"horizontal":false}},{"id":157,"type":"Reroute","pos":[960,260],"size":[75,26],"flags":{},"order":57,"mode":0,"inputs":[{"name":"","type":"*","link":276,"label":""}],"outputs":[{"name":"","type":"LATENT","links":[277],"slot_index":0,"label":""}],"properties":{"showOutputText":false,"horizontal":false}},{"id":107,"type":"LoadImage","pos":[159.38538466918945,-810],"size":[310,370],"flags":{},"order":2,"mode":0,"outputs":[{"name":"IMAGE","type":"IMAGE","links":[286],"slot_index":0,"shape":3,"label":"图像"},{"name":"MASK","type":"MASK","links":[287],"slot_index":1,"shape":3,"label":"遮罩"}],"properties":{"Node name for S&R":"LoadImage"},"widgets_values":["https://bfs.esheep.com/bfs/aikobo-bfs/app/comfy/4f01f0ee06b9dfa40cf55778c2a79c9f722ddd9d.png","image"],"locked":true},{"id":128,"type":"PreviewImage","pos":[551.5506037842841,-35.926322993788396],"size":[210,250],"flags":{},"order":30,"mode":0,"inputs":[{"name":"images","type":"IMAGE","link":326,"label":"图像"}],"properties":{"Node name for S&R":"PreviewImage"},"locked":true},{"id":114,"type":"KSampler","pos":[1356.5146202779529,160.22664180255268],"size":[250,260],"flags":{"collapsed":false},"order":58,"mode":0,"inputs":[{"name":"model","type":"MODEL","link":275,"label":"模型"},{"name":"positive","type":"CONDITIONING","link":180,"label":"正面条件"},{"name":"negative","type":"CONDITIONING","link":181,"label":"负面条件"},{"name":"latent_image","type":"LATENT","link":277,"label":"Latent"},{"name":"seed","type":"INT","link":309,"widget":{"name":"seed"},"label":"随机种"}],"outputs":[{"name":"LATENT","type":"LATENT","links":[183],"slot_index":0,"label":"Latent"}],"properties":{"Node name for S&R":"KSampler"},"widgets_values":[573548778433605,"fixed",20,2.5,"euler","karras",1],"locked":true},{"id":176,"type":"CM_IntToFloat","pos":[1067,466],"size":[315,58],"flags":{"collapsed":true},"order":25,"mode":0,"inputs":[{"name":"a","type":"INT","link":313,"widget":{"name":"a"},"label":"a"}],"outputs":[{"name":"FLOAT","type":"FLOAT","links":[314],"slot_index":0,"shape":3,"label":"FLOAT"}],"properties":{"Node name for S&R":"CM_IntToFloat"},"widgets_values":[0],"serialize_values":[null]},{"id":145,"type":"VHS_DuplicateLatents","pos":[1933.6831262435362,-681.7349574460954],"size":[260.3999938964844,54],"flags":{},"order":42,"mode":0,"inputs":[{"name":"latents","type":"LATENT","link":233,"label":"Latent"},{"name":"multiply_by","type":"*","link":null,"widget":{"name":"multiply_by"},"label":"系数"}],"outputs":[{"name":"LATENT","type":"LATENT","links":[316],"slot_index":0,"shape":3,"label":"Latent"},{"name":"count","type":"INT","links":null,"shape":3,"label":"计数"}],"properties":{"Node name for S&R":"VHS_DuplicateLatents"},"widgets_values":{"multiply_by":14},"locked":true},{"id":141,"type":"IsMaskEmpty","pos":[1943.6831262435358,-581.7349574460952],"size":[241.79998779296875,26],"flags":{},"order":48,"mode":0,"inputs":[{"name":"mask","type":"MASK","link":265,"label":"mask"}],"outputs":[{"name":"boolean_number","type":"NUMBER","links":[318],"slot_index":0,"shape":3,"label":"boolean_number"}],"properties":{"Node name for S&R":"IsMaskEmpty"},"locked":true},{"id":180,"type":"CM_NumberToInt","pos":[1976,-490],"size":[210,26],"flags":{},"order":50,"mode":0,"inputs":[{"name":"a","type":"NUMBER","link":318,"label":"a"}],"outputs":[{"name":"INT","type":"INT","links":[320],"slot_index":0,"shape":3,"label":"INT"}],"properties":{"Node name for S&R":"CM_NumberToInt"}},{"id":182,"type":"Int To Bool (mtb)","pos":[1992,-415],"size":[210,34],"flags":{},"order":52,"mode":0,"inputs":[{"name":"int","type":"INT","link":320,"widget":{"name":"int"},"label":"int"}],"outputs":[{"name":"BOOLEAN","type":"BOOLEAN","links":[321],"slot_index":0,"shape":3,"label":"BOOLEAN"}],"properties":{"Node name for S&R":"Int To Bool (mtb)"},"widgets_values":[0],"serialize_values":[null]},{"id":179,"type":"Latent Input Switch","pos":[1955,-312],"size":{"0":315,"1":78},"flags":{},"order":55,"mode":0,"inputs":[{"name":"latent_a","type":"LATENT","link":316,"label":"Latent_A"},{"name":"latent_b","type":"LATENT","link":317,"label":"Latent_B"},{"name":"boolean","type":"BOOLEAN","link":321,"slot_index":2,"widget":{"name":"boolean"},"label":"boolean"}],"outputs":[{"name":"LATENT","type":"LATENT","links":[322],"slot_index":0,"shape":3,"label":"Latent"}],"properties":{"Node name for S&R":"Latent Input Switch"},"widgets_values":[false]},{"id":183,"type":"INTConstant","pos":[150,-370],"size":[200,58],"flags":{},"order":3,"mode":0,"outputs":[{"name":"value","type":"INT","links":[323],"shape":3,"label":"值","slot_index":0}],"title":"帧数","properties":{"Node name for S&R":"INTConstant"},"widgets_values":[0],"color":"#1b4669","bgcolor":"#29699c"},{"id":184,"type":"INTConstant","pos":[150,-250],"size":[200,58],"flags":{},"order":4,"mode":0,"outputs":[{"name":"value","type":"INT","links":[324],"shape":3,"label":"值","slot_index":0}],"title":"帧率","properties":{"Node name for S&R":"INTConstant"},"widgets_values":[0],"color":"#1b4669","bgcolor":"#29699c"},{"id":113,"type":"ImageResize+","pos":[211.5506037842838,434.07367700621234],"size":[210,130],"flags":{},"order":35,"mode":0,"inputs":[{"name":"image","type":"IMAGE","link":176,"label":"图像"},{"name":"width","type":"INT","link":177,"widget":{"name":"width"},"label":"宽度"},{"name":"height","type":"INT","link":178,"widget":{"name":"height"},"label":"高度"}],"outputs":[{"name":"IMAGE","type":"IMAGE","links":[174],"slot_index":0,"shape":3,"label":"图像"},{"name":"width","type":"INT","links":null,"shape":3,"label":"宽度"},{"name":"height","type":"INT","links":null,"shape":3,"label":"高度"}],"properties":{"Node name for S&R":"ImageResize+"},"widgets_values":[512,512,"nearest","keep proportion","always",0],"locked":true},{"id":111,"type":"ImageToMask","pos":[211.5506037842838,614.0736770062132],"size":[210,60],"flags":{"collapsed":false},"order":40,"mode":0,"inputs":[{"name":"image","type":"IMAGE","link":174,"label":"图像"}],"outputs":[{"name":"MASK","type":"MASK","links":[209,218],"slot_index":0,"shape":3,"label":"遮罩"}],"properties":{"Node name for S&R":"ImageToMask"},"widgets_values":["red"],"locked":true},{"id":118,"type":"ImageOnlyCheckpointLoader","pos":[962.5289461939439,-797.6668417910622],"size":[370,100],"flags":{},"order":5,"mode":0,"outputs":[{"name":"MODEL","type":"MODEL","links":[211],"slot_index":0,"shape":3,"label":"模型"},{"name":"CLIP_VISION","type":"CLIP_VISION","links":[253],"slot_index":1,"shape":3,"label":"CLIP视觉"},{"name":"VAE","type":"VAE","links":[254],"slot_index":2,"shape":3,"label":"VAE"}],"properties":{"Node name for S&R":"ImageOnlyCheckpointLoader"},"widgets_values":["svd_xt.safetensors"],"locked":true},{"id":116,"type":"SVD_img2vid_Conditioning","pos":[1066.514620277955,150.22664180255268],"size":[250,210],"flags":{},"order":43,"mode":0,"inputs":[{"name":"clip_vision","type":"CLIP_VISION","link":282,"label":"CLIP视觉"},{"name":"init_image","type":"IMAGE","link":269,"slot_index":1,"label":"图像"},{"name":"vae","type":"VAE","link":271,"label":"vae"},{"name":"width","type":"INT","link":225,"widget":{"name":"width"},"label":"宽度"},{"name":"height","type":"INT","link":226,"slot_index":4,"widget":{"name":"height"},"label":"高度"},{"name":"video_frames","type":"INT","link":279,"widget":{"name":"video_frames"},"label":"帧数"},{"name":"fps","type":"INT","link":304,"widget":{"name":"fps"},"label":"帧率"}],"outputs":[{"name":"positive","type":"CONDITIONING","links":[180],"slot_index":0,"shape":3,"label":"正面条件"},{"name":"negative","type":"CONDITIONING","links":[181],"slot_index":1,"shape":3,"label":"负面条件"},{"name":"latent","type":"LATENT","links":[],"slot_index":2,"shape":3,"label":"Latent"}],"properties":{"Node name for S&R":"SVD_img2vid_Conditioning"},"widgets_values":[600,600,14,40,8,0.04],"locked":true},{"id":169,"type":"RIFE VFI","pos":[1630,160],"size":[334.8179016113281,207.67808532714844],"flags":{"collapsed":false},"order":60,"mode":0,"inputs":[{"name":"frames","type":"IMAGE","link":295,"label":"图像"},{"name":"optional_interpolation_states","type":"INTERPOLATION_STATES","link":null,"label":"插值规则(可选)"}],"outputs":[{"name":"IMAGE","type":"IMAGE","links":[315],"slot_index":0,"shape":3,"label":"图像"}],"properties":{"Node name for S&R":"RIFE VFI"},"widgets_values":["rife47.pth",10,2,true,true,1],"locked":true},{"id":178,"type":"VHS_VideoCombine","pos":[2030,120],"size":{"0":320,"1":240},"flags":{},"order":61,"mode":0,"inputs":[{"name":"images","type":"IMAGE","link":315,"label":"图像"},{"name":"audio","type":"VHS_AUDIO","link":null,"label":"音频"},{"name":"meta_batch","type":"VHS_BatchManager","link":null,"label":"批次管理"},{"name":"frame_rate","type":"FLOAT","link":314,"widget":{"name":"frame_rate"},"label":"帧率"}],"outputs":[{"name":"Filenames","type":"VHS_FILENAMES","links":null,"shape":3,"label":"文件名"}],"properties":{"Node name for S&R":"VHS_VideoCombine"},"widgets_values":{"frame_rate":8,"loop_count":0,"filename_prefix":"AnimateDiff","format":"image/gif","pingpong":false,"save_output":true,"videopreview":{"hidden":false,"paused":false,"params":{"filename":"https://boss.aikobo.cn/aigc-public/cea0333a5966d381eaf8aa49dbb471d823a3b40e907c0cb564765de18c7250bd.gif","subfolder":"","type":"output","format":"image/gif"}}}},{"id":134,"type":"Reroute","pos":[100,-80],"size":[75,26],"flags":{},"order":16,"mode":0,"inputs":[{"name":"","type":"*","link":288,"label":""}],"outputs":[{"name":"","type":"IMAGE","links":[325,329],"slot_index":0,"label":""}],"properties":{"showOutputText":false,"horizontal":false}},{"id":186,"type":"ConstrainImage|pysssss","pos":[210,-20],"size":{"0":315,"1":154},"flags":{},"order":25,"mode":0,"inputs":[{"name":"images","type":"IMAGE","link":325,"label":"图像"}],"outputs":[{"name":"IMAGE","type":"IMAGE","links":[326,327,328],"shape":6,"label":"图像","slot_index":0}],"properties":{"Node name for S&R":"ConstrainImage|pysssss"},"widgets_values":[315,154,0,0,"no"]},{"id":172,"type":"Reroute","pos":[950,380],"size":[75,26],"flags":{},"order":20,"mode":0,"inputs":[{"name":"","type":"*","link":303,"label":""}],"outputs":[{"name":"","type":"INT","links":[304,313],"slot_index":0,"label":""}],"properties":{"showOutputText":false,"horizontal":false}},{"id":188,"type":"Display Any (rgthree)","pos":[1189.0499175825225,559.6239144512025],"size":{"0":210,"1":76.00001525878906},"flags":{},"order":6,"mode":0,"inputs":[{"name":"source","type":"*","link":null,"label":"输入","dir":3}],"properties":{"Node name for S&R":"Display Any (rgthree)"},"widgets_values":[""]}],"links":[[174,113,0,111,0,"IMAGE"],[176,110,0,113,0,"IMAGE"],[177,109,0,113,1,"INT"],[178,109,1,113,2,"INT"],[180,116,0,114,1,"CONDITIONING"],[181,116,1,114,2,"CONDITIONING"],[183,114,0,115,0,"LATENT"],[194,126,0,119,2,"MASK"],[195,119,0,120,0,"LATENT"],[197,125,0,121,0,"LATENT"],[199,120,0,122,0,"LATENT"],[200,121,0,122,1,"LATENT"],[209,111,0,129,1,"MASK"],[210,129,0,130,0,"IMAGE"],[211,118,0,131,0,"MODEL"],[212,131,0,132,0,"MODEL"],[216,135,0,110,0,"MASK"],[218,111,0,138,0,"*"],[225,140,0,116,3,"INT"],[226,140,1,116,4,"INT"],[233,144,0,145,0,"LATENT"],[239,138,0,147,0,"*"],[240,147,0,126,0,"MASK"],[241,139,0,148,0,"*"],[242,148,0,119,0,"IMAGE"],[243,148,0,125,0,"IMAGE"],[245,149,0,119,1,"VAE"],[246,149,0,125,1,"VAE"],[250,132,0,151,0,"*"],[253,118,1,153,0,"*"],[254,118,2,152,0,"*"],[259,152,0,149,0,"*"],[260,148,0,144,0,"IMAGE"],[261,149,0,144,1,"VAE"],[265,147,0,141,0,"MASK"],[267,139,0,154,0,"*"],[268,154,0,140,0,"IMAGE"],[269,154,0,116,1,"IMAGE"],[270,152,0,155,0,"*"],[271,155,0,116,2,"VAE"],[272,155,0,115,1,"VAE"],[273,151,0,156,0,"*"],[274,156,0,117,0,"MODEL"],[275,156,0,114,0,"MODEL"],[276,146,0,157,0,"*"],[277,157,0,114,3,"LATENT"],[279,158,0,116,5,"INT"],[281,153,0,159,0,"*"],[282,159,0,116,0,"CLIP_VISION"],[284,160,0,150,0,"*"],[286,107,0,161,0,"*"],[287,107,1,162,0,"*"],[288,161,0,134,0,"*"],[289,162,0,135,0,"*"],[295,115,0,169,0,"IMAGE"],[302,160,0,158,0,"*"],[303,167,0,172,0,"*"],[304,172,0,116,6,"INT"],[308,165,0,166,0,"*"],[309,173,0,114,4,"INT"],[310,166,0,173,0,"*"],[313,172,0,176,0,"INT"],[314,176,0,178,3,"FLOAT"],[315,169,0,178,0,"IMAGE"],[316,145,0,179,0,"LATENT"],[317,122,0,179,1,"LATENT"],[318,141,0,180,0,"NUMBER"],[320,180,0,182,0,"INT"],[321,182,0,179,2,"BOOLEAN"],[322,179,0,146,0,"*"],[323,183,0,160,0,"*"],[324,184,0,167,0,"*"],[325,134,0,186,0,"IMAGE"],[326,186,0,128,0,"IMAGE"],[327,186,0,109,0,"IMAGE"],[328,186,0,129,0,"IMAGE"],[329,134,0,139,0,"*"]],"groups":[{"title":"图片以及蒙版预处理区","bounding":[70,-140,773,876],"color":"#8A8","font_size":24,"locked":false},{"title":"潜空间处理区","bounding":[1509,-899,773,823],"color":"#3f789e","font_size":24,"locked":false},{"title":"模型加载区","bounding":[910,-900,566,823],"color":"#a1309b","font_size":24,"locked":false},{"title":"视频生成区","bounding":[910,-40,1528,753],"color":"#3f789e","font_size":24,"locked":false},{"title":"参数调节区","bounding":[72,-903,764,729],"color":"#3f789e","font_size":24,"locked":false}],"config":{},"extra":{"workspace_info":{"id":"wLsT8Iq5iHkwSf1mQIxql","saveLock":false,"cloudID":null,"coverMediaPath":null},"ds":{"scale":0.7247295000000082,"offset":[96.1475695165288,144.42656891555723]}},"version":0.4}