{"last_node_id":22,"last_link_id":20,"nodes":[{"id":19,"type":"Load Image From Url","pos":{"0":250,"1":330},"size":{"0":400,"1":200},"flags":{},"order":1,"mode":0,"inputs":[],"outputs":[{"name":"IMAGE","type":"IMAGE","links":[18],"label":"IMAGE","slot_index":0},{"name":"MASK","type":"MASK","links":null,"label":"MASK"}],"properties":{"Node name for S&R":"Load Image From Url"},"widgets_values":["",true]},{"id":11,"type":"ReActorFaceSwap","pos":{"0":780,"1":160},"size":{"0":315,"1":382},"flags":{},"order":2,"mode":0,"inputs":[{"name":"input_image","type":"IMAGE","link":17,"label":"目标图像"},{"name":"source_image","type":"IMAGE","link":18,"shape":7,"label":"源图像"},{"name":"face_model","type":"FACE_MODEL","link":null,"shape":7,"label":"面部模型"},{"name":"face_boost","type":"FACE_BOOST","link":null,"shape":7,"label":"面部增强"}],"outputs":[{"name":"IMAGE","type":"IMAGE","links":[20],"label":"图像","slot_index":0},{"name":"FACE_MODEL","type":"FACE_MODEL","links":[],"label":"面部模型","slot_index":1}],"properties":{"Node name for S&R":"ReActorFaceSwap"},"widgets_values":[true,"inswapper_128.onnx","retinaface_resnet50","GFPGANv1.4.pth",1,0.5,"no","no","0","0",1,1]},{"id":22,"type":"Save Image To OSS And Display","pos":{"0":1320,"1":160},"size":{"0":315,"1":106},"flags":{},"order":3,"mode":0,"inputs":[{"name":"images","type":"IMAGE","link":20,"label":"images"}],"outputs":[],"properties":{"Node name for S&R":"Save Image To OSS And Display"},"widgets_values":["comfyui","PNG",1]},{"id":18,"type":"Load Image From Url","pos":{"0":250,"1":60},"size":{"0":400,"1":200},"flags":{},"order":0,"mode":0,"inputs":[],"outputs":[{"name":"IMAGE","type":"IMAGE","links":[17],"label":"IMAGE","slot_index":0},{"name":"MASK","type":"MASK","links":null,"label":"MASK"}],"properties":{"Node name for S&R":"Load Image From Url"},"widgets_values":["",true]}],"links":[[17,18,0,11,0,"IMAGE"],[18,19,0,11,1,"IMAGE"],[20,11,0,22,0,"IMAGE"]],"groups":[],"config":{},"extra":{"workspace_info":{"id":"T0sGLEfDoBwmj62IvriSY"},"ds":{"scale":0.6588450000000026,"offset":[229.2854279710146,90.03990790852379]}},"version":0.4}