{"last_node_id":158,"last_link_id":263,"nodes":[{"id":66,"type":"ControlNetApplyAdvanced","pos":{"0":3470,"1":1040},"size":{"0":340.20001220703125,"1":186},"flags":{},"order":34,"mode":0,"inputs":[{"name":"positive","type":"CONDITIONING","link":82,"label":"positive"},{"name":"negative","type":"CONDITIONING","link":83,"label":"negative"},{"name":"control_net","type":"CONTROL_NET","link":88,"label":"control_net"},{"name":"image","type":"IMAGE","link":89,"label":"image"},{"name":"vae","type":"VAE","link":null,"label":"vae"}],"outputs":[{"name":"positive","type":"CONDITIONING","links":[111],"slot_index":0,"shape":3,"label":"positive"},{"name":"negative","type":"CONDITIONING","links":[112],"slot_index":1,"shape":3,"label":"negative"}],"properties":{"Node name for S&R":"ControlNetApplyAdvanced"},"widgets_values":[1,0,1]},{"id":65,"type":"Reroute","pos":{"0":2890,"1":1090},"size":[75,26],"flags":{},"order":31,"mode":0,"inputs":[{"name":"","type":"*","link":80,"label":""}],"outputs":[{"name":"","type":"CONDITIONING","links":[81],"slot_index":0,"label":""}],"properties":{"showOutputText":false,"horizontal":false}},{"id":88,"type":"LoraLoader","pos":{"0":400,"1":1060},"size":{"0":315,"1":126},"flags":{},"order":18,"mode":0,"inputs":[{"name":"model","type":"MODEL","link":125,"label":"model"},{"name":"clip","type":"CLIP","link":127,"label":"clip"}],"outputs":[{"name":"MODEL","type":"MODEL","links":[126],"slot_index":0,"shape":3,"label":"MODEL"},{"name":"CLIP","type":"CLIP","links":[241],"slot_index":1,"shape":3,"label":"CLIP"}],"properties":{"Node name for S&R":"LoraLoader"},"widgets_values":["animate/AnimateLCM_sd15_t2v_lora.safetensors",1,1]},{"id":96,"type":"Reroute","pos":{"0":2810,"1":-570},"size":[75,26],"flags":{},"order":39,"mode":0,"inputs":[{"name":"","type":"*","link":142,"label":""}],"outputs":[{"name":"","type":"IMAGE","links":[143],"slot_index":0,"label":""}],"properties":{"showOutputText":false,"horizontal":false}},{"id":27,"type":"ControlNetLoader","pos":{"0":3470,"1":940},"size":{"0":315,"1":58},"flags":{},"order":0,"mode":0,"inputs":[],"outputs":[{"name":"CONTROL_NET","type":"CONTROL_NET","links":[88],"slot_index":0,"shape":3,"label":"CONTROL_NET"}],"properties":{"Node name for S&R":"ControlNetLoader"},"widgets_values":["sd1.5/control_v11p_sd15_openpose.safetensors"],"color":"#323","bgcolor":"#535"},{"id":86,"type":"easy showAnything","pos":{"0":3220,"1":1300},"size":{"0":210,"1":200},"flags":{},"order":21,"mode":0,"inputs":[{"name":"anything","type":"*","link":124,"label":"anything"}],"outputs":[],"properties":{"Node name for S&R":"easy showAnything"},"widgets_values":["{\"source_fps\": 30.0, \"source_frame_count\": 61, \"source_duration\": 2.033333333333333, \"source_width\": 1824, \"source_height\": 1024, \"loaded_fps\": 30.0, \"loaded_frame_count\": 61, \"loaded_duration\": 2.033333333333333, \"loaded_width\": 400, \"loaded_height\": 704}"]},{"id":54,"type":"CLIPVisionLoader","pos":{"0":1160,"1":560},"size":{"0":315,"1":58},"flags":{},"order":1,"mode":0,"inputs":[],"outputs":[{"name":"CLIP_VISION","type":"CLIP_VISION","links":[71],"slot_index":0,"shape":3,"label":"CLIP_VISION"}],"properties":{"Node name for S&R":"CLIPVisionLoader"},"widgets_values":["CLIP-ViT-H-14-laion2B-s32B-b79K.safetensors"]},{"id":41,"type":"IPAdapterModelLoader","pos":{"0":1160,"1":440},"size":{"0":315,"1":58},"flags":{},"order":2,"mode":0,"inputs":[],"outputs":[{"name":"IPADAPTER","type":"IPADAPTER","links":[66],"slot_index":0,"shape":3,"label":"IPADAPTER"}],"properties":{"Node name for S&R":"IPAdapterModelLoader"},"widgets_values":["models/ip-adapter-full-face_sd15.safetensors"]},{"id":74,"type":"Show any to JSON [Crystools]","pos":{"0":3580,"1":-710},"size":{"0":260,"1":140},"flags":{},"order":41,"mode":0,"inputs":[{"name":"any_value","type":"*","link":97,"label":"any_value"}],"outputs":[{"name":"string","type":"STRING","links":[102],"slot_index":0,"shape":3,"label":"string"}],"properties":{"Node name for S&R":"Show any to JSON [Crystools]"},"widgets_values":[]},{"id":142,"type":"Reroute","pos":{"0":890,"1":780},"size":[75,26],"flags":{},"order":20,"mode":0,"inputs":[{"name":"","type":"*","link":254,"label":"","widget":{"name":"value"}}],"outputs":[{"name":"","type":"STRING","links":[230],"label":""}],"properties":{"showOutputText":false,"horizontal":false}},{"id":49,"type":"Reroute","pos":{"0":1230,"1":360},"size":[75,26],"flags":{},"order":27,"mode":0,"inputs":[{"name":"","type":"*","link":105,"label":""}],"outputs":[{"name":"","type":"MODEL","links":[65],"slot_index":0,"label":""}],"properties":{"showOutputText":false,"horizontal":false}},{"id":32,"type":"ADE_LoopedUniformContextOptions","pos":{"0":2000,"1":380},"size":{"0":466.1999816894531,"1":246},"flags":{},"order":3,"mode":0,"inputs":[{"name":"prev_context","type":"CONTEXT_OPTIONS","link":null,"label":"prev_context"},{"name":"view_opts","type":"VIEW_OPTS","link":null,"label":"view_opts"}],"outputs":[{"name":"CONTEXT_OPTS","type":"CONTEXT_OPTIONS","links":[43],"shape":3,"label":"CONTEXT_OPTS"}],"properties":{"Node name for S&R":"ADE_LoopedUniformContextOptions"},"widgets_values":[16,1,4,false,"pyramid",false,0,1]},{"id":76,"type":"ADE_AnimateDiffSamplingSettings","pos":{"0":2100,"1":710},"size":{"0":220,"1":254},"flags":{"collapsed":true},"order":4,"mode":0,"inputs":[{"name":"noise_layers","type":"NOISE_LAYERS","link":null,"label":"noise_layers"},{"name":"iteration_opts","type":"ITERATION_OPTS","link":null,"label":"iteration_opts"},{"name":"custom_cfg","type":"CUSTOM_CFG","link":null,"label":"custom_cfg"},{"name":"sigma_schedule","type":"SIGMA_SCHEDULE","link":null,"label":"sigma_schedule"},{"name":"image_inject","type":"IMAGE_INJECT","link":null,"label":"image_inject"},{"name":"seed_override","type":"INT","link":null,"widget":{"name":"seed_override"},"label":"seed_override"}],"outputs":[{"name":"settings","type":"SAMPLE_SETTINGS","links":[101],"shape":3,"label":"settings"}],"properties":{"Node name for S&R":"ADE_AnimateDiffSamplingSettings"},"widgets_values":[0,"FreeNoise","auto1111 [gpu]",0,0,false,""]},{"id":67,"type":"SaveVideoToOssAndDisplay","pos":{"0":4090,"1":-690},"size":{"0":320,"1":80},"flags":{},"order":42,"mode":0,"inputs":[{"name":"input_path","type":"STRING","link":102,"widget":{"name":"input_path"},"label":"input_path"}],"outputs":[{"name":"STRING","type":"STRING","links":null,"shape":3,"label":"STRING"}],"properties":{"Node name for S&R":"SaveVideoToOssAndDisplay"},"widgets_values":["","comfyui/0912_tt_video"]},{"id":37,"type":"PrimitiveNode","pos":{"0":1040,"1":920},"size":{"0":210,"1":60},"flags":{},"order":5,"mode":0,"inputs":[],"outputs":[{"name":"STRING","type":"STRING","links":[50],"widget":{"name":"text_a"},"label":"STRING"}],"properties":{"Run widget replace on values":false},"widgets_values":["\"\""]},{"id":38,"type":"PrimitiveNode","pos":{"0":1040,"1":1020},"size":{"0":210,"1":60},"flags":{},"order":6,"mode":0,"inputs":[],"outputs":[{"name":"STRING","type":"STRING","links":[51],"widget":{"name":"text_b"},"label":"STRING"}],"properties":{"Run widget replace on values":false},"widgets_values":[""]},{"id":39,"type":"PrimitiveNode","pos":{"0":1020,"1":1140},"size":{"0":210,"1":220},"flags":{},"order":7,"mode":0,"inputs":[],"outputs":[{"name":"STRING","type":"STRING","links":[52],"widget":{"name":"text_c"},"label":"STRING"}],"properties":{"Run widget replace on values":false},"widgets_values":["teacher"]},{"id":8,"type":"VAEDecode","pos":{"0":3640,"1":540},"size":{"0":210,"1":46},"flags":{"collapsed":false},"order":36,"mode":0,"inputs":[{"name":"samples","type":"LATENT","link":246,"label":"samples"},{"name":"vae","type":"VAE","link":249,"label":"vae"}],"outputs":[{"name":"IMAGE","type":"IMAGE","links":[244],"slot_index":0,"shape":3,"label":"IMAGE"}],"properties":{"Node name for S&R":"VAEDecode"},"widgets_values":[]},{"id":151,"type":"Reroute","pos":{"0":3520,"1":850},"size":[75,26],"flags":{},"order":25,"mode":0,"inputs":[{"name":"","type":"*","link":248,"label":""}],"outputs":[{"name":"","type":"VAE","links":[249],"slot_index":0,"label":""}],"properties":{"showOutputText":false,"horizontal":false}},{"id":77,"type":"PerturbedAttentionGuidance","pos":{"0":420,"1":920},"size":{"0":327.5999755859375,"1":58},"flags":{},"order":23,"mode":0,"inputs":[{"name":"model","type":"MODEL","link":126,"label":"model"}],"outputs":[{"name":"MODEL","type":"MODEL","links":[105],"slot_index":0,"shape":3,"label":"MODEL"}],"properties":{"Node name for S&R":"PerturbedAttentionGuidance"},"widgets_values":[2]},{"id":5,"type":"KSampler","pos":{"0":3260,"1":410},"size":{"0":315,"1":262},"flags":{},"order":35,"mode":0,"inputs":[{"name":"model","type":"MODEL","link":108,"label":"model"},{"name":"positive","type":"CONDITIONING","link":111,"label":"positive"},{"name":"negative","type":"CONDITIONING","link":112,"label":"negative"},{"name":"latent_image","type":"LATENT","link":5,"label":"latent_image"}],"outputs":[{"name":"LATENT","type":"LATENT","links":[246],"slot_index":0,"shape":3,"label":"LATENT"}],"properties":{"Node name for S&R":"KSampler"},"widgets_values":[612585436082273,"randomize",11,2,"lcm","sgm_uniform",1]},{"id":6,"type":"EmptyLatentImage","pos":{"0":2870,"1":440},"size":{"0":315,"1":106},"flags":{"collapsed":false},"order":8,"mode":0,"inputs":[],"outputs":[{"name":"LATENT","type":"LATENT","links":[5],"slot_index":0,"shape":3,"label":"LATENT"}],"properties":{"Node name for S&R":"EmptyLatentImage"},"widgets_values":[448,704,32]},{"id":85,"type":"easy showAnything","pos":{"0":3750,"1":1380},"size":{"0":280,"1":130},"flags":{},"order":22,"mode":0,"inputs":[{"name":"anything","type":"*","link":123,"label":"anything"}],"outputs":[],"properties":{"Node name for S&R":"easy showAnything"},"widgets_values":["{\"source_fps\": 30.0, \"source_frame_count\": 61, \"source_duration\": 2.033333333333333, \"source_width\": 1824, \"source_height\": 1024, \"loaded_fps\": 30.0, \"loaded_frame_count\": 61, \"loaded_duration\": 2.033333333333333, \"loaded_width\": 400, \"loaded_height\": 704}"]},{"id":95,"type":"ImageCrop","pos":{"0":4540,"1":430},"size":{"0":315,"1":130},"flags":{"collapsed":false},"order":38,"mode":0,"inputs":[{"name":"image","type":"IMAGE","link":245,"label":"image"}],"outputs":[{"name":"IMAGE","type":"IMAGE","links":[142],"slot_index":0,"shape":3,"label":"IMAGE"}],"properties":{"Node name for S&R":"ImageCrop"},"widgets_values":[300,700,0,350]},{"id":150,"type":"Reroute","pos":{"0":860,"1":870},"size":[75,26],"flags":{},"order":19,"mode":0,"inputs":[{"name":"","type":"*","link":247,"label":""}],"outputs":[{"name":"","type":"VAE","links":[248],"slot_index":0,"label":""}],"properties":{"showOutputText":false,"horizontal":false}},{"id":53,"type":"IPAdapterAdvanced","pos":{"0":1610,"1":380},"size":{"0":315,"1":278},"flags":{},"order":30,"mode":0,"inputs":[{"name":"model","type":"MODEL","link":65,"label":"model"},{"name":"ipadapter","type":"IPADAPTER","link":66,"label":"ipadapter"},{"name":"image","type":"IMAGE","link":253,"label":"image"},{"name":"image_negative","type":"IMAGE","link":null,"label":"image_negative"},{"name":"attn_mask","type":"MASK","link":null,"label":"attn_mask"},{"name":"clip_vision","type":"CLIP_VISION","link":71,"label":"clip_vision"}],"outputs":[{"name":"MODEL","type":"MODEL","links":[115],"slot_index":0,"shape":3,"label":"MODEL"}],"properties":{"Node name for S&R":"IPAdapterAdvanced"},"widgets_values":[1,"linear","norm average",0,1,"V only"]},{"id":1,"type":"CheckpointLoaderSimple","pos":{"0":410,"1":1250},"size":{"0":315,"1":98},"flags":{},"order":9,"mode":0,"inputs":[],"outputs":[{"name":"MODEL","type":"MODEL","links":[125],"slot_index":0,"shape":3,"label":"MODEL"},{"name":"CLIP","type":"CLIP","links":[127],"slot_index":1,"shape":3,"label":"CLIP"},{"name":"VAE","type":"VAE","links":[247],"slot_index":2,"shape":3,"label":"VAE"}],"properties":{"Node name for S&R":"CheckpointLoaderSimple"},"widgets_values":["sd1.5/dreamshaper_8.safetensors"]},{"id":64,"type":"ControlNetApplyAdvanced","pos":{"0":3080,"1":1040},"size":{"0":340.20001220703125,"1":186},"flags":{},"order":33,"mode":0,"inputs":[{"name":"positive","type":"CONDITIONING","link":256,"label":"positive"},{"name":"negative","type":"CONDITIONING","link":81,"label":"negative"},{"name":"control_net","type":"CONTROL_NET","link":85,"label":"control_net"},{"name":"image","type":"IMAGE","link":86,"label":"image"},{"name":"vae","type":"VAE","link":null,"label":"vae"}],"outputs":[{"name":"positive","type":"CONDITIONING","links":[82],"slot_index":0,"shape":3,"label":"positive"},{"name":"negative","type":"CONDITIONING","links":[83],"slot_index":1,"shape":3,"label":"negative"}],"properties":{"Node name for S&R":"ControlNetApplyAdvanced"},"widgets_values":[0.3,0,0.34]},{"id":89,"type":"Reroute","pos":{"0":1160,"1":1500},"size":[75,26],"flags":{},"order":24,"mode":0,"inputs":[{"name":"","type":"*","link":241,"label":""}],"outputs":[{"name":"","type":"CLIP","links":[130,257],"slot_index":0,"label":""}],"properties":{"showOutputText":false,"horizontal":false}},{"id":155,"type":"CLIPTextEncode","pos":{"0":2190,"1":930},"size":{"0":400,"1":200},"flags":{},"order":29,"mode":0,"inputs":[{"name":"clip","type":"CLIP","link":257,"label":"clip"},{"name":"text","type":"STRING","link":260,"widget":{"name":"text"},"label":"text"}],"outputs":[{"name":"CONDITIONING","type":"CONDITIONING","links":[256],"slot_index":0,"shape":3,"label":"CONDITIONING"}],"properties":{"Node name for S&R":"CLIPTextEncode"},"widgets_values":["",true]},{"id":4,"type":"CLIPTextEncode","pos":{"0":2210,"1":1210},"size":{"0":400,"1":200},"flags":{"collapsed":false},"order":28,"mode":0,"inputs":[{"name":"clip","type":"CLIP","link":130,"label":"clip"}],"outputs":[{"name":"CONDITIONING","type":"CONDITIONING","links":[80],"slot_index":0,"shape":3,"label":"CONDITIONING"}],"properties":{"Node name for S&R":"CLIPTextEncode"},"widgets_values":["score_6, score_5, score_4, source_pony, (worst quality:1.2), (low quality:1.2), (normal quality:1.2), lowres, bad anatomy, bad hands, signature, watermarks, ugly, imperfect eyes, skewed eyes, unnatural face, unnatural body, error, extra limb, missing limbs, painting by bad-artist, 3d art, nipple ring, looking at the viewer, extra hands, extra fingers, red beauty spots",true]},{"id":36,"type":"Text List","pos":{"0":1330,"1":930},"size":{"0":315,"1":202},"flags":{},"order":17,"mode":0,"inputs":[{"name":"text_a","type":"STRING","link":50,"widget":{"name":"text_a"},"label":"text_a"},{"name":"text_b","type":"STRING","link":51,"widget":{"name":"text_b"},"label":"text_b"},{"name":"text_c","type":"STRING","link":52,"widget":{"name":"text_c"},"label":"text_c"},{"name":"text_d","type":"STRING","link":null,"widget":{"name":"text_d"},"label":"text_d"},{"name":"text_e","type":"STRING","link":null,"widget":{"name":"text_e"},"label":"text_e"},{"name":"text_f","type":"STRING","link":null,"widget":{"name":"text_f"},"label":"text_f"},{"name":"text_g","type":"STRING","link":null,"widget":{"name":"text_g"},"label":"text_g"}],"outputs":[{"name":"LIST","type":"LIST","links":[49],"slot_index":0,"shape":3,"label":"LIST"}],"properties":{"Node name for S&R":"Text List"},"widgets_values":["\"\"","","teacher","","","",""]},{"id":152,"type":"easy prompt","pos":{"0":290,"1":530},"size":{"0":400,"1":200},"flags":{},"order":10,"mode":0,"inputs":[],"outputs":[{"name":"prompt","type":"STRING","links":[254],"slot_index":0,"shape":3,"label":"prompt"}],"properties":{"Node name for S&R":"easy prompt"},"widgets_values":["1girl,beautiful","none","none",true]},{"id":153,"type":"Load Image From Url","pos":{"0":260,"1":240},"size":{"0":400,"1":200},"flags":{},"order":11,"mode":0,"inputs":[],"outputs":[{"name":"IMAGE","type":"IMAGE","links":[253],"slot_index":0,"shape":3,"label":"IMAGE"},{"name":"MASK","type":"MASK","links":null,"shape":3,"label":"MASK"}],"properties":{"Node name for S&R":"Load Image From Url"},"widgets_values":["http://118.178.95.78:7016/view?filename=ComfyUI_temp_ijlek_00001_.png&type=temp&subfolder=&t=1727060021629",true]},{"id":149,"type":"RIFE VFI","pos":{"0":4060,"1":440},"size":{"0":443.4000244140625,"1":198},"flags":{},"order":37,"mode":0,"inputs":[{"name":"frames","type":"IMAGE","link":244,"label":"frames"},{"name":"optional_interpolation_states","type":"INTERPOLATION_STATES","link":null,"label":"optional_interpolation_states"}],"outputs":[{"name":"IMAGE","type":"IMAGE","links":[245],"slot_index":0,"shape":3,"label":"IMAGE"}],"properties":{"Node name for S&R":"RIFE VFI"},"widgets_values":["rife47.pth",10,3,true,true,1]},{"id":25,"type":"ControlNetLoader","pos":{"0":2990,"1":930},"size":{"0":315,"1":58},"flags":{},"order":12,"mode":0,"inputs":[],"outputs":[{"name":"CONTROL_NET","type":"CONTROL_NET","links":[85],"slot_index":0,"shape":3,"label":"CONTROL_NET"}],"properties":{"Node name for S&R":"ControlNetLoader"},"widgets_values":["sd1.5/qrCodeMonster_v20.safetensors"],"color":"#323","bgcolor":"#535"},{"id":56,"type":"VHS_VideoCombine","pos":{"0":2940,"1":-780},"size":[580,990],"flags":{},"order":40,"mode":0,"inputs":[{"name":"images","type":"IMAGE","link":143,"label":"images"},{"name":"audio","type":"AUDIO","link":262,"label":"audio"},{"name":"meta_batch","type":"VHS_BatchManager","link":null,"label":"meta_batch"},{"name":"vae","type":"VAE","link":null,"label":"vae"}],"outputs":[{"name":"Filenames","type":"VHS_FILENAMES","links":[97],"slot_index":0,"shape":3,"label":"Filenames"}],"properties":{"Node name for S&R":"VHS_VideoCombine"},"widgets_values":{"frame_rate":16,"loop_count":0,"filename_prefix":"AnimateDiff","format":"video/h265-mp4","pix_fmt":"yuv420p10le","crf":0,"save_metadata":true,"pingpong":false,"save_output":true,"videopreview":{"hidden":false,"paused":false,"params":{"filename":"AnimateDiff_00030.mp4","subfolder":"","type":"output","format":"video/h265-mp4","frame_rate":16},"muted":true}}},{"id":24,"type":"VHS_LoadVideo","pos":{"0":2960,"1":1270},"size":[250,450],"flags":{},"order":14,"mode":0,"inputs":[{"name":"meta_batch","type":"VHS_BatchManager","link":null,"label":"meta_batch"},{"name":"vae","type":"VAE","link":null,"label":"vae"}],"outputs":[{"name":"IMAGE","type":"IMAGE","links":[86],"slot_index":0,"shape":3,"label":"IMAGE"},{"name":"frame_count","type":"INT","links":[],"slot_index":1,"shape":3,"label":"frame_count"},{"name":"audio","type":"AUDIO","links":null,"shape":3,"label":"audio"},{"name":"video_info","type":"VHS_VIDEOINFO","links":[124],"slot_index":3,"shape":3,"label":"video_info"}],"properties":{"Node name for S&R":"VHS_LoadVideo"},"widgets_values":{"video":"AnimateDiff_00037.mp4","force_rate":0,"force_size":"Custom","custom_width":400,"custom_height":704,"frame_load_cap":0,"skip_first_frames":0,"select_every_nth":1,"choose video to upload":"image","videopreview":{"hidden":false,"paused":false,"params":{"frame_load_cap":0,"skip_first_frames":0,"force_rate":0,"filename":"AnimateDiff_00037.mp4","type":"input","format":"video/mp4","select_every_nth":1,"force_size":"400x704"},"muted":true}},"color":"#323","bgcolor":"#535"},{"id":28,"type":"VHS_LoadVideo","pos":{"0":3480,"1":1270},"size":[250,450],"flags":{},"order":15,"mode":0,"inputs":[{"name":"meta_batch","type":"VHS_BatchManager","link":null,"label":"meta_batch"},{"name":"vae","type":"VAE","link":null,"label":"vae"}],"outputs":[{"name":"IMAGE","type":"IMAGE","links":[89],"slot_index":0,"shape":3,"label":"IMAGE"},{"name":"frame_count","type":"INT","links":[],"slot_index":1,"shape":3,"label":"frame_count"},{"name":"audio","type":"AUDIO","links":null,"shape":3,"label":"audio"},{"name":"video_info","type":"VHS_VIDEOINFO","links":[123],"slot_index":3,"shape":3,"label":"video_info"}],"properties":{"Node name for S&R":"VHS_LoadVideo"},"widgets_values":{"video":"AnimateDiff_00035.mp4","force_rate":0,"force_size":"Custom","custom_width":400,"custom_height":704,"frame_load_cap":0,"skip_first_frames":0,"select_every_nth":1,"choose video to upload":"image","videopreview":{"hidden":false,"paused":false,"params":{"frame_load_cap":0,"skip_first_frames":0,"force_rate":0,"filename":"AnimateDiff_00035.mp4","type":"input","format":"video/mp4","select_every_nth":1,"force_size":"400x704"},"muted":true}},"color":"#323","bgcolor":"#535"},{"id":7,"type":"ADE_AnimateDiffLoaderGen1","pos":{"0":2500,"1":380},"size":{"0":327.5999755859375,"1":242},"flags":{},"order":32,"mode":0,"inputs":[{"name":"model","type":"MODEL","link":115,"label":"model"},{"name":"context_options","type":"CONTEXT_OPTIONS","link":43,"label":"context_options"},{"name":"motion_lora","type":"MOTION_LORA","link":263,"label":"motion_lora"},{"name":"ad_settings","type":"AD_SETTINGS","link":null,"label":"ad_settings"},{"name":"ad_keyframes","type":"AD_KEYFRAMES","link":null,"label":"ad_keyframes"},{"name":"sample_settings","type":"SAMPLE_SETTINGS","link":101,"label":"sample_settings"},{"name":"scale_multival","type":"MULTIVAL","link":null,"label":"scale_multival"},{"name":"effect_multival","type":"MULTIVAL","link":null,"label":"effect_multival"},{"name":"per_block","type":"PER_BLOCK","link":null,"label":"per_block"}],"outputs":[{"name":"MODEL","type":"MODEL","links":[108],"slot_index":0,"shape":3,"label":"MODEL"}],"properties":{"Node name for S&R":"ADE_AnimateDiffLoaderGen1"},"widgets_values":["AnimateLCM_sd15_t2v.ckpt","sqrt_linear (AnimateDiff)"]},{"id":158,"type":"ADE_AnimateDiffLoRALoader","pos":{"0":2090,"1":770},"size":{"0":266.79998779296875,"1":82},"flags":{},"order":16,"mode":0,"inputs":[{"name":"prev_motion_lora","type":"MOTION_LORA","link":null,"label":"prev_motion_lora"}],"outputs":[{"name":"MOTION_LORA","type":"MOTION_LORA","links":[263],"shape":3,"label":"MOTION_LORA"}],"properties":{"Node name for S&R":"ADE_AnimateDiffLoRALoader"},"widgets_values":["v2_lora_ZoomOut.ckpt",1,""]},{"id":35,"type":"TTKeywordMap","pos":{"0":1690,"1":950},"size":{"0":320,"1":130},"flags":{"collapsed":false},"order":26,"mode":0,"inputs":[{"name":"replace_text","type":"LIST","link":49,"label":"replace_text"},{"name":"apparace","type":"STRING","link":230,"widget":{"name":"apparace"},"label":"apparace"}],"outputs":[{"name":"关键词映射","type":"STRING","links":[260],"slot_index":0,"shape":3,"label":"关键词映射"}],"properties":{"Node name for S&R":"TTKeywordMap"},"widgets_values":[0,0,0,"Fried Dough Twists braids, green eyes, blond hair,sexy body,"]},{"id":157,"type":"LoadAudio","pos":{"0":2540,"1":-420},"size":{"0":315,"1":124},"flags":{},"order":13,"mode":0,"inputs":[],"outputs":[{"name":"AUDIO","type":"AUDIO","links":[262],"shape":3,"label":"AUDIO"}],"properties":{"Node name for S&R":"LoadAudio"},"widgets_values":["StockTune-Echoes Of Cosmic Time_1727058393.mp3",null,""]}],"links":[[5,6,0,5,3,"LATENT"],[43,32,0,7,1,"CONTEXT_OPTIONS"],[49,36,0,35,0,"LIST"],[50,37,0,36,0,"STRING"],[51,38,0,36,1,"STRING"],[52,39,0,36,2,"STRING"],[65,49,0,53,0,"MODEL"],[66,41,0,53,1,"IPADAPTER"],[71,54,0,53,5,"CLIP_VISION"],[80,4,0,65,0,"*"],[81,65,0,64,1,"CONDITIONING"],[82,64,0,66,0,"CONDITIONING"],[83,64,1,66,1,"CONDITIONING"],[85,25,0,64,2,"CONTROL_NET"],[86,24,0,64,3,"IMAGE"],[88,27,0,66,2,"CONTROL_NET"],[89,28,0,66,3,"IMAGE"],[97,56,0,74,0,"*"],[101,76,0,7,5,"SAMPLE_SETTINGS"],[102,74,0,67,0,"STRING"],[105,77,0,49,0,"*"],[108,7,0,5,0,"MODEL"],[111,66,0,5,1,"CONDITIONING"],[112,66,1,5,2,"CONDITIONING"],[115,53,0,7,0,"MODEL"],[123,28,3,85,0,"*"],[124,24,3,86,0,"*"],[125,1,0,88,0,"MODEL"],[126,88,0,77,0,"MODEL"],[127,1,1,88,1,"CLIP"],[130,89,0,4,0,"CLIP"],[142,95,0,96,0,"*"],[143,96,0,56,0,"IMAGE"],[230,142,0,35,1,"STRING"],[241,88,1,89,0,"*"],[244,8,0,149,0,"IMAGE"],[245,149,0,95,0,"IMAGE"],[246,5,0,8,0,"LATENT"],[247,1,2,150,0,"*"],[248,150,0,151,0,"*"],[249,151,0,8,1,"VAE"],[253,153,0,53,2,"IMAGE"],[254,152,0,142,0,"*"],[256,155,0,64,0,"CONDITIONING"],[257,89,0,155,0,"CLIP"],[260,35,0,155,1,"STRING"],[262,157,0,56,1,"AUDIO"],[263,158,0,7,2,"MOTION_LORA"]],"groups":[{"title":"models","bounding":[380,840,560,570],"color":"#3f789e","font_size":24,"flags":{}},{"title":"sample","bounding":[2850,310,1150,460],"color":"#A88","font_size":24,"flags":{}},{"title":"video","bounding":[4020,320,828,454],"color":"#3f789e","font_size":24,"flags":{}},{"title":"controlnet","bounding":[2840,830,1150,910],"color":"#8AA","font_size":24,"flags":{}},{"title":"animatediff","bounding":[1980,320,850,440],"color":"#3f789e","font_size":24,"flags":{}},{"title":"prompt","bounding":[1010,810,1810,930],"color":"#b58b2a","font_size":24,"flags":{}},{"title":"ipadapter","bounding":[1020,320,950,440],"color":"#3f789e","font_size":24,"flags":{}}],"config":{},"extra":{"ds":{"scale":0.4950000000000013,"offset":[470.9318236603226,446.0803027991677]},"workspace_info":{"id":"suGDAcVEvoxLu-jyTH8TP","saveLock":false,"cloudID":null,"coverMediaPath":null}},"version":0.4}