{"last_node_id":133,"last_link_id":58,"nodes":[{"id":48,"type":"VAEDecode","pos":[1790,-390],"size":{"0":210,"1":46},"flags":{"collapsed":true},"order":23,"mode":0,"inputs":[{"name":"samples","type":"LATENT","link":3,"label":"Latent"},{"name":"vae","type":"VAE","link":24,"label":"VAE"}],"outputs":[{"name":"IMAGE","type":"IMAGE","links":[16],"shape":3,"label":"图像"}],"properties":{"Node name for S&R":"VAEDecode"}},{"id":95,"type":"Seed Generator","pos":[520,-640],"size":{"0":315,"1":82},"flags":{},"order":0,"mode":0,"outputs":[{"name":"INT","type":"INT","links":[37],"slot_index":0,"shape":3,"label":"INT"}],"properties":{"Node name for S&R":"Seed Generator"},"widgets_values":[82878980804144,"randomize"]},{"id":112,"type":"Reroute","pos":[510,-420],"size":[75,26],"flags":{},"order":9,"mode":0,"inputs":[{"name":"","type":"*","link":22}],"outputs":[{"name":"","type":"VAE","links":[23],"slot_index":0}],"properties":{"showOutputText":false,"horizontal":false}},{"id":113,"type":"Reroute","pos":[1210,-420],"size":[75,26],"flags":{},"order":13,"mode":0,"inputs":[{"name":"","type":"*","link":23}],"outputs":[{"name":"","type":"VAE","links":[24,48],"slot_index":0}],"properties":{"showOutputText":false,"horizontal":false}},{"id":116,"type":"Reroute","pos":[1090,-710],"size":[75,26],"flags":{},"order":17,"mode":0,"inputs":[{"name":"","type":"*","link":31}],"outputs":[{"name":"","type":"CONDITIONING","links":[32,33],"slot_index":0}],"properties":{"showOutputText":false,"horizontal":false}},{"id":117,"type":"Reroute","pos":[1090,-650],"size":[75,26],"flags":{},"order":16,"mode":0,"inputs":[{"name":"","type":"*","link":34}],"outputs":[{"name":"","type":"CONDITIONING","links":[35,36],"slot_index":0}],"properties":{"showOutputText":false,"horizontal":false}},{"id":118,"type":"Reroute","pos":[1090,-600],"size":[75,26],"flags":{},"order":6,"mode":0,"inputs":[{"name":"","type":"*","link":37,"widget":{"name":"value"}}],"outputs":[{"name":"","type":"INT","links":[38,39],"slot_index":0}],"properties":{"showOutputText":false,"horizontal":false}},{"id":120,"type":"Reroute","pos":[830,-1770],"size":[75,26],"flags":{},"order":22,"mode":0,"inputs":[{"name":"","type":"*","link":49}],"outputs":[{"name":"","type":"IMAGE","links":[42,43],"slot_index":0}],"properties":{"showOutputText":false,"horizontal":false}},{"id":121,"type":"Reroute","pos":[830,-1710],"size":[75,26],"flags":{},"order":26,"mode":0,"inputs":[{"name":"","type":"*","link":50}],"outputs":[{"name":"","type":"IMAGE","links":[45,46],"slot_index":0}],"properties":{"showOutputText":false,"horizontal":false}},{"id":122,"type":"VAEDecode","pos":[1360,-390],"size":{"0":210,"1":46},"flags":{"collapsed":true},"order":20,"mode":0,"inputs":[{"name":"samples","type":"LATENT","link":47,"label":"Latent"},{"name":"vae","type":"VAE","link":48,"label":"VAE"}],"outputs":[{"name":"IMAGE","type":"IMAGE","links":[49],"slot_index":0,"shape":3,"label":"图像"}],"properties":{"Node name for S&R":"VAEDecode"}},{"id":115,"type":"Reroute","pos":[410,-790],"size":[75,26],"flags":{},"order":8,"mode":0,"inputs":[{"name":"","type":"*","link":40}],"outputs":[{"name":"","type":"CLIP","links":[29,30],"slot_index":0}],"properties":{"showOutputText":false,"horizontal":false}},{"id":114,"type":"Reroute","pos":[1090,-760],"size":[75,26],"flags":{},"order":7,"mode":0,"inputs":[{"name":"","type":"*","link":25}],"outputs":[{"name":"","type":"MODEL","links":[51],"slot_index":0}],"properties":{"showOutputText":false,"horizontal":false}},{"id":87,"type":"KSampler","pos":[1170,-770],"size":{"0":315,"1":262},"flags":{},"order":18,"mode":0,"inputs":[{"name":"model","type":"MODEL","link":52,"label":"模型"},{"name":"positive","type":"CONDITIONING","link":32,"label":"正面条件"},{"name":"negative","type":"CONDITIONING","link":35,"label":"负面条件"},{"name":"latent_image","type":"LATENT","link":9,"label":"Latent"},{"name":"seed","type":"INT","link":38,"widget":{"name":"seed"},"label":"随机种"}],"outputs":[{"name":"LATENT","type":"LATENT","links":[10,47],"slot_index":0,"shape":3,"label":"Latent"}],"properties":{"Node name for S&R":"KSampler"},"widgets_values":[50792788135057,"randomize",7,2,"dpmpp_sde_gpu","karras",1]},{"id":98,"type":"ImageScale","pos":[2000,-780],"size":{"0":315,"1":130},"flags":{},"order":25,"mode":0,"inputs":[{"name":"image","type":"IMAGE","link":16,"label":"图像"}],"outputs":[{"name":"IMAGE","type":"IMAGE","links":[50],"slot_index":0,"shape":3,"label":"图像"}],"properties":{"Node name for S&R":"ImageScale"},"widgets_values":["nearest-exact",1024,1366,"center"]},{"id":86,"type":"EmptyLatentImage","pos":[510,-800],"size":{"0":315,"1":106},"flags":{},"order":1,"mode":0,"outputs":[{"name":"LATENT","type":"LATENT","links":[9],"shape":3,"label":"Latent"}],"properties":{"Node name for S&R":"EmptyLatentImage"},"widgets_values":[520,672,1]},{"id":119,"type":"Image Comparer (rgthree)","pos":{"0":1880,"1":-1580,"2":0,"3":0,"4":0,"5":0,"6":0,"7":0,"8":0,"9":0},"size":{"0":410,"1":620},"flags":{},"order":28,"mode":0,"inputs":[{"name":"image_a","type":"IMAGE","link":43,"label":"图像_A","dir":3},{"name":"image_b","type":"IMAGE","link":46,"label":"图像_B","dir":3}],"outputs":[],"properties":{"comparer_mode":"Slide"},"widgets_values":[[{"name":"A","selected":true,"url":"/api/view?filename=rgthree.compare._temp_djgax_00027_.png&type=temp&subfolder=&rand=0.6270948984402083"},{"name":"B","selected":true,"url":"/api/view?filename=rgthree.compare._temp_djgax_00028_.png&type=temp&subfolder=&rand=0.7409455761856321"}]]},{"id":103,"type":"PreviewImage","pos":[1410,-1580],"size":{"0":420,"1":630},"flags":{},"order":27,"mode":0,"inputs":[{"name":"images","type":"IMAGE","link":45,"label":"图像"}],"properties":{"Node name for S&R":"PreviewImage"}},{"id":109,"type":"PreviewImage","pos":[920,-1580],"size":{"0":450,"1":630},"flags":{},"order":24,"mode":0,"inputs":[{"name":"images","type":"IMAGE","link":42,"label":"图像"}],"properties":{"Node name for S&R":"PreviewImage"}},{"id":89,"type":"KSampler","pos":[1600,-770],"size":{"0":315,"1":262},"flags":{},"order":21,"mode":0,"inputs":[{"name":"model","type":"MODEL","link":53,"label":"模型"},{"name":"positive","type":"CONDITIONING","link":33,"label":"正面条件"},{"name":"negative","type":"CONDITIONING","link":36,"label":"负面条件"},{"name":"latent_image","type":"LATENT","link":15,"label":"Latent"},{"name":"seed","type":"INT","link":39,"widget":{"name":"seed"},"label":"随机种"}],"outputs":[{"name":"LATENT","type":"LATENT","links":[3],"shape":3,"label":"Latent"}],"properties":{"Node name for S&R":"KSampler"},"widgets_values":[72528446441569,"randomize",7,2,"dpmpp_sde_gpu","karras",0.6]},{"id":127,"type":"PerturbedAttentionGuidance","pos":[1180,-820],"size":{"0":315,"1":58},"flags":{"collapsed":true},"order":11,"mode":0,"inputs":[{"name":"model","type":"MODEL","link":51,"label":"模型"}],"outputs":[{"name":"MODEL","type":"MODEL","links":[52,53],"slot_index":0,"shape":3,"label":"模型"}],"properties":{"Node name for S&R":"PerturbedAttentionGuidance"},"widgets_values":[2]},{"id":88,"type":"LatentUpscaleBy","pos":[1460,-820],"size":{"0":315,"1":82},"flags":{"collapsed":true},"order":19,"mode":0,"inputs":[{"name":"samples","type":"LATENT","link":10,"label":"Latent"}],"outputs":[{"name":"LATENT","type":"LATENT","links":[15],"shape":3,"label":"Latent"}],"properties":{"Node name for S&R":"LatentUpscaleBy"},"widgets_values":["nearest-exact",2]},{"id":5,"type":"CLIPTextEncode","pos":[440,-1230],"size":{"0":400,"1":200},"flags":{},"order":12,"mode":0,"inputs":[{"name":"clip","type":"CLIP","link":30,"label":"CLIP"}],"outputs":[{"name":"CONDITIONING","type":"CONDITIONING","links":[34],"slot_index":0,"shape":3,"label":"条件"}],"properties":{"Node name for S&R":"CLIPTextEncode"},"widgets_values":["score_4, score_3, score_2, score_1, source_pony, source_furry, source_cartoon,lowres, bad, error, fewer, extra, missing, worst quality, jpeg artifacts, bad quality, watermark, signature, extra digits, artistic error, username, abstract, artist logo, artist name, signature, bad fingers, bad hand,embedding:Morenegative_Stable_Yogi-neg, ",true]},{"id":129,"type":"easy promptReplace","pos":[-50,-1460],"size":{"0":400,"1":200},"flags":{},"order":10,"mode":0,"inputs":[{"name":"prompt","type":"STRING","link":54,"widget":{"name":"prompt"},"label":"提示词"},{"name":"replace1","type":"STRING","link":56,"widget":{"name":"replace1"},"label":"替换_1"},{"name":"replace2","type":"STRING","link":57,"widget":{"name":"replace2"},"label":"替换_2"}],"outputs":[{"name":"prompt","type":"STRING","links":[55,58],"slot_index":0,"shape":3,"label":"提示词"}],"properties":{"Node name for S&R":"easy promptReplace"},"widgets_values":["score_9, score_8_up, score_7_up, score_6_up,1female\\({apparance},{clothes}\\),safe,Depth of field, storytelling composition, realistic light and shadow,4k","{apparance}","solo,long flowing brown hair,green eyes, gold-rimmed glasses,Big chest,plump","{clothes}","Dressed in a cheerleader captain's uniform, complete with a sporty crop top and pleated skirt, she radiates youthful energy，Inside the bustling stadium，sexy，Cleavage, accentuating body curves","","",true],"color":"#233","bgcolor":"#355"},{"id":131,"type":"PrimitiveNode","pos":[-350,-1410],"size":{"0":210,"1":60},"flags":{},"order":2,"mode":0,"outputs":[{"name":"STRING","type":"STRING","links":[56],"widget":{"name":"replace1"}}],"properties":{"Run widget replace on values":false},"widgets_values":["solo,long flowing brown hair,green eyes, gold-rimmed glasses,Big chest,plump"]},{"id":1,"type":"CheckpointLoader|pysssss","pos":[-60,-720],"size":{"0":370,"1":170},"flags":{},"order":3,"mode":0,"outputs":[{"name":"MODEL","type":"MODEL","links":[25],"slot_index":0,"shape":3,"label":"模型"},{"name":"CLIP","type":"CLIP","links":[40],"slot_index":1,"shape":3,"label":"CLIP"},{"name":"VAE","type":"VAE","links":[22],"slot_index":2,"shape":3,"label":"VAE"},{"name":"STRING","type":"STRING","links":null,"shape":3}],"properties":{"Node name for S&R":"CheckpointLoader|pysssss"},"widgets_values":[{"content":"sdxl/Dices_DreamDiffusion_XL_Lightning_v0.2.safetensors","image":null},"[none]"]},{"id":133,"type":"easy showAnything","pos":[-50,-1820],"size":{"0":330,"1":280},"flags":{},"order":15,"mode":0,"inputs":[{"name":"anything","type":"*","link":58,"label":"输入任何"}],"properties":{"Node name for S&R":"easy showAnything"},"widgets_values":["score_9, score_8_up, score_7_up, score_6_up,1female\\(solo,long flowing brown hair,green eyes, gold-rimmed glasses,Big chest,plump,Dressed in a cheerleader captain's uniform, complete with a sporty crop top and pleated skirt, she radiates youthful energy，Inside the bustling stadium，sexy，Cleavage, accentuating body curves\\),safe,Depth of field, storytelling composition, realistic light and shadow,4k"]},{"id":130,"type":"PrimitiveNode","pos":[-370,-1640],"size":{"0":220,"1":160},"flags":{},"order":4,"mode":0,"outputs":[{"name":"STRING","type":"STRING","links":[54],"widget":{"name":"prompt"}}],"properties":{"Run widget replace on values":false},"widgets_values":["score_9, score_8_up, score_7_up, score_6_up,1female\\({apparance},{clothes}\\),safe,Depth of field, storytelling composition, realistic light and shadow,4k"]},{"id":4,"type":"CLIPTextEncode","pos":[440,-1530],"size":{"0":400,"1":200},"flags":{},"order":14,"mode":0,"inputs":[{"name":"clip","type":"CLIP","link":29,"label":"CLIP"},{"name":"text","type":"STRING","link":55,"widget":{"name":"text"},"label":"文本"}],"outputs":[{"name":"CONDITIONING","type":"CONDITIONING","links":[31],"slot_index":0,"shape":3,"label":"条件"}],"properties":{"Node name for S&R":"CLIPTextEncode"},"widgets_values":["score_9, score_8_up, score_7_up, score_6_up,1female\\(solo,18+ years old，tan skin，long hair style，blonde hair color,blue eyes color,Alluring nurse outfit, form-fitting uniform, low neckline, short skirt, white stockings, (seductive pose), hospital setting, (suggestive glance), softly lit, intimate atmosphere\\),safe,best quality, very aesthetic, absurdres,high resolution,HD,best quality, very aesthetic, absurdres,high resolution,HD,Depth of field, storytelling composition, realistic light and shadow,4k",true]},{"id":132,"type":"PrimitiveNode","pos":[-370,-1290],"size":{"0":210,"1":60},"flags":{},"order":5,"mode":0,"outputs":[{"name":"STRING","type":"STRING","links":[57],"widget":{"name":"replace2"}}],"properties":{"Run widget replace on values":false},"widgets_values":["Dressed in a cheerleader captain's uniform, complete with a sporty crop top and pleated skirt, she radiates youthful energy，Inside the bustling stadium，sexy，Cleavage, accentuating body curves"]}],"links":[[3,89,0,48,0,"LATENT"],[9,86,0,87,3,"LATENT"],[10,87,0,88,0,"LATENT"],[15,88,0,89,3,"LATENT"],[16,48,0,98,0,"IMAGE"],[22,1,2,112,0,"*"],[23,112,0,113,0,"*"],[24,113,0,48,1,"VAE"],[25,1,0,114,0,"*"],[29,115,0,4,0,"CLIP"],[30,115,0,5,0,"CLIP"],[31,4,0,116,0,"*"],[32,116,0,87,1,"CONDITIONING"],[33,116,0,89,1,"CONDITIONING"],[34,5,0,117,0,"*"],[35,117,0,87,2,"CONDITIONING"],[36,117,0,89,2,"CONDITIONING"],[37,95,0,118,0,"*"],[38,118,0,87,4,"INT"],[39,118,0,89,4,"INT"],[40,1,1,115,0,"*"],[42,120,0,109,0,"IMAGE"],[43,120,0,119,0,"IMAGE"],[45,121,0,103,0,"IMAGE"],[46,121,0,119,1,"IMAGE"],[47,87,0,122,0,"LATENT"],[48,113,0,122,1,"VAE"],[49,122,0,120,0,"*"],[50,98,0,121,0,"*"],[51,114,0,127,0,"MODEL"],[52,127,0,87,0,"MODEL"],[53,127,0,89,0,"MODEL"],[54,130,0,129,0,"STRING"],[55,129,0,4,1,"STRING"],[56,131,0,129,1,"STRING"],[57,132,0,129,2,"STRING"],[58,129,0,133,0,"*"]],"groups":[{"title":"加载","bounding":[420,-1650,430,714],"color":"#3f789e","font_size":24,"locked":false},{"title":"采样","bounding":[1080,-850,845,406],"color":"#3f789e","font_size":24,"locked":false},{"title":"缩放","bounding":[1980,-850,345,356],"color":"#3f789e","font_size":24,"locked":false},{"title":"加载","bounding":[500,-870,345,326],"color":"#3f789e","font_size":24,"locked":false},{"title":"Group","bounding":[910,-1650,1390,714],"color":"#3f789e","font_size":24,"locked":false}],"config":{},"extra":{"ds":{"scale":0.7247295000001105,"offset":[1317.8473173060404,1598.399237561533]},"workspace_info":{"id":"3v_FO9VkkVVGUp-fPmzrN","saveLock":false,"cloudID":null,"coverMediaPath":null}},"version":0.4}