{"last_node_id":163,"last_link_id":86,"nodes":[{"id":48,"type":"VAEDecode","pos":[1790,-390],"size":{"0":210,"1":46},"flags":{"collapsed":true},"order":27,"mode":0,"inputs":[{"name":"samples","type":"LATENT","link":3,"label":"Latent"},{"name":"vae","type":"VAE","link":24,"label":"VAE"}],"outputs":[{"name":"IMAGE","type":"IMAGE","links":[16,18],"shape":3,"label":"图像"}],"properties":{"Node name for S&R":"VAEDecode"}},{"id":88,"type":"LatentUpscaleBy","pos":[1300,-820],"size":{"0":315,"1":82},"flags":{"collapsed":true},"order":23,"mode":0,"inputs":[{"name":"samples","type":"LATENT","link":10,"label":"Latent"}],"outputs":[{"name":"LATENT","type":"LATENT","links":[15],"shape":3,"label":"Latent"}],"properties":{"Node name for S&R":"LatentUpscaleBy"},"widgets_values":["nearest-exact",2]},{"id":95,"type":"Seed Generator","pos":[520,-640],"size":{"0":315,"1":82},"flags":{},"order":0,"mode":0,"outputs":[{"name":"INT","type":"INT","links":[37],"slot_index":0,"shape":3,"label":"INT"}],"properties":{"Node name for S&R":"Seed Generator"},"widgets_values":[646219767882913,"randomize"]},{"id":98,"type":"ImageScale","pos":[1840,-810],"size":{"0":315,"1":130},"flags":{},"order":29,"mode":0,"inputs":[{"name":"image","type":"IMAGE","link":16,"label":"图像"}],"outputs":[{"name":"IMAGE","type":"IMAGE","links":[50],"slot_index":0,"shape":3,"label":"图像"}],"properties":{"Node name for S&R":"ImageScale"},"widgets_values":["nearest-exact",1024,1366,"center"]},{"id":112,"type":"Reroute","pos":[510,-420],"size":[75,26],"flags":{},"order":11,"mode":0,"inputs":[{"name":"","type":"*","link":22}],"outputs":[{"name":"","type":"VAE","links":[23],"slot_index":0}],"properties":{"showOutputText":false,"horizontal":false}},{"id":113,"type":"Reroute","pos":[1210,-420],"size":[75,26],"flags":{},"order":15,"mode":0,"inputs":[{"name":"","type":"*","link":23}],"outputs":[{"name":"","type":"VAE","links":[24,48],"slot_index":0}],"properties":{"showOutputText":false,"horizontal":false}},{"id":115,"type":"Reroute","pos":[370,-760],"size":[75,26],"flags":{},"order":10,"mode":0,"inputs":[{"name":"","type":"*","link":40}],"outputs":[{"name":"","type":"CLIP","links":[29,30],"slot_index":0}],"properties":{"showOutputText":false,"horizontal":false}},{"id":116,"type":"Reroute","pos":[910,-750],"size":[75,26],"flags":{},"order":21,"mode":0,"inputs":[{"name":"","type":"*","link":31}],"outputs":[{"name":"","type":"CONDITIONING","links":[32,33],"slot_index":0}],"properties":{"showOutputText":false,"horizontal":false}},{"id":117,"type":"Reroute","pos":[910,-690],"size":[75,26],"flags":{},"order":17,"mode":0,"inputs":[{"name":"","type":"*","link":34}],"outputs":[{"name":"","type":"CONDITIONING","links":[35,36],"slot_index":0}],"properties":{"showOutputText":false,"horizontal":false}},{"id":118,"type":"Reroute","pos":[910,-640],"size":[75,26],"flags":{},"order":8,"mode":0,"inputs":[{"name":"","type":"*","link":37,"widget":{"name":"value"}}],"outputs":[{"name":"","type":"INT","links":[38,39],"slot_index":0}],"properties":{"showOutputText":false,"horizontal":false}},{"id":120,"type":"Reroute","pos":[830,-1770],"size":[75,26],"flags":{},"order":26,"mode":0,"inputs":[{"name":"","type":"*","link":49}],"outputs":[{"name":"","type":"IMAGE","links":[42,43],"slot_index":0}],"properties":{"showOutputText":false,"horizontal":false}},{"id":121,"type":"Reroute","pos":[830,-1710],"size":[75,26],"flags":{},"order":31,"mode":0,"inputs":[{"name":"","type":"*","link":50}],"outputs":[{"name":"","type":"IMAGE","links":[45,46],"slot_index":0}],"properties":{"showOutputText":false,"horizontal":false}},{"id":122,"type":"VAEDecode","pos":[1360,-390],"size":{"0":210,"1":46},"flags":{"collapsed":true},"order":24,"mode":0,"inputs":[{"name":"samples","type":"LATENT","link":47,"label":"Latent"},{"name":"vae","type":"VAE","link":48,"label":"VAE"}],"outputs":[{"name":"IMAGE","type":"IMAGE","links":[49],"slot_index":0,"shape":3,"label":"图像"}],"properties":{"Node name for S&R":"VAEDecode"}},{"id":107,"type":"ImageScaleBy","pos":[1850,-630],"size":{"0":315,"1":82},"flags":{},"order":30,"mode":0,"inputs":[{"name":"image","type":"IMAGE","link":18,"label":"图像"}],"outputs":[{"name":"IMAGE","type":"IMAGE","links":[],"shape":3,"label":"图像"}],"properties":{"Node name for S&R":"ImageScaleBy"},"widgets_values":["nearest-exact",0.5]},{"id":103,"type":"PreviewImage","pos":[1390,-1580],"size":{"0":420,"1":630},"flags":{},"order":32,"mode":0,"inputs":[{"name":"images","type":"IMAGE","link":45,"label":"图像"}],"properties":{"Node name for S&R":"PreviewImage"}},{"id":119,"type":"Image Comparer (rgthree)","pos":{"0":1870,"1":-1580,"2":0,"3":0,"4":0,"5":0,"6":0,"7":0,"8":0,"9":0},"size":{"0":410,"1":620},"flags":{},"order":33,"mode":0,"inputs":[{"name":"image_a","type":"IMAGE","link":43,"label":"图像_A","dir":3},{"name":"image_b","type":"IMAGE","link":46,"label":"图像_B","dir":3}],"outputs":[],"properties":{"comparer_mode":"Slide"},"widgets_values":[[{"name":"A","selected":true,"url":"/api/view?filename=rgthree.compare._temp_bckrp_00001_.png&type=temp&subfolder=&rand=0.8831770026151469"},{"name":"B","selected":true,"url":"/api/view?filename=rgthree.compare._temp_bckrp_00002_.png&type=temp&subfolder=&rand=0.024382921136311353"}]]},{"id":86,"type":"EmptyLatentImage","pos":[510,-800],"size":{"0":315,"1":106},"flags":{},"order":1,"mode":0,"outputs":[{"name":"LATENT","type":"LATENT","links":[9],"shape":3,"label":"Latent"}],"properties":{"Node name for S&R":"EmptyLatentImage"},"widgets_values":[512,680,1]},{"id":114,"type":"Reroute","pos":[910,-800],"size":[75,26],"flags":{},"order":9,"mode":0,"inputs":[{"name":"","type":"*","link":25}],"outputs":[{"name":"","type":"MODEL","links":[51],"slot_index":0}],"properties":{"showOutputText":false,"horizontal":false}},{"id":109,"type":"PreviewImage","pos":[920,-1580],"size":{"0":450,"1":630},"flags":{},"order":28,"mode":0,"inputs":[{"name":"images","type":"IMAGE","link":42,"label":"图像"}],"properties":{"Node name for S&R":"PreviewImage"}},{"id":4,"type":"CLIPTextEncode","pos":[460,-1500],"size":{"0":400,"1":200},"flags":{},"order":20,"mode":0,"inputs":[{"name":"clip","type":"CLIP","link":29,"label":"CLIP"},{"name":"text","type":"STRING","link":86,"widget":{"name":"text"},"label":"文本"}],"outputs":[{"name":"CONDITIONING","type":"CONDITIONING","links":[31],"slot_index":0,"shape":3,"label":"条件"}],"properties":{"Node name for S&R":"CLIPTextEncode"},"widgets_values":["score_9, score_8_up, score_7_up, score_6_up,source anime,1girl\\(fox girl,18 years old,frowned,disdain,contempt,blushing and coquettish,(wild),golden hair,charming,golden eyes,beautiful, fox ears, fox tail,Lacy lingerie, Provocative poses, Bedroom setting, Sensual lighting, Enticing atmosphere\\),masterpeice, best quality, very aesthetic, absurdres,high resolution,HD",true]},{"id":89,"type":"KSampler","pos":[1400,-760],"size":{"0":315,"1":262},"flags":{},"order":25,"mode":0,"inputs":[{"name":"model","type":"MODEL","link":53,"label":"模型"},{"name":"positive","type":"CONDITIONING","link":33,"label":"正面条件"},{"name":"negative","type":"CONDITIONING","link":36,"label":"负面条件"},{"name":"latent_image","type":"LATENT","link":15,"label":"Latent"},{"name":"seed","type":"INT","link":39,"widget":{"name":"seed"},"label":"随机种"}],"outputs":[{"name":"LATENT","type":"LATENT","links":[3],"shape":3,"label":"Latent"}],"properties":{"Node name for S&R":"KSampler"},"widgets_values":[371348073734165,"randomize",20,7,"euler_ancestral","normal",0.8]},{"id":87,"type":"KSampler","pos":[1040,-760],"size":{"0":315,"1":262},"flags":{},"order":22,"mode":0,"inputs":[{"name":"model","type":"MODEL","link":52,"label":"模型"},{"name":"positive","type":"CONDITIONING","link":32,"label":"正面条件"},{"name":"negative","type":"CONDITIONING","link":35,"label":"负面条件"},{"name":"latent_image","type":"LATENT","link":9,"label":"Latent"},{"name":"seed","type":"INT","link":38,"widget":{"name":"seed"},"label":"随机种"}],"outputs":[{"name":"LATENT","type":"LATENT","links":[10,47],"slot_index":0,"shape":3,"label":"Latent"}],"properties":{"Node name for S&R":"KSampler"},"widgets_values":[447014778770315,"randomize",20,7,"euler_ancestral","normal",1]},{"id":123,"type":"PerturbedAttentionGuidance","pos":[920,-880],"size":{"0":315,"1":58},"flags":{},"order":13,"mode":0,"inputs":[{"name":"model","type":"MODEL","link":51,"label":"模型"}],"outputs":[{"name":"MODEL","type":"MODEL","links":[52,53],"slot_index":0,"shape":3,"label":"模型"}],"properties":{"Node name for S&R":"PerturbedAttentionGuidance"},"widgets_values":[3]},{"id":1,"type":"CheckpointLoader|pysssss","pos":[-150,-770],"size":{"0":370,"1":170},"flags":{},"order":2,"mode":0,"outputs":[{"name":"MODEL","type":"MODEL","links":[25],"slot_index":0,"shape":3,"label":"模型"},{"name":"CLIP","type":"CLIP","links":[40],"slot_index":1,"shape":3,"label":"CLIP"},{"name":"VAE","type":"VAE","links":[22],"slot_index":2,"shape":3,"label":"VAE"},{"name":"STRING","type":"STRING","links":null,"shape":3}],"properties":{"Node name for S&R":"CheckpointLoader|pysssss"},"widgets_values":[{"content":"sdxl/mugenmalumixSDXL_v30.safetensors","image":"checkpoints/sdxl/mugenmalumixSDXL_v30.png"},"[none]"]},{"id":5,"type":"CLIPTextEncode","pos":[460,-1220],"size":{"0":400,"1":200},"flags":{},"order":14,"mode":0,"inputs":[{"name":"clip","type":"CLIP","link":30,"label":"CLIP"}],"outputs":[{"name":"CONDITIONING","type":"CONDITIONING","links":[34],"slot_index":0,"shape":3,"label":"条件"}],"properties":{"Node name for S&R":"CLIPTextEncode"},"widgets_values":["score_4, score_3, score_2, score_1, source_pony, source_furry, source_cartoon,lowres,((bad)), error, fewer, extra, missing, worst quality, jpeg artifacts, bad quality, watermark, signature, extra digits, artistic error, username, abstract, artist logo, artist name, signature, bad fingers, bad hand,embedding:Morenegative_Stable_Yogi-neg, ",true]},{"id":152,"type":"Text String","pos":[-570,-1410],"size":{"0":315,"1":190},"flags":{},"order":3,"mode":0,"outputs":[{"name":"STRING","type":"STRING","links":null,"shape":3,"label":"字符串","slot_index":0},{"name":"STRING","type":"STRING","links":null,"shape":3,"label":"字符串"},{"name":"STRING","type":"STRING","links":null,"shape":3,"label":"字符串"},{"name":"STRING","type":"STRING","links":null,"shape":3,"label":"字符串"}],"properties":{"Node name for S&R":"Text String"},"widgets_values":["","","",""]},{"id":155,"type":"PrimitiveNode","pos":[-350,-1920],"size":{"0":210,"1":60},"flags":{},"order":4,"mode":0,"outputs":[{"name":"STRING","type":"STRING","links":[75],"widget":{"name":"string1"}}],"title":"Primitive","properties":{"Run widget replace on values":false},"widgets_values":["score_9, score_8_up, score_7_up, score_6_up"]},{"id":154,"type":"JoinStrings","pos":[-60,-1910],"size":[315,106],"flags":{},"order":12,"mode":0,"inputs":[{"name":"string1","type":"STRING","link":75,"widget":{"name":"string1"}},{"name":"string2","type":"STRING","link":77,"widget":{"name":"string2"}}],"outputs":[{"name":"STRING","type":"STRING","links":[78],"shape":3,"label":"字符串","slot_index":0}],"properties":{"Node name for S&R":"JoinStrings"},"widgets_values":["score_9, score_8_up, score_7_up, score_6_up","1girl\\(fox girl,18 +,frowned,disdain,contempt,blushing and coquettish,(wild),golden hair,charming,golden eyes,beautiful, fox ears, fox tail\\)",","]},{"id":160,"type":"PrimitiveNode","pos":[-370,-1690],"size":{"0":210,"1":60},"flags":{},"order":5,"mode":0,"outputs":[{"name":"STRING","type":"STRING","links":[81],"widget":{"name":"string2"},"slot_index":0}],"title":"Primitive","properties":{"Run widget replace on values":false},"widgets_values":[",wear Apron-clad, Domestic tasks, Domestic appliances, Warm lighting, Homely vibe"]},{"id":163,"type":"PrimitiveNode","pos":[-360,-1570],"size":{"0":210,"1":60},"flags":{},"order":6,"mode":0,"outputs":[{"name":"STRING","type":"STRING","links":[84],"widget":{"name":"string2"}}],"title":"Primitive","properties":{"Run widget replace on values":false},"widgets_values":["masterpeice, best quality, very aesthetic, absurdres,high resolution,HD"]},{"id":161,"type":"JoinStrings","pos":[-50,-1590],"size":[315,106],"flags":{},"order":18,"mode":0,"inputs":[{"name":"string1","type":"STRING","link":82,"widget":{"name":"string1"}},{"name":"string2","type":"STRING","link":84,"widget":{"name":"string2"}}],"outputs":[{"name":"STRING","type":"STRING","links":[85,86],"shape":3,"label":"字符串","slot_index":0}],"properties":{"Node name for S&R":"JoinStrings"},"widgets_values":["score_9, score_8_up, score_7_up, score_6_up","masterpeice, best quality, very aesthetic, absurdres,high resolution,HD",","]},{"id":156,"type":"PrimitiveNode","pos":[-350,-1810],"size":{"0":210,"1":60},"flags":{},"order":7,"mode":0,"outputs":[{"name":"STRING","type":"STRING","links":[77],"widget":{"name":"string2"}}],"title":"Primitive","properties":{"Run widget replace on values":false},"widgets_values":["1girl\\(fox girl,18 +,frowned,disdain,contempt,blushing and coquettish,(wild),golden hair,charming,golden eyes,beautiful, fox ears, fox tail\\)"]},{"id":157,"type":"JoinStrings","pos":[-50,-1750],"size":[315,106],"flags":{},"order":16,"mode":0,"inputs":[{"name":"string1","type":"STRING","link":78,"widget":{"name":"string1"}},{"name":"string2","type":"STRING","link":81,"widget":{"name":"string2"}}],"outputs":[{"name":"STRING","type":"STRING","links":[82],"shape":3,"label":"字符串","slot_index":0}],"properties":{"Node name for S&R":"JoinStrings"},"widgets_values":["score_9, score_8_up, score_7_up, score_6_up",",wear Apron-clad, Domestic tasks, Domestic appliances, Warm lighting, Homely vibe",""]},{"id":129,"type":"easy showAnything","pos":[410,-1910],"size":{"0":330,"1":240},"flags":{},"order":19,"mode":0,"inputs":[{"name":"anything","type":"*","link":85,"label":"输入任何"}],"properties":{"Node name for S&R":"easy showAnything"},"widgets_values":["score_9, score_8_up, score_7_up, score_6_up,1girl\\(fox girl,18 +,frowned,disdain,contempt,blushing and coquettish,(wild),golden hair,charming,golden eyes,beautiful, fox ears, fox tail\\),wear Apron-clad, Domestic tasks, Domestic appliances, Warm lighting, Homely vibe,masterpeice, best quality, very aesthetic, absurdres,high resolution,HD"]}],"links":[[3,89,0,48,0,"LATENT"],[9,86,0,87,3,"LATENT"],[10,87,0,88,0,"LATENT"],[15,88,0,89,3,"LATENT"],[16,48,0,98,0,"IMAGE"],[18,48,0,107,0,"IMAGE"],[22,1,2,112,0,"*"],[23,112,0,113,0,"*"],[24,113,0,48,1,"VAE"],[25,1,0,114,0,"*"],[29,115,0,4,0,"CLIP"],[30,115,0,5,0,"CLIP"],[31,4,0,116,0,"*"],[32,116,0,87,1,"CONDITIONING"],[33,116,0,89,1,"CONDITIONING"],[34,5,0,117,0,"*"],[35,117,0,87,2,"CONDITIONING"],[36,117,0,89,2,"CONDITIONING"],[37,95,0,118,0,"*"],[38,118,0,87,4,"INT"],[39,118,0,89,4,"INT"],[40,1,1,115,0,"*"],[42,120,0,109,0,"IMAGE"],[43,120,0,119,0,"IMAGE"],[45,121,0,103,0,"IMAGE"],[46,121,0,119,1,"IMAGE"],[47,87,0,122,0,"LATENT"],[48,113,0,122,1,"VAE"],[49,122,0,120,0,"*"],[50,98,0,121,0,"*"],[51,114,0,123,0,"MODEL"],[52,123,0,87,0,"MODEL"],[53,123,0,89,0,"MODEL"],[75,155,0,154,0,"STRING"],[77,156,0,154,1,"STRING"],[78,154,0,157,0,"STRING"],[81,160,0,157,1,"STRING"],[82,157,0,161,0,"STRING"],[84,163,0,161,1,"STRING"],[85,161,0,129,0,"*"],[86,161,0,4,1,"STRING"]],"groups":[{"title":"加载","bounding":[440,-1620,430,714],"color":"#3f789e","font_size":24,"locked":false},{"title":"采样","bounding":[900,-890,845,406],"color":"#3f789e","font_size":24,"locked":false},{"title":"缩放","bounding":[1830,-880,345,356],"color":"#3f789e","font_size":24,"locked":false},{"title":"加载","bounding":[500,-870,345,326],"color":"#3f789e","font_size":24,"locked":false},{"title":"Group","bounding":[910,-1650,1390,714],"color":"#3f789e","font_size":24,"locked":false}],"config":{},"extra":{"ds":{"scale":0.27941459537664465,"offset":[1877.8040060974556,1923.6140288314537]},"workspace_info":{"id":"3JbBQ-R2ksbotsd6jyf0g","saveLock":false,"cloudID":null,"coverMediaPath":null}},"version":0.4}