{"last_node_id":1226,"last_link_id":3131,"nodes":[{"id":556,"type":"Reroute","pos":[-1408.9991689794863,-433.701228147173],"size":[90.4,26],"flags":{},"order":6,"mode":0,"inputs":[{"name":"","type":"*","link":1326,"label":"","widget":{"name":"value"}}],"outputs":[{"name":"STRING","type":"STRING","links":[2817],"slot_index":0,"label":"STRING"}],"properties":{"showOutputText":true,"horizontal":false}},{"id":1101,"type":"Reroute","pos":[-164.24240858405742,-654.116889418998],"size":[75,26],"flags":{},"order":12,"mode":0,"inputs":[{"name":"","type":"*","link":2834}],"outputs":[{"name":"VAE","type":"VAE","links":[2836],"slot_index":0}],"properties":{"showOutputText":true,"horizontal":false}},{"id":1100,"type":"Pack SDXL Tuple","pos":[35.757591415942514,-524.1168894189979],"size":{"0":342.5999755859375,"1":166},"flags":{},"order":14,"mode":0,"inputs":[{"name":"base_model","type":"MODEL","link":3131,"label":"模型"},{"name":"base_clip","type":"CLIP","link":2841,"label":"CLIP"},{"name":"base_positive","type":"CONDITIONING","link":3120,"label":"正面条件"},{"name":"base_negative","type":"CONDITIONING","link":3121,"label":"负面条件"},{"name":"refiner_model","type":"MODEL","link":2837,"label":"模型(Refiner)"},{"name":"refiner_clip","type":"CLIP","link":2838,"label":"CLIP(Refiner)"},{"name":"refiner_positive","type":"CONDITIONING","link":2839,"label":"正面条件(Refiner)"},{"name":"refiner_negative","type":"CONDITIONING","link":2840,"label":"负面条件(Refiner)"}],"outputs":[{"name":"SDXL_TUPLE","type":"SDXL_TUPLE","links":[2829],"shape":3,"label":"SDXL元组","slot_index":0}],"properties":{"Node name for S&R":"Pack SDXL Tuple"},"shape":1},{"id":254,"type":"Reroute","pos":[-1411.7171753217465,-489.07441619624126],"size":[90.4,26],"flags":{},"order":9,"mode":0,"inputs":[{"name":"","type":"*","link":3129,"label":"","widget":{"name":"value"}}],"outputs":[{"name":"STRING","type":"STRING","links":[2968],"slot_index":0,"label":"STRING"}],"properties":{"showOutputText":true,"horizontal":false}},{"id":250,"type":"Reroute","pos":[-1400,-570],"size":[75,26],"flags":{},"order":7,"mode":0,"inputs":[{"name":"","type":"*","link":3111,"slot_index":0,"label":""}],"outputs":[{"name":"","type":"LORA_STACK","links":[2818],"slot_index":0,"label":""}],"properties":{"showOutputText":false,"horizontal":false}},{"id":555,"type":"String Literal","pos":[-2680,-40],"size":[400,110],"flags":{},"order":0,"mode":0,"outputs":[{"name":"STRING","type":"STRING","links":[1326],"shape":3,"label":"STRING","slot_index":0}],"properties":{"Node name for S&R":"String Literal"},"widgets_values":["\"embedding:negativeXL_D.safetensors\", \"NSFW\", \"Head accessories\",\"(worst quality, low quality, illustration, 3d, 2d, cartoon, painting, cartoons, sketch)+, open mouth, (long neck)+, (watermark)+, (text)+, extra fingers, inverted nipple, busty, large breasts, ugly, disgusting,(beard)++\""]},{"id":1225,"type":"List of strings [Crystools]","pos":[-2120,-200],"size":[320,270],"flags":{},"order":8,"mode":0,"inputs":[{"name":"string_1","type":"STRING","link":3125,"widget":{"name":"string_1"},"label":"字符串_1"},{"name":"string_2","type":"STRING","link":3126,"widget":{"name":"string_2"},"label":"字符串_2"},{"name":"string_3","type":"STRING","link":3127,"widget":{"name":"string_3"},"label":"字符串_3"}],"outputs":[{"name":"concatenated","type":"STRING","links":[3129],"shape":3,"label":"字符串合并","slot_index":0},{"name":"list_string","type":"ListString","links":null,"shape":6,"label":"字符串列表"}],"properties":{"Node name for S&R":"List of strings [Crystools]"},"widgets_values":["","","","","","","","",","]},{"id":1221,"type":"String Literal","pos":[-2690,-630],"size":[380,90],"flags":{},"order":1,"mode":0,"outputs":[{"name":"STRING","type":"STRING","links":[3125],"shape":3,"label":"STRING","slot_index":0}],"properties":{"Node name for S&R":"String Literal"},"widgets_values":["\"spmf_9777_r_2024080613\""]},{"id":1223,"type":"PreviewImage","pos":[1330,-610],"size":[540,740],"flags":{},"order":16,"mode":0,"inputs":[{"name":"images","type":"IMAGE","link":3123,"label":"图像"}],"properties":{"Node name for S&R":"PreviewImage"}},{"id":37,"type":"String Literal","pos":[-2690,-480],"size":[390,120],"flags":{},"order":2,"mode":0,"outputs":[{"name":"STRING","type":"STRING","links":[3126],"shape":3,"label":"STRING","slot_index":0}],"properties":{"Node name for S&R":"String Literal"},"widgets_values":["\"snap_White-sweater,photo of a female,(solo)+++,white color sweater, matte finish, long sleeves,  Rough, Natural, Textured\""]},{"id":263,"type":"CR LoRA Stack","pos":[-2170,-590],"size":{"0":394.4184265136719,"1":342},"flags":{},"order":3,"mode":0,"inputs":[{"name":"lora_stack","type":"LORA_STACK","link":null,"label":"LoRA堆"}],"outputs":[{"name":"LORA_STACK","type":"LORA_STACK","links":[3111],"shape":3,"slot_index":0,"label":"LORA_STACK"},{"name":"show_help","type":"STRING","links":null,"shape":3,"label":"show_help"}],"properties":{"Node name for S&R":"CR LoRA Stack"},"widgets_values":["On","train_lora/prod_lora/20240806/20240806133910_182556db2eb74a2392e4a85702d462b7/spmf_9777_r_2024080613/spmf_9777_r_2024080613.safetensors",1,1,"On","snapmecloth/0702/webulora/White-sweater.safetensors",1,1,"On","sdxl/Professional_Portrait.safetensors",1,1]},{"id":1096,"type":"Eff. Loader SDXL","pos":[-1200,-550],"size":[400,470],"flags":{},"order":10,"mode":0,"inputs":[{"name":"lora_stack","type":"LORA_STACK","link":2818,"label":"LoRA堆"},{"name":"cnet_stack","type":"CONTROL_NET_STACK","link":null,"label":"ControlNet堆"},{"name":"positive","type":"STRING","link":2968,"widget":{"name":"positive"},"label":"正面条件"},{"name":"negative","type":"STRING","link":2817,"widget":{"name":"negative"},"label":"负面条件"}],"outputs":[{"name":"SDXL_TUPLE","type":"SDXL_TUPLE","links":[2820],"shape":3,"label":"SDXL元组","slot_index":0},{"name":"LATENT","type":"LATENT","links":null,"shape":3,"label":"Latent"},{"name":"VAE","type":"VAE","links":[2834],"shape":3,"label":"VAE","slot_index":2},{"name":"DEPENDENCIES","type":"DEPENDENCIES","links":null,"shape":3,"label":"依赖"}],"properties":{"Node name for S&R":"Eff. Loader SDXL"},"widgets_values":["sdxl/realvisxlV40_v40Bakedvae.safetensors",-2,"None",-1,6,3,"Baked VAE","CLIP_POSITIVE","CLIP_NEGATIVE","none","compel",1024,1024,1],"color":"#2a363b","bgcolor":"#3f5159","shape":1},{"id":1099,"type":"KSampler SDXL (Eff.)","pos":[630,-540],"size":{"0":330,"1":550},"flags":{},"order":15,"mode":0,"inputs":[{"name":"sdxl_tuple","type":"SDXL_TUPLE","link":2829,"label":"SDXL元组","slot_index":0},{"name":"latent_image","type":"LATENT","link":3122,"label":"Latent","slot_index":1},{"name":"optional_vae","type":"VAE","link":2836,"label":"VAE(可选)"},{"name":"script","type":"SCRIPT","link":null,"label":"脚本"}],"outputs":[{"name":"SDXL_TUPLE","type":"SDXL_TUPLE","links":null,"shape":3,"label":"SDXL元组"},{"name":"LATENT","type":"LATENT","links":null,"shape":3,"label":"Latent"},{"name":"VAE","type":"VAE","links":null,"shape":3,"label":"VAE"},{"name":"IMAGE","type":"IMAGE","links":[3123],"shape":3,"label":"图像","slot_index":3}],"properties":{"Node name for S&R":"KSampler SDXL (Eff.)"},"widgets_values":[92722426287285,null,30,7,"dpmpp_2m_sde_gpu","karras",0,-1,"auto","true"],"color":"#223333","bgcolor":"#335555","shape":1},{"id":1222,"type":"EmptyLatentImage","pos":[-210,-270],"size":{"0":315,"1":106},"flags":{},"order":4,"mode":0,"outputs":[{"name":"LATENT","type":"LATENT","links":[3122],"shape":3,"label":"Latent"}],"properties":{"Node name for S&R":"EmptyLatentImage"},"widgets_values":[768,1024,1]},{"id":1097,"type":"Unpack SDXL Tuple","pos":[-634.2424085840574,-524.1168894189979],"size":{"0":405.5999755859375,"1":166},"flags":{},"order":11,"mode":0,"inputs":[{"name":"sdxl_tuple","type":"SDXL_TUPLE","link":2820,"label":"SDXL元组"}],"outputs":[{"name":"BASE_MODEL","type":"MODEL","links":[3130],"shape":3,"label":"模型","slot_index":0},{"name":"BASE_CLIP","type":"CLIP","links":[2841],"shape":3,"label":"CLIP","slot_index":1},{"name":"BASE_CONDITIONING+","type":"CONDITIONING","links":[3120],"shape":3,"label":"正面条件","slot_index":2},{"name":"BASE_CONDITIONING-","type":"CONDITIONING","links":[3121],"shape":3,"label":"负面条件","slot_index":3},{"name":"REFINER_MODEL","type":"MODEL","links":[2837],"shape":3,"label":"模型(Refiner)","slot_index":4},{"name":"REFINER_CLIP","type":"CLIP","links":[2838],"shape":3,"label":"CLIP(Refiner)","slot_index":5},{"name":"REFINER_CONDITIONING+","type":"CONDITIONING","links":[2839],"shape":3,"label":"正面条件(Refiner)","slot_index":6},{"name":"REFINER_CONDITIONING-","type":"CONDITIONING","links":[2840],"shape":3,"label":"负面条件(Refiner)","slot_index":7}],"properties":{"Node name for S&R":"Unpack SDXL Tuple"},"shape":1},{"id":1226,"type":"PerturbedAttentionGuidance","pos":[-250,-770],"size":{"0":315,"1":58},"flags":{},"order":13,"mode":0,"inputs":[{"name":"model","type":"MODEL","link":3130,"label":"模型"}],"outputs":[{"name":"MODEL","type":"MODEL","links":[3131],"shape":3,"label":"模型","slot_index":0}],"properties":{"Node name for S&R":"PerturbedAttentionGuidance"},"widgets_values":[3]},{"id":238,"type":"String Literal","pos":[-2690,-290],"size":[410,140],"flags":{},"order":5,"mode":0,"outputs":[{"name":"STRING","type":"STRING","links":[3127],"shape":3,"label":"STRING","slot_index":0}],"properties":{"Node name for S&R":"String Literal"},"widgets_values":["\"solo, focuses on the people face,(Seine river)++, (depth of field)++, (outdoor scenery)+,professional portrait, realistic photography, perfect details, highest quality, masterpiece,35mm photograph,4k\""]}],"links":[[1326,555,0,556,0,"*"],[2817,556,0,1096,3,"STRING"],[2818,250,0,1096,0,"LORA_STACK"],[2820,1096,0,1097,0,"SDXL_TUPLE"],[2829,1100,0,1099,0,"SDXL_TUPLE"],[2834,1096,2,1101,0,"*"],[2836,1101,0,1099,2,"VAE"],[2837,1097,4,1100,4,"MODEL"],[2838,1097,5,1100,5,"CLIP"],[2839,1097,6,1100,6,"CONDITIONING"],[2840,1097,7,1100,7,"CONDITIONING"],[2841,1097,1,1100,1,"CLIP"],[2968,254,0,1096,2,"STRING"],[3111,263,0,250,0,"*"],[3120,1097,2,1100,2,"CONDITIONING"],[3121,1097,3,1100,3,"CONDITIONING"],[3122,1222,0,1099,1,"LATENT"],[3123,1099,3,1223,0,"IMAGE"],[3125,1221,0,1225,0,"STRING"],[3126,37,0,1225,1,"STRING"],[3127,238,0,1225,2,"STRING"],[3129,1225,0,254,0,"*"],[3130,1097,0,1226,0,"MODEL"],[3131,1226,0,1100,0,"MODEL"]],"groups":[{"title":"服装+背景一次生成","bounding":[-1371,-700,2613,898],"color":"#3f789e","font_size":24,"locked":false},{"title":"用户输入","bounding":[-2752,-716,1126,877],"color":"#3f789e","font_size":24,"locked":false}],"config":{},"extra":{"ds":{"scale":0.8140274938684076,"offset":{"0":-595.8226905206858,"1":729.3371400743029}},"workspace_info":{"id":"YXcMYlermJTLtQOkMob5z","saveLock":false,"cloudID":null,"coverMediaPath":null}},"version":0.4}