{"last_node_id":945,"last_link_id":2123,"nodes":[{"id":791,"type":"Reroute","pos":[-2388.6117173348275,12.34065253226472],"size":[82,26],"flags":{},"order":19,"mode":0,"inputs":[{"name":"","type":"*","link":2116}],"outputs":[{"name":"IMAGE","type":"IMAGE","links":[1753],"slot_index":0}],"properties":{"showOutputText":true,"horizontal":false}},{"id":790,"type":"Reroute","pos":[-2388.6117173348275,-37.65934746773519],"size":[82,26],"flags":{},"order":18,"mode":0,"inputs":[{"name":"","type":"*","link":2115}],"outputs":[{"name":"IMAGE","type":"IMAGE","links":[1752],"slot_index":0}],"properties":{"showOutputText":true,"horizontal":false}},{"id":611,"type":"Reroute","pos":[-2388.6117173348275,-207.65934746773496],"size":[75,26],"flags":{},"order":26,"mode":0,"inputs":[{"name":"","type":"*","link":2114,"slot_index":0}],"outputs":[{"name":"MASK","type":"MASK","links":[1746],"slot_index":0}],"properties":{"showOutputText":true,"horizontal":false}},{"id":623,"type":"List of strings [Crystools]","pos":[-1591.5704317988054,297.0237417249741],"size":{"0":320,"1":270},"flags":{},"order":15,"mode":0,"inputs":[{"name":"string_1","type":"STRING","link":1859,"widget":{"name":"string_1"},"label":"字符串_1","slot_index":0},{"name":"string_2","type":"STRING","link":1792,"widget":{"name":"string_2"},"label":"字符串_2"},{"name":"string_3","type":"STRING","link":null,"widget":{"name":"string_3"},"label":"字符串_3"}],"outputs":[{"name":"concatenated","type":"STRING","links":[1215],"shape":3,"label":"字符串合并","slot_index":0},{"name":"list_string","type":"ListString","links":null,"shape":6,"label":"字符串列表"}],"properties":{"Node name for S&R":"List of strings [Crystools]"},"widgets_values":["","","","","","","","",","]},{"id":446,"type":"CR Multi-ControlNet Stack","pos":[-2141.5704317988057,-142.97625827502588],"size":{"0":418.1999816894531,"1":454},"flags":{},"order":27,"mode":0,"inputs":[{"name":"image_1","type":"IMAGE","link":1752,"label":"图像1"},{"name":"image_2","type":"IMAGE","link":1753,"label":"图像2"},{"name":"image_3","type":"IMAGE","link":1882,"label":"图像3"},{"name":"controlnet_stack","type":"CONTROL_NET_STACK","link":null,"label":"ControlNet堆","slot_index":3}],"outputs":[{"name":"CONTROLNET_STACK","type":"CONTROL_NET_STACK","links":[636],"shape":3,"label":"ControlNet堆","slot_index":0},{"name":"show_help","type":"STRING","links":null,"shape":3,"slot_index":1}],"properties":{"Node name for S&R":"CR Multi-ControlNet Stack"},"widgets_values":["On","controlnet-union-sdxl-1.0.safetensors",0.3,0,1,"On","controlnet-union-sdxl-1.0.safetensors",0.3,0,1,"On","controlnet-union-sdxl-1.0.safetensors",0.4,0,1]},{"id":625,"type":"Primitive string multiline [Crystools]","pos":[-2132.336629405195,569.6936958447565],"size":{"0":390,"1":140},"flags":{},"order":0,"mode":0,"outputs":[{"name":"string","type":"STRING","links":[1792],"shape":3,"label":"字符串","slot_index":0}],"properties":{"Node name for S&R":"Primitive string multiline [Crystools]"},"widgets_values":["Bare skin,detailed skin texture,ultra-realistic skin details,best quality,masterpiece,photorealistic,realisticSSS"]},{"id":834,"type":"Reroute","pos":[-2392.336629405195,59.69369584475678],"size":[75,26],"flags":{},"order":20,"mode":0,"inputs":[{"name":"","type":"*","link":2117}],"outputs":[{"name":"","type":"IMAGE","links":[1882],"slot_index":0}],"properties":{"showOutputText":false,"horizontal":false}},{"id":879,"type":"List of strings [Crystools]","pos":[-1640.5022468074455,2110.3787144192675],"size":{"0":320,"1":270},"flags":{},"order":25,"mode":0,"inputs":[{"name":"string_1","type":"STRING","link":1963,"widget":{"name":"string_1"},"label":"字符串_1","slot_index":0},{"name":"string_2","type":"STRING","link":1964,"widget":{"name":"string_2"},"label":"字符串_2"},{"name":"string_3","type":"STRING","link":null,"widget":{"name":"string_3"},"label":"字符串_3"}],"outputs":[{"name":"concatenated","type":"STRING","links":[1958],"shape":3,"label":"字符串合并","slot_index":0},{"name":"list_string","type":"ListString","links":null,"shape":6,"label":"字符串列表"}],"properties":{"Node name for S&R":"List of strings [Crystools]"},"widgets_values":["","","","","","","","",","]},{"id":887,"type":"Reroute","pos":[-2440.5022468074453,1870.378714419268],"size":[75,26],"flags":{},"order":24,"mode":0,"inputs":[{"name":"","type":"*","link":2122}],"outputs":[{"name":"","type":"IMAGE","links":[1961]}],"properties":{"showOutputText":false,"horizontal":false}},{"id":883,"type":"INPAINT_VAEEncodeInpaintConditioning","pos":[-344.2882406535544,1784.026061924175],"size":{"0":292.20001220703125,"1":106},"flags":{},"order":38,"mode":0,"inputs":[{"name":"positive","type":"CONDITIONING","link":2078,"label":"正面条件"},{"name":"negative","type":"CONDITIONING","link":2079,"label":"负面条件"},{"name":"vae","type":"VAE","link":1972,"label":"VAE"},{"name":"pixels","type":"IMAGE","link":2054,"label":"图像"},{"name":"mask","type":"MASK","link":2028,"label":"遮罩"}],"outputs":[{"name":"positive","type":"CONDITIONING","links":[1966],"shape":3,"label":"正面条件","slot_index":0},{"name":"negative","type":"CONDITIONING","links":[1967],"shape":3,"label":"负面条件","slot_index":1},{"name":"latent_inpaint","type":"LATENT","links":[],"shape":3,"label":"局部重绘Latent","slot_index":2},{"name":"latent_samples","type":"LATENT","links":[1968],"shape":3,"label":"采样Latent","slot_index":3}],"properties":{"Node name for S&R":"INPAINT_VAEEncodeInpaintConditioning"}},{"id":632,"type":"INPAINT_VAEEncodeInpaintConditioning","pos":[-390,-40],"size":{"0":292.20001220703125,"1":106},"flags":{},"order":33,"mode":0,"inputs":[{"name":"positive","type":"CONDITIONING","link":2074,"label":"正面条件"},{"name":"negative","type":"CONDITIONING","link":2075,"label":"负面条件"},{"name":"vae","type":"VAE","link":1228,"label":"VAE"},{"name":"pixels","type":"IMAGE","link":1738,"label":"图像"},{"name":"mask","type":"MASK","link":1746,"label":"遮罩"}],"outputs":[{"name":"positive","type":"CONDITIONING","links":[1431],"shape":3,"label":"正面条件","slot_index":0},{"name":"negative","type":"CONDITIONING","links":[1432],"shape":3,"label":"负面条件","slot_index":1},{"name":"latent_inpaint","type":"LATENT","links":[],"shape":3,"label":"局部重绘Latent","slot_index":2},{"name":"latent_samples","type":"LATENT","links":[1837],"shape":3,"label":"采样Latent","slot_index":3}],"properties":{"Node name for S&R":"INPAINT_VAEEncodeInpaintConditioning"}},{"id":876,"type":"Reroute","pos":[-2430.5022468074453,1570.3787144192686],"size":[75,26],"flags":{},"order":28,"mode":0,"inputs":[{"name":"","type":"*","link":2119}],"outputs":[{"name":"MASK","type":"MASK","links":[2028],"slot_index":0}],"properties":{"showOutputText":true,"horizontal":false}},{"id":875,"type":"CR Multi-ControlNet Stack","pos":[-2190.5022468074453,1670.3787144192684],"size":{"0":418.1999816894531,"1":454},"flags":{},"order":29,"mode":0,"inputs":[{"name":"image_1","type":"IMAGE","link":2036,"label":"图像1"},{"name":"image_2","type":"IMAGE","link":2037,"label":"图像2"},{"name":"image_3","type":"IMAGE","link":1961,"label":"图像3"},{"name":"controlnet_stack","type":"CONTROL_NET_STACK","link":null,"label":"ControlNet堆","slot_index":3}],"outputs":[{"name":"CONTROLNET_STACK","type":"CONTROL_NET_STACK","links":[1957],"shape":3,"label":"ControlNet堆","slot_index":0},{"name":"show_help","type":"STRING","links":null,"shape":3,"slot_index":1}],"properties":{"Node name for S&R":"CR Multi-ControlNet Stack"},"widgets_values":["On","controlnet-union-sdxl-1.0.safetensors",0.3,0,1,"On","controlnet-union-sdxl-1.0.safetensors",0.3,0,1,"On","controlnet-union-sdxl-1.0.safetensors",0.4,0,1]},{"id":885,"type":"Reroute","pos":[-2440.5022468074453,1770.3787144192684],"size":[82,26],"flags":{},"order":22,"mode":0,"inputs":[{"name":"","type":"*","link":2120}],"outputs":[{"name":"IMAGE","type":"IMAGE","links":[2036],"slot_index":0}],"properties":{"showOutputText":true,"horizontal":false}},{"id":886,"type":"Reroute","pos":[-2440.5022468074453,1820.3787144192684],"size":[82,26],"flags":{},"order":23,"mode":0,"inputs":[{"name":"","type":"*","link":2121}],"outputs":[{"name":"IMAGE","type":"IMAGE","links":[2037],"slot_index":0}],"properties":{"showOutputText":true,"horizontal":false}},{"id":917,"type":"Reroute","pos":[-2430.5022468074453,1520.3787144192686],"size":[82,26],"flags":{},"order":37,"mode":0,"inputs":[{"name":"","type":"*","link":2062}],"outputs":[{"name":"IMAGE","type":"IMAGE","links":[2054],"slot_index":0}],"properties":{"showOutputText":true,"horizontal":false}},{"id":350,"type":"Efficient Loader","pos":[-890.9239925589245,-207.9494928493455],"size":{"0":370,"1":470},"flags":{},"order":30,"mode":0,"inputs":[{"name":"lora_stack","type":"LORA_STACK","link":2073,"label":"LoRA堆","slot_index":0},{"name":"cnet_stack","type":"CONTROL_NET_STACK","link":636,"label":"ControlNet堆","slot_index":1},{"name":"positive","type":"STRING","link":1215,"widget":{"name":"positive"},"label":"正面条件"}],"outputs":[{"name":"MODEL","type":"MODEL","links":[2076],"shape":3,"label":"模型","slot_index":0},{"name":"CONDITIONING+","type":"CONDITIONING","links":[2074],"shape":3,"label":"正面条件","slot_index":1},{"name":"CONDITIONING-","type":"CONDITIONING","links":[2075],"shape":3,"label":"负面条件","slot_index":2},{"name":"LATENT","type":"LATENT","links":[],"shape":3,"label":"Latent","slot_index":3},{"name":"VAE","type":"VAE","links":[1228,1239],"shape":3,"label":"VAE","slot_index":4},{"name":"CLIP","type":"CLIP","links":[],"shape":3,"label":"CLIP","slot_index":5},{"name":"DEPENDENCIES","type":"DEPENDENCIES","links":[],"shape":3,"label":"依赖","slot_index":6}],"properties":{"Node name for S&R":"Efficient Loader"},"widgets_values":["sdxl/dreamshaperXL_v21TurboDPMSDE.safetensors","Baked VAE",-2,"None",1.3,1,"a female,vividly,skin_texture,Vivid,light and shadow of details, beautiful face,headshot,,best quality,highres,bright,Ultra clear details","embedding:negativeXL_D.safetensors, NSFW, worst quality, normal quality, low quality, low res, blurry, text, watermark, logo, banner, extra digits, cropped, jpeg artifacts, signature, username, error, sketch, duplicate, ugly, monochrome, horror, geometry, mutation, disgusting ","mean","comfy",512,512,1],"color":"#332233","bgcolor":"#553355","shape":1},{"id":730,"type":"PerturbedAttentionGuidance","pos":[-390,-170],"size":{"0":315,"1":58},"flags":{},"order":32,"mode":0,"inputs":[{"name":"model","type":"MODEL","link":2076,"label":"模型"}],"outputs":[{"name":"MODEL","type":"MODEL","links":[1930],"shape":3,"label":"模型","slot_index":0}],"properties":{"Node name for S&R":"PerturbedAttentionGuidance"},"widgets_values":[3]},{"id":874,"type":"Efficient Loader","pos":[-844.2882406535539,1614.0260619241747],"size":{"0":370,"1":470},"flags":{},"order":31,"mode":0,"inputs":[{"name":"lora_stack","type":"LORA_STACK","link":2072,"label":"LoRA堆","slot_index":0},{"name":"cnet_stack","type":"CONTROL_NET_STACK","link":1957,"label":"ControlNet堆","slot_index":1},{"name":"positive","type":"STRING","link":1958,"widget":{"name":"positive"},"label":"正面条件"}],"outputs":[{"name":"MODEL","type":"MODEL","links":[2077],"shape":3,"label":"模型","slot_index":0},{"name":"CONDITIONING+","type":"CONDITIONING","links":[2078],"shape":3,"label":"正面条件","slot_index":1},{"name":"CONDITIONING-","type":"CONDITIONING","links":[2079],"shape":3,"label":"负面条件","slot_index":2},{"name":"LATENT","type":"LATENT","links":[],"shape":3,"label":"Latent","slot_index":3},{"name":"VAE","type":"VAE","links":[1969,1972],"shape":3,"label":"VAE","slot_index":4},{"name":"CLIP","type":"CLIP","links":[],"shape":3,"label":"CLIP","slot_index":5},{"name":"DEPENDENCIES","type":"DEPENDENCIES","links":[],"shape":3,"label":"依赖","slot_index":6}],"properties":{"Node name for S&R":"Efficient Loader"},"widgets_values":["sdxl/dreamshaperXL_v21TurboDPMSDE.safetensors","Baked VAE",-2,"None",1.3,1,"a female,vividly,skin_texture,Vivid,light and shadow of details, beautiful face,headshot,,best quality,highres,bright,Ultra clear details","embedding:negativeXL_D.safetensors, NSFW, worst quality, normal quality, low quality, low res, blurry, text, watermark, logo, banner, extra digits, cropped, jpeg artifacts, signature, username, error, sketch, duplicate, ugly, monochrome, horror, geometry, mutation, disgusting ","mean","comfy",512,512,1],"color":"#332233","bgcolor":"#553355","shape":1},{"id":884,"type":"PerturbedAttentionGuidance","pos":[-360,1610],"size":{"0":315,"1":58},"flags":{},"order":34,"mode":0,"inputs":[{"name":"model","type":"MODEL","link":2077,"label":"模型"}],"outputs":[{"name":"MODEL","type":"MODEL","links":[1965],"shape":3,"label":"模型","slot_index":0}],"properties":{"Node name for S&R":"PerturbedAttentionGuidance"},"widgets_values":[3]},{"id":619,"type":"Reroute","pos":[424.000554541234,-250.7891476112531],"size":[75,26],"flags":{},"order":36,"mode":0,"inputs":[{"name":"","type":"*","link":1749}],"outputs":[{"name":"","type":"IMAGE","links":[2062],"slot_index":0}],"properties":{"showOutputText":false,"horizontal":false}},{"id":878,"type":"Reroute","pos":[465.71175934644594,1574.0260619241747],"size":[75,26],"flags":{},"order":40,"mode":0,"inputs":[{"name":"","type":"*","link":1962}],"outputs":[{"name":"","type":"IMAGE","links":[1978],"slot_index":0}],"properties":{"showOutputText":false,"horizontal":false}},{"id":603,"type":"Reroute","pos":[-2390,-260],"size":[82,26],"flags":{},"order":16,"mode":0,"inputs":[{"name":"","type":"*","link":2112}],"outputs":[{"name":"IMAGE","type":"IMAGE","links":[1738],"slot_index":0}],"properties":{"showOutputText":true,"horizontal":false}},{"id":932,"type":"CR LoRA Stack","pos":[-1630,1620],"size":{"0":315,"1":342},"flags":{},"order":1,"mode":0,"inputs":[{"name":"lora_stack","type":"LORA_STACK","link":null,"label":"LoRA堆"}],"outputs":[{"name":"LORA_STACK","type":"LORA_STACK","links":[2072],"shape":3},{"name":"show_help","type":"STRING","links":null,"shape":3}],"properties":{"Node name for S&R":"CR LoRA Stack"},"widgets_values":["On","train_lora/prod_lora/20240806/20240806085732_f14b08eccaff43c4be566ce6c62aaeac/spmf_12019_r_2024080608/spmf_12019_r_2024080608.safetensors",0.8,1,"Off","None",1,1,"Off","None",1,1]},{"id":933,"type":"CR LoRA Stack","pos":[-1610,-150],"size":{"0":315,"1":342},"flags":{},"order":2,"mode":0,"inputs":[{"name":"lora_stack","type":"LORA_STACK","link":null,"label":"LoRA堆"}],"outputs":[{"name":"LORA_STACK","type":"LORA_STACK","links":[2073],"shape":3,"slot_index":0},{"name":"show_help","type":"STRING","links":null,"shape":3}],"properties":{"Node name for S&R":"CR LoRA Stack"},"widgets_values":["On","train_lora/prod_lora/20240721/20240721150623_ac8537d21164455b8e5c9932c23c05e8/spmf_4_r_2024072115/spmf_4_r_2024072115.safetensors",0.8,1,"Off","None",1,1,"Off","None",1,1]},{"id":624,"type":"Primitive string multiline [Crystools]","pos":[-2122.336629405195,369.6936958447567],"size":{"0":380,"1":130},"flags":{},"order":3,"mode":0,"outputs":[{"name":"string","type":"STRING","links":[1859],"shape":3,"label":"字符串","slot_index":0}],"properties":{"Node name for S&R":"Primitive string multiline [Crystools]"},"widgets_values":["spmf_4_r_20240721115,looking_at_viewer"]},{"id":936,"type":"ImageToMask","pos":[-2770,-210],"size":{"0":315,"1":58},"flags":{},"order":17,"mode":0,"inputs":[{"name":"image","type":"IMAGE","link":2113,"label":"图像"}],"outputs":[{"name":"MASK","type":"MASK","links":[2114],"shape":3,"label":"遮罩","slot_index":0}],"properties":{"Node name for S&R":"ImageToMask"},"widgets_values":["red"]},{"id":935,"type":"Load Image From Url","pos":[-3230,-220],"size":{"0":410,"1":96.00000762939453},"flags":{},"order":5,"mode":0,"outputs":[{"name":"IMAGE","type":"IMAGE","links":[2113],"shape":3,"label":"IMAGE","slot_index":0},{"name":"MASK","type":"MASK","links":null,"shape":3,"label":"MASK"}],"properties":{"Node name for S&R":"Load Image From Url"},"widgets_values":["face1-mask"]},{"id":940,"type":"Load Image From Url","pos":[-3390,1570],"size":{"0":410,"1":96.0000228881836},"flags":{},"order":9,"mode":0,"outputs":[{"name":"IMAGE","type":"IMAGE","links":[2118],"shape":3,"label":"IMAGE","slot_index":0},{"name":"MASK","type":"MASK","links":null,"shape":3,"label":"MASK"}],"properties":{"Node name for S&R":"Load Image From Url"},"widgets_values":["face2-mask"]},{"id":941,"type":"ImageToMask","pos":[-2930,1580],"size":{"0":315,"1":58},"flags":{},"order":21,"mode":0,"inputs":[{"name":"image","type":"IMAGE","link":2118,"label":"图像"}],"outputs":[{"name":"MASK","type":"MASK","links":[2119],"shape":3,"label":"遮罩","slot_index":0}],"properties":{"Node name for S&R":"ImageToMask"},"widgets_values":["red"]},{"id":942,"type":"Load Image From Url","pos":[-3390,1720],"size":{"0":410,"1":96.0000228881836},"flags":{},"order":10,"mode":0,"outputs":[{"name":"IMAGE","type":"IMAGE","links":[2120],"shape":3,"label":"IMAGE","slot_index":0},{"name":"MASK","type":"MASK","links":null,"shape":3,"label":"MASK"}],"properties":{"Node name for S&R":"Load Image From Url"},"widgets_values":["face2-canny"]},{"id":943,"type":"Load Image From Url","pos":[-3390,1860],"size":{"0":410,"1":96.0000228881836},"flags":{},"order":11,"mode":0,"outputs":[{"name":"IMAGE","type":"IMAGE","links":[2121],"shape":3,"label":"IMAGE","slot_index":0},{"name":"MASK","type":"MASK","links":null,"shape":3,"label":"MASK"}],"properties":{"Node name for S&R":"Load Image From Url"},"widgets_values":["face2-depth"]},{"id":880,"type":"Primitive string multiline [Crystools]","pos":[-2170,2180],"size":{"0":380,"1":130},"flags":{},"order":13,"mode":0,"outputs":[{"name":"string","type":"STRING","links":[1963],"shape":3,"label":"字符串","slot_index":0}],"properties":{"Node name for S&R":"Primitive string multiline [Crystools]"},"widgets_values":["spmf_12019_r_2024080608,looking_at_viewer"]},{"id":881,"type":"Primitive string multiline [Crystools]","pos":[-2180.5022468074453,2380.3787144192675],"size":{"0":390,"1":140},"flags":{},"order":14,"mode":0,"outputs":[{"name":"string","type":"STRING","links":[1964],"shape":3,"label":"字符串","slot_index":0}],"properties":{"Node name for S&R":"Primitive string multiline [Crystools]"},"widgets_values":["Bare skin,detailed skin texture,ultra-realistic skin details,best quality,masterpiece,photorealistic,realisticSSS"]},{"id":882,"type":"KSampler (Efficient)","pos":[35.71175934644555,1604.0260619241747],"size":{"0":330,"1":560},"flags":{},"order":39,"mode":0,"inputs":[{"name":"model","type":"MODEL","link":1965,"label":"模型"},{"name":"positive","type":"CONDITIONING","link":1966,"label":"正面条件"},{"name":"negative","type":"CONDITIONING","link":1967,"label":"负面条件"},{"name":"latent_image","type":"LATENT","link":1968,"label":"Latent"},{"name":"optional_vae","type":"VAE","link":1969,"label":"VAE(可选)"},{"name":"script","type":"SCRIPT","link":null,"label":"脚本","slot_index":5}],"outputs":[{"name":"MODEL","type":"MODEL","links":[],"shape":3,"label":"模型","slot_index":0},{"name":"CONDITIONING+","type":"CONDITIONING","links":[],"shape":3,"label":"正面条件","slot_index":1},{"name":"CONDITIONING-","type":"CONDITIONING","links":[],"shape":3,"label":"负面条件","slot_index":2},{"name":"LATENT","type":"LATENT","links":[],"shape":3,"label":"Latent","slot_index":3},{"name":"VAE","type":"VAE","links":[],"shape":3,"label":"VAE","slot_index":4},{"name":"IMAGE","type":"IMAGE","links":[1962],"shape":3,"label":"图像","slot_index":5}],"properties":{"Node name for S&R":"KSampler (Efficient)"},"widgets_values":[-1,null,10,2,"dpmpp_sde","karras",0.8,"none","true"],"color":"#222233","bgcolor":"#333355","shape":1},{"id":631,"type":"KSampler (Efficient)","pos":[-10.923992558924517,-217.94949284934546],"size":{"0":330,"1":560},"flags":{},"order":35,"mode":0,"inputs":[{"name":"model","type":"MODEL","link":1930,"label":"模型"},{"name":"positive","type":"CONDITIONING","link":1431,"label":"正面条件"},{"name":"negative","type":"CONDITIONING","link":1432,"label":"负面条件"},{"name":"latent_image","type":"LATENT","link":1837,"label":"Latent"},{"name":"optional_vae","type":"VAE","link":1239,"label":"VAE(可选)"},{"name":"script","type":"SCRIPT","link":null,"label":"脚本","slot_index":5}],"outputs":[{"name":"MODEL","type":"MODEL","links":[],"shape":3,"label":"模型","slot_index":0},{"name":"CONDITIONING+","type":"CONDITIONING","links":[],"shape":3,"label":"正面条件","slot_index":1},{"name":"CONDITIONING-","type":"CONDITIONING","links":[],"shape":3,"label":"负面条件","slot_index":2},{"name":"LATENT","type":"LATENT","links":[],"shape":3,"label":"Latent","slot_index":3},{"name":"VAE","type":"VAE","links":[],"shape":3,"label":"VAE","slot_index":4},{"name":"IMAGE","type":"IMAGE","links":[1749],"shape":3,"label":"图像","slot_index":5}],"properties":{"Node name for S&R":"KSampler (Efficient)"},"widgets_values":[-1,null,10,2,"dpmpp_sde","karras",0.8,"none","true"],"color":"#222233","bgcolor":"#333355","shape":1},{"id":945,"type":"Save Image To OSS And Display","pos":[1110,1530],"size":{"0":315,"1":82},"flags":{},"order":42,"mode":0,"inputs":[{"name":"images","type":"IMAGE","link":2123,"label":"images"}],"properties":{"Node name for S&R":"Save Image To OSS And Display"},"widgets_values":["comfyui","JPEG"]},{"id":888,"type":"ReActorRestoreFace","pos":[630,1550],"size":{"0":315,"1":130},"flags":{},"order":41,"mode":0,"inputs":[{"name":"image","type":"IMAGE","link":1978,"label":"图像"}],"outputs":[{"name":"IMAGE","type":"IMAGE","links":[2123],"shape":3,"label":"图像","slot_index":0}],"properties":{"Node name for S&R":"ReActorRestoreFace"},"widgets_values":["retinaface_resnet50","GPEN-BFR-1024.onnx",1,0.5]},{"id":934,"type":"Load Image From Url","pos":[-3230,-390],"size":[410,95.99999237060547],"flags":{},"order":4,"mode":0,"outputs":[{"name":"IMAGE","type":"IMAGE","links":[2112],"shape":3,"label":"IMAGE","slot_index":0},{"name":"MASK","type":"MASK","links":null,"shape":3,"label":"MASK"}],"properties":{"Node name for S&R":"Load Image From Url"},"widgets_values":["template"]},{"id":937,"type":"Load Image From Url","pos":[-3230,-70],"size":{"0":410,"1":96.00000762939453},"flags":{},"order":6,"mode":0,"outputs":[{"name":"IMAGE","type":"IMAGE","links":[2115],"shape":3,"label":"IMAGE","slot_index":0},{"name":"MASK","type":"MASK","links":null,"shape":3,"label":"MASK"}],"properties":{"Node name for S&R":"Load Image From Url"},"widgets_values":["face1-canny"]},{"id":938,"type":"Load Image From Url","pos":[-3230,70],"size":{"0":410,"1":96.00000762939453},"flags":{},"order":7,"mode":0,"outputs":[{"name":"IMAGE","type":"IMAGE","links":[2116],"shape":3,"label":"IMAGE","slot_index":0},{"name":"MASK","type":"MASK","links":null,"shape":3,"label":"MASK"}],"properties":{"Node name for S&R":"Load Image From Url"},"widgets_values":["face1-depth"]},{"id":939,"type":"Load Image From Url","pos":[-3220,220],"size":{"0":410,"1":96.00000762939453},"flags":{},"order":8,"mode":0,"outputs":[{"name":"IMAGE","type":"IMAGE","links":[2117],"shape":3,"label":"IMAGE","slot_index":0},{"name":"MASK","type":"MASK","links":null,"shape":3,"label":"MASK"}],"properties":{"Node name for S&R":"Load Image From Url"},"widgets_values":["face1-openpose"]},{"id":944,"type":"Load Image From Url","pos":[-3400,2010],"size":{"0":410,"1":96.0000228881836},"flags":{},"order":12,"mode":0,"outputs":[{"name":"IMAGE","type":"IMAGE","links":[2122],"shape":3,"label":"IMAGE","slot_index":0},{"name":"MASK","type":"MASK","links":null,"shape":3,"label":"MASK"}],"properties":{"Node name for S&R":"Load Image From Url"},"widgets_values":["face2-openpose"]}],"links":[[636,446,0,350,1,"CONTROL_NET_STACK"],[1215,623,0,350,2,"STRING"],[1228,350,4,632,2,"VAE"],[1239,350,4,631,4,"VAE"],[1431,632,0,631,1,"CONDITIONING"],[1432,632,1,631,2,"CONDITIONING"],[1738,603,0,632,3,"IMAGE"],[1746,611,0,632,4,"MASK"],[1749,631,5,619,0,"*"],[1752,790,0,446,0,"IMAGE"],[1753,791,0,446,1,"IMAGE"],[1792,625,0,623,1,"STRING"],[1837,632,3,631,3,"LATENT"],[1859,624,0,623,0,"STRING"],[1882,834,0,446,2,"IMAGE"],[1930,730,0,631,0,"MODEL"],[1957,875,0,874,1,"CONTROL_NET_STACK"],[1958,879,0,874,2,"STRING"],[1961,887,0,875,2,"IMAGE"],[1962,882,5,878,0,"*"],[1963,880,0,879,0,"STRING"],[1964,881,0,879,1,"STRING"],[1965,884,0,882,0,"MODEL"],[1966,883,0,882,1,"CONDITIONING"],[1967,883,1,882,2,"CONDITIONING"],[1968,883,3,882,3,"LATENT"],[1969,874,4,882,4,"VAE"],[1972,874,4,883,2,"VAE"],[1978,878,0,888,0,"IMAGE"],[2028,876,0,883,4,"MASK"],[2036,885,0,875,0,"IMAGE"],[2037,886,0,875,1,"IMAGE"],[2054,917,0,883,3,"IMAGE"],[2062,619,0,917,0,"*"],[2072,932,0,874,0,"LORA_STACK"],[2073,933,0,350,0,"LORA_STACK"],[2074,350,1,632,0,"CONDITIONING"],[2075,350,2,632,1,"CONDITIONING"],[2076,350,0,730,0,"MODEL"],[2077,874,0,884,0,"MODEL"],[2078,874,1,883,0,"CONDITIONING"],[2079,874,2,883,1,"CONDITIONING"],[2112,934,0,603,0,"*"],[2113,935,0,936,0,"IMAGE"],[2114,936,0,611,0,"*"],[2115,937,0,790,0,"*"],[2116,938,0,791,0,"*"],[2117,939,0,834,0,"*"],[2118,940,0,941,0,"IMAGE"],[2119,941,0,876,0,"*"],[2120,942,0,885,0,"*"],[2121,943,0,886,0,"*"],[2122,944,0,887,0,"*"],[2123,888,0,945,0,"IMAGE"]],"groups":[{"title":"step1-inpaint","bounding":[-1015,-315,1489,745],"color":"#3f789e","font_size":24,"locked":false},{"title":"输入条件","bounding":[-2352,-314,1109,1425],"color":"#3f789e","font_size":24,"locked":false},{"title":"face2-输入条件","bounding":[-2405,1460,1188,1125],"color":"#3f789e","font_size":24,"locked":false},{"title":"face2-sample","bounding":[-958,1450,1467,738],"color":"#3f789e","font_size":24,"locked":false}],"config":{},"extra":{"ds":{"scale":0.7247295000000046,"offset":{"0":3825.197253236706,"1":-1040.4391694987019}},"groupNodes":{},"workspace_info":{"id":"j3uDU7pGkBJDPOkQc71F3"}},"version":0.4}