{"last_node_id":990,"last_link_id":2217,"nodes":[{"id":350,"type":"Efficient Loader","pos":[-890,-210],"size":{"0":370,"1":470},"flags":{},"order":24,"mode":0,"inputs":[{"name":"lora_stack","type":"LORA_STACK","link":2073,"slot_index":0,"label":"LoRA堆"},{"name":"cnet_stack","type":"CONTROL_NET_STACK","link":null,"slot_index":1,"label":"ControlNet堆"},{"name":"positive","type":"STRING","link":1215,"widget":{"name":"positive"},"label":"正面条件"}],"outputs":[{"name":"MODEL","type":"MODEL","links":[2076],"slot_index":0,"shape":3,"label":"模型"},{"name":"CONDITIONING+","type":"CONDITIONING","links":[2165],"slot_index":1,"shape":3,"label":"正面条件"},{"name":"CONDITIONING-","type":"CONDITIONING","links":[2166],"slot_index":2,"shape":3,"label":"负面条件"},{"name":"LATENT","type":"LATENT","links":[],"slot_index":3,"shape":3,"label":"Latent"},{"name":"VAE","type":"VAE","links":[1228,1239],"slot_index":4,"shape":3,"label":"VAE"},{"name":"CLIP","type":"CLIP","links":[],"slot_index":5,"shape":3,"label":"CLIP"},{"name":"DEPENDENCIES","type":"DEPENDENCIES","links":[],"slot_index":6,"shape":3,"label":"依赖"}],"properties":{"Node name for S&R":"Efficient Loader"},"widgets_values":["sdxl/dreamshaperXL_v21TurboDPMSDE.safetensors","Baked VAE",-1,"None",1.3,1,"a female,vividly,skin_texture,Vivid,light and shadow of details, beautiful face,headshot,,best quality,highres,bright,Ultra clear details","embedding:negativeXL_D.safetensors, NSFW, worst quality, normal quality, low quality, low res, blurry, text, watermark, logo, banner, extra digits, cropped, jpeg artifacts, signature, username, error, sketch, duplicate, ugly, monochrome, horror, geometry, mutation, disgusting ","mean","comfy",512,512,1,true,true],"color":"#332233","bgcolor":"#553355","shape":1},{"id":603,"type":"Reroute","pos":[-2390,-260],"size":[82,26],"flags":{},"order":23,"mode":0,"inputs":[{"name":"","type":"*","link":2112}],"outputs":[{"name":"IMAGE","type":"IMAGE","links":[2190,2211],"slot_index":0}],"properties":{"showOutputText":true,"horizontal":false}},{"id":611,"type":"Reroute","pos":[-2390,-210],"size":[75,26],"flags":{},"order":27,"mode":0,"inputs":[{"name":"","type":"*","link":2164,"slot_index":0}],"outputs":[{"name":"MASK","type":"MASK","links":[2189,2212],"slot_index":0}],"properties":{"showOutputText":true,"horizontal":false}},{"id":619,"type":"Reroute","pos":[420,-250],"size":[75,26],"flags":{},"order":49,"mode":0,"inputs":[{"name":"","type":"*","link":2213}],"outputs":[{"name":"","type":"IMAGE","links":[2062],"slot_index":0}],"properties":{"showOutputText":false,"horizontal":false}},{"id":623,"type":"List of strings [Crystools]","pos":[-1920,-140],"size":{"0":320,"1":270},"flags":{},"order":15,"mode":0,"inputs":[{"name":"string_1","type":"STRING","link":1859,"slot_index":0,"widget":{"name":"string_1"},"label":"字符串_1"},{"name":"string_2","type":"STRING","link":1792,"widget":{"name":"string_2"},"label":"字符串_2"},{"name":"string_3","type":"STRING","link":null,"widget":{"name":"string_3"},"label":"字符串_3"}],"outputs":[{"name":"concatenated","type":"STRING","links":[1215],"slot_index":0,"shape":3,"label":"字符串合并"},{"name":"list_string","type":"ListString","links":null,"shape":6,"label":"字符串列表"}],"properties":{"Node name for S&R":"List of strings [Crystools]"},"widgets_values":["","","","","","","","",","]},{"id":624,"type":"Primitive string multiline [Crystools]","pos":[-2250,-160],"size":{"0":230,"1":81},"flags":{},"order":0,"mode":0,"outputs":[{"name":"string","type":"STRING","links":[1859],"slot_index":0,"shape":3,"label":"字符串"}],"properties":{"Node name for S&R":"Primitive string multiline [Crystools]"},"widgets_values":["spmf_4_r_20240721115,looking_at_viewer",true]},{"id":625,"type":"Primitive string multiline [Crystools]","pos":[-2250,-10],"size":{"0":260,"1":120},"flags":{},"order":1,"mode":0,"outputs":[{"name":"string","type":"STRING","links":[1792],"slot_index":0,"shape":3,"label":"字符串"}],"properties":{"Node name for S&R":"Primitive string multiline [Crystools]"},"widgets_values":["Bare skin,detailed skin texture,ultra-realistic skin details,best quality,masterpiece,photorealistic,realisticSSS",true]},{"id":631,"type":"KSampler (Efficient)","pos":[-10,-220],"size":{"0":330,"1":560},"flags":{},"order":48,"mode":0,"inputs":[{"name":"model","type":"MODEL","link":1930,"label":"模型"},{"name":"positive","type":"CONDITIONING","link":1431,"label":"正面条件"},{"name":"negative","type":"CONDITIONING","link":1432,"label":"负面条件"},{"name":"latent_image","type":"LATENT","link":1837,"label":"Latent"},{"name":"optional_vae","type":"VAE","link":1239,"label":"VAE(可选)"},{"name":"script","type":"SCRIPT","link":null,"slot_index":5,"label":"脚本"}],"outputs":[{"name":"MODEL","type":"MODEL","links":[],"slot_index":0,"shape":3,"label":"模型"},{"name":"CONDITIONING+","type":"CONDITIONING","links":[],"slot_index":1,"shape":3,"label":"正面条件"},{"name":"CONDITIONING-","type":"CONDITIONING","links":[],"slot_index":2,"shape":3,"label":"负面条件"},{"name":"LATENT","type":"LATENT","links":[],"slot_index":3,"shape":3,"label":"Latent"},{"name":"VAE","type":"VAE","links":[],"slot_index":4,"shape":3,"label":"VAE"},{"name":"IMAGE","type":"IMAGE","links":[2213,2214],"slot_index":5,"shape":3,"label":"图像"}],"properties":{"Node name for S&R":"KSampler (Efficient)"},"widgets_values":[976931946697756,null,8,2,"dpmpp_sde","karras",0.8,"none","true"],"color":"#222233","bgcolor":"#333355","shape":1},{"id":632,"type":"INPAINT_VAEEncodeInpaintConditioning","pos":[-390,-40],"size":{"0":292.20001220703125,"1":106},"flags":{},"order":47,"mode":0,"inputs":[{"name":"positive","type":"CONDITIONING","link":2167,"label":"正面条件"},{"name":"negative","type":"CONDITIONING","link":2168,"label":"负面条件"},{"name":"vae","type":"VAE","link":1228,"label":"VAE"},{"name":"pixels","type":"IMAGE","link":2211,"label":"图像"},{"name":"mask","type":"MASK","link":2212,"label":"遮罩"}],"outputs":[{"name":"positive","type":"CONDITIONING","links":[1431],"slot_index":0,"shape":3,"label":"正面条件"},{"name":"negative","type":"CONDITIONING","links":[1432],"slot_index":1,"shape":3,"label":"负面条件"},{"name":"latent_inpaint","type":"LATENT","links":[],"slot_index":2,"shape":3,"label":"局部重绘Latent"},{"name":"latent_samples","type":"LATENT","links":[1837],"slot_index":3,"shape":3,"label":"采样Latent"}],"properties":{"Node name for S&R":"INPAINT_VAEEncodeInpaintConditioning"}},{"id":730,"type":"PerturbedAttentionGuidance","pos":[-390,-170],"size":{"0":315,"1":58},"flags":{},"order":29,"mode":0,"inputs":[{"name":"model","type":"MODEL","link":2076,"label":"模型"}],"outputs":[{"name":"MODEL","type":"MODEL","links":[1930],"slot_index":0,"shape":3,"label":"模型"}],"properties":{"Node name for S&R":"PerturbedAttentionGuidance"},"widgets_values":[3]},{"id":874,"type":"Efficient Loader","pos":[-844.2882406535539,1614.0260619241747],"size":{"0":370,"1":470},"flags":{},"order":25,"mode":0,"inputs":[{"name":"lora_stack","type":"LORA_STACK","link":2072,"slot_index":0,"label":"LoRA堆"},{"name":"cnet_stack","type":"CONTROL_NET_STACK","link":null,"slot_index":1,"label":"ControlNet堆"},{"name":"positive","type":"STRING","link":1958,"widget":{"name":"positive"},"label":"正面条件"}],"outputs":[{"name":"MODEL","type":"MODEL","links":[2077],"slot_index":0,"shape":3,"label":"模型"},{"name":"CONDITIONING+","type":"CONDITIONING","links":[2173],"slot_index":1,"shape":3,"label":"正面条件"},{"name":"CONDITIONING-","type":"CONDITIONING","links":[2174],"slot_index":2,"shape":3,"label":"负面条件"},{"name":"LATENT","type":"LATENT","links":[],"slot_index":3,"shape":3,"label":"Latent"},{"name":"VAE","type":"VAE","links":[1969,1972],"slot_index":4,"shape":3,"label":"VAE"},{"name":"CLIP","type":"CLIP","links":[],"slot_index":5,"shape":3,"label":"CLIP"},{"name":"DEPENDENCIES","type":"DEPENDENCIES","links":[],"slot_index":6,"shape":3,"label":"依赖"}],"properties":{"Node name for S&R":"Efficient Loader"},"widgets_values":["sdxl/dreamshaperXL_v21TurboDPMSDE.safetensors","Baked VAE",-1,"None",1.3,1,"a female,vividly,skin_texture,Vivid,light and shadow of details, beautiful face,headshot,,best quality,highres,bright,Ultra clear details","embedding:negativeXL_D.safetensors, NSFW, worst quality, normal quality, low quality, low res, blurry, text, watermark, logo, banner, extra digits, cropped, jpeg artifacts, signature, username, error, sketch, duplicate, ugly, monochrome, horror, geometry, mutation, disgusting ","mean","comfy",512,512,1,true,true],"color":"#332233","bgcolor":"#553355","shape":1},{"id":876,"type":"Reroute","pos":[-2430,1570],"size":[75,26],"flags":{},"order":26,"mode":0,"inputs":[{"name":"","type":"*","link":2192}],"outputs":[{"name":"MASK","type":"MASK","links":[2184,2216],"slot_index":0}],"properties":{"showOutputText":true,"horizontal":false}},{"id":878,"type":"Reroute","pos":[465.71175934644594,1574.0260619241747],"size":[75,26],"flags":{},"order":61,"mode":0,"inputs":[{"name":"","type":"*","link":2217}],"outputs":[{"name":"","type":"IMAGE","links":[2177,2201],"slot_index":0}],"properties":{"showOutputText":false,"horizontal":false}},{"id":879,"type":"List of strings [Crystools]","pos":[-1930,1610],"size":{"0":320,"1":270},"flags":{},"order":16,"mode":0,"inputs":[{"name":"string_1","type":"STRING","link":1963,"slot_index":0,"widget":{"name":"string_1"},"label":"字符串_1"},{"name":"string_2","type":"STRING","link":1964,"widget":{"name":"string_2"},"label":"字符串_2"},{"name":"string_3","type":"STRING","link":null,"widget":{"name":"string_3"},"label":"字符串_3"}],"outputs":[{"name":"concatenated","type":"STRING","links":[1958],"slot_index":0,"shape":3,"label":"字符串合并"},{"name":"list_string","type":"ListString","links":null,"shape":6,"label":"字符串列表"}],"properties":{"Node name for S&R":"List of strings [Crystools]"},"widgets_values":["","","","","","","","",","]},{"id":880,"type":"Primitive string multiline [Crystools]","pos":[-2350,1620],"size":{"0":380,"1":130},"flags":{},"order":2,"mode":0,"outputs":[{"name":"string","type":"STRING","links":[1963],"slot_index":0,"shape":3,"label":"字符串"}],"properties":{"Node name for S&R":"Primitive string multiline [Crystools]"},"widgets_values":["spmf_12019_r_2024080608,looking_at_viewer",true]},{"id":881,"type":"Primitive string multiline [Crystools]","pos":[-2340,1810],"size":{"0":390,"1":140},"flags":{},"order":3,"mode":0,"outputs":[{"name":"string","type":"STRING","links":[1964],"slot_index":0,"shape":3,"label":"字符串"}],"properties":{"Node name for S&R":"Primitive string multiline [Crystools]"},"widgets_values":["Bare skin,detailed skin texture,ultra-realistic skin details,best quality,masterpiece,photorealistic,realisticSSS",true]},{"id":882,"type":"KSampler (Efficient)","pos":[35.71175934644555,1604.0260619241747],"size":{"0":330,"1":560},"flags":{},"order":60,"mode":0,"inputs":[{"name":"model","type":"MODEL","link":1965,"label":"模型"},{"name":"positive","type":"CONDITIONING","link":1966,"label":"正面条件"},{"name":"negative","type":"CONDITIONING","link":1967,"label":"负面条件"},{"name":"latent_image","type":"LATENT","link":1968,"label":"Latent"},{"name":"optional_vae","type":"VAE","link":1969,"label":"VAE(可选)"},{"name":"script","type":"SCRIPT","link":null,"slot_index":5,"label":"脚本"}],"outputs":[{"name":"MODEL","type":"MODEL","links":[],"slot_index":0,"shape":3,"label":"模型"},{"name":"CONDITIONING+","type":"CONDITIONING","links":[],"slot_index":1,"shape":3,"label":"正面条件"},{"name":"CONDITIONING-","type":"CONDITIONING","links":[],"slot_index":2,"shape":3,"label":"负面条件"},{"name":"LATENT","type":"LATENT","links":[],"slot_index":3,"shape":3,"label":"Latent"},{"name":"VAE","type":"VAE","links":[],"slot_index":4,"shape":3,"label":"VAE"},{"name":"IMAGE","type":"IMAGE","links":[2217],"slot_index":5,"shape":3,"label":"图像"}],"properties":{"Node name for S&R":"KSampler (Efficient)"},"widgets_values":[683979475968105,null,8,2,"dpmpp_sde","karras",0.8,"none","true"],"color":"#222233","bgcolor":"#333355","shape":1},{"id":883,"type":"INPAINT_VAEEncodeInpaintConditioning","pos":[-344.2882406535544,1784.026061924175],"size":{"0":292.20001220703125,"1":106},"flags":{},"order":59,"mode":0,"inputs":[{"name":"positive","type":"CONDITIONING","link":2175,"label":"正面条件"},{"name":"negative","type":"CONDITIONING","link":2176,"label":"负面条件"},{"name":"vae","type":"VAE","link":1972,"label":"VAE"},{"name":"pixels","type":"IMAGE","link":2215,"label":"图像"},{"name":"mask","type":"MASK","link":2216,"label":"遮罩"}],"outputs":[{"name":"positive","type":"CONDITIONING","links":[1966],"slot_index":0,"shape":3,"label":"正面条件"},{"name":"negative","type":"CONDITIONING","links":[1967],"slot_index":1,"shape":3,"label":"负面条件"},{"name":"latent_inpaint","type":"LATENT","links":[],"slot_index":2,"shape":3,"label":"局部重绘Latent"},{"name":"latent_samples","type":"LATENT","links":[1968],"slot_index":3,"shape":3,"label":"采样Latent"}],"properties":{"Node name for S&R":"INPAINT_VAEEncodeInpaintConditioning"}},{"id":884,"type":"PerturbedAttentionGuidance","pos":[-360,1610],"size":{"0":315,"1":58},"flags":{},"order":32,"mode":0,"inputs":[{"name":"model","type":"MODEL","link":2077,"label":"模型"}],"outputs":[{"name":"MODEL","type":"MODEL","links":[1965],"slot_index":0,"shape":3,"label":"模型"}],"properties":{"Node name for S&R":"PerturbedAttentionGuidance"},"widgets_values":[3]},{"id":917,"type":"Reroute","pos":[-2430,1520],"size":[82,26],"flags":{},"order":51,"mode":0,"inputs":[{"name":"","type":"*","link":2062}],"outputs":[{"name":"IMAGE","type":"IMAGE","links":[2185,2215],"slot_index":0}],"properties":{"showOutputText":true,"horizontal":false}},{"id":932,"type":"CR LoRA Stack","pos":[-1580,1590],"size":{"0":315,"1":342},"flags":{},"order":4,"mode":0,"inputs":[{"name":"lora_stack","type":"LORA_STACK","link":null,"label":"LoRA堆"}],"outputs":[{"name":"LORA_STACK","type":"LORA_STACK","links":[2072],"shape":3},{"name":"show_help","type":"STRING","links":null,"shape":3}],"properties":{"Node name for S&R":"CR LoRA Stack"},"widgets_values":["On","train_lora/prod_lora/20240806/20240806085732_f14b08eccaff43c4be566ce6c62aaeac/spmf_12019_r_2024080608/spmf_12019_r_2024080608.safetensors",0.8,1,"Off","None",1,1,"Off","None",1,1]},{"id":933,"type":"CR LoRA Stack","pos":[-1570,-210],"size":{"0":315,"1":342},"flags":{},"order":5,"mode":0,"inputs":[{"name":"lora_stack","type":"LORA_STACK","link":null,"label":"LoRA堆"}],"outputs":[{"name":"LORA_STACK","type":"LORA_STACK","links":[2073],"slot_index":0,"shape":3},{"name":"show_help","type":"STRING","links":null,"shape":3}],"properties":{"Node name for S&R":"CR LoRA Stack"},"widgets_values":["On","train_lora/prod_lora/20240721/20240721150623_ac8537d21164455b8e5c9932c23c05e8/spmf_4_r_2024072115/spmf_4_r_2024072115.safetensors",0.8,1,"Off","None",1,1,"Off","None",1,1]},{"id":934,"type":"Load Image From Url","pos":[-3230,-450],"size":[400,160],"flags":{},"order":14,"mode":0,"outputs":[{"name":"IMAGE","type":"IMAGE","links":[2112],"slot_index":0,"shape":3,"label":"IMAGE"},{"name":"MASK","type":"MASK","links":null,"shape":3,"label":"MASK"}],"properties":{"Node name for S&R":"Load Image From Url"},"widgets_values":["https://snapme-zh.oss-cn-hangzhou.aliyuncs.com/snapme/group_photo/Newly_Married/pose.png?OSSAccessKeyId=LTAI5tHqDx1z1WWw9mxtrX7s&Expires=1724378220&Signature=7swMazHgvUMCL18wYZnIHMILDfQ%3D",true]},{"id":935,"type":"Load Image From Url","pos":[-3230,-190],"size":[400,140],"flags":{},"order":13,"mode":0,"outputs":[{"name":"IMAGE","type":"IMAGE","links":[2163],"slot_index":0,"shape":3,"label":"IMAGE"},{"name":"MASK","type":"MASK","links":null,"shape":3,"label":"MASK"}],"properties":{"Node name for S&R":"Load Image From Url"},"widgets_values":["https://snapme-zh.oss-cn-hangzhou.aliyuncs.com/snapme/group_photo/Newly_Married/man_mask.png?OSSAccessKeyId=LTAI5tHqDx1z1WWw9mxtrX7s&Expires=1724295434&Signature=gn7N0t85RL2RISbzCqXAn0N6gvk%3D",true]},{"id":937,"type":"Load Image From Url","pos":[-3220,90],"size":[400,150],"flags":{},"order":12,"mode":0,"outputs":[{"name":"IMAGE","type":"IMAGE","links":[2170],"slot_index":0,"shape":3,"label":"IMAGE"},{"name":"MASK","type":"MASK","links":null,"shape":3,"label":"MASK"}],"properties":{"Node name for S&R":"Load Image From Url"},"widgets_values":["https://snapme-zh.oss-cn-hangzhou.aliyuncs.com/snapme/group_photo/Newly_Married/man_canny.png?OSSAccessKeyId=LTAI5tHqDx1z1WWw9mxtrX7s&Expires=1724295443&Signature=FN%2Bdrv8AgFeLqBArkZHhVePhSy4%3D",true]},{"id":939,"type":"Load Image From Url","pos":[-3230,340],"size":[420,160],"flags":{},"order":11,"mode":0,"outputs":[{"name":"IMAGE","type":"IMAGE","links":[2172],"slot_index":0,"shape":3,"label":"IMAGE"},{"name":"MASK","type":"MASK","links":null,"shape":3,"label":"MASK"}],"properties":{"Node name for S&R":"Load Image From Url"},"widgets_values":["https://snapme-zh.oss-cn-hangzhou.aliyuncs.com/snapme/group_photo/Newly_Married/openpose.png?OSSAccessKeyId=LTAI5tHqDx1z1WWw9mxtrX7s&Expires=1724295539&Signature=9O9Ct%2Bz69A8OYjAKBzBFKOCTfxA%3D",true]},{"id":940,"type":"Load Image From Url","pos":[-3380,1600],"size":[430,200],"flags":{},"order":8,"mode":0,"outputs":[{"name":"IMAGE","type":"IMAGE","links":[2191],"slot_index":0,"shape":3,"label":"IMAGE"},{"name":"MASK","type":"MASK","links":null,"shape":3,"label":"MASK"}],"properties":{"Node name for S&R":"Load Image From Url"},"widgets_values":["https://snapme-zh.oss-cn-hangzhou.aliyuncs.com/snapme/group_photo/Newly_Married/women_mask.png?OSSAccessKeyId=LTAI5tHqDx1z1WWw9mxtrX7s&Expires=1724295467&Signature=hw5YDZMdx5Ijthcpb8yJVAdiJ20%3D",true]},{"id":942,"type":"Load Image From Url","pos":[-3350,2130],"size":[410,120],"flags":{},"order":9,"mode":0,"outputs":[{"name":"IMAGE","type":"IMAGE","links":[2178],"slot_index":0,"shape":3,"label":"IMAGE"},{"name":"MASK","type":"MASK","links":null,"shape":3,"label":"MASK"}],"properties":{"Node name for S&R":"Load Image From Url"},"widgets_values":["https://snapme-zh.oss-cn-hangzhou.aliyuncs.com/snapme/group_photo/Newly_Married/women_canny.png?OSSAccessKeyId=LTAI5tHqDx1z1WWw9mxtrX7s&Expires=1724295475&Signature=aCLmsFF49OUn1E0b54X3KTRnepI%3D",true]},{"id":944,"type":"Load Image From Url","pos":[-3350,2390],"size":[400,170],"flags":{},"order":10,"mode":0,"outputs":[{"name":"IMAGE","type":"IMAGE","links":[2179],"slot_index":0,"shape":3,"label":"IMAGE"},{"name":"MASK","type":"MASK","links":null,"shape":3,"label":"MASK"}],"properties":{"Node name for S&R":"Load Image From Url"},"widgets_values":["https://snapme-zh.oss-cn-hangzhou.aliyuncs.com/snapme/group_photo/Newly_Married/openpose.png?OSSAccessKeyId=LTAI5tHqDx1z1WWw9mxtrX7s&Expires=1724295486&Signature=T0Y6XQnNzeyWPr09ZCAONXkUSEc%3D",true]},{"id":945,"type":"Save Image To OSS And Display","pos":[830,1590],"size":{"0":315,"1":82},"flags":{},"order":62,"mode":0,"inputs":[{"name":"images","type":"IMAGE","link":2177,"label":"images"}],"properties":{"Node name for S&R":"Save Image To OSS And Display"},"widgets_values":["comfyui","JPEG"]},{"id":946,"type":"Reroute","pos":[-2400,620],"size":[82,26],"flags":{},"order":21,"mode":0,"inputs":[{"name":"","type":"*","link":2170}],"outputs":[{"name":"IMAGE","type":"IMAGE","links":[2142],"slot_index":0}],"properties":{"showOutputText":true,"horizontal":false}},{"id":948,"type":"Reroute","pos":[-2400,860],"size":[75,26],"flags":{},"order":20,"mode":0,"inputs":[{"name":"","type":"*","link":2172}],"outputs":[{"name":"","type":"IMAGE","links":[2141],"slot_index":0}],"properties":{"showOutputText":false,"horizontal":false}},{"id":949,"type":"ControlNetLoader","pos":[-2210,450],"size":{"0":315,"1":58},"flags":{},"order":6,"mode":0,"outputs":[{"name":"CONTROL_NET","type":"CONTROL_NET","links":[2134,2135,2136],"slot_index":0,"shape":3,"label":"ControlNet"}],"properties":{"Node name for S&R":"ControlNetLoader"},"widgets_values":["controlnet-union-sdxl-promax-1.0.safetensors"]},{"id":952,"type":"Reroute","pos":[-2400,410],"size":[75,26],"flags":{},"order":30,"mode":0,"inputs":[{"name":"","type":"*","link":2165}],"outputs":[{"name":"","type":"CONDITIONING","links":[2143],"slot_index":0}],"properties":{"showOutputText":false,"horizontal":false}},{"id":953,"type":"Reroute","pos":[-2400,450],"size":[75,26],"flags":{},"order":31,"mode":0,"inputs":[{"name":"","type":"*","link":2166}],"outputs":[{"name":"","type":"CONDITIONING","links":[2144],"slot_index":0}],"properties":{"showOutputText":false,"horizontal":false}},{"id":954,"type":"InpaintPreprocessor","pos":[-1790,590],"size":{"0":140,"1":50},"flags":{},"order":39,"mode":0,"inputs":[{"name":"image","type":"IMAGE","link":2186,"label":"图像"},{"name":"mask","type":"MASK","link":2187,"label":"遮罩"}],"outputs":[{"name":"IMAGE","type":"IMAGE","links":[2131,2193],"slot_index":0,"shape":3,"label":"图像"}],"properties":{"Node name for S&R":"InpaintPreprocessor"}},{"id":955,"type":"Images to RGB","pos":[-1540,560],"size":{"0":140,"1":50},"flags":{},"order":42,"mode":0,"inputs":[{"name":"images","type":"IMAGE","link":2131,"label":"图像"}],"outputs":[{"name":"IMAGE","type":"IMAGE","links":[2140],"slot_index":0,"shape":3,"label":"图像"}],"properties":{"Node name for S&R":"Images to RGB"}},{"id":958,"type":"workflow/controlnet","pos":[-2210,570],"size":{"0":315,"1":190},"flags":{},"order":37,"mode":0,"inputs":[{"name":"ControlNet","type":"CONTROL_NET","link":2134,"label":"ControlNet"},{"name":"正面条件","type":"CONDITIONING","link":2143,"label":"正面条件"},{"name":"负面条件","type":"CONDITIONING","link":2144,"label":"负面条件"},{"name":"图像","type":"IMAGE","link":2142,"label":"图像"}],"outputs":[{"name":"正面条件","type":"CONDITIONING","links":[2133],"slot_index":0,"shape":3,"label":"正面条件"},{"name":"负面条件","type":"CONDITIONING","links":[2137],"slot_index":1,"shape":3,"label":"负面条件"}],"properties":{"Node name for S&R":"workflow/controlnet"},"widgets_values":["canny/lineart/anime_lineart/mlsd",0.3,0,1]},{"id":960,"type":"workflow/controlnet","pos":[-2210,810],"size":{"0":315,"1":190},"flags":{},"order":40,"mode":0,"inputs":[{"name":"ControlNet","type":"CONTROL_NET","link":2135,"label":"ControlNet"},{"name":"正面条件","type":"CONDITIONING","link":2133,"label":"正面条件"},{"name":"负面条件","type":"CONDITIONING","link":2137,"label":"负面条件"},{"name":"图像","type":"IMAGE","link":2141,"label":"图像"}],"outputs":[{"name":"正面条件","type":"CONDITIONING","links":[2138],"slot_index":0,"shape":3,"label":"正面条件"},{"name":"负面条件","type":"CONDITIONING","links":[2139],"slot_index":1,"shape":3,"label":"负面条件"}],"properties":{"Node name for S&R":"workflow/controlnet"},"widgets_values":["openpose",0.4,0,1]},{"id":961,"type":"workflow/controlnet","pos":[-1800,700],"size":{"0":315,"1":190},"flags":{},"order":44,"mode":0,"inputs":[{"name":"ControlNet","type":"CONTROL_NET","link":2136,"label":"ControlNet"},{"name":"正面条件","type":"CONDITIONING","link":2138,"label":"正面条件"},{"name":"负面条件","type":"CONDITIONING","link":2139,"label":"负面条件"},{"name":"图像","type":"IMAGE","link":2140,"label":"图像"}],"outputs":[{"name":"正面条件","type":"CONDITIONING","links":[2145],"slot_index":0,"shape":3,"label":"正面条件"},{"name":"负面条件","type":"CONDITIONING","links":[2146],"slot_index":1,"shape":3,"label":"负面条件"}],"properties":{"Node name for S&R":"workflow/controlnet"},"widgets_values":["repaint",0.8,0,1]},{"id":962,"type":"Reroute","pos":[-1250,480],"size":[75,26],"flags":{},"order":45,"mode":0,"inputs":[{"name":"","type":"*","link":2145}],"outputs":[{"name":"","type":"CONDITIONING","links":[2167],"slot_index":0}],"properties":{"showOutputText":false,"horizontal":false}},{"id":963,"type":"Reroute","pos":[-1250,540],"size":[75,26],"flags":{},"order":46,"mode":0,"inputs":[{"name":"","type":"*","link":2146}],"outputs":[{"name":"","type":"CONDITIONING","links":[2168],"slot_index":0}],"properties":{"showOutputText":false,"horizontal":false}},{"id":964,"type":"Reroute","pos":[-2430,2520],"size":[82,26],"flags":{},"order":18,"mode":0,"inputs":[{"name":"","type":"*","link":2178}],"outputs":[{"name":"IMAGE","type":"IMAGE","links":[2152]}],"properties":{"showOutputText":true,"horizontal":false}},{"id":965,"type":"Reroute","pos":[-2430,2760],"size":[75,26],"flags":{},"order":19,"mode":0,"inputs":[{"name":"","type":"*","link":2179}],"outputs":[{"name":"","type":"IMAGE","links":[2156]}],"properties":{"showOutputText":false,"horizontal":false}},{"id":966,"type":"ControlNetLoader","pos":[-2240,2350],"size":{"0":315,"1":58},"flags":{},"order":7,"mode":0,"outputs":[{"name":"CONTROL_NET","type":"CONTROL_NET","links":[2149,2153,2157],"slot_index":0,"shape":3,"label":"ControlNet"}],"properties":{"Node name for S&R":"ControlNetLoader"},"widgets_values":["controlnet-union-sdxl-promax-1.0.safetensors"]},{"id":968,"type":"Reroute","pos":[-2430,2260],"size":[75,26],"flags":{},"order":33,"mode":0,"inputs":[{"name":"","type":"*","link":2173}],"outputs":[{"name":"","type":"CONDITIONING","links":[2150]}],"properties":{"showOutputText":false,"horizontal":false}},{"id":969,"type":"Reroute","pos":[-2430,2310],"size":[75,26],"flags":{},"order":34,"mode":0,"inputs":[{"name":"","type":"*","link":2174}],"outputs":[{"name":"","type":"CONDITIONING","links":[2151]}],"properties":{"showOutputText":false,"horizontal":false}},{"id":970,"type":"InpaintPreprocessor","pos":[-1830,2490],"size":{"0":140,"1":50},"flags":{},"order":53,"mode":0,"inputs":[{"name":"image","type":"IMAGE","link":2181,"label":"图像"},{"name":"mask","type":"MASK","link":2182,"label":"遮罩"}],"outputs":[{"name":"IMAGE","type":"IMAGE","links":[2148,2194],"slot_index":0,"shape":3,"label":"图像"}],"properties":{"Node name for S&R":"InpaintPreprocessor"}},{"id":971,"type":"Images to RGB","pos":[-1660,2490],"size":{"0":140,"1":50},"flags":{},"order":54,"mode":0,"inputs":[{"name":"images","type":"IMAGE","link":2148,"label":"图像"}],"outputs":[{"name":"IMAGE","type":"IMAGE","links":[2160],"slot_index":0,"shape":3,"label":"图像"}],"properties":{"Node name for S&R":"Images to RGB"}},{"id":972,"type":"workflow/controlnet","pos":[-2240,2470],"size":{"0":315,"1":190},"flags":{},"order":38,"mode":0,"inputs":[{"name":"ControlNet","type":"CONTROL_NET","link":2149,"label":"ControlNet"},{"name":"正面条件","type":"CONDITIONING","link":2150,"label":"正面条件"},{"name":"负面条件","type":"CONDITIONING","link":2151,"label":"负面条件"},{"name":"图像","type":"IMAGE","link":2152,"label":"图像"}],"outputs":[{"name":"正面条件","type":"CONDITIONING","links":[2154],"slot_index":0,"shape":3,"label":"正面条件"},{"name":"负面条件","type":"CONDITIONING","links":[2155],"slot_index":1,"shape":3,"label":"负面条件"}],"properties":{"Node name for S&R":"workflow/controlnet"},"widgets_values":["canny/lineart/anime_lineart/mlsd",0.3,0,1]},{"id":973,"type":"workflow/controlnet","pos":[-2240,2710],"size":{"0":315,"1":190},"flags":{},"order":41,"mode":0,"inputs":[{"name":"ControlNet","type":"CONTROL_NET","link":2153,"label":"ControlNet"},{"name":"正面条件","type":"CONDITIONING","link":2154,"label":"正面条件"},{"name":"负面条件","type":"CONDITIONING","link":2155,"label":"负面条件"},{"name":"图像","type":"IMAGE","link":2156,"label":"图像"}],"outputs":[{"name":"正面条件","type":"CONDITIONING","links":[2158],"slot_index":0,"shape":3,"label":"正面条件"},{"name":"负面条件","type":"CONDITIONING","links":[2159],"slot_index":1,"shape":3,"label":"负面条件"}],"properties":{"Node name for S&R":"workflow/controlnet"},"widgets_values":["openpose",0.4,0,1]},{"id":974,"type":"workflow/controlnet","pos":[-1830,2600],"size":{"0":315,"1":190},"flags":{},"order":56,"mode":0,"inputs":[{"name":"ControlNet","type":"CONTROL_NET","link":2157,"label":"ControlNet"},{"name":"正面条件","type":"CONDITIONING","link":2158,"label":"正面条件"},{"name":"负面条件","type":"CONDITIONING","link":2159,"label":"负面条件"},{"name":"图像","type":"IMAGE","link":2160,"label":"图像"}],"outputs":[{"name":"正面条件","type":"CONDITIONING","links":[2161],"slot_index":0,"shape":3,"label":"正面条件"},{"name":"负面条件","type":"CONDITIONING","links":[2162],"slot_index":1,"shape":3,"label":"负面条件"}],"properties":{"Node name for S&R":"workflow/controlnet"},"widgets_values":["repaint",0.8,0,1]},{"id":975,"type":"Reroute","pos":[-1280,2380],"size":[75,26],"flags":{},"order":57,"mode":0,"inputs":[{"name":"","type":"*","link":2161}],"outputs":[{"name":"","type":"CONDITIONING","links":[2175],"slot_index":0}],"properties":{"showOutputText":false,"horizontal":false}},{"id":976,"type":"Reroute","pos":[-1280,2440],"size":[75,26],"flags":{},"order":58,"mode":0,"inputs":[{"name":"","type":"*","link":2162}],"outputs":[{"name":"","type":"CONDITIONING","links":[2176],"slot_index":0}],"properties":{"showOutputText":false,"horizontal":false}},{"id":977,"type":"ColorToMask","pos":[-2740,-210],"size":{"0":315,"1":178},"flags":{},"order":22,"mode":0,"inputs":[{"name":"images","type":"IMAGE","link":2163,"label":"图像"}],"outputs":[{"name":"MASK","type":"MASK","links":[2164],"slot_index":0,"shape":3,"label":"遮罩"}],"properties":{"Node name for S&R":"ColorToMask"},"widgets_values":[true,100,100,100,100,12]},{"id":978,"type":"Reroute","pos":[-2440,2370],"size":[75,26],"flags":{},"order":52,"mode":0,"inputs":[{"name":"","type":"*","link":2185}],"outputs":[{"name":"","type":"IMAGE","links":[2181]}],"properties":{"showOutputText":false,"horizontal":false}},{"id":979,"type":"Reroute","pos":[-2440,2420],"size":[75,26],"flags":{},"order":35,"mode":0,"inputs":[{"name":"","type":"*","link":2184}],"outputs":[{"name":"","type":"MASK","links":[2182]}],"properties":{"showOutputText":false,"horizontal":false}},{"id":980,"type":"Reroute","pos":[-2400,500],"size":[75,26],"flags":{},"order":28,"mode":0,"inputs":[{"name":"","type":"*","link":2190}],"outputs":[{"name":"","type":"IMAGE","links":[2186]}],"properties":{"showOutputText":false,"horizontal":false}},{"id":981,"type":"Reroute","pos":[-2400,550],"size":[75,26],"flags":{},"order":36,"mode":0,"inputs":[{"name":"","type":"*","link":2189}],"outputs":[{"name":"","type":"MASK","links":[2187]}],"properties":{"showOutputText":false,"horizontal":false}},{"id":982,"type":"ColorToMask","pos":[-2890,1590],"size":{"0":315,"1":178},"flags":{},"order":17,"mode":0,"inputs":[{"name":"images","type":"IMAGE","link":2191,"label":"图像"}],"outputs":[{"name":"MASK","type":"MASK","links":[2192],"slot_index":0,"shape":3,"label":"遮罩"}],"properties":{"Node name for S&R":"ColorToMask"},"widgets_values":[true,100,100,100,100,12]},{"id":983,"type":"PreviewImage","pos":[-1170,610],"size":{"0":210,"1":250},"flags":{},"order":43,"mode":0,"inputs":[{"name":"images","type":"IMAGE","link":2193,"label":"图像"}],"properties":{"Node name for S&R":"PreviewImage"}},{"id":984,"type":"PreviewImage","pos":[-657.508803616591,2464.7246376452204],"size":{"0":210,"1":250},"flags":{},"order":55,"mode":0,"inputs":[{"name":"images","type":"IMAGE","link":2194,"label":"图像"}],"properties":{"Node name for S&R":"PreviewImage"}},{"id":987,"type":"PreviewImage","pos":[875.7873648278478,936.6633040570616],"size":[210,250],"flags":{},"order":63,"mode":0,"inputs":[{"name":"images","type":"IMAGE","link":2201,"label":"图像"}],"properties":{"Node name for S&R":"PreviewImage"}},{"id":990,"type":"PreviewImage","pos":[753.5721851913772,-255.40190127155518],"size":[210,250],"flags":{},"order":50,"mode":0,"inputs":[{"name":"images","type":"IMAGE","link":2214,"label":"图像"}],"properties":{"Node name for S&R":"PreviewImage"}}],"links":[[1215,623,0,350,2,"STRING"],[1228,350,4,632,2,"VAE"],[1239,350,4,631,4,"VAE"],[1431,632,0,631,1,"CONDITIONING"],[1432,632,1,631,2,"CONDITIONING"],[1792,625,0,623,1,"STRING"],[1837,632,3,631,3,"LATENT"],[1859,624,0,623,0,"STRING"],[1930,730,0,631,0,"MODEL"],[1958,879,0,874,2,"STRING"],[1963,880,0,879,0,"STRING"],[1964,881,0,879,1,"STRING"],[1965,884,0,882,0,"MODEL"],[1966,883,0,882,1,"CONDITIONING"],[1967,883,1,882,2,"CONDITIONING"],[1968,883,3,882,3,"LATENT"],[1969,874,4,882,4,"VAE"],[1972,874,4,883,2,"VAE"],[2062,619,0,917,0,"*"],[2072,932,0,874,0,"LORA_STACK"],[2073,933,0,350,0,"LORA_STACK"],[2076,350,0,730,0,"MODEL"],[2077,874,0,884,0,"MODEL"],[2112,934,0,603,0,"*"],[2131,954,0,955,0,"IMAGE"],[2133,958,0,960,1,"CONDITIONING"],[2134,949,0,958,0,"CONTROL_NET"],[2135,949,0,960,0,"CONTROL_NET"],[2136,949,0,961,0,"CONTROL_NET"],[2137,958,1,960,2,"CONDITIONING"],[2138,960,0,961,1,"CONDITIONING"],[2139,960,1,961,2,"CONDITIONING"],[2140,955,0,961,3,"IMAGE"],[2141,948,0,960,3,"IMAGE"],[2142,946,0,958,3,"IMAGE"],[2143,952,0,958,1,"CONDITIONING"],[2144,953,0,958,2,"CONDITIONING"],[2145,961,0,962,0,"*"],[2146,961,1,963,0,"*"],[2148,970,0,971,0,"IMAGE"],[2149,966,0,972,0,"CONTROL_NET"],[2150,968,0,972,1,"CONDITIONING"],[2151,969,0,972,2,"CONDITIONING"],[2152,964,0,972,3,"IMAGE"],[2153,966,0,973,0,"CONTROL_NET"],[2154,972,0,973,1,"CONDITIONING"],[2155,972,1,973,2,"CONDITIONING"],[2156,965,0,973,3,"IMAGE"],[2157,966,0,974,0,"CONTROL_NET"],[2158,973,0,974,1,"CONDITIONING"],[2159,973,1,974,2,"CONDITIONING"],[2160,971,0,974,3,"IMAGE"],[2161,974,0,975,0,"*"],[2162,974,1,976,0,"*"],[2163,935,0,977,0,"IMAGE"],[2164,977,0,611,0,"*"],[2165,350,1,952,0,"*"],[2166,350,2,953,0,"*"],[2167,962,0,632,0,"CONDITIONING"],[2168,963,0,632,1,"CONDITIONING"],[2170,937,0,946,0,"*"],[2172,939,0,948,0,"*"],[2173,874,1,968,0,"*"],[2174,874,2,969,0,"*"],[2175,975,0,883,0,"CONDITIONING"],[2176,976,0,883,1,"CONDITIONING"],[2177,878,0,945,0,"IMAGE"],[2178,942,0,964,0,"*"],[2179,944,0,965,0,"*"],[2181,978,0,970,0,"IMAGE"],[2182,979,0,970,1,"MASK"],[2184,876,0,979,0,"*"],[2185,917,0,978,0,"*"],[2186,980,0,954,0,"IMAGE"],[2187,981,0,954,1,"MASK"],[2189,611,0,981,0,"*"],[2190,603,0,980,0,"*"],[2191,940,0,982,0,"IMAGE"],[2192,982,0,876,0,"*"],[2193,954,0,983,0,"IMAGE"],[2194,970,0,984,0,"IMAGE"],[2201,878,0,987,0,"IMAGE"],[2211,603,0,632,3,"IMAGE"],[2212,611,0,632,4,"MASK"],[2213,631,5,619,0,"*"],[2214,631,5,990,0,"IMAGE"],[2215,917,0,883,3,"IMAGE"],[2216,876,0,883,4,"MASK"],[2217,882,5,878,0,"*"]],"groups":[{"title":"step1-inpaint","bounding":[-1010,-310,1489,745],"color":"#3f789e","font_size":24,"locked":false},{"title":"输入条件","bounding":[-2350,-310,1130,550],"color":"#3f789e","font_size":24,"locked":false},{"title":"face2-输入条件","bounding":[-2400,1460,1180,560],"color":"#3f789e","font_size":24,"locked":false},{"title":"face2-sample","bounding":[-958,1450,1467,738],"color":"#3f789e","font_size":24,"locked":false},{"title":"controlnet","bounding":[-2370,360,1150,700],"color":"#3f789e","font_size":24,"locked":false},{"title":"controlnet_2","bounding":[-2400,2200,1160,760],"color":"#3f789e","font_size":24,"locked":false}],"config":{},"extra":{"ds":{"scale":0.3719008264462944,"offset":[2482.975759103151,-594.2953299059412]},"groupNodes":{"controlnet":{"nodes":[{"type":"SetUnionControlNetType","pos":[2680,790],"size":{"0":315,"1":58},"flags":{},"order":23,"mode":0,"inputs":[{"name":"control_net","type":"CONTROL_NET","link":null,"label":"ControlNet"}],"outputs":[{"name":"CONTROL_NET","type":"CONTROL_NET","links":[],"shape":3,"label":"ControlNet","slot_index":0}],"properties":{"Node name for S&R":"SetUnionControlNetType"},"widgets_values":["canny/lineart/anime_lineart/mlsd"],"index":0},{"type":"ControlNetApplyAdvanced","pos":[2670,580],"size":{"0":315,"1":166},"flags":{},"order":36,"mode":0,"inputs":[{"name":"positive","type":"CONDITIONING","link":null,"label":"正面条件"},{"name":"negative","type":"CONDITIONING","link":null,"label":"负面条件"},{"name":"control_net","type":"CONTROL_NET","link":null,"label":"ControlNet"},{"name":"image","type":"IMAGE","link":null,"label":"图像"}],"outputs":[{"name":"positive","type":"CONDITIONING","links":[],"shape":3,"label":"正面条件","slot_index":0},{"name":"negative","type":"CONDITIONING","links":[],"shape":3,"label":"负面条件"}],"properties":{"Node name for S&R":"ControlNetApplyAdvanced"},"widgets_values":[0.3,0,1],"index":1}],"links":[[0,0,1,2,956,"CONTROL_NET"]],"external":[]},"inpaint_pre":{"nodes":[{"type":"InpaintPreprocessor","pos":[3100,440],"size":{"0":210,"1":46},"flags":{},"order":23,"mode":0,"inputs":[{"name":"image","type":"IMAGE","link":null,"label":"图像"},{"name":"mask","type":"MASK","link":null,"label":"遮罩"}],"outputs":[{"name":"IMAGE","type":"IMAGE","links":[],"slot_index":0,"shape":3,"label":"图像"}],"properties":{"Node name for S&R":"InpaintPreprocessor"},"index":0},{"type":"Images to RGB","pos":[3110,530],"size":{"0":210,"1":26},"flags":{},"order":35,"mode":0,"inputs":[{"name":"images","type":"IMAGE","link":null,"label":"图像"}],"outputs":[{"name":"IMAGE","type":"IMAGE","links":[],"slot_index":0,"shape":3,"label":"图像"}],"properties":{"Node name for S&R":"Images to RGB"},"index":1}],"links":[[null,0,1,0,950,"*"]],"external":[[1,0,"IMAGE"]]}},"workspace_info":{"id":"-Tfh4gZwxejshc8kxWLlh","saveLock":false,"cloudID":null,"coverMediaPath":null}},"version":0.4}