{"last_node_id":938,"last_link_id":2097,"nodes":[{"id":350,"type":"Efficient Loader","pos":[-890,-210],"size":{"0":370,"1":470},"flags":{},"order":92,"mode":0,"inputs":[{"name":"lora_stack","type":"LORA_STACK","link":2073,"slot_index":0,"label":"LoRA堆"},{"name":"cnet_stack","type":"CONTROL_NET_STACK","link":636,"slot_index":1,"label":"ControlNet堆"},{"name":"positive","type":"STRING","link":1215,"widget":{"name":"positive"},"label":"正面条件"}],"outputs":[{"name":"MODEL","type":"MODEL","links":[2076],"slot_index":0,"shape":3,"label":"模型"},{"name":"CONDITIONING+","type":"CONDITIONING","links":[2074],"slot_index":1,"shape":3,"label":"正面条件"},{"name":"CONDITIONING-","type":"CONDITIONING","links":[2075],"slot_index":2,"shape":3,"label":"负面条件"},{"name":"LATENT","type":"LATENT","links":[],"slot_index":3,"shape":3,"label":"Latent"},{"name":"VAE","type":"VAE","links":[1228,1239],"slot_index":4,"shape":3,"label":"VAE"},{"name":"CLIP","type":"CLIP","links":[],"slot_index":5,"shape":3,"label":"CLIP"},{"name":"DEPENDENCIES","type":"DEPENDENCIES","links":[],"slot_index":6,"shape":3,"label":"依赖"}],"properties":{"Node name for S&R":"Efficient Loader"},"widgets_values":["sdxl/dreamshaperXL_v21TurboDPMSDE.safetensors","Baked VAE",-2,"None",1.3,1,"a female,vividly,skin_texture,Vivid,light and shadow of details, beautiful face,headshot,,best quality,highres,bright,Ultra clear details","embedding:negativeXL_D.safetensors, NSFW, worst quality, normal quality, low quality, low res, blurry, text, watermark, logo, banner, extra digits, cropped, jpeg artifacts, signature, username, error, sketch, duplicate, ugly, monochrome, horror, geometry, mutation, disgusting ","mean","comfy",512,512,1,true,true],"color":"#332233","bgcolor":"#553355","shape":1},{"id":446,"type":"CR Multi-ControlNet Stack","pos":[-2141.5704317988057,-142.97625827502588],"size":{"0":418.1999816894531,"1":454},"flags":{},"order":90,"mode":0,"inputs":[{"name":"image_1","type":"IMAGE","link":1752,"label":"图像1"},{"name":"image_2","type":"IMAGE","link":1753,"label":"图像2"},{"name":"image_3","type":"IMAGE","link":1882,"label":"图像3"},{"name":"controlnet_stack","type":"CONTROL_NET_STACK","link":null,"slot_index":3,"label":"ControlNet堆"}],"outputs":[{"name":"CONTROLNET_STACK","type":"CONTROL_NET_STACK","links":[636],"slot_index":0,"shape":3,"label":"ControlNet堆"},{"name":"show_help","type":"STRING","links":null,"slot_index":1,"shape":3}],"properties":{"Node name for S&R":"CR Multi-ControlNet Stack"},"widgets_values":["On","controlnet-union-sdxl-1.0.safetensors",0.3,0,1,"On","controlnet-union-sdxl-1.0.safetensors",0.3,0,1,"On","controlnet-union-sdxl-1.0.safetensors",0.4,0,1]},{"id":480,"type":"Image Comparer (rgthree)","pos":{"0":30,"1":-1602.553955078125,"2":0,"3":0,"4":0,"5":0,"6":0,"7":0,"8":0,"9":0},"size":{"0":670,"1":840},"flags":{},"order":109,"mode":0,"inputs":[{"name":"image_a","type":"IMAGE","link":2063,"label":"图像_A","dir":3},{"name":"image_b","type":"IMAGE","link":2083,"label":"图像_B","dir":3}],"outputs":[],"properties":{"comparer_mode":"Slide"},"widgets_values":[[{"url":"/view?filename=rgthree.compare._temp_zezgg_00003_.png&type=temp&subfolder=&rand=0.5807633190160584","name":"A","selected":true},{"url":"/view?filename=rgthree.compare._temp_zezgg_00004_.png&type=temp&subfolder=&rand=0.3392783197985709","name":"B","selected":true}]]},{"id":603,"type":"Reroute","pos":[-2390,-260],"size":[82,26],"flags":{},"order":22,"mode":0,"inputs":[{"name":"","type":"*","link":1737}],"outputs":[{"name":"IMAGE","type":"IMAGE","links":[1747,2066,2083,2084],"slot_index":0}],"properties":{"showOutputText":true,"horizontal":false}},{"id":611,"type":"Reroute","pos":[-2388.6117173348275,-207.65934746773496],"size":[75,26],"flags":{},"order":71,"mode":0,"inputs":[{"name":"","type":"*","link":1731,"slot_index":0}],"outputs":[{"name":"MASK","type":"MASK","links":[2085],"slot_index":0}],"properties":{"showOutputText":true,"horizontal":false}},{"id":619,"type":"Reroute","pos":[420,-250],"size":[75,26],"flags":{},"order":99,"mode":0,"inputs":[{"name":"","type":"*","link":2090}],"outputs":[{"name":"","type":"IMAGE","links":[2062,2080,2081],"slot_index":0}],"properties":{"showOutputText":false,"horizontal":false}},{"id":623,"type":"List of strings [Crystools]","pos":[-1591.5704317988054,297.0237417249741],"size":{"0":320,"1":270},"flags":{},"order":11,"mode":0,"inputs":[{"name":"string_1","type":"STRING","link":1859,"slot_index":0,"widget":{"name":"string_1"},"label":"字符串_1"},{"name":"string_2","type":"STRING","link":1792,"widget":{"name":"string_2"},"label":"字符串_2"},{"name":"string_3","type":"STRING","link":null,"widget":{"name":"string_3"},"label":"字符串_3"}],"outputs":[{"name":"concatenated","type":"STRING","links":[1215],"slot_index":0,"shape":3,"label":"字符串合并"},{"name":"list_string","type":"ListString","links":null,"shape":6,"label":"字符串列表"}],"properties":{"Node name for S&R":"List of strings [Crystools]"},"widgets_values":["","","","","","","","",","]},{"id":624,"type":"Primitive string multiline [Crystools]","pos":[-2122.336629405195,369.6936958447567],"size":{"0":380,"1":130},"flags":{},"order":0,"mode":0,"outputs":[{"name":"string","type":"STRING","links":[1859],"slot_index":0,"shape":3,"label":"字符串"}],"properties":{"Node name for S&R":"Primitive string multiline [Crystools]"},"widgets_values":["spmf_4_r_20240721115,looking_at_viewer",true]},{"id":625,"type":"Primitive string multiline [Crystools]","pos":[-2132.336629405195,569.6936958447565],"size":{"0":390,"1":140},"flags":{},"order":1,"mode":0,"outputs":[{"name":"string","type":"STRING","links":[1792],"slot_index":0,"shape":3,"label":"字符串"}],"properties":{"Node name for S&R":"Primitive string multiline [Crystools]"},"widgets_values":["Bare skin,detailed skin texture,ultra-realistic skin details,best quality,masterpiece,photorealistic,realisticSSS",true]},{"id":631,"type":"KSampler (Efficient)","pos":[-10,-220],"size":{"0":330,"1":560},"flags":{},"order":97,"mode":0,"inputs":[{"name":"model","type":"MODEL","link":1930,"label":"模型"},{"name":"positive","type":"CONDITIONING","link":1431,"label":"正面条件"},{"name":"negative","type":"CONDITIONING","link":1432,"label":"负面条件"},{"name":"latent_image","type":"LATENT","link":1837,"label":"Latent"},{"name":"optional_vae","type":"VAE","link":1239,"label":"VAE(可选)"},{"name":"script","type":"SCRIPT","link":null,"slot_index":5,"label":"脚本"}],"outputs":[{"name":"MODEL","type":"MODEL","links":[],"slot_index":0,"shape":3,"label":"模型"},{"name":"CONDITIONING+","type":"CONDITIONING","links":[],"slot_index":1,"shape":3,"label":"正面条件"},{"name":"CONDITIONING-","type":"CONDITIONING","links":[],"slot_index":2,"shape":3,"label":"负面条件"},{"name":"LATENT","type":"LATENT","links":[],"slot_index":3,"shape":3,"label":"Latent"},{"name":"VAE","type":"VAE","links":[],"slot_index":4,"shape":3,"label":"VAE"},{"name":"IMAGE","type":"IMAGE","links":[2089],"slot_index":5,"shape":3,"label":"图像"}],"properties":{"Node name for S&R":"KSampler (Efficient)"},"widgets_values":[-1,null,10,2,"dpmpp_sde","karras",0.8,"auto","true"],"color":"#222233","bgcolor":"#333355","shape":1},{"id":632,"type":"INPAINT_VAEEncodeInpaintConditioning","pos":[-390,-40],"size":{"0":292.20001220703125,"1":106},"flags":{},"order":95,"mode":0,"inputs":[{"name":"positive","type":"CONDITIONING","link":2074,"label":"正面条件"},{"name":"negative","type":"CONDITIONING","link":2075,"label":"负面条件"},{"name":"vae","type":"VAE","link":1228,"label":"VAE"},{"name":"pixels","type":"IMAGE","link":2086,"label":"图像"},{"name":"mask","type":"MASK","link":2087,"label":"遮罩"}],"outputs":[{"name":"positive","type":"CONDITIONING","links":[1431],"slot_index":0,"shape":3,"label":"正面条件"},{"name":"negative","type":"CONDITIONING","links":[1432],"slot_index":1,"shape":3,"label":"负面条件"},{"name":"latent_inpaint","type":"LATENT","links":[],"slot_index":2,"shape":3,"label":"局部重绘Latent"},{"name":"latent_samples","type":"LATENT","links":[1837],"slot_index":3,"shape":3,"label":"采样Latent"}],"properties":{"Node name for S&R":"INPAINT_VAEEncodeInpaintConditioning"}},{"id":667,"type":"Get resolution [Crystools]","pos":[-1866.0355172818815,-948.4483787553277],"size":{"0":210,"1":100},"flags":{},"order":31,"mode":0,"inputs":[{"name":"image","type":"IMAGE","link":1747,"label":"图像"}],"outputs":[{"name":"width","type":"INT","links":null,"shape":3,"label":"宽度"},{"name":"height","type":"INT","links":null,"shape":3,"label":"高度"}],"properties":{"Node name for S&R":"Get resolution [Crystools]"}},{"id":730,"type":"PerturbedAttentionGuidance","pos":[-390,-170],"size":{"0":315,"1":58},"flags":{},"order":94,"mode":0,"inputs":[{"name":"model","type":"MODEL","link":2076,"label":"模型"}],"outputs":[{"name":"MODEL","type":"MODEL","links":[1930],"slot_index":0,"shape":3,"label":"模型"}],"properties":{"Node name for S&R":"PerturbedAttentionGuidance"},"widgets_values":[3]},{"id":754,"type":"MaskToImage","pos":[-3280,-230],"size":{"0":140,"1":26},"flags":{},"order":72,"mode":0,"inputs":[{"name":"mask","type":"MASK","link":1755,"label":"遮罩"}],"outputs":[{"name":"IMAGE","type":"IMAGE","links":[1696],"slot_index":0,"shape":3,"label":"图像"}],"properties":{"Node name for S&R":"MaskToImage"}},{"id":755,"type":"GetImageSize+","pos":[-5970,-320],"size":{"0":140,"1":66},"flags":{},"order":24,"mode":0,"inputs":[{"name":"image","type":"IMAGE","link":1938,"label":"图像"}],"outputs":[{"name":"width","type":"INT","links":[1691,1720,1742,1867,1868,1951],"slot_index":0,"shape":3,"label":"宽度"},{"name":"height","type":"INT","links":[1692,1721,1743],"slot_index":1,"shape":3,"label":"高度"},{"name":"count","type":"INT","links":null,"shape":3}],"properties":{"Node name for S&R":"GetImageSize+"}},{"id":756,"type":"Reroute","pos":[-3370,-110],"size":[75,26],"flags":{},"order":65,"mode":0,"inputs":[{"name":"","type":"*","link":1803}],"outputs":[{"name":"MASK","type":"MASK","links":[1731,1755],"slot_index":0}],"properties":{"showOutputText":true,"horizontal":false}},{"id":757,"type":"ImageToMask","pos":[-4880,-190],"size":{"0":315,"1":58},"flags":{},"order":30,"mode":0,"inputs":[{"name":"image","type":"IMAGE","link":2018,"label":"图像"}],"outputs":[{"name":"MASK","type":"MASK","links":[1708],"slot_index":0,"shape":3,"label":"遮罩"}],"properties":{"Node name for S&R":"ImageToMask"},"widgets_values":["red"]},{"id":758,"type":"ImageCompositedMaskedWeight","pos":[-4104.309729498347,647.6919536759191],"size":{"0":315,"1":78},"flags":{},"order":60,"mode":0,"inputs":[{"name":"source","type":"IMAGE","link":1954,"label":"source"},{"name":"mask","type":"IMAGE","link":1688,"label":"mask"}],"outputs":[{"name":"IMAGE","type":"IMAGE","links":[1712],"slot_index":0,"shape":3,"label":"IMAGE"}],"properties":{"Node name for S&R":"ImageCompositedMaskedWeight"},"widgets_values":[1]},{"id":759,"type":"PreviewImage","pos":[-4570,-1540],"size":{"0":397.9082946777344,"1":481.5565185546875},"flags":{},"order":81,"mode":0,"inputs":[{"name":"images","type":"IMAGE","link":1689,"label":"图像"}],"properties":{"Node name for S&R":"PreviewImage"}},{"id":760,"type":"ImageResize+","pos":[-5546.851060675967,520.8642746081548],"size":{"0":315,"1":218},"flags":{"collapsed":true},"order":38,"mode":0,"inputs":[{"name":"image","type":"IMAGE","link":1690,"label":"图像"},{"name":"width","type":"INT","link":1691,"widget":{"name":"width"},"label":"宽度"},{"name":"height","type":"INT","link":1692,"widget":{"name":"height"},"label":"高度"}],"outputs":[{"name":"IMAGE","type":"IMAGE","links":[1948],"slot_index":0,"shape":3,"label":"图像"},{"name":"width","type":"INT","links":null,"shape":3,"label":"宽度"},{"name":"height","type":"INT","links":null,"shape":3,"label":"高度"}],"properties":{"Node name for S&R":"ImageResize+"},"widgets_values":[768,1024,"nearest",true,"always",0]},{"id":761,"type":"Reroute","pos":[-5394.24373001071,-433.6749409759892],"size":[82,26],"flags":{},"order":14,"mode":0,"inputs":[{"name":"","type":"*","link":1741}],"outputs":[{"name":"IMAGE","type":"IMAGE","links":[1697,1938],"slot_index":0}],"properties":{"showOutputText":true,"horizontal":false}},{"id":762,"type":"Reroute","pos":[-5650,-120],"size":[75,26],"flags":{},"order":41,"mode":0,"inputs":[{"name":"","type":"*","link":1996}],"outputs":[{"name":"MASK","type":"MASK","links":[2009],"slot_index":0}],"properties":{"showOutputText":true,"horizontal":false}},{"id":763,"type":"LoadImage","pos":[-4060,-770],"size":{"0":320,"1":310},"flags":{},"order":2,"mode":0,"outputs":[{"name":"IMAGE","type":"IMAGE","links":[1875],"slot_index":0,"shape":3,"label":"图像"},{"name":"MASK","type":"MASK","links":[],"slot_index":1,"shape":3,"label":"遮罩"}],"properties":{"Node name for S&R":"LoadImage"},"widgets_values":["mask2.png","image"]},{"id":764,"type":"Reroute","pos":[-3880,-430],"size":[82,26],"flags":{},"order":12,"mode":0,"inputs":[{"name":"","type":"*","link":1875}],"outputs":[{"name":"IMAGE","type":"IMAGE","links":[1699,1870,2017],"slot_index":0}],"properties":{"showOutputText":true,"horizontal":false}},{"id":765,"type":"PreviewImage","pos":[-5130,-1540],"size":{"0":447.667236328125,"1":470.1690673828125},"flags":{},"order":80,"mode":0,"inputs":[{"name":"images","type":"IMAGE","link":1696,"label":"图像"}],"properties":{"Node name for S&R":"PreviewImage"}},{"id":766,"type":"Reroute","pos":[-6043.582709553031,327.4426654921363],"size":[82,26],"flags":{},"order":23,"mode":0,"inputs":[{"name":"","type":"*","link":1697}],"outputs":[{"name":"IMAGE","type":"IMAGE","links":[1700,1728,1950],"slot_index":0}],"properties":{"showOutputText":true,"horizontal":false}},{"id":767,"type":"ImageBlend","pos":[-4100,440],"size":{"0":315,"1":102},"flags":{},"order":54,"mode":0,"inputs":[{"name":"image1","type":"IMAGE","link":2041,"label":"图像1"},{"name":"image2","type":"IMAGE","link":1699,"label":"图像2"}],"outputs":[{"name":"IMAGE","type":"IMAGE","links":[1688,1718],"slot_index":0,"shape":3,"label":"图像"}],"properties":{"Node name for S&R":"ImageBlend"},"widgets_values":[1,"difference"]},{"id":768,"type":"AIO_Preprocessor","pos":[-5996.851060675967,680.8642746081547],"size":{"0":320,"1":80},"flags":{},"order":33,"mode":0,"inputs":[{"name":"image","type":"IMAGE","link":1700,"label":"图像"},{"name":"resolution","type":"INT","link":1868,"widget":{"name":"resolution"},"label":"分辨率"}],"outputs":[{"name":"IMAGE","type":"IMAGE","links":[1719],"slot_index":0,"shape":3,"label":"图像"}],"properties":{"Node name for S&R":"AIO_Preprocessor"},"widgets_values":["DepthAnythingV2Preprocessor",768]},{"id":769,"type":"PreviewImage","pos":[-4070,-1570],"size":{"0":444.0813293457031,"1":486.7157287597656},"flags":{},"order":83,"mode":0,"inputs":[{"name":"images","type":"IMAGE","link":1701,"label":"图像"}],"properties":{"Node name for S&R":"PreviewImage"}},{"id":771,"type":"SolidMask","pos":[-6020,-120],"size":{"0":315,"1":106},"flags":{},"order":35,"mode":0,"inputs":[{"name":"width","type":"INT","link":1742,"widget":{"name":"width"},"label":"宽度"},{"name":"height","type":"INT","link":1743,"widget":{"name":"height"},"label":"高度"}],"outputs":[{"name":"MASK","type":"MASK","links":[1996],"slot_index":0,"shape":3,"label":"遮罩"}],"properties":{"Node name for S&R":"SolidMask"},"widgets_values":[1,512,512]},{"id":774,"type":"GrowMaskWithBlur","pos":[-4490,-190],"size":{"0":315,"1":246},"flags":{},"order":37,"mode":0,"inputs":[{"name":"mask","type":"MASK","link":1708,"label":"遮罩"}],"outputs":[{"name":"mask","type":"MASK","links":[1863],"slot_index":0,"shape":3,"label":"遮罩"},{"name":"mask_inverted","type":"MASK","links":[],"slot_index":1,"shape":3,"label":"反转遮罩"}],"properties":{"Node name for S&R":"GrowMaskWithBlur"},"widgets_values":[0,0,true,false,0,0.5,0.5,false]},{"id":775,"type":"Reroute","pos":[-3314.3097294983463,867.6919536759192],"size":[75,26],"flags":{},"order":74,"mode":0,"inputs":[{"name":"","type":"*","link":1709}],"outputs":[{"name":"","type":"IMAGE","links":[1701,1751],"slot_index":0}],"properties":{"showOutputText":false,"horizontal":false}},{"id":776,"type":"Reroute","pos":[-3304.3097294983463,647.6919536759191],"size":[75,26],"flags":{},"order":73,"mode":0,"inputs":[{"name":"","type":"*","link":1710}],"outputs":[{"name":"","type":"IMAGE","links":[1689,1750],"slot_index":0}],"properties":{"showOutputText":false,"horizontal":false}},{"id":778,"type":"ImageCompositedMaskedWeight","pos":[-3690,640],"size":{"0":315,"1":78},"flags":{},"order":66,"mode":0,"inputs":[{"name":"source","type":"IMAGE","link":1712,"label":"source"},{"name":"mask","type":"IMAGE","link":1713,"label":"mask"}],"outputs":[{"name":"IMAGE","type":"IMAGE","links":[1710],"slot_index":0,"shape":3,"label":"IMAGE"}],"properties":{"Node name for S&R":"ImageCompositedMaskedWeight"},"widgets_values":[0]},{"id":779,"type":"ImageBlend","pos":[-3720,440],"size":{"0":375.8050537109375,"1":102},"flags":{},"order":55,"mode":0,"inputs":[{"name":"image1","type":"IMAGE","link":2042,"slot_index":0,"label":"图像1"},{"name":"image2","type":"IMAGE","link":2060,"label":"图像2"}],"outputs":[{"name":"IMAGE","type":"IMAGE","links":[1713,1723],"slot_index":0,"shape":3,"label":"图像"}],"properties":{"Node name for S&R":"ImageBlend"},"widgets_values":[1,"difference"]},{"id":781,"type":"ImageCompositedMaskedWeight","pos":[-4114.309729498347,837.6919536759192],"size":{"0":315,"1":78},"flags":{},"order":61,"mode":0,"inputs":[{"name":"source","type":"IMAGE","link":1955,"label":"source"},{"name":"mask","type":"IMAGE","link":1718,"slot_index":1,"label":"mask"}],"outputs":[{"name":"IMAGE","type":"IMAGE","links":[1722],"slot_index":0,"shape":3,"label":"IMAGE"}],"properties":{"Node name for S&R":"ImageCompositedMaskedWeight"},"widgets_values":[1]},{"id":782,"type":"ImageResize+","pos":[-5556.851060675967,720.8642746081549],"size":{"0":315,"1":218},"flags":{"collapsed":true},"order":39,"mode":0,"inputs":[{"name":"image","type":"IMAGE","link":1719,"label":"图像"},{"name":"width","type":"INT","link":1720,"widget":{"name":"width"},"label":"宽度"},{"name":"height","type":"INT","link":1721,"widget":{"name":"height"},"label":"高度"}],"outputs":[{"name":"IMAGE","type":"IMAGE","links":[1949],"slot_index":0,"shape":3,"label":"图像"},{"name":"width","type":"INT","links":null,"shape":3,"label":"宽度"},{"name":"height","type":"INT","links":null,"shape":3,"label":"高度"}],"properties":{"Node name for S&R":"ImageResize+"},"widgets_values":[768,1024,"nearest",true,"always",0]},{"id":783,"type":"LoadImage","pos":[-3560,-770],"size":{"0":320,"1":310},"flags":{},"order":3,"mode":0,"outputs":[{"name":"IMAGE","type":"IMAGE","links":[1724,1727,1740,1741,2068,2070],"slot_index":0,"shape":3,"label":"图像"},{"name":"MASK","type":"MASK","links":[],"slot_index":1,"shape":3,"label":"遮罩"}],"properties":{"Node name for S&R":"LoadImage"},"widgets_values":["合影.png","image"]},{"id":784,"type":"ImageCompositedMaskedWeight","pos":[-3694.3097294983463,867.6919536759192],"size":{"0":315,"1":78},"flags":{},"order":67,"mode":0,"inputs":[{"name":"source","type":"IMAGE","link":1722,"label":"source"},{"name":"mask","type":"IMAGE","link":1723,"slot_index":1,"label":"mask"}],"outputs":[{"name":"IMAGE","type":"IMAGE","links":[1709],"slot_index":0,"shape":3,"label":"IMAGE"}],"properties":{"Node name for S&R":"ImageCompositedMaskedWeight"},"widgets_values":[0]},{"id":785,"type":"ImageBlend","pos":[-3110,-960],"size":{"0":315,"1":102},"flags":{},"order":20,"mode":0,"inputs":[{"name":"image1","type":"IMAGE","link":1724,"label":"图像1"},{"name":"image2","type":"IMAGE","link":1870,"label":"图像2"}],"outputs":[{"name":"IMAGE","type":"IMAGE","links":[1726],"slot_index":0,"shape":3,"label":"图像"}],"properties":{"Node name for S&R":"ImageBlend"},"widgets_values":[1,"difference"]},{"id":786,"type":"Image Comparer (rgthree)","pos":{"0":-3490,"1":-1550,"2":0,"3":0,"4":0,"5":0,"6":0,"7":0,"8":0,"9":0},"size":{"0":440,"1":480},"flags":{},"order":29,"mode":0,"inputs":[{"name":"image_a","type":"IMAGE","link":1726,"label":"图像_A","dir":3},{"name":"image_b","type":"IMAGE","link":1727,"label":"图像_B","dir":3}],"outputs":[],"properties":{"comparer_mode":"Slide"},"widgets_values":[[{"url":"/view?filename=rgthree.compare._temp_mkpok_00001_.png&type=temp&subfolder=&rand=0.9749692198461379","name":"A","selected":true},{"url":"/view?filename=rgthree.compare._temp_mkpok_00002_.png&type=temp&subfolder=&rand=0.9057656382124641","name":"B","selected":true}]]},{"id":787,"type":"AIO_Preprocessor","pos":[-5986.851060675967,490.86427460815474],"size":{"0":320,"1":80},"flags":{"collapsed":false},"order":32,"mode":0,"inputs":[{"name":"image","type":"IMAGE","link":1728,"label":"图像"},{"name":"resolution","type":"INT","link":1867,"widget":{"name":"resolution"},"label":"分辨率"}],"outputs":[{"name":"IMAGE","type":"IMAGE","links":[1690],"slot_index":0,"shape":3,"label":"图像"}],"properties":{"Node name for S&R":"AIO_Preprocessor"},"widgets_values":["AnyLineArtPreprocessor_aux",768]},{"id":789,"type":"Reroute","pos":[-3080,-820],"size":[75,26],"flags":{},"order":13,"mode":0,"inputs":[{"name":"","type":"*","link":1740}],"outputs":[{"name":"","type":"IMAGE","links":[1737],"slot_index":0}],"properties":{"showOutputText":false,"horizontal":false}},{"id":790,"type":"Reroute","pos":[-2388.6117173348275,-37.65934746773519],"size":[82,26],"flags":{},"order":82,"mode":0,"inputs":[{"name":"","type":"*","link":1750}],"outputs":[{"name":"IMAGE","type":"IMAGE","links":[1752],"slot_index":0}],"properties":{"showOutputText":true,"horizontal":false}},{"id":791,"type":"Reroute","pos":[-2388.6117173348275,12.34065253226472],"size":[82,26],"flags":{},"order":84,"mode":0,"inputs":[{"name":"","type":"*","link":1751}],"outputs":[{"name":"IMAGE","type":"IMAGE","links":[1753],"slot_index":0}],"properties":{"showOutputText":true,"horizontal":false}},{"id":803,"type":"ImageCompositedMaskedWeight","pos":[-3880,-170],"size":{"0":315,"1":78},"flags":{},"order":53,"mode":0,"inputs":[{"name":"source","type":"IMAGE","link":2040,"label":"source"},{"name":"mask","type":"IMAGE","link":1864,"label":"mask"}],"outputs":[{"name":"IMAGE","type":"IMAGE","links":[1840],"slot_index":0,"shape":3,"label":"IMAGE"}],"properties":{"Node name for S&R":"ImageCompositedMaskedWeight"},"widgets_values":[0.6000000000000001]},{"id":807,"type":"ImageToMask","pos":[-3880,-40],"size":{"0":315,"1":58},"flags":{},"order":59,"mode":0,"inputs":[{"name":"image","type":"IMAGE","link":1840,"label":"图像"}],"outputs":[{"name":"MASK","type":"MASK","links":[1803],"slot_index":0,"shape":3,"label":"遮罩"}],"properties":{"Node name for S&R":"ImageToMask"},"widgets_values":["red"]},{"id":827,"type":"MaskToImage","pos":[-4100,-170],"size":{"0":140,"1":26},"flags":{},"order":43,"mode":0,"inputs":[{"name":"mask","type":"MASK","link":1863,"label":"遮罩"}],"outputs":[{"name":"IMAGE","type":"IMAGE","links":[1864],"slot_index":0,"shape":3,"label":"图像"}],"properties":{"Node name for S&R":"MaskToImage"}},{"id":833,"type":"PreviewImage","pos":[-5540,-1540],"size":{"0":370,"1":460},"flags":{},"order":46,"mode":0,"inputs":[{"name":"images","type":"IMAGE","link":1953,"label":"图像"}],"properties":{"Node name for S&R":"PreviewImage"}},{"id":834,"type":"Reroute","pos":[-2392.336629405195,59.69369584475678],"size":[75,26],"flags":{},"order":47,"mode":0,"inputs":[{"name":"","type":"*","link":1956}],"outputs":[{"name":"","type":"IMAGE","links":[1882],"slot_index":0}],"properties":{"showOutputText":false,"horizontal":false}},{"id":843,"type":"Image Comparer (rgthree)","pos":{"0":-800,"1":-1612.553955078125,"2":0,"3":0,"4":0,"5":0,"6":0,"7":0,"8":0,"9":0},"size":{"0":670,"1":840},"flags":{},"order":108,"mode":0,"inputs":[{"name":"image_a","type":"IMAGE","link":2082,"label":"图像_A","dir":3},{"name":"image_b","type":"IMAGE","link":2081,"label":"图像_B","dir":3}],"outputs":[],"properties":{"comparer_mode":"Slide"},"widgets_values":[[{"url":"/view?filename=rgthree.compare._temp_mneny_00003_.png&type=temp&subfolder=&rand=0.6193876699076637","name":"A","selected":true},{"url":"/view?filename=rgthree.compare._temp_mneny_00004_.png&type=temp&subfolder=&rand=0.29256492978160575","name":"B","selected":true}]]},{"id":860,"type":"LoadImage","pos":[-4880,-780],"size":{"0":320,"1":310},"flags":{},"order":4,"mode":0,"outputs":[{"name":"IMAGE","type":"IMAGE","links":[1939,2069],"slot_index":0,"shape":3,"label":"图像"},{"name":"MASK","type":"MASK","links":[],"slot_index":1,"shape":3,"label":"遮罩"}],"properties":{"Node name for S&R":"LoadImage"},"widgets_values":["mask1.png","image"]},{"id":861,"type":"Reroute","pos":[-4800,-440],"size":[82,26],"flags":{},"order":15,"mode":0,"inputs":[{"name":"","type":"*","link":1939}],"outputs":[{"name":"IMAGE","type":"IMAGE","links":[1998],"slot_index":0}],"properties":{"showOutputText":true,"horizontal":false}},{"id":862,"type":"ImageCompositedMaskedWeight","pos":[-4180.245714324019,2358.019124576853],"size":{"0":315,"1":78},"flags":{},"order":63,"mode":0,"inputs":[{"name":"source","type":"IMAGE","link":1988,"label":"source"},{"name":"mask","type":"IMAGE","link":1940,"label":"mask"}],"outputs":[{"name":"IMAGE","type":"IMAGE","links":[1943],"slot_index":0,"shape":3,"label":"IMAGE"}],"properties":{"Node name for S&R":"ImageCompositedMaskedWeight"},"widgets_values":[1]},{"id":863,"type":"ImageBlend","pos":[-4180.245714324019,2158.019124576853],"size":{"0":315,"1":102},"flags":{},"order":57,"mode":0,"inputs":[{"name":"image1","type":"IMAGE","link":2046,"label":"图像1"},{"name":"image2","type":"IMAGE","link":2022,"label":"图像2"}],"outputs":[{"name":"IMAGE","type":"IMAGE","links":[1940,1945],"slot_index":0,"shape":3,"label":"图像"}],"properties":{"Node name for S&R":"ImageBlend"},"widgets_values":[1,"difference"]},{"id":864,"type":"Reroute","pos":[-3320.2457143240204,2588.019124576853],"size":[75,26],"flags":{},"order":78,"mode":0,"inputs":[{"name":"","type":"*","link":1941}],"outputs":[{"name":"","type":"IMAGE","links":[2034,2049],"slot_index":0}],"properties":{"showOutputText":false,"horizontal":false}},{"id":865,"type":"Reroute","pos":[-3330.2457143240204,2358.019124576853],"size":[75,26],"flags":{},"order":77,"mode":0,"inputs":[{"name":"","type":"*","link":1942}],"outputs":[{"name":"","type":"IMAGE","links":[2033,2048],"slot_index":0}],"properties":{"showOutputText":false,"horizontal":false}},{"id":866,"type":"ImageCompositedMaskedWeight","pos":[-3750,2360],"size":{"0":315,"1":78},"flags":{},"order":69,"mode":0,"inputs":[{"name":"source","type":"IMAGE","link":1943,"label":"source"},{"name":"mask","type":"IMAGE","link":1944,"label":"mask"}],"outputs":[{"name":"IMAGE","type":"IMAGE","links":[1942],"slot_index":0,"shape":3,"label":"IMAGE"}],"properties":{"Node name for S&R":"ImageCompositedMaskedWeight"},"widgets_values":[0]},{"id":867,"type":"ImageBlend","pos":[-3790,2160],"size":{"0":375.8050537109375,"1":102},"flags":{},"order":58,"mode":0,"inputs":[{"name":"image1","type":"IMAGE","link":2047,"label":"图像1"},{"name":"image2","type":"IMAGE","link":2020,"label":"图像2"}],"outputs":[{"name":"IMAGE","type":"IMAGE","links":[1944,1947],"slot_index":0,"shape":3,"label":"图像"}],"properties":{"Node name for S&R":"ImageBlend"},"widgets_values":[1,"difference"]},{"id":868,"type":"ImageCompositedMaskedWeight","pos":[-4180.245714324019,2568.019124576853],"size":{"0":315,"1":78},"flags":{},"order":64,"mode":0,"inputs":[{"name":"source","type":"IMAGE","link":1987,"label":"source"},{"name":"mask","type":"IMAGE","link":1945,"slot_index":1,"label":"mask"}],"outputs":[{"name":"IMAGE","type":"IMAGE","links":[1946],"slot_index":0,"shape":3,"label":"IMAGE"}],"properties":{"Node name for S&R":"ImageCompositedMaskedWeight"},"widgets_values":[1]},{"id":869,"type":"ImageCompositedMaskedWeight","pos":[-3750,2570],"size":{"0":315,"1":78},"flags":{},"order":70,"mode":0,"inputs":[{"name":"source","type":"IMAGE","link":1946,"label":"source"},{"name":"mask","type":"IMAGE","link":1947,"slot_index":1,"label":"mask"}],"outputs":[{"name":"IMAGE","type":"IMAGE","links":[1941],"slot_index":0,"shape":3,"label":"IMAGE"}],"properties":{"Node name for S&R":"ImageCompositedMaskedWeight"},"widgets_values":[0]},{"id":870,"type":"Reroute","pos":[-5267.86398779875,485.19811965037405],"size":[75,26],"flags":{},"order":44,"mode":0,"inputs":[{"name":"","type":"*","link":1948}],"outputs":[{"name":"","type":"IMAGE","links":[1954,1988],"slot_index":0}],"properties":{"showOutputText":false,"horizontal":false}},{"id":871,"type":"Reroute","pos":[-5277.86398779875,705.1981196503742],"size":[75,26],"flags":{},"order":45,"mode":0,"inputs":[{"name":"","type":"*","link":1949}],"outputs":[{"name":"","type":"IMAGE","links":[1955,1987],"slot_index":0}],"properties":{"showOutputText":false,"horizontal":false}},{"id":872,"type":"OpenposePreprocessor","pos":[-5996.851060675967,830.8642746081554],"size":{"0":320,"1":150},"flags":{},"order":34,"mode":0,"inputs":[{"name":"image","type":"IMAGE","link":1950,"label":"图像"},{"name":"resolution","type":"INT","link":1951,"widget":{"name":"resolution"},"label":"分辨率"}],"outputs":[{"name":"IMAGE","type":"IMAGE","links":[1952],"slot_index":0,"shape":3,"label":"图像"},{"name":"POSE_KEYPOINT","type":"POSE_KEYPOINT","links":null,"shape":3,"label":"姿态关键点"}],"properties":{"Node name for S&R":"OpenposePreprocessor"},"widgets_values":["enable","enable","disable",512]},{"id":873,"type":"Reroute","pos":[-5290,840],"size":[75,26],"flags":{},"order":40,"mode":0,"inputs":[{"name":"","type":"*","link":1952}],"outputs":[{"name":"","type":"IMAGE","links":[1953,1956,2038],"slot_index":0}],"properties":{"showOutputText":false,"horizontal":false}},{"id":874,"type":"Efficient Loader","pos":[-844.2882406535539,1614.0260619241747],"size":{"0":370,"1":470},"flags":{},"order":93,"mode":0,"inputs":[{"name":"lora_stack","type":"LORA_STACK","link":2072,"slot_index":0,"label":"LoRA堆"},{"name":"cnet_stack","type":"CONTROL_NET_STACK","link":1957,"slot_index":1,"label":"ControlNet堆"},{"name":"positive","type":"STRING","link":1958,"widget":{"name":"positive"},"label":"正面条件"}],"outputs":[{"name":"MODEL","type":"MODEL","links":[2077],"slot_index":0,"shape":3,"label":"模型"},{"name":"CONDITIONING+","type":"CONDITIONING","links":[2078],"slot_index":1,"shape":3,"label":"正面条件"},{"name":"CONDITIONING-","type":"CONDITIONING","links":[2079],"slot_index":2,"shape":3,"label":"负面条件"},{"name":"LATENT","type":"LATENT","links":[],"slot_index":3,"shape":3,"label":"Latent"},{"name":"VAE","type":"VAE","links":[1969,1972],"slot_index":4,"shape":3,"label":"VAE"},{"name":"CLIP","type":"CLIP","links":[],"slot_index":5,"shape":3,"label":"CLIP"},{"name":"DEPENDENCIES","type":"DEPENDENCIES","links":[],"slot_index":6,"shape":3,"label":"依赖"}],"properties":{"Node name for S&R":"Efficient Loader"},"widgets_values":["sdxl/dreamshaperXL_v21TurboDPMSDE.safetensors","Baked VAE",-2,"None",1.3,1,"a female,vividly,skin_texture,Vivid,light and shadow of details, beautiful face,headshot,,best quality,highres,bright,Ultra clear details","embedding:negativeXL_D.safetensors, NSFW, worst quality, normal quality, low quality, low res, blurry, text, watermark, logo, banner, extra digits, cropped, jpeg artifacts, signature, username, error, sketch, duplicate, ugly, monochrome, horror, geometry, mutation, disgusting ","mean","comfy",512,512,1,true,true],"color":"#332233","bgcolor":"#553355","shape":1},{"id":875,"type":"CR Multi-ControlNet Stack","pos":[-2190.5022468074453,1670.3787144192684],"size":{"0":418.1999816894531,"1":454},"flags":{},"order":91,"mode":0,"inputs":[{"name":"image_1","type":"IMAGE","link":2036,"label":"图像1"},{"name":"image_2","type":"IMAGE","link":2037,"label":"图像2"},{"name":"image_3","type":"IMAGE","link":1961,"label":"图像3"},{"name":"controlnet_stack","type":"CONTROL_NET_STACK","link":null,"slot_index":3,"label":"ControlNet堆"}],"outputs":[{"name":"CONTROLNET_STACK","type":"CONTROL_NET_STACK","links":[1957],"slot_index":0,"shape":3,"label":"ControlNet堆"},{"name":"show_help","type":"STRING","links":null,"slot_index":1,"shape":3}],"properties":{"Node name for S&R":"CR Multi-ControlNet Stack"},"widgets_values":["On","controlnet-union-sdxl-1.0.safetensors",0.3,0,1,"On","controlnet-union-sdxl-1.0.safetensors",0.3,0,1,"On","controlnet-union-sdxl-1.0.safetensors",0.4,0,1]},{"id":876,"type":"Reroute","pos":[-2430.5022468074453,1570.3787144192686],"size":[75,26],"flags":{},"order":76,"mode":0,"inputs":[{"name":"","type":"*","link":2025}],"outputs":[{"name":"MASK","type":"MASK","links":[2092],"slot_index":0}],"properties":{"showOutputText":true,"horizontal":false}},{"id":878,"type":"Reroute","pos":[465.71175934644594,1574.0260619241747],"size":[75,26],"flags":{},"order":106,"mode":0,"inputs":[{"name":"","type":"*","link":2097}],"outputs":[{"name":"","type":"IMAGE","links":[1978,2082],"slot_index":0}],"properties":{"showOutputText":false,"horizontal":false}},{"id":879,"type":"List of strings [Crystools]","pos":[-1640.5022468074455,2110.3787144192675],"size":{"0":320,"1":270},"flags":{},"order":17,"mode":0,"inputs":[{"name":"string_1","type":"STRING","link":1963,"slot_index":0,"widget":{"name":"string_1"},"label":"字符串_1"},{"name":"string_2","type":"STRING","link":1964,"widget":{"name":"string_2"},"label":"字符串_2"},{"name":"string_3","type":"STRING","link":null,"widget":{"name":"string_3"},"label":"字符串_3"}],"outputs":[{"name":"concatenated","type":"STRING","links":[1958],"slot_index":0,"shape":3,"label":"字符串合并"},{"name":"list_string","type":"ListString","links":null,"shape":6,"label":"字符串列表"}],"properties":{"Node name for S&R":"List of strings [Crystools]"},"widgets_values":["","","","","","","","",","]},{"id":880,"type":"Primitive string multiline [Crystools]","pos":[-2170.5022468074453,2180.3787144192675],"size":{"0":380,"1":130},"flags":{},"order":5,"mode":0,"outputs":[{"name":"string","type":"STRING","links":[1963],"slot_index":0,"shape":3,"label":"字符串"}],"properties":{"Node name for S&R":"Primitive string multiline [Crystools]"},"widgets_values":["spmf_12019_r_2024080608,looking_at_viewer",true]},{"id":881,"type":"Primitive string multiline [Crystools]","pos":[-2180.5022468074453,2380.3787144192675],"size":{"0":390,"1":140},"flags":{},"order":6,"mode":0,"outputs":[{"name":"string","type":"STRING","links":[1964],"slot_index":0,"shape":3,"label":"字符串"}],"properties":{"Node name for S&R":"Primitive string multiline [Crystools]"},"widgets_values":["Bare skin,detailed skin texture,ultra-realistic skin details,best quality,masterpiece,photorealistic,realisticSSS",true]},{"id":882,"type":"KSampler (Efficient)","pos":[35.71175934644555,1604.0260619241747],"size":{"0":330,"1":560},"flags":{},"order":104,"mode":0,"inputs":[{"name":"model","type":"MODEL","link":1965,"label":"模型"},{"name":"positive","type":"CONDITIONING","link":1966,"label":"正面条件"},{"name":"negative","type":"CONDITIONING","link":1967,"label":"负面条件"},{"name":"latent_image","type":"LATENT","link":1968,"label":"Latent"},{"name":"optional_vae","type":"VAE","link":1969,"label":"VAE(可选)"},{"name":"script","type":"SCRIPT","link":null,"slot_index":5,"label":"脚本"}],"outputs":[{"name":"MODEL","type":"MODEL","links":[],"slot_index":0,"shape":3,"label":"模型"},{"name":"CONDITIONING+","type":"CONDITIONING","links":[],"slot_index":1,"shape":3,"label":"正面条件"},{"name":"CONDITIONING-","type":"CONDITIONING","links":[],"slot_index":2,"shape":3,"label":"负面条件"},{"name":"LATENT","type":"LATENT","links":[],"slot_index":3,"shape":3,"label":"Latent"},{"name":"VAE","type":"VAE","links":[],"slot_index":4,"shape":3,"label":"VAE"},{"name":"IMAGE","type":"IMAGE","links":[2095],"slot_index":5,"shape":3,"label":"图像"}],"properties":{"Node name for S&R":"KSampler (Efficient)"},"widgets_values":[-1,null,10,2,"dpmpp_sde","karras",0.8,"auto","true"],"color":"#222233","bgcolor":"#333355","shape":1},{"id":883,"type":"INPAINT_VAEEncodeInpaintConditioning","pos":[-344.2882406535544,1784.026061924175],"size":{"0":292.20001220703125,"1":106},"flags":{},"order":103,"mode":0,"inputs":[{"name":"positive","type":"CONDITIONING","link":2078,"label":"正面条件"},{"name":"negative","type":"CONDITIONING","link":2079,"label":"负面条件"},{"name":"vae","type":"VAE","link":1972,"label":"VAE"},{"name":"pixels","type":"IMAGE","link":2093,"label":"图像"},{"name":"mask","type":"MASK","link":2094,"label":"遮罩"}],"outputs":[{"name":"positive","type":"CONDITIONING","links":[1966],"slot_index":0,"shape":3,"label":"正面条件"},{"name":"negative","type":"CONDITIONING","links":[1967],"slot_index":1,"shape":3,"label":"负面条件"},{"name":"latent_inpaint","type":"LATENT","links":[],"slot_index":2,"shape":3,"label":"局部重绘Latent"},{"name":"latent_samples","type":"LATENT","links":[1968],"slot_index":3,"shape":3,"label":"采样Latent"}],"properties":{"Node name for S&R":"INPAINT_VAEEncodeInpaintConditioning"}},{"id":884,"type":"PerturbedAttentionGuidance","pos":[-360,1610],"size":{"0":315,"1":58},"flags":{},"order":96,"mode":0,"inputs":[{"name":"model","type":"MODEL","link":2077,"label":"模型"}],"outputs":[{"name":"MODEL","type":"MODEL","links":[1965],"slot_index":0,"shape":3,"label":"模型"}],"properties":{"Node name for S&R":"PerturbedAttentionGuidance"},"widgets_values":[3]},{"id":885,"type":"Reroute","pos":[-2440.5022468074453,1770.3787144192684],"size":[82,26],"flags":{},"order":86,"mode":0,"inputs":[{"name":"","type":"*","link":2033}],"outputs":[{"name":"IMAGE","type":"IMAGE","links":[2036],"slot_index":0}],"properties":{"showOutputText":true,"horizontal":false}},{"id":886,"type":"Reroute","pos":[-2440.5022468074453,1820.3787144192684],"size":[82,26],"flags":{},"order":88,"mode":0,"inputs":[{"name":"","type":"*","link":2034}],"outputs":[{"name":"IMAGE","type":"IMAGE","links":[2037],"slot_index":0}],"properties":{"showOutputText":true,"horizontal":false}},{"id":887,"type":"Reroute","pos":[-2440.5022468074453,1870.378714419268],"size":[75,26],"flags":{},"order":48,"mode":0,"inputs":[{"name":"","type":"*","link":2038}],"outputs":[{"name":"","type":"IMAGE","links":[1961]}],"properties":{"showOutputText":false,"horizontal":false}},{"id":888,"type":"ReActorRestoreFace","pos":[630,1550],"size":{"0":315,"1":130},"flags":{},"order":107,"mode":0,"inputs":[{"name":"image","type":"IMAGE","link":1978,"label":"图像"}],"outputs":[{"name":"IMAGE","type":"IMAGE","links":[2063],"slot_index":0,"shape":3,"label":"图像"}],"properties":{"Node name for S&R":"ReActorRestoreFace"},"widgets_values":["retinaface_resnet50","GPEN-BFR-1024.onnx",1,0.5]},{"id":894,"type":"MaskToImage","pos":[-3170,1520],"size":{"0":140,"1":26},"flags":{},"order":75,"mode":0,"inputs":[{"name":"mask","type":"MASK","link":1989,"label":"遮罩"}],"outputs":[{"name":"IMAGE","type":"IMAGE","links":[2050],"slot_index":0,"shape":3,"label":"图像"}],"properties":{"Node name for S&R":"MaskToImage"}},{"id":895,"type":"Reroute","pos":[-3357.860163812752,1624.1141749249987],"size":[75,26],"flags":{},"order":68,"mode":0,"inputs":[{"name":"","type":"*","link":1990}],"outputs":[{"name":"MASK","type":"MASK","links":[1989,2025],"slot_index":0}],"properties":{"showOutputText":true,"horizontal":false}},{"id":896,"type":"ImageToMask","pos":[-4880,1560],"size":{"0":315,"1":58},"flags":{},"order":36,"mode":0,"inputs":[{"name":"image","type":"IMAGE","link":1999,"label":"图像"}],"outputs":[{"name":"MASK","type":"MASK","links":[1991],"slot_index":0,"shape":3,"label":"遮罩"}],"properties":{"Node name for S&R":"ImageToMask"},"widgets_values":["blue"]},{"id":898,"type":"GrowMaskWithBlur","pos":[-4457.8601638127475,1594.1141749249987],"size":{"0":315,"1":246},"flags":{},"order":42,"mode":0,"inputs":[{"name":"mask","type":"MASK","link":1991,"label":"遮罩"}],"outputs":[{"name":"mask","type":"MASK","links":[1995],"slot_index":0,"shape":3,"label":"遮罩"},{"name":"mask_inverted","type":"MASK","links":[],"slot_index":1,"shape":3,"label":"反转遮罩"}],"properties":{"Node name for S&R":"GrowMaskWithBlur"},"widgets_values":[0,0,true,false,0,0.5,0.5,false]},{"id":900,"type":"ImageCompositedMaskedWeight","pos":[-3867.860163812752,1604.1141749249987],"size":{"0":315,"1":78},"flags":{},"order":56,"mode":0,"inputs":[{"name":"source","type":"IMAGE","link":2044,"label":"source"},{"name":"mask","type":"IMAGE","link":1993,"label":"mask"}],"outputs":[{"name":"IMAGE","type":"IMAGE","links":[1994],"slot_index":0,"shape":3,"label":"IMAGE"}],"properties":{"Node name for S&R":"ImageCompositedMaskedWeight"},"widgets_values":[0.6000000000000001]},{"id":901,"type":"ImageToMask","pos":[-3867.860163812752,1764.1141749249985],"size":{"0":315,"1":58},"flags":{},"order":62,"mode":0,"inputs":[{"name":"image","type":"IMAGE","link":1994,"label":"图像"}],"outputs":[{"name":"MASK","type":"MASK","links":[1990],"slot_index":0,"shape":3,"label":"遮罩"}],"properties":{"Node name for S&R":"ImageToMask"},"widgets_values":["red"]},{"id":902,"type":"MaskToImage","pos":[-4097.860163812751,1604.1141749249987],"size":{"0":140,"1":26},"flags":{},"order":50,"mode":0,"inputs":[{"name":"mask","type":"MASK","link":1995,"label":"遮罩"}],"outputs":[{"name":"IMAGE","type":"IMAGE","links":[1993],"slot_index":0,"shape":3,"label":"图像"}],"properties":{"Node name for S&R":"MaskToImage"}},{"id":903,"type":"Reroute","pos":[-5050,1560],"size":[75,26],"flags":{},"order":25,"mode":0,"inputs":[{"name":"","type":"*","link":1998}],"outputs":[{"name":"","type":"IMAGE","links":[1999,2022],"slot_index":0}],"properties":{"showOutputText":false,"horizontal":false}},{"id":906,"type":"Reroute","pos":[-5174.24373001071,-443.6749409759892],"size":[75,26],"flags":{},"order":19,"mode":0,"inputs":[{"name":"","type":"*","link":2056}],"outputs":[{"name":"","type":"IMAGE","links":[2007],"slot_index":0}],"properties":{"showOutputText":false,"horizontal":false}},{"id":907,"type":"Reroute","pos":[-4310,-440],"size":[75,26],"flags":{},"order":18,"mode":0,"inputs":[{"name":"","type":"*","link":2059}],"outputs":[{"name":"","type":"IMAGE","links":[2015],"slot_index":0}],"properties":{"showOutputText":false,"horizontal":false}},{"id":910,"type":"Reroute","pos":[-5050,2150],"size":[75,26],"flags":{},"order":28,"mode":0,"inputs":[{"name":"","type":"*","link":2007}],"outputs":[{"name":"","type":"IMAGE","links":[2020],"slot_index":0}],"properties":{"showOutputText":false,"horizontal":false}},{"id":912,"type":"MaskToImage","pos":[-5520,-80],"size":{"0":210,"1":26},"flags":{},"order":49,"mode":0,"inputs":[{"name":"mask","type":"MASK","link":2009,"label":"遮罩"}],"outputs":[{"name":"IMAGE","type":"IMAGE","links":[2039,2043],"slot_index":0,"shape":3,"label":"图像"}],"properties":{"Node name for S&R":"MaskToImage"}},{"id":914,"type":"Reroute","pos":[-5042.953383785289,338.0487642752883],"size":[75,26],"flags":{},"order":27,"mode":0,"inputs":[{"name":"","type":"*","link":2015}],"outputs":[{"name":"","type":"IMAGE","links":[2060],"slot_index":0}],"properties":{"showOutputText":false,"horizontal":false}},{"id":915,"type":"Reroute","pos":[-5060,-200],"size":[75,26],"flags":{},"order":21,"mode":0,"inputs":[{"name":"","type":"*","link":2017}],"outputs":[{"name":"","type":"IMAGE","links":[2018],"slot_index":0}],"properties":{"showOutputText":false,"horizontal":false}},{"id":917,"type":"Reroute","pos":[-2430.5022468074453,1520.3787144192686],"size":[82,26],"flags":{},"order":100,"mode":0,"inputs":[{"name":"","type":"*","link":2062}],"outputs":[{"name":"IMAGE","type":"IMAGE","links":[2091],"slot_index":0}],"properties":{"showOutputText":true,"horizontal":false}},{"id":918,"type":"Reroute","pos":[-5070,10],"size":[75,26],"flags":{},"order":51,"mode":0,"inputs":[{"name":"","type":"*","link":2039}],"outputs":[{"name":"","type":"IMAGE","links":[2040,2041,2042],"slot_index":0}],"properties":{"showOutputText":false,"horizontal":false}},{"id":919,"type":"Reroute","pos":[-5060,1710],"size":[75,26],"flags":{},"order":52,"mode":0,"inputs":[{"name":"","type":"*","link":2043}],"outputs":[{"name":"","type":"IMAGE","links":[2044,2046,2047],"slot_index":0}],"properties":{"showOutputText":false,"horizontal":false}},{"id":920,"type":"PreviewImage","pos":[-4600,-2280],"size":{"0":450,"1":550},"flags":{},"order":87,"mode":0,"inputs":[{"name":"images","type":"IMAGE","link":2048,"label":"图像"}],"properties":{"Node name for S&R":"PreviewImage"}},{"id":921,"type":"PreviewImage","pos":[-4070,-2280],"size":{"0":420,"1":540},"flags":{},"order":89,"mode":0,"inputs":[{"name":"images","type":"IMAGE","link":2049,"label":"图像"}],"properties":{"Node name for S&R":"PreviewImage"}},{"id":922,"type":"PreviewImage","pos":[-5120,-2290],"size":{"0":420,"1":560},"flags":{},"order":85,"mode":0,"inputs":[{"name":"images","type":"IMAGE","link":2050,"label":"图像"}],"properties":{"Node name for S&R":"PreviewImage"}},{"id":926,"type":"LoadImage","pos":[-4420,-770],"size":{"0":320,"1":310},"flags":{},"order":7,"mode":0,"outputs":[{"name":"IMAGE","type":"IMAGE","links":[2059],"slot_index":0,"shape":3,"label":"图像"},{"name":"MASK","type":"MASK","links":[],"slot_index":1,"shape":3,"label":"遮罩"}],"properties":{"Node name for S&R":"LoadImage"},"widgets_values":["mask2-face.png","image"]},{"id":927,"type":"LoadImage","pos":[-5290,-790],"size":{"0":320,"1":310},"flags":{},"order":8,"mode":0,"outputs":[{"name":"IMAGE","type":"IMAGE","links":[2056],"slot_index":0,"shape":3,"label":"图像"},{"name":"MASK","type":"MASK","links":[],"slot_index":1,"shape":3,"label":"遮罩"}],"properties":{"Node name for S&R":"LoadImage"},"widgets_values":["mask1-face.png","image"]},{"id":928,"type":"Image Comparer (rgthree)","pos":{"0":-1570,"1":-1612.553955078125,"2":0,"3":0,"4":0,"5":0,"6":0,"7":0,"8":0,"9":0},"size":{"0":670,"1":840},"flags":{},"order":101,"mode":0,"inputs":[{"name":"image_a","type":"IMAGE","link":2080,"label":"图像_A","dir":3},{"name":"image_b","type":"IMAGE","link":2066,"label":"图像_B","dir":3}],"outputs":[],"properties":{"comparer_mode":"Slide"},"widgets_values":[[{"url":"/view?filename=rgthree.compare._temp_qmlls_00003_.png&type=temp&subfolder=&rand=0.2884557846152085","name":"A","selected":true},{"url":"/view?filename=rgthree.compare._temp_qmlls_00004_.png&type=temp&subfolder=&rand=0.3428956715701188","name":"B","selected":true}]]},{"id":930,"type":"ImageBlend","pos":[-3090,-1720],"size":{"0":315,"1":102},"flags":{},"order":16,"mode":0,"inputs":[{"name":"image1","type":"IMAGE","link":2068,"label":"图像1"},{"name":"image2","type":"IMAGE","link":2069,"label":"图像2"}],"outputs":[{"name":"IMAGE","type":"IMAGE","links":[2071],"slot_index":0,"shape":3,"label":"图像"}],"properties":{"Node name for S&R":"ImageBlend"},"widgets_values":[1,"difference"]},{"id":931,"type":"Image Comparer (rgthree)","pos":{"0":-3570,"1":-2270,"2":0,"3":0,"4":0,"5":0,"6":0,"7":0,"8":0,"9":0},"size":{"0":410,"1":530},"flags":{},"order":26,"mode":0,"inputs":[{"name":"image_a","type":"IMAGE","link":2071,"label":"图像_A","dir":3},{"name":"image_b","type":"IMAGE","link":2070,"label":"图像_B","dir":3}],"outputs":[],"properties":{"comparer_mode":"Slide"},"widgets_values":[[{"url":"/view?filename=rgthree.compare._temp_cgfvc_00001_.png&type=temp&subfolder=&rand=0.2511545858514046","name":"A","selected":true},{"url":"/view?filename=rgthree.compare._temp_cgfvc_00002_.png&type=temp&subfolder=&rand=0.5329525693162855","name":"B","selected":true}]]},{"id":932,"type":"CR LoRA Stack","pos":[-1630,1620],"size":{"0":315,"1":342},"flags":{},"order":9,"mode":0,"inputs":[{"name":"lora_stack","type":"LORA_STACK","link":null,"label":"LoRA堆"}],"outputs":[{"name":"LORA_STACK","type":"LORA_STACK","links":[2072],"shape":3},{"name":"show_help","type":"STRING","links":null,"shape":3}],"properties":{"Node name for S&R":"CR LoRA Stack"},"widgets_values":["On","train_lora/prod_lora/20240806/20240806085732_f14b08eccaff43c4be566ce6c62aaeac/spmf_12019_r_2024080608/spmf_12019_r_2024080608.safetensors",0.8,1,"Off","None",1,1,"Off","None",1,1]},{"id":933,"type":"CR LoRA Stack","pos":[-1610,-150],"size":{"0":315,"1":342},"flags":{},"order":10,"mode":0,"inputs":[{"name":"lora_stack","type":"LORA_STACK","link":null,"label":"LoRA堆"}],"outputs":[{"name":"LORA_STACK","type":"LORA_STACK","links":[2073],"slot_index":0,"shape":3},{"name":"show_help","type":"STRING","links":null,"shape":3}],"properties":{"Node name for S&R":"CR LoRA Stack"},"widgets_values":["On","train_lora/prod_lora/20240721/20240721150623_ac8537d21164455b8e5c9932c23c05e8/spmf_4_r_2024072115/spmf_4_r_2024072115.safetensors",0.8,1,"Off","None",1,1,"Off","None",1,1]},{"id":934,"type":"InpaintCrop","pos":[-1200,-500],"size":[390,390],"flags":{},"order":79,"mode":0,"inputs":[{"name":"image","type":"IMAGE","link":2084,"label":"image"},{"name":"mask","type":"MASK","link":2085,"label":"mask"},{"name":"optional_context_mask","type":"MASK","link":null,"label":"optional_context_mask"}],"outputs":[{"name":"stitch","type":"STITCH","links":[2088],"shape":3,"label":"stitch","slot_index":0},{"name":"cropped_image","type":"IMAGE","links":[2086],"shape":3,"label":"cropped_image","slot_index":1},{"name":"cropped_mask","type":"MASK","links":[2087],"shape":3,"label":"cropped_mask","slot_index":2}],"properties":{"Node name for S&R":"InpaintCrop"},"widgets_values":[20,1,true,16,false,16,"bicubic","ranged size",1024,1024,1,512,512,768,768,32]},{"id":936,"type":"InpaintStitch","pos":[-40,-460],"size":{"0":315,"1":78},"flags":{},"order":98,"mode":0,"inputs":[{"name":"stitch","type":"STITCH","link":2088,"label":"stitch"},{"name":"inpainted_image","type":"IMAGE","link":2089,"label":"inpainted_image"}],"outputs":[{"name":"image","type":"IMAGE","links":[2090],"shape":3,"label":"image","slot_index":0}],"properties":{"Node name for S&R":"InpaintStitch"},"widgets_values":["bislerp"]},{"id":937,"type":"InpaintCrop","pos":[-910,1040],"size":[390,386],"flags":{},"order":102,"mode":0,"inputs":[{"name":"image","type":"IMAGE","link":2091,"label":"image"},{"name":"mask","type":"MASK","link":2092,"label":"mask"},{"name":"optional_context_mask","type":"MASK","link":null,"label":"optional_context_mask"}],"outputs":[{"name":"stitch","type":"STITCH","links":[2096],"shape":3,"label":"stitch","slot_index":0},{"name":"cropped_image","type":"IMAGE","links":[2093],"shape":3,"label":"cropped_image","slot_index":1},{"name":"cropped_mask","type":"MASK","links":[2094],"shape":3,"label":"cropped_mask","slot_index":2}],"properties":{"Node name for S&R":"InpaintCrop"},"widgets_values":[20,1,true,16,false,16,"bicubic","ranged size",1024,1024,1,512,512,768,768,32]},{"id":938,"type":"InpaintStitch","pos":[160,1240],"size":{"0":315,"1":78},"flags":{},"order":105,"mode":0,"inputs":[{"name":"stitch","type":"STITCH","link":2096,"label":"stitch"},{"name":"inpainted_image","type":"IMAGE","link":2095,"label":"inpainted_image"}],"outputs":[{"name":"image","type":"IMAGE","links":[2097],"shape":3,"label":"image","slot_index":0}],"properties":{"Node name for S&R":"InpaintStitch"},"widgets_values":["bislerp"]}],"links":[[636,446,0,350,1,"CONTROL_NET_STACK"],[1215,623,0,350,2,"STRING"],[1228,350,4,632,2,"VAE"],[1239,350,4,631,4,"VAE"],[1431,632,0,631,1,"CONDITIONING"],[1432,632,1,631,2,"CONDITIONING"],[1688,767,0,758,1,"IMAGE"],[1689,776,0,759,0,"IMAGE"],[1690,787,0,760,0,"IMAGE"],[1691,755,0,760,1,"INT"],[1692,755,1,760,2,"INT"],[1696,754,0,765,0,"IMAGE"],[1697,761,0,766,0,"*"],[1699,764,0,767,1,"IMAGE"],[1700,766,0,768,0,"IMAGE"],[1701,775,0,769,0,"IMAGE"],[1708,757,0,774,0,"MASK"],[1709,784,0,775,0,"*"],[1710,778,0,776,0,"*"],[1712,758,0,778,0,"IMAGE"],[1713,779,0,778,1,"IMAGE"],[1718,767,0,781,1,"IMAGE"],[1719,768,0,782,0,"IMAGE"],[1720,755,0,782,1,"INT"],[1721,755,1,782,2,"INT"],[1722,781,0,784,0,"IMAGE"],[1723,779,0,784,1,"IMAGE"],[1724,783,0,785,0,"IMAGE"],[1726,785,0,786,0,"IMAGE"],[1727,783,0,786,1,"IMAGE"],[1728,766,0,787,0,"IMAGE"],[1731,756,0,611,0,"*"],[1737,789,0,603,0,"*"],[1740,783,0,789,0,"*"],[1741,783,0,761,0,"*"],[1742,755,0,771,0,"INT"],[1743,755,1,771,1,"INT"],[1747,603,0,667,0,"IMAGE"],[1750,776,0,790,0,"*"],[1751,775,0,791,0,"*"],[1752,790,0,446,0,"IMAGE"],[1753,791,0,446,1,"IMAGE"],[1755,756,0,754,0,"MASK"],[1792,625,0,623,1,"STRING"],[1803,807,0,756,0,"*"],[1837,632,3,631,3,"LATENT"],[1840,803,0,807,0,"IMAGE"],[1859,624,0,623,0,"STRING"],[1863,774,0,827,0,"MASK"],[1864,827,0,803,1,"IMAGE"],[1867,755,0,787,1,"INT"],[1868,755,0,768,1,"INT"],[1870,764,0,785,1,"IMAGE"],[1875,763,0,764,0,"*"],[1882,834,0,446,2,"IMAGE"],[1930,730,0,631,0,"MODEL"],[1938,761,0,755,0,"IMAGE"],[1939,860,0,861,0,"*"],[1940,863,0,862,1,"IMAGE"],[1941,869,0,864,0,"*"],[1942,866,0,865,0,"*"],[1943,862,0,866,0,"IMAGE"],[1944,867,0,866,1,"IMAGE"],[1945,863,0,868,1,"IMAGE"],[1946,868,0,869,0,"IMAGE"],[1947,867,0,869,1,"IMAGE"],[1948,760,0,870,0,"*"],[1949,782,0,871,0,"*"],[1950,766,0,872,0,"IMAGE"],[1951,755,0,872,1,"INT"],[1952,872,0,873,0,"*"],[1953,873,0,833,0,"IMAGE"],[1954,870,0,758,0,"IMAGE"],[1955,871,0,781,0,"IMAGE"],[1956,873,0,834,0,"*"],[1957,875,0,874,1,"CONTROL_NET_STACK"],[1958,879,0,874,2,"STRING"],[1961,887,0,875,2,"IMAGE"],[1963,880,0,879,0,"STRING"],[1964,881,0,879,1,"STRING"],[1965,884,0,882,0,"MODEL"],[1966,883,0,882,1,"CONDITIONING"],[1967,883,1,882,2,"CONDITIONING"],[1968,883,3,882,3,"LATENT"],[1969,874,4,882,4,"VAE"],[1972,874,4,883,2,"VAE"],[1978,878,0,888,0,"IMAGE"],[1987,871,0,868,0,"IMAGE"],[1988,870,0,862,0,"IMAGE"],[1989,895,0,894,0,"MASK"],[1990,901,0,895,0,"*"],[1991,896,0,898,0,"MASK"],[1993,902,0,900,1,"IMAGE"],[1994,900,0,901,0,"IMAGE"],[1995,898,0,902,0,"MASK"],[1996,771,0,762,0,"*"],[1998,861,0,903,0,"*"],[1999,903,0,896,0,"IMAGE"],[2007,906,0,910,0,"*"],[2009,762,0,912,0,"MASK"],[2015,907,0,914,0,"*"],[2017,764,0,915,0,"*"],[2018,915,0,757,0,"IMAGE"],[2020,910,0,867,1,"IMAGE"],[2022,903,0,863,1,"IMAGE"],[2025,895,0,876,0,"*"],[2033,865,0,885,0,"*"],[2034,864,0,886,0,"*"],[2036,885,0,875,0,"IMAGE"],[2037,886,0,875,1,"IMAGE"],[2038,873,0,887,0,"*"],[2039,912,0,918,0,"*"],[2040,918,0,803,0,"IMAGE"],[2041,918,0,767,0,"IMAGE"],[2042,918,0,779,0,"IMAGE"],[2043,912,0,919,0,"*"],[2044,919,0,900,0,"IMAGE"],[2046,919,0,863,0,"IMAGE"],[2047,919,0,867,0,"IMAGE"],[2048,865,0,920,0,"IMAGE"],[2049,864,0,921,0,"IMAGE"],[2050,894,0,922,0,"IMAGE"],[2056,927,0,906,0,"*"],[2059,926,0,907,0,"*"],[2060,914,0,779,1,"IMAGE"],[2062,619,0,917,0,"*"],[2063,888,0,480,0,"IMAGE"],[2066,603,0,928,1,"IMAGE"],[2068,783,0,930,0,"IMAGE"],[2069,860,0,930,1,"IMAGE"],[2070,783,0,931,1,"IMAGE"],[2071,930,0,931,0,"IMAGE"],[2072,932,0,874,0,"LORA_STACK"],[2073,933,0,350,0,"LORA_STACK"],[2074,350,1,632,0,"CONDITIONING"],[2075,350,2,632,1,"CONDITIONING"],[2076,350,0,730,0,"MODEL"],[2077,874,0,884,0,"MODEL"],[2078,874,1,883,0,"CONDITIONING"],[2079,874,2,883,1,"CONDITIONING"],[2080,619,0,928,0,"IMAGE"],[2081,619,0,843,1,"IMAGE"],[2082,878,0,843,0,"IMAGE"],[2083,603,0,480,1,"IMAGE"],[2084,603,0,934,0,"IMAGE"],[2085,611,0,934,1,"MASK"],[2086,934,1,632,3,"IMAGE"],[2087,934,2,632,4,"MASK"],[2088,934,0,936,0,"STITCH"],[2089,631,5,936,1,"IMAGE"],[2090,936,0,619,0,"*"],[2091,917,0,937,0,"IMAGE"],[2092,876,0,937,1,"MASK"],[2093,937,1,883,3,"IMAGE"],[2094,937,2,883,4,"MASK"],[2095,882,5,938,1,"IMAGE"],[2096,937,0,938,0,"STITCH"],[2097,938,0,878,0,"*"]],"groups":[{"title":"ControlNet图像预处理","bounding":[-6111,267,929,797],"color":"#3f789e","font_size":24,"locked":false},{"title":"mask","bounding":[-5022,-277,1693,422],"color":"#3f789e","font_size":24,"locked":false},{"title":"step1-inpaint","bounding":[-1010,-310,1489,745],"color":"#3f789e","font_size":24,"locked":false},{"title":"输入条件","bounding":[-2352,-314,1109,1425],"color":"#3f789e","font_size":24,"locked":false},{"title":"模板预处理结果","bounding":[-5576,-1680,2805,685],"color":"#8A8","font_size":24,"locked":false},{"title":"模板图","bounding":[-5409,-898,2352,520],"color":"#3f789e","font_size":24,"locked":false},{"title":"lora写真效果图","bounding":[-2003,-1826,3046,1259],"color":"#b06634","font_size":24,"locked":false},{"title":"Face1-CN","bounding":[-5013,278,1728,785],"color":"#3f789e","font_size":24,"locked":false},{"title":"Face2-mask","bounding":[-5015,1476,1720,509],"color":"#3f789e","font_size":24,"locked":false},{"title":"Face-CN","bounding":[-5011,2067,1716,619],"color":"#3f789e","font_size":24,"locked":false},{"title":"face2-输入条件","bounding":[-2405,1460,1188,1125],"color":"#3f789e","font_size":24,"locked":false},{"title":"face2-sample","bounding":[-958,1450,1467,738],"color":"#3f789e","font_size":24,"locked":false}],"config":{},"extra":{"ds":{"scale":0.3452271214393108,"offset":[2847.3388308585127,284.99753791206103]},"groupNodes":{},"workspace_info":{"id":"gbS5Bd5gb_kbSbJeezF_2","saveLock":false,"cloudID":null,"coverMediaPath":null}},"version":0.4}