{"last_node_id":65,"last_link_id":138,"nodes":[{"id":1,"type":"DownloadAndLoadCogVideoModel","pos":{"0":642,"1":90},"size":{"0":337.8885192871094,"1":154},"flags":{},"order":0,"mode":0,"inputs":[{"name":"pab_config","type":"PAB_CONFIG","link":null,"label":"pab_config"}],"outputs":[{"name":"cogvideo_pipe","type":"COGVIDEOPIPE","links":[121,124],"slot_index":0,"shape":3,"label":"cogvideo_pipe"}],"properties":{"Node name for S&R":"DownloadAndLoadCogVideoModel"},"widgets_values":["THUDM/CogVideoX-5b-I2V","bf16","disabled","disabled",false]},{"id":20,"type":"CLIPLoader","pos":{"0":-26,"1":400},"size":{"0":451.30548095703125,"1":82},"flags":{},"order":1,"mode":0,"inputs":[],"outputs":[{"name":"CLIP","type":"CLIP","links":[56,134],"slot_index":0,"shape":3,"label":"CLIP"}],"properties":{"Node name for S&R":"CLIPLoader"},"widgets_values":["sd3/t5xxl_fp8_e4m3fn.safetensors","sd3"]},{"id":30,"type":"CogVideoTextEncode","pos":{"0":490,"1":300},"size":{"0":470,"1":170},"flags":{},"order":6,"mode":0,"inputs":[{"name":"clip","type":"CLIP","link":134,"label":"clip"},{"name":"prompt","type":"STRING","link":135,"widget":{"name":"prompt"},"label":"prompt"}],"outputs":[{"name":"conditioning","type":"CONDITIONING","links":[122],"slot_index":0,"shape":3,"label":"conditioning"}],"properties":{"Node name for S&R":"CogVideoTextEncode"},"widgets_values":["a majestic stag is grazing in an enhanced forest, basking in the setting sun filtered by the trees",1,true,true]},{"id":37,"type":"ImageResizeKJ","pos":{"0":350,"1":760},"size":{"0":315,"1":266},"flags":{},"order":5,"mode":0,"inputs":[{"name":"image","type":"IMAGE","link":71,"label":"image"},{"name":"get_image_size","type":"IMAGE","link":null,"label":"get_image_size"},{"name":"width_input","type":"INT","link":null,"widget":{"name":"width_input"},"label":"width_input"},{"name":"height_input","type":"INT","link":null,"widget":{"name":"height_input"},"label":"height_input"}],"outputs":[{"name":"IMAGE","type":"IMAGE","links":[125],"slot_index":0,"shape":3,"label":"IMAGE"},{"name":"width","type":"INT","links":null,"shape":3,"label":"width"},{"name":"height","type":"INT","links":null,"shape":3,"label":"height"}],"properties":{"Node name for S&R":"ImageResizeKJ"},"widgets_values":[720,480,"lanczos",false,16,0,0,"disabled"]},{"id":36,"type":"LoadImage","pos":{"0":-470,"1":910},"size":{"0":402.06353759765625,"1":396.6225891113281},"flags":{},"order":2,"mode":0,"inputs":[],"outputs":[{"name":"IMAGE","type":"IMAGE","links":[71],"slot_index":0,"shape":3,"label":"IMAGE"},{"name":"MASK","type":"MASK","links":null,"shape":3,"label":"MASK"}],"properties":{"Node name for S&R":"LoadImage"},"widgets_values":["ComfyUI_temp_pofpp_00001_.png","image"]},{"id":58,"type":"CogVideoImageEncode","pos":{"0":1120,"1":570},"size":{"0":410,"1":122},"flags":{},"order":7,"mode":0,"inputs":[{"name":"pipeline","type":"COGVIDEOPIPE","link":124,"label":"pipeline"},{"name":"image","type":"IMAGE","link":125,"label":"image"},{"name":"mask","type":"MASK","link":null,"label":"mask"}],"outputs":[{"name":"samples","type":"LATENT","links":[129],"slot_index":0,"shape":3,"label":"samples"}],"properties":{"Node name for S&R":"CogVideoImageEncode"},"widgets_values":[16,true]},{"id":56,"type":"CogVideoDecode","pos":{"0":1590,"1":120},"size":{"0":300.396484375,"1":198},"flags":{},"order":9,"mode":0,"inputs":[{"name":"pipeline","type":"COGVIDEOPIPE","link":128,"label":"pipeline"},{"name":"samples","type":"LATENT","link":127,"label":"samples"}],"outputs":[{"name":"images","type":"IMAGE","links":[136,138],"slot_index":0,"shape":3,"label":"images"}],"properties":{"Node name for S&R":"CogVideoDecode"},"widgets_values":[false,240,360,0.2,0.2,true]},{"id":57,"type":"CogVideoSampler","pos":{"0":1120,"1":100},"size":{"0":405.5999755859375,"1":378},"flags":{},"order":8,"mode":0,"inputs":[{"name":"pipeline","type":"COGVIDEOPIPE","link":121,"label":"pipeline"},{"name":"positive","type":"CONDITIONING","link":122,"label":"positive"},{"name":"negative","type":"CONDITIONING","link":123,"label":"negative"},{"name":"samples","type":"LATENT","link":null,"label":"samples"},{"name":"image_cond_latents","type":"LATENT","link":129,"label":"image_cond_latents"}],"outputs":[{"name":"cogvideo_pipe","type":"COGVIDEOPIPE","links":[128],"slot_index":0,"shape":3,"label":"cogvideo_pipe"},{"name":"samples","type":"LATENT","links":[127],"shape":3,"label":"samples"}],"properties":{"Node name for S&R":"CogVideoSampler"},"widgets_values":[480,720,49,30,6,65334758276105,"fixed","DPM",16,8,1]},{"id":64,"type":"RIFE VFI","pos":{"0":2000,"1":140},"size":{"0":443.4000244140625,"1":198},"flags":{},"order":10,"mode":0,"inputs":[{"name":"frames","type":"IMAGE","link":136,"label":"frames"},{"name":"optional_interpolation_states","type":"INTERPOLATION_STATES","link":null,"label":"optional_interpolation_states"}],"outputs":[{"name":"IMAGE","type":"IMAGE","links":[137],"slot_index":0,"shape":3,"label":"IMAGE"}],"properties":{"Node name for S&R":"RIFE VFI"},"widgets_values":["rife47.pth",10,2,true,true,1]},{"id":65,"type":"VHS_VideoCombine","pos":{"0":1630,"1":450},"size":[610,720],"flags":{},"order":11,"mode":0,"inputs":[{"name":"images","type":"IMAGE","link":138,"label":"images"},{"name":"audio","type":"AUDIO","link":null,"label":"audio"},{"name":"meta_batch","type":"VHS_BatchManager","link":null,"label":"meta_batch"},{"name":"vae","type":"VAE","link":null,"label":"vae"}],"outputs":[{"name":"Filenames","type":"VHS_FILENAMES","links":null,"shape":3,"label":"Filenames"}],"properties":{"Node name for S&R":"VHS_VideoCombine"},"widgets_values":{"frame_rate":12,"loop_count":0,"filename_prefix":"CogVideoX-I2V-16","format":"video/h264-mp4","pix_fmt":"yuv420p","crf":19,"save_metadata":true,"pingpong":false,"save_output":true,"videopreview":{"hidden":false,"paused":false,"params":{"filename":"CogVideoX-I2V-16_00015.mp4","subfolder":"","type":"output","format":"video/h264-mp4","frame_rate":12},"muted":false}}},{"id":44,"type":"VHS_VideoCombine","pos":{"0":2540,"1":90},"size":[610,720],"flags":{},"order":12,"mode":0,"inputs":[{"name":"images","type":"IMAGE","link":137,"label":"images"},{"name":"audio","type":"AUDIO","link":null,"label":"audio"},{"name":"meta_batch","type":"VHS_BatchManager","link":null,"label":"meta_batch"},{"name":"vae","type":"VAE","link":null,"label":"vae"}],"outputs":[{"name":"Filenames","type":"VHS_FILENAMES","links":null,"shape":3,"label":"Filenames"}],"properties":{"Node name for S&R":"VHS_VideoCombine"},"widgets_values":{"frame_rate":16,"loop_count":0,"filename_prefix":"CogVideoX-I2V-16","format":"video/h264-mp4","pix_fmt":"yuv420p","crf":19,"save_metadata":true,"pingpong":false,"save_output":true,"videopreview":{"hidden":false,"paused":false,"params":{"filename":"CogVideoX-I2V-16_00011.mp4","subfolder":"","type":"output","format":"video/h264-mp4","frame_rate":32},"muted":false}}},{"id":62,"type":"Primitive string multiline [Crystools]","pos":{"0":-120,"1":550},"size":{"0":400,"1":200},"flags":{},"order":3,"mode":0,"inputs":[],"outputs":[{"name":"string","type":"STRING","links":[135],"shape":3,"label":"string"}],"properties":{"Node name for S&R":"Primitive string multiline [Crystools]"},"widgets_values":["A woman is wearing a gray bikini top. The woman has blonde hair that is styled in a braid. There is water behind the woman. With a charming expression, looking at you with temptation",true]},{"id":31,"type":"CogVideoTextEncode","pos":{"0":500,"1":530},"size":{"0":470,"1":130},"flags":{},"order":4,"mode":0,"inputs":[{"name":"clip","type":"CLIP","link":56,"label":"clip"}],"outputs":[{"name":"conditioning","type":"CONDITIONING","links":[123],"slot_index":0,"shape":3,"label":"conditioning"}],"properties":{"Node name for S&R":"CogVideoTextEncode"},"widgets_values":["The video is not of a high quality, it has a low resolution. Watermark present in each frame. Strange motion trajectory. ",1,true,true]}],"links":[[56,20,0,31,0,"CLIP"],[71,36,0,37,0,"IMAGE"],[121,1,0,57,0,"COGVIDEOPIPE"],[122,30,0,57,1,"CONDITIONING"],[123,31,0,57,2,"CONDITIONING"],[124,1,0,58,0,"COGVIDEOPIPE"],[125,37,0,58,1,"IMAGE"],[127,57,1,56,1,"LATENT"],[128,57,0,56,0,"COGVIDEOPIPE"],[129,58,0,57,4,"LATENT"],[134,20,0,30,0,"CLIP"],[135,62,0,30,1,"STRING"],[136,56,0,64,0,"IMAGE"],[137,64,0,44,0,"IMAGE"],[138,56,0,65,0,"IMAGE"]],"groups":[],"config":{},"extra":{"ds":{"scale":0.5445000000000009,"offset":[-454.6124516785153,205.61988669302897]},"workspace_info":{"id":"0vzxEhEL7KhwfGF7EOSvn","saveLock":false,"cloudID":null,"coverMediaPath":null}},"version":0.4}