{"last_node_id":36,"last_link_id":69,"nodes":[{"id":31,"type":"CogVideoTextEncode","pos":{"0":503,"1":521},"size":{"0":463.01251220703125,"1":98.10446166992188},"flags":{},"order":3,"mode":0,"inputs":[{"name":"clip","type":"CLIP","link":56,"label":"CLIP"}],"outputs":[{"name":"conditioning","type":"CONDITIONING","links":[67],"slot_index":0,"shape":3,"label":"条件"}],"properties":{"Node name for S&R":"CogVideoTextEncode"},"widgets_values":["nipple",true]},{"id":11,"type":"CogVideoDecode","pos":{"0":1450,"1":170},"size":{"0":310,"1":198},"flags":{},"order":5,"mode":0,"inputs":[{"name":"pipeline","type":"COGVIDEOPIPE","link":68,"label":"CogVideo"},{"name":"samples","type":"LATENT","link":69,"label":"Latent"}],"outputs":[{"name":"images","type":"IMAGE","links":[51],"slot_index":0,"shape":3,"label":"图像"}],"properties":{"Node name for S&R":"CogVideoDecode"},"widgets_values":[false,96,96,0.083,0.083,true]},{"id":28,"type":"VHS_VideoCombine","pos":{"0":1860,"1":150},"size":[670,760],"flags":{},"order":6,"mode":0,"inputs":[{"name":"images","type":"IMAGE","link":51,"slot_index":0,"label":"图像"},{"name":"audio","type":"VHS_AUDIO","link":null,"label":"音频"},{"name":"meta_batch","type":"VHS_BatchManager","link":null,"label":"批次管理"},{"name":"vae","type":"VAE","link":null}],"outputs":[{"name":"Filenames","type":"VHS_FILENAMES","links":null,"shape":3,"label":"文件名"}],"properties":{"Node name for S&R":"VHS_VideoCombine"},"widgets_values":{"frame_rate":8,"loop_count":0,"filename_prefix":"CogVideoX","format":"video/h264-mp4","pix_fmt":"yuv420p","crf":19,"save_metadata":true,"pingpong":false,"save_output":false,"videopreview":{"hidden":false,"paused":false,"params":{"filename":"CogVideoX_00001.mp4","subfolder":"","type":"temp","format":"video/h264-mp4","frame_rate":8}}}},{"id":20,"type":"CLIPLoader","pos":{"0":-59,"1":397},"size":{"0":451.30548095703125,"1":82},"flags":{},"order":0,"mode":0,"inputs":[],"outputs":[{"name":"CLIP","type":"CLIP","links":[54,56],"slot_index":0,"shape":3,"label":"CLIP"}],"properties":{"Node name for S&R":"CLIPLoader"},"widgets_values":["sd3/t5xxl_fp8_e4m3fn.safetensors","sd3"]},{"id":33,"type":"DownloadAndLoadCogVideoModel","pos":{"0":590,"1":30},"size":{"0":315,"1":154},"flags":{},"order":1,"mode":0,"inputs":[],"outputs":[{"name":"cogvideo_pipe","type":"COGVIDEOPIPE","links":[65],"shape":3,"label":"CogVideo"}],"properties":{"Node name for S&R":"DownloadAndLoadCogVideoModel"},"widgets_values":["THUDM/CogVideoX-5b","bf16",false,"disabled",false]},{"id":36,"type":"CogVideoSampler","pos":{"0":1040,"1":170},"size":{"0":315,"1":358},"flags":{},"order":4,"mode":0,"inputs":[{"name":"pipeline","type":"COGVIDEOPIPE","link":65,"label":"CogVideo"},{"name":"positive","type":"CONDITIONING","link":66,"label":"正面条件"},{"name":"negative","type":"CONDITIONING","link":67,"label":"负面条件"},{"name":"samples","type":"LATENT","link":null,"label":"Latent"}],"outputs":[{"name":"cogvideo_pipe","type":"COGVIDEOPIPE","links":[68],"slot_index":0,"shape":3,"label":"CogVideo"},{"name":"samples","type":"LATENT","links":[69],"slot_index":1,"shape":3,"label":"Latent"}],"properties":{"Node name for S&R":"CogVideoSampler"},"widgets_values":[480,720,30,30,6,1108067881627673,"randomize","DDIM",16,8,1]},{"id":30,"type":"CogVideoTextEncode","pos":{"0":500,"1":308},"size":{"0":474.8450012207031,"1":164.7423553466797},"flags":{},"order":2,"mode":0,"inputs":[{"name":"clip","type":"CLIP","link":54,"label":"CLIP"}],"outputs":[{"name":"conditioning","type":"CONDITIONING","links":[66],"slot_index":0,"shape":3,"label":"条件"}],"properties":{"Node name for S&R":"CogVideoTextEncode"},"widgets_values":["An Asian woman, sitting on an office chair in the office, facing you, wearing revealing professional attire, her chest shaking",true]}],"links":[[51,11,0,28,0,"IMAGE"],[54,20,0,30,0,"CLIP"],[56,20,0,31,0,"CLIP"],[65,33,0,36,0,"COGVIDEOPIPE"],[66,30,0,36,1,"CONDITIONING"],[67,31,0,36,2,"CONDITIONING"],[68,36,0,11,0,"COGVIDEOPIPE"],[69,36,1,11,1,"LATENT"]],"groups":[],"config":{},"extra":{"ds":{"scale":0.45000000000000345,"offset":[745.9072610792714,388.40952710295136]},"workspace_info":{"id":"vfG0JSmp7csJUc6fNPgHo","saveLock":false,"cloudID":null,"coverMediaPath":null}},"version":0.4}