{"last_node_id":152,"last_link_id":252,"nodes":[{"id":88,"type":"Reroute","pos":{"0":160,"1":-120},"size":[75,26],"flags":{},"order":10,"mode":0,"inputs":[{"name":"","type":"*","link":223,"label":""}],"outputs":[{"name":"","type":"CLIP","links":[147,210],"slot_index":0,"label":""}],"properties":{"showOutputText":false,"horizontal":false}},{"id":87,"type":"Reroute","pos":{"0":160,"1":-170},"size":[75,26],"flags":{},"order":9,"mode":0,"inputs":[{"name":"","type":"*","link":224,"label":""}],"outputs":[{"name":"","type":"MODEL","links":[148,227],"slot_index":0,"label":""}],"properties":{"showOutputText":false,"horizontal":false}},{"id":16,"type":"KSamplerSelect","pos":{"0":820,"1":280},"size":{"0":256.2611999511719,"1":58},"flags":{},"order":0,"mode":0,"inputs":[],"outputs":[{"name":"SAMPLER","type":"SAMPLER","links":[172],"slot_index":0,"shape":3,"label":"采样器"}],"properties":{"Node name for S&R":"KSamplerSelect"},"widgets_values":["euler"]},{"id":144,"type":"ImageCompositeMasked","pos":{"0":1607,"1":-460},"size":{"0":315,"1":146},"flags":{},"order":27,"mode":0,"inputs":[{"name":"destination","type":"IMAGE","link":234,"label":"目标图像"},{"name":"source","type":"IMAGE","link":232,"label":"源图像"},{"name":"mask","type":"MASK","link":236,"label":"遮罩","shape":7}],"outputs":[{"name":"IMAGE","type":"IMAGE","links":[235],"slot_index":0,"shape":3,"label":"图像"}],"properties":{"Node name for S&R":"ImageCompositeMasked"},"widgets_values":[0,0,true]},{"id":76,"type":"SaveImage","pos":{"0":1210,"1":300},"size":{"0":367.42144775390625,"1":406.4285888671875},"flags":{},"order":25,"mode":0,"inputs":[{"name":"images","type":"IMAGE","link":127,"label":"图像"}],"outputs":[],"properties":{"Node name for S&R":"SaveImage"},"widgets_values":["pl"]},{"id":149,"type":"PreviewImage","pos":{"0":670,"1":-892},"size":{"0":408.4986267089844,"1":246},"flags":{},"order":21,"mode":0,"inputs":[{"name":"images","type":"IMAGE","link":240,"label":"图像"}],"outputs":[],"properties":{"Node name for S&R":"PreviewImage"},"widgets_values":[]},{"id":134,"type":"MaskToImage","pos":{"0":338,"1":-689},"size":{"0":176.39999389648438,"1":29.597196578979492},"flags":{},"order":16,"mode":0,"inputs":[{"name":"mask","type":"MASK","link":219,"label":"遮罩"}],"outputs":[{"name":"IMAGE","type":"IMAGE","links":[241],"slot_index":0,"shape":3,"label":"图像"}],"properties":{"Node name for S&R":"MaskToImage"},"widgets_values":[]},{"id":111,"type":"ShowText|pysssss","pos":{"0":250,"1":520},"size":{"0":410,"1":220},"flags":{},"order":8,"mode":0,"inputs":[{"name":"text","type":"STRING","link":180,"widget":{"name":"text"},"label":"文本"}],"outputs":[{"name":"STRING","type":"STRING","links":[],"slot_index":0,"shape":6,"label":"字符串"}],"properties":{"Node name for S&R":"ShowText|pysssss"},"widgets_values":["","weav hair"]},{"id":72,"type":"CLIPTextEncodeFlux","pos":{"0":640,"1":-120},"size":{"0":219.3687286376953,"1":108},"flags":{},"order":14,"mode":0,"inputs":[{"name":"clip","type":"CLIP","link":147,"label":"CLIP"},{"name":"t5xxl","type":"STRING","link":199,"widget":{"name":"t5xxl"},"label":"T5XXL"},{"name":"clip_l","type":"STRING","link":200,"widget":{"name":"clip_l"},"label":"CLIP_L"}],"outputs":[{"name":"CONDITIONING","type":"CONDITIONING","links":[208],"slot_index":0,"shape":3,"label":"条件"}],"properties":{"Node name for S&R":"CLIPTextEncodeFlux"},"widgets_values":["","",3.5,true,true]},{"id":35,"type":"StringFunction|pysssss","pos":{"0":230,"1":70},"size":{"0":440,"1":380},"flags":{},"order":1,"mode":0,"inputs":[{"name":"text_c","type":"STRING","link":null,"widget":{"name":"text_c"},"label":"文本_C"}],"outputs":[{"name":"STRING","type":"STRING","links":[180,199,200],"slot_index":0,"shape":3,"label":"字符串"}],"properties":{"Node name for S&R":"StringFunction|pysssss"},"widgets_values":["append","no","weav hair","","","The image depicts a scene from the anime series Dragon Ball Z, with the characters Goku, Elon Musk, and a child version of Gohan sharing a meal of ramen noodles. They are all sitting around a dining table, with Goku and Gohan on one side and Naruto on the other. They are all holding chopsticks and eating the noodles. The table is set with bowls of ramen, cups, and bowls of drinks. The arrangement of the characters and the food creates a sense of camaraderie and shared enjoyment of the meal.",true,true,"weav hair"]},{"id":133,"type":"ControlNetLoader","pos":{"0":1106,"1":-790},"size":{"0":435.60980224609375,"1":100.55636596679688},"flags":{},"order":2,"mode":0,"inputs":[],"outputs":[{"name":"CONTROL_NET","type":"CONTROL_NET","links":[212],"slot_index":0,"shape":3,"label":"ControlNet"}],"properties":{"Node name for S&R":"ControlNetLoader"},"widgets_values":["flux/FLUX-dev-controlnet-inpaint-alpha.safetensors"]},{"id":12,"type":"UNETLoader","pos":{"0":-240,"1":-160},"size":{"0":308.9964904785156,"1":83.4256591796875},"flags":{},"order":3,"mode":0,"inputs":[],"outputs":[{"name":"MODEL","type":"MODEL","links":[224],"slot_index":0,"shape":3,"label":"模型"}],"properties":{"Node name for S&R":"UNETLoader"},"widgets_values":["flux/flux1-dev-fp8.safetensors","fp8_e4m3fn"]},{"id":11,"type":"DualCLIPLoader","pos":{"0":-240,"1":-30},"size":{"0":315,"1":106},"flags":{},"order":4,"mode":0,"inputs":[],"outputs":[{"name":"CLIP","type":"CLIP","links":[223],"slot_index":0,"shape":3,"label":"CLIP"}],"properties":{"Node name for S&R":"DualCLIPLoader"},"widgets_values":["t5xxl_fp8_e4m3fn.safetensors","clip_l.safetensors","flux"]},{"id":10,"type":"VAELoader","pos":{"0":-240,"1":130},"size":{"0":305.9473876953125,"1":68.47245788574219},"flags":{},"order":5,"mode":0,"inputs":[],"outputs":[{"name":"VAE","type":"VAE","links":[150],"slot_index":0,"shape":3,"label":"VAE"}],"properties":{"Node name for S&R":"VAELoader"},"widgets_values":["flux/ae.sft"]},{"id":8,"type":"VAEDecode","pos":{"0":1680,"1":130},"size":{"0":210,"1":46},"flags":{},"order":24,"mode":0,"inputs":[{"name":"samples","type":"LATENT","link":24,"label":"Latent"},{"name":"vae","type":"VAE","link":151,"label":"VAE"}],"outputs":[{"name":"IMAGE","type":"IMAGE","links":[127,225,232],"slot_index":0,"label":"图像"}],"properties":{"Node name for S&R":"VAEDecode"},"widgets_values":[]},{"id":13,"type":"SamplerCustomAdvanced","pos":{"0":1250,"1":110},"size":{"0":266.6016845703125,"1":106},"flags":{},"order":23,"mode":0,"inputs":[{"name":"noise","type":"NOISE","link":174,"slot_index":0,"label":"噪波生成"},{"name":"guider","type":"GUIDER","link":228,"slot_index":1,"label":"引导"},{"name":"sampler","type":"SAMPLER","link":172,"slot_index":2,"label":"采样器"},{"name":"sigmas","type":"SIGMAS","link":20,"slot_index":3,"label":"Sigmas"},{"name":"latent_image","type":"LATENT","link":252,"slot_index":4,"label":"Latent"}],"outputs":[{"name":"output","type":"LATENT","links":[24],"slot_index":0,"shape":3,"label":"输出"},{"name":"denoised_output","type":"LATENT","links":null,"shape":3,"label":"降噪输出"}],"properties":{"Node name for S&R":"SamplerCustomAdvanced"},"widgets_values":[]},{"id":130,"type":"LoadImage","pos":{"0":240,"1":-610},"size":{"0":417.38385009765625,"1":314},"flags":{},"order":6,"mode":0,"inputs":[],"outputs":[{"name":"IMAGE","type":"IMAGE","links":[205,226,234,239,244],"slot_index":0,"shape":3,"label":"图像"},{"name":"MASK","type":"MASK","links":[242,243],"slot_index":1,"shape":3,"label":"遮罩"}],"properties":{"Node name for S&R":"LoadImage"},"widgets_values":["clipspace/clipspace-mask-239858.30000001192.png [input]","image"]},{"id":138,"type":"GrowMaskWithBlur","pos":{"0":720,"1":-570},"size":{"0":315,"1":246},"flags":{},"order":12,"mode":0,"inputs":[{"name":"mask","type":"MASK","link":242,"label":"遮罩"}],"outputs":[{"name":"mask","type":"MASK","links":[218,219,236,245],"slot_index":0,"shape":3,"label":"遮罩"},{"name":"mask_inverted","type":"MASK","links":null,"shape":3,"label":"反转遮罩"}],"properties":{"Node name for S&R":"GrowMaskWithBlur"},"widgets_values":[2,0,false,false,2,1,1,false]},{"id":89,"type":"Reroute","pos":{"0":160,"1":-60},"size":[75,26],"flags":{},"order":11,"mode":0,"inputs":[{"name":"","type":"*","link":150,"label":""}],"outputs":[{"name":"","type":"VAE","links":[151,207,251],"slot_index":0,"label":""}],"properties":{"showOutputText":false,"horizontal":false}},{"id":131,"type":"CLIPTextEncodeFlux","pos":{"0":900,"1":-150},"size":{"0":222.8309326171875,"1":160},"flags":{},"order":15,"mode":0,"inputs":[{"name":"clip","type":"CLIP","link":210,"label":"CLIP"}],"outputs":[{"name":"CONDITIONING","type":"CONDITIONING","links":[209],"slot_index":0,"shape":3,"label":"条件"}],"properties":{"Node name for S&R":"CLIPTextEncodeFlux"},"widgets_values":["","bad,ugly,deformed",3.5,true,true]},{"id":141,"type":"CFGGuider","pos":{"0":1190,"1":-120},"size":{"0":315,"1":98},"flags":{},"order":19,"mode":0,"inputs":[{"name":"model","type":"MODEL","link":227,"label":"模型"},{"name":"positive","type":"CONDITIONING","link":230,"label":"正面条件"},{"name":"negative","type":"CONDITIONING","link":229,"label":"负面条件"}],"outputs":[{"name":"GUIDER","type":"GUIDER","links":[228],"slot_index":0,"shape":3,"label":"引导"}],"properties":{"Node name for S&R":"CFGGuider"},"widgets_values":[3.5]},{"id":128,"type":"ControlNetInpaintingAliMamaApply","pos":{"0":1140,"1":-560},"size":{"0":403.1999816894531,"1":206},"flags":{},"order":17,"mode":0,"inputs":[{"name":"positive","type":"CONDITIONING","link":208,"label":"正面条件"},{"name":"negative","type":"CONDITIONING","link":209,"label":"负面条件"},{"name":"control_net","type":"CONTROL_NET","link":212,"label":"ControlNet"},{"name":"vae","type":"VAE","link":207,"label":"VAE"},{"name":"image","type":"IMAGE","link":205,"label":"图像"},{"name":"mask","type":"MASK","link":218,"label":"遮罩"}],"outputs":[{"name":"positive","type":"CONDITIONING","links":[230,248],"slot_index":0,"shape":3,"label":"正面条件"},{"name":"negative","type":"CONDITIONING","links":[229,249],"slot_index":1,"shape":3,"label":"负面条件"}],"properties":{"Node name for S&R":"ControlNetInpaintingAliMamaApply"},"widgets_values":[0.9,0,1]},{"id":25,"type":"RandomNoise","pos":{"0":830,"1":130},"size":{"0":290.9759216308594,"1":82},"flags":{},"order":7,"mode":0,"inputs":[],"outputs":[{"name":"NOISE","type":"NOISE","links":[174],"shape":3,"label":"噪波生成"}],"properties":{"Node name for S&R":"RandomNoise"},"widgets_values":[478523983163845,"randomize"]},{"id":17,"type":"BasicScheduler","pos":{"0":800,"1":400},"size":{"0":315,"1":106},"flags":{},"order":13,"mode":0,"inputs":[{"name":"model","type":"MODEL","link":148,"slot_index":0,"label":"模型"}],"outputs":[{"name":"SIGMAS","type":"SIGMAS","links":[20],"shape":3,"label":"Sigmas"}],"properties":{"Node name for S&R":"BasicScheduler"},"widgets_values":["normal",8,1]},{"id":140,"type":"Image Comparer (rgthree)","pos":{"0":1620,"1":290},"size":{"0":357.58453369140625,"1":424.3191223144531},"flags":{},"order":26,"mode":0,"inputs":[{"name":"image_a","type":"IMAGE","link":225,"dir":3,"label":"图像_A"},{"name":"image_b","type":"IMAGE","link":226,"dir":3,"label":"图像_B"}],"outputs":[],"properties":{"comparer_mode":"Slide"},"widgets_values":[[{"name":"A","selected":true,"url":"/api/view?filename=rgthree.compare._temp_vijce_00005_.png&type=temp&subfolder=&rand=0.813215934156692"},{"name":"B","selected":true,"url":"/api/view?filename=rgthree.compare._temp_vijce_00006_.png&type=temp&subfolder=&rand=0.932532453245468"}]]},{"id":145,"type":"PreviewImage","pos":{"0":2070,"1":280},"size":{"0":434.4592590332031,"1":423.6662292480469},"flags":{},"order":28,"mode":0,"inputs":[{"name":"images","type":"IMAGE","link":235,"label":"图像"}],"outputs":[],"properties":{"Node name for S&R":"PreviewImage"},"widgets_values":[]},{"id":148,"type":"ImageCompositeMasked","pos":{"0":280,"1":-880},"size":{"0":315,"1":146},"flags":{},"order":18,"mode":0,"inputs":[{"name":"destination","type":"IMAGE","link":239,"label":"目标图像"},{"name":"source","type":"IMAGE","link":241,"label":"源图像"},{"name":"mask","type":"MASK","link":243,"label":"遮罩","shape":7}],"outputs":[{"name":"IMAGE","type":"IMAGE","links":[240,250],"slot_index":0,"shape":3,"label":"图像"}],"properties":{"Node name for S&R":"ImageCompositeMasked"},"widgets_values":[0,0,false]},{"id":151,"type":"INPAINT_VAEEncodeInpaintConditioning","pos":{"0":820,"1":590},"size":{"0":292.20001220703125,"1":106},"flags":{},"order":20,"mode":0,"inputs":[{"name":"positive","type":"CONDITIONING","link":248,"label":"正面条件"},{"name":"negative","type":"CONDITIONING","link":249,"label":"负面条件"},{"name":"vae","type":"VAE","link":null,"label":"VAE"},{"name":"pixels","type":"IMAGE","link":244,"label":"图像"},{"name":"mask","type":"MASK","link":245,"label":"遮罩"}],"outputs":[{"name":"positive","type":"CONDITIONING","links":null,"label":"正面条件"},{"name":"negative","type":"CONDITIONING","links":null,"label":"负面条件"},{"name":"latent_inpaint","type":"LATENT","links":[],"label":"局部重绘Latent","slot_index":2},{"name":"latent_samples","type":"LATENT","links":null,"label":"采样Latent"}],"properties":{"Node name for S&R":"INPAINT_VAEEncodeInpaintConditioning"}},{"id":152,"type":"VAEEncode","pos":{"0":890,"1":800},"size":{"0":210,"1":46},"flags":{},"order":22,"mode":0,"inputs":[{"name":"pixels","type":"IMAGE","link":250,"label":"图像"},{"name":"vae","type":"VAE","link":251,"label":"VAE"}],"outputs":[{"name":"LATENT","type":"LATENT","links":[252],"label":"Latent","slot_index":0}],"properties":{"Node name for S&R":"VAEEncode"}}],"links":[[20,17,0,13,3,"SIGMAS"],[24,13,0,8,0,"LATENT"],[127,8,0,76,0,"IMAGE"],[147,88,0,72,0,"CLIP"],[148,87,0,17,0,"MODEL"],[150,10,0,89,0,"*"],[151,89,0,8,1,"VAE"],[172,16,0,13,2,"SAMPLER"],[174,25,0,13,0,"NOISE"],[180,35,0,111,0,"STRING"],[199,35,0,72,1,"STRING"],[200,35,0,72,2,"STRING"],[205,130,0,128,4,"IMAGE"],[207,89,0,128,3,"VAE"],[208,72,0,128,0,"CONDITIONING"],[209,131,0,128,1,"CONDITIONING"],[210,88,0,131,0,"CLIP"],[212,133,0,128,2,"CONTROL_NET"],[218,138,0,128,5,"MASK"],[219,138,0,134,0,"MASK"],[223,11,0,88,0,"*"],[224,12,0,87,0,"*"],[225,8,0,140,0,"IMAGE"],[226,130,0,140,1,"IMAGE"],[227,87,0,141,0,"MODEL"],[228,141,0,13,1,"GUIDER"],[229,128,1,141,2,"CONDITIONING"],[230,128,0,141,1,"CONDITIONING"],[232,8,0,144,1,"IMAGE"],[234,130,0,144,0,"IMAGE"],[235,144,0,145,0,"IMAGE"],[236,138,0,144,2,"MASK"],[239,130,0,148,0,"IMAGE"],[240,148,0,149,0,"IMAGE"],[241,134,0,148,1,"IMAGE"],[242,130,1,138,0,"MASK"],[243,130,1,148,2,"MASK"],[244,130,0,151,3,"IMAGE"],[245,138,0,151,4,"MASK"],[248,128,0,151,0,"CONDITIONING"],[249,128,1,151,1,"CONDITIONING"],[250,148,0,152,0,"IMAGE"],[251,89,0,152,1,"VAE"],[252,152,0,13,4,"LATENT"]],"groups":[{"title":"Load Model","bounding":[-260,-250,365,491],"color":"#3f789e","font_size":24,"flags":{}},{"title":"FLUX-Text2Image","bounding":[150,-240,1747,989],"color":"#3f789e","font_size":24,"flags":{}},{"title":"AliMama Inpainting","bounding":[214,-963,1341,687],"color":"#3f789e","font_size":24,"flags":{}}],"config":{},"extra":{"ds":{"scale":1.0610764609500036,"offset":[-713.8950843888409,259.53372365702904]},"workspace_info":{"id":"sSr80zkRsolLQHBh3oFSe","saveLock":false,"cloudID":null,"coverMediaPath":null},"0246.VERSION":[0,0,4]},"version":0.4}