{"last_node_id":639,"last_link_id":1253,"nodes":[{"id":589,"type":"ImageToMask","pos":[-1840,-610],"size":{"0":315,"1":58},"flags":{},"order":10,"mode":0,"inputs":[{"name":"image","type":"IMAGE","link":1142,"label":"图像"}],"outputs":[{"name":"MASK","type":"MASK","links":[1188],"shape":3,"label":"遮罩","slot_index":0}],"properties":{"Node name for S&R":"ImageToMask"},"widgets_values":["red"]},{"id":618,"type":"PreviewImage","pos":[1430,-1470],"size":{"0":610,"1":820},"flags":{},"order":28,"mode":0,"inputs":[{"name":"images","type":"IMAGE","link":1223,"label":"图像"}],"properties":{"Node name for S&R":"PreviewImage"}},{"id":611,"type":"Reroute","pos":[-850,-590],"size":[75,26],"flags":{},"order":13,"mode":0,"inputs":[{"name":"","type":"*","link":1188}],"outputs":[{"name":"MASK","type":"MASK","links":[1184,1232],"slot_index":0}],"properties":{"showOutputText":true,"horizontal":false}},{"id":623,"type":"List of strings [Crystools]","pos":[-1340,-60],"size":{"0":320,"1":270},"flags":{},"order":12,"mode":0,"inputs":[{"name":"string_1","type":"STRING","link":1212,"widget":{"name":"string_1"},"label":"字符串_1","slot_index":0},{"name":"string_2","type":"STRING","link":1213,"widget":{"name":"string_2"},"label":"字符串_2"},{"name":"string_3","type":"STRING","link":1214,"widget":{"name":"string_3"},"label":"字符串_3"}],"outputs":[{"name":"concatenated","type":"STRING","links":[1215],"shape":3,"label":"字符串合并","slot_index":0},{"name":"list_string","type":"ListString","links":null,"shape":6,"label":"字符串列表"}],"properties":{"Node name for S&R":"List of strings [Crystools]"},"widgets_values":["","","","","","","","",","]},{"id":565,"type":"INPAINT_VAEEncodeInpaintConditioning","pos":[430,-450],"size":{"0":292.20001220703125,"1":106},"flags":{},"order":18,"mode":0,"inputs":[{"name":"positive","type":"CONDITIONING","link":1018,"label":"正面条件"},{"name":"negative","type":"CONDITIONING","link":1019,"label":"负面条件"},{"name":"vae","type":"VAE","link":1020,"label":"VAE"},{"name":"pixels","type":"IMAGE","link":1237,"label":"图像"},{"name":"mask","type":"MASK","link":1184,"label":"遮罩"}],"outputs":[{"name":"positive","type":"CONDITIONING","links":[1192],"shape":3,"label":"正面条件","slot_index":0},{"name":"negative","type":"CONDITIONING","links":[1193],"shape":3,"label":"负面条件","slot_index":1},{"name":"latent_inpaint","type":"LATENT","links":[1093],"shape":3,"label":"局部重绘Latent","slot_index":2},{"name":"latent_samples","type":"LATENT","links":[1195],"shape":3,"label":"采样Latent","slot_index":3}],"properties":{"Node name for S&R":"INPAINT_VAEEncodeInpaintConditioning"}},{"id":573,"type":"INPAINT_LoadFooocusInpaint","pos":[430,-130],"size":{"0":315,"1":82},"flags":{},"order":0,"mode":0,"outputs":[{"name":"INPAINT_PATCH","type":"INPAINT_PATCH","links":[1060],"shape":3,"label":"局部重绘组件","slot_index":0}],"properties":{"Node name for S&R":"INPAINT_LoadFooocusInpaint"},"widgets_values":["fooocus/fooocus_inpaint_head.pth","fooocus/inpaint_v26.fooocus.patch"]},{"id":626,"type":"Primitive string multiline [Crystools]","pos":[-1790,370],"size":{"0":380,"1":180},"flags":{},"order":1,"mode":0,"outputs":[{"name":"string","type":"STRING","links":[1214],"shape":3,"label":"字符串","slot_index":0}],"properties":{"Node name for S&R":"Primitive string multiline [Crystools]"},"widgets_values":["flawless,clean,masterpiece,professional artwork,famous artwork,,best quantity,"]},{"id":619,"type":"Reroute","pos":[1170,-570],"size":[75,26],"flags":{},"order":22,"mode":0,"inputs":[{"name":"","type":"*","link":1210}],"outputs":[{"name":"","type":"IMAGE","links":[1204,1242,1243],"slot_index":0}],"properties":{"showOutputText":false,"horizontal":false}},{"id":635,"type":"Get resolution [Crystools]","pos":[1440,-210],"size":{"0":210,"1":100},"flags":{},"order":24,"mode":0,"inputs":[{"name":"image","type":"IMAGE","link":1243,"label":"图像"}],"outputs":[{"name":"width","type":"INT","links":[1240],"shape":3,"label":"宽度","slot_index":0},{"name":"height","type":"INT","links":null,"shape":3,"label":"高度"}],"properties":{"Node name for S&R":"Get resolution [Crystools]"}},{"id":203,"type":"PreviewImage","pos":[60,-1490],"size":{"0":609.5321655273438,"1":841.2855224609375},"flags":{},"order":23,"mode":0,"inputs":[{"name":"images","type":"IMAGE","link":1204,"label":"图像"}],"properties":{"Node name for S&R":"PreviewImage"}},{"id":630,"type":"Film Grain","pos":[1790,-470],"size":{"0":315,"1":178},"flags":{},"order":26,"mode":0,"inputs":[{"name":"image","type":"IMAGE","link":1244,"label":"image"}],"outputs":[{"name":"IMAGE","type":"IMAGE","links":[1223],"shape":3,"label":"IMAGE","slot_index":0}],"properties":{"Node name for S&R":"Film Grain"},"widgets_values":[0.3,0.3,0.7,0,256570868641579,"randomize"]},{"id":603,"type":"Reroute","pos":[-750,-620],"size":[82,26],"flags":{},"order":9,"mode":0,"inputs":[{"name":"","type":"*","link":1167}],"outputs":[{"name":"IMAGE","type":"IMAGE","links":[1231],"slot_index":0}],"properties":{"showOutputText":true,"horizontal":false}},{"id":480,"type":"Image Comparer (rgthree)","pos":{"0":720,"1":-1480,"2":0,"3":0,"4":0,"5":0,"6":0,"7":0,"8":0,"9":0},"size":{"0":651.1187744140625,"1":817.9651489257812},"flags":{},"order":27,"mode":0,"inputs":[{"name":"image_a","type":"IMAGE","link":1245,"label":"图像_A","dir":3},{"name":"image_b","type":"IMAGE","link":1125,"label":"图像_B","dir":3}],"outputs":[],"properties":{"comparer_mode":"Slide"},"widgets_values":[["/view?filename=rgthree.compare._temp_zrydl_00007_.png&type=temp&subfolder=&rand=0.35156667223403026","/view?filename=rgthree.compare._temp_zrydl_00008_.png&type=temp&subfolder=&rand=0.9902764315709829"]]},{"id":634,"type":"CR Upscale Image","pos":[1390,-480],"size":{"0":320,"1":220},"flags":{},"order":25,"mode":0,"inputs":[{"name":"image","type":"IMAGE","link":1242,"label":"图像"},{"name":"resize_width","type":"INT","link":1240,"widget":{"name":"resize_width"},"label":"拉伸宽度"}],"outputs":[{"name":"IMAGE","type":"IMAGE","links":[1244,1245],"shape":3,"label":"图像","slot_index":0},{"name":"show_help","type":"STRING","links":null,"shape":3}],"properties":{"Node name for S&R":"CR Upscale Image"},"widgets_values":["RealESRGAN/RealESRGAN_x4plus.pth","rescale",1,1024,"bilinear","true",8]},{"id":632,"type":"INPAINT_VAEEncodeInpaintConditioning","pos":[-490,-220],"size":{"0":292.20001220703125,"1":106},"flags":{},"order":15,"mode":0,"inputs":[{"name":"positive","type":"CONDITIONING","link":1230,"label":"正面条件"},{"name":"negative","type":"CONDITIONING","link":1229,"label":"负面条件"},{"name":"vae","type":"VAE","link":1228,"label":"VAE"},{"name":"pixels","type":"IMAGE","link":1231,"label":"图像"},{"name":"mask","type":"MASK","link":1232,"label":"遮罩"}],"outputs":[{"name":"positive","type":"CONDITIONING","links":[1233],"shape":3,"label":"正面条件","slot_index":0},{"name":"negative","type":"CONDITIONING","links":[1234],"shape":3,"label":"负面条件","slot_index":1},{"name":"latent_inpaint","type":"LATENT","links":[],"shape":3,"label":"局部重绘Latent","slot_index":2},{"name":"latent_samples","type":"LATENT","links":[1250],"shape":3,"label":"采样Latent","slot_index":3}],"properties":{"Node name for S&R":"INPAINT_VAEEncodeInpaintConditioning"}},{"id":588,"type":"LoadImage","pos":[-1460,-960],"size":[320,310],"flags":{},"order":2,"mode":0,"outputs":[{"name":"IMAGE","type":"IMAGE","links":[1125,1167,1249],"shape":3,"label":"图像","slot_index":0},{"name":"MASK","type":"MASK","links":[],"shape":3,"label":"遮罩","slot_index":1}],"properties":{"Node name for S&R":"LoadImage"},"widgets_values":["13_Private_Jet_pose.jpg","image"]},{"id":587,"type":"LoadImage","pos":[-1860,-970],"size":[320,310],"flags":{},"order":3,"mode":0,"outputs":[{"name":"IMAGE","type":"IMAGE","links":[1142],"shape":3,"label":"图像","slot_index":0},{"name":"MASK","type":"MASK","links":null,"shape":3,"label":"遮罩","slot_index":1}],"properties":{"Node name for S&R":"LoadImage"},"widgets_values":["13_Private_Jet_mask.jpg","image"]},{"id":586,"type":"LoadImage","pos":[-2300,-960],"size":[320,310],"flags":{},"order":4,"mode":0,"outputs":[{"name":"IMAGE","type":"IMAGE","links":[1120],"shape":3,"label":"图像","slot_index":0},{"name":"MASK","type":"MASK","links":null,"shape":3,"label":"遮罩"}],"properties":{"Node name for S&R":"LoadImage"},"widgets_values":["13_Private_Jet_depth.png","image"]},{"id":585,"type":"LoadImage","pos":[-2710,-960],"size":[320,310],"flags":{},"order":5,"mode":0,"outputs":[{"name":"IMAGE","type":"IMAGE","links":[1119],"shape":3,"label":"图像","slot_index":0},{"name":"MASK","type":"MASK","links":null,"shape":3,"label":"遮罩"}],"properties":{"Node name for S&R":"LoadImage"},"widgets_values":["13_Private_Jet_canny.png","image"]},{"id":625,"type":"Primitive string multiline [Crystools]","pos":[-1790,180],"size":{"0":380,"1":140},"flags":{},"order":6,"mode":0,"outputs":[{"name":"string","type":"STRING","links":[1213],"shape":3,"label":"字符串","slot_index":0}],"properties":{"Node name for S&R":"Primitive string multiline [Crystools]"},"widgets_values":["(naked:1.2),(without any cloth:1.5),(without cloth:1.2),detailed skin,perfect eyes,detail Face,highly detailed face and skin texture,ultra-realistic skin details"]},{"id":615,"type":"Fooocus_KSamplerEfficient","pos":[900,-470],"size":{"0":350,"1":590},"flags":{},"order":21,"mode":0,"inputs":[{"name":"model","type":"MODEL","link":1253,"label":"model"},{"name":"positive","type":"CONDITIONING","link":1192,"label":"positive"},{"name":"negative","type":"CONDITIONING","link":1193,"label":"negative"},{"name":"latent_image","type":"LATENT","link":1195,"label":"latent_image"},{"name":"optional_vae","type":"VAE","link":1208,"label":"optional_vae"},{"name":"script","type":"SCRIPT","link":null,"label":"script"}],"outputs":[{"name":"MODEL","type":"MODEL","links":null,"shape":3,"label":"MODEL"},{"name":"CONDITIONING+","type":"CONDITIONING","links":null,"shape":3,"label":"CONDITIONING+"},{"name":"CONDITIONING-","type":"CONDITIONING","links":null,"shape":3,"label":"CONDITIONING-"},{"name":"LATENT","type":"LATENT","links":[],"shape":3,"label":"LATENT","slot_index":3},{"name":"VAE","type":"VAE","links":null,"shape":3,"label":"VAE"},{"name":"IMAGE","type":"IMAGE","links":[1210],"shape":3,"label":"IMAGE","slot_index":5}],"properties":{"Node name for S&R":"Fooocus_KSamplerEfficient"},"widgets_values":[704846850317187,"randomize",8,2,"dpmpp_sde","karras",0.2,"none","true (tiled)",2]},{"id":624,"type":"Primitive string multiline [Crystools]","pos":[-1770,30],"size":{"0":360,"1":90},"flags":{},"order":7,"mode":0,"outputs":[{"name":"string","type":"STRING","links":[1212],"shape":3,"label":"字符串"}],"properties":{"Node name for S&R":"Primitive string multiline [Crystools]"},"widgets_values":["a female,smile"]},{"id":637,"type":"Image Comparer (rgthree)","pos":{"0":-700,"1":-1490,"2":0,"3":0,"4":0,"5":0,"6":0,"7":0,"8":0,"9":0},"size":{"0":730,"1":840},"flags":{},"order":19,"mode":0,"inputs":[{"name":"image_a","type":"IMAGE","link":1248,"label":"图像_A","dir":3},{"name":"image_b","type":"IMAGE","link":1249,"label":"图像_B","dir":3}],"outputs":[],"properties":{"comparer_mode":"Slide"},"widgets_values":[["/view?filename=rgthree.compare._temp_pdeve_00019_.png&type=temp&subfolder=&rand=0.3029511978882613","/view?filename=rgthree.compare._temp_pdeve_00020_.png&type=temp&subfolder=&rand=0.7924705925732212"]]},{"id":631,"type":"KSampler (Efficient)","pos":[-80,-460],"size":[330,560],"flags":{},"order":17,"mode":0,"inputs":[{"name":"model","type":"MODEL","link":1252,"label":"模型"},{"name":"positive","type":"CONDITIONING","link":1233,"label":"正面条件"},{"name":"negative","type":"CONDITIONING","link":1234,"label":"负面条件"},{"name":"latent_image","type":"LATENT","link":1251,"label":"Latent"},{"name":"optional_vae","type":"VAE","link":1239,"label":"VAE(可选)"},{"name":"script","type":"SCRIPT","link":null,"label":"脚本"}],"outputs":[{"name":"MODEL","type":"MODEL","links":null,"shape":3,"label":"模型"},{"name":"CONDITIONING+","type":"CONDITIONING","links":null,"shape":3,"label":"正面条件"},{"name":"CONDITIONING-","type":"CONDITIONING","links":null,"shape":3,"label":"负面条件"},{"name":"LATENT","type":"LATENT","links":null,"shape":3,"label":"Latent"},{"name":"VAE","type":"VAE","links":null,"shape":3,"label":"VAE"},{"name":"IMAGE","type":"IMAGE","links":[1237,1248],"shape":3,"label":"图像","slot_index":5}],"properties":{"Node name for S&R":"KSampler (Efficient)"},"widgets_values":[469393087808373,null,7,2,"dpmpp_sde","karras",0.9,"auto","true"],"color":"#222233","bgcolor":"#333355","shape":1},{"id":350,"type":"Efficient Loader","pos":[-930,-480],"size":{"0":340,"1":460},"flags":{},"order":14,"mode":0,"inputs":[{"name":"lora_stack","type":"LORA_STACK","link":1118,"label":"LoRA堆","slot_index":0},{"name":"cnet_stack","type":"CONTROL_NET_STACK","link":636,"label":"ControlNet堆","slot_index":1},{"name":"positive","type":"STRING","link":1215,"widget":{"name":"positive"},"label":"正面条件"}],"outputs":[{"name":"MODEL","type":"MODEL","links":[1061,1252],"shape":3,"label":"模型","slot_index":0},{"name":"CONDITIONING+","type":"CONDITIONING","links":[1018,1230],"shape":3,"label":"正面条件","slot_index":1},{"name":"CONDITIONING-","type":"CONDITIONING","links":[1019,1229],"shape":3,"label":"负面条件","slot_index":2},{"name":"LATENT","type":"LATENT","links":[],"shape":3,"label":"Latent","slot_index":3},{"name":"VAE","type":"VAE","links":[1020,1208,1228,1239],"shape":3,"label":"VAE","slot_index":4},{"name":"CLIP","type":"CLIP","links":[],"shape":3,"label":"CLIP","slot_index":5},{"name":"DEPENDENCIES","type":"DEPENDENCIES","links":[],"shape":3,"label":"依赖","slot_index":6}],"properties":{"Node name for S&R":"Efficient Loader"},"widgets_values":["sdxl/dreamshaperXL_v21TurboDPMSDE.safetensors","Baked VAE",-1,"None",1.3,1,"a female,vividly,skin_texture,Vivid,light and shadow of details, beautiful face,headshot,,best quality,highres,bright,Ultra clear details","embedding:negativeXL_D.safetensors,cloth, NSFW, worst quality, normal quality, low quality, low res, blurry, text, watermark, logo, banner, extra digits, cropped, jpeg artifacts, signature, username, error, sketch, duplicate, ugly, monochrome, horror, geometry, mutation, disgusting ","mean","comfy",512,512,1],"color":"#332233","bgcolor":"#553355","shape":1},{"id":446,"type":"CR Multi-ControlNet Stack","pos":[-1860,-470],"size":{"0":418.1999816894531,"1":454},"flags":{},"order":11,"mode":0,"inputs":[{"name":"image_1","type":"IMAGE","link":1119,"label":"图像1"},{"name":"image_2","type":"IMAGE","link":1120,"label":"图像2"},{"name":"image_3","type":"IMAGE","link":null,"label":"图像3"},{"name":"controlnet_stack","type":"CONTROL_NET_STACK","link":null,"label":"ControlNet堆"}],"outputs":[{"name":"CONTROLNET_STACK","type":"CONTROL_NET_STACK","links":[636],"shape":3,"label":"ControlNet堆"},{"name":"show_help","type":"STRING","links":null,"shape":3}],"properties":{"Node name for S&R":"CR Multi-ControlNet Stack"},"widgets_values":["On","diffusers_xl_canny_small.safetensors",0.6,0,1,"On","diffusers_xl_depth_small.safetensors",0.6,0,1,"Off","None",1,0,1]},{"id":584,"type":"CR LoRA Stack","pos":[-1340,-480],"size":{"0":315,"1":342},"flags":{},"order":8,"mode":0,"inputs":[{"name":"lora_stack","type":"LORA_STACK","link":null,"label":"LoRA堆"}],"outputs":[{"name":"LORA_STACK","type":"LORA_STACK","links":[1118],"shape":3},{"name":"show_help","type":"STRING","links":null,"shape":3}],"properties":{"Node name for S&R":"CR LoRA Stack"},"widgets_values":["On","train_lora/prod_lora/20240707/20240707135505_707fcea9b7f84a3d885fa661afec2938/spmf_4_r_2024070713/spmf_4_r_2024070713.safetensors",1,1,"On","sdxl/AnalogRedmondV2-Analog-AnalogRedmAF.safetensors",0.6,1,"Off","None",1,1]},{"id":638,"type":"RepeatLatentBatch","pos":[-510,-20],"size":{"0":315,"1":58},"flags":{},"order":16,"mode":0,"inputs":[{"name":"samples","type":"LATENT","link":1250,"label":"Latent"}],"outputs":[{"name":"LATENT","type":"LATENT","links":[1251],"shape":3,"label":"Latent","slot_index":0}],"properties":{"Node name for S&R":"RepeatLatentBatch"},"widgets_values":[1]},{"id":574,"type":"INPAINT_ApplyFooocusInpaint","pos":[480,-270],"size":{"0":210,"1":66},"flags":{},"order":20,"mode":0,"inputs":[{"name":"model","type":"MODEL","link":1061,"label":"模型"},{"name":"patch","type":"INPAINT_PATCH","link":1060,"label":"局部重绘组件"},{"name":"latent","type":"LATENT","link":1093,"label":"Latent"}],"outputs":[{"name":"MODEL","type":"MODEL","links":[1253],"shape":3,"label":"模型","slot_index":0}],"properties":{"Node name for S&R":"INPAINT_ApplyFooocusInpaint"}}],"links":[[636,446,0,350,1,"CONTROL_NET_STACK"],[1018,350,1,565,0,"CONDITIONING"],[1019,350,2,565,1,"CONDITIONING"],[1020,350,4,565,2,"VAE"],[1060,573,0,574,1,"INPAINT_PATCH"],[1061,350,0,574,0,"MODEL"],[1093,565,2,574,2,"LATENT"],[1118,584,0,350,0,"LORA_STACK"],[1119,585,0,446,0,"IMAGE"],[1120,586,0,446,1,"IMAGE"],[1125,588,0,480,1,"IMAGE"],[1142,587,0,589,0,"IMAGE"],[1167,588,0,603,0,"*"],[1184,611,0,565,4,"MASK"],[1188,589,0,611,0,"*"],[1192,565,0,615,1,"CONDITIONING"],[1193,565,1,615,2,"CONDITIONING"],[1195,565,3,615,3,"LATENT"],[1204,619,0,203,0,"IMAGE"],[1208,350,4,615,4,"VAE"],[1210,615,5,619,0,"*"],[1212,624,0,623,0,"STRING"],[1213,625,0,623,1,"STRING"],[1214,626,0,623,2,"STRING"],[1215,623,0,350,2,"STRING"],[1223,630,0,618,0,"IMAGE"],[1228,350,4,632,2,"VAE"],[1229,350,2,632,1,"CONDITIONING"],[1230,350,1,632,0,"CONDITIONING"],[1231,603,0,632,3,"IMAGE"],[1232,611,0,632,4,"MASK"],[1233,632,0,631,1,"CONDITIONING"],[1234,632,1,631,2,"CONDITIONING"],[1237,631,5,565,3,"IMAGE"],[1239,350,4,631,4,"VAE"],[1240,635,0,634,1,"INT"],[1242,619,0,634,0,"IMAGE"],[1243,619,0,635,0,"IMAGE"],[1244,634,0,630,0,"IMAGE"],[1245,634,0,480,0,"IMAGE"],[1248,631,5,637,0,"IMAGE"],[1249,588,0,637,1,"IMAGE"],[1250,632,3,638,0,"LATENT"],[1251,638,0,631,3,"LATENT"],[1252,350,0,631,0,"MODEL"],[1253,574,0,615,0,"MODEL"]],"groups":[],"config":{},"extra":{"ds":{"scale":0.7972024500000005,"offset":{"0":978.9008730392209,"1":757.9969014030629}},"groupNodes":{},"workspace_info":{"id":"JgnSWgAf70W5Yihls-egy","saveLock":false,"cloudID":null,"coverMediaPath":null}},"version":0.4}