{"last_node_id":25,"last_link_id":39,"nodes":[{"id":23,"type":"Image Comparer (rgthree)","pos":{"0":600,"1":0},"size":{"0":490,"1":440},"flags":{},"order":7,"mode":0,"inputs":[{"name":"image_a","type":"IMAGE","link":24,"label":"图像_A","dir":3},{"name":"image_b","type":"IMAGE","link":25,"label":"图像_B","dir":3}],"outputs":[],"properties":{"comparer_mode":"Slide"},"widgets_values":[[{"name":"A","selected":true,"url":"/api/view?filename=rgthree.compare._temp_obvne_00001_.png&type=temp&subfolder=&rand=0.8829579400390244"},{"name":"B","selected":true,"url":"/api/view?filename=rgthree.compare._temp_obvne_00002_.png&type=temp&subfolder=&rand=0.7836442064514677"}]]},{"id":24,"type":"PreviewImage","pos":{"0":610,"1":540},"size":{"0":320,"1":430},"flags":{},"order":8,"mode":0,"inputs":[{"name":"images","type":"IMAGE","link":26,"label":"图像"}],"outputs":[],"properties":{"Node name for S&R":"PreviewImage"},"widgets_values":[]},{"id":11,"type":"ReActorFaceSwap","pos":{"0":250,"1":40},"size":{"0":315,"1":382},"flags":{},"order":6,"mode":0,"inputs":[{"name":"input_image","type":"IMAGE","link":11,"label":"目标图像"},{"name":"source_image","type":"IMAGE","link":null,"shape":7,"label":"源图像"},{"name":"face_model","type":"FACE_MODEL","link":15,"shape":7,"label":"面部模型"},{"name":"face_boost","type":"FACE_BOOST","link":null,"shape":7,"label":"面部增强"}],"outputs":[{"name":"IMAGE","type":"IMAGE","links":[24,26,27],"slot_index":0,"label":"图像"},{"name":"FACE_MODEL","type":"FACE_MODEL","links":[],"slot_index":1,"label":"面部模型"}],"properties":{"Node name for S&R":"ReActorFaceSwap"},"widgets_values":[true,"inswapper_128.onnx","retinaface_resnet50","GFPGANv1.4.pth",1,0.5,"no","no","0","0",1,1]},{"id":16,"type":"ReActorBuildFaceModel","pos":{"0":-100,"1":100},"size":{"0":315,"1":174},"flags":{},"order":5,"mode":0,"inputs":[{"name":"images","type":"IMAGE","link":39,"shape":7,"label":"图像"},{"name":"face_models","type":"FACE_MODEL","link":null,"shape":7}],"outputs":[{"name":"FACE_MODEL","type":"FACE_MODEL","links":[15]}],"properties":{"Node name for S&R":"ReActorBuildFaceModel"},"widgets_values":[false,false,"default","Mean",1]},{"id":19,"type":"LoadImage","pos":{"0":-30,"1":860},"size":[320,310],"flags":{},"order":0,"mode":0,"inputs":[],"outputs":[{"name":"IMAGE","type":"IMAGE","links":[36],"label":"图像","slot_index":0},{"name":"MASK","type":"MASK","links":null,"label":"遮罩"}],"properties":{"Node name for S&R":"LoadImage"},"widgets_values":["4633f078b4136ac06eeb3ab13d8c946d.jpg","image"]},{"id":18,"type":"LoadImage","pos":{"0":-380,"1":870},"size":[320,310],"flags":{},"order":1,"mode":0,"inputs":[],"outputs":[{"name":"IMAGE","type":"IMAGE","links":[20],"label":"图像","slot_index":0},{"name":"MASK","type":"MASK","links":null,"label":"遮罩"}],"properties":{"Node name for S&R":"LoadImage"},"widgets_values":["6852aef6d86a8104f305b5f4eb60e15d.jpg","image"]},{"id":22,"type":"ImageBatchMulti","pos":{"0":-340,"1":540},"size":[280,180],"flags":{},"order":4,"mode":0,"inputs":[{"name":"image_1","type":"IMAGE","link":20,"label":"图像_1"},{"name":"image_2","type":"IMAGE","link":35,"label":"图像_2"},{"name":"image_3","type":"IMAGE","link":36,"label":"图像_3"}],"outputs":[{"name":"images","type":"IMAGE","links":[],"slot_index":0,"label":"图像"}],"properties":{},"widgets_values":[3,null]},{"id":13,"type":"LoadImage","pos":{"0":-480,"1":110},"size":[320,310],"flags":{},"order":2,"mode":0,"inputs":[],"outputs":[{"name":"IMAGE","type":"IMAGE","links":[11,25],"slot_index":0,"label":"图像"},{"name":"MASK","type":"MASK","links":null,"slot_index":1,"label":"遮罩"}],"properties":{"Node name for S&R":"LoadImage"},"widgets_values":["底图2.png","image"]},{"id":12,"type":"LoadImage","pos":{"0":0,"1":540},"size":[330,310],"flags":{},"order":3,"mode":0,"inputs":[],"outputs":[{"name":"IMAGE","type":"IMAGE","links":[35,39],"slot_index":0,"label":"图像"},{"name":"MASK","type":"MASK","links":null,"label":"遮罩"}],"properties":{"Node name for S&R":"LoadImage"},"widgets_values":["WechatIMG179.jpg","image"]},{"id":25,"type":"SaveImage","pos":{"0":950,"1":540},"size":{"0":460,"1":530},"flags":{},"order":9,"mode":0,"inputs":[{"name":"images","type":"IMAGE","link":27,"label":"图像"}],"outputs":[],"properties":{"Node name for S&R":"SaveImage"},"widgets_values":["ComfyUI"]}],"links":[[11,13,0,11,0,"IMAGE"],[15,16,0,11,2,"FACE_MODEL"],[20,18,0,22,0,"IMAGE"],[24,11,0,23,0,"IMAGE"],[25,13,0,23,1,"IMAGE"],[26,11,0,24,0,"IMAGE"],[27,11,0,25,0,"IMAGE"],[35,12,0,22,1,"IMAGE"],[36,19,0,22,2,"IMAGE"],[39,12,0,16,0,"IMAGE"]],"groups":[{"title":"捏脸素材","bounding":[-480,450,850,750],"color":"#3f789e","font_size":24,"flags":{}}],"config":{},"extra":{"ds":{"scale":1.3513057093103982,"offset":[-173.5708153403885,-372.4846355375018]},"workspace_info":{"id":"D94XuY5M9fRD_YdEgkJnc","saveLock":false,"cloudID":null,"coverMediaPath":null}},"version":0.4}