{"last_node_id":313,"last_link_id":787,"nodes":[{"id":184,"type":"Image Comparer (rgthree)","pos":{"0":1430,"1":-210,"2":0,"3":0,"4":0,"5":0,"6":0,"7":0,"8":0,"9":0},"size":{"0":390,"1":550},"flags":{},"order":38,"mode":0,"inputs":[{"name":"image_a","type":"IMAGE","link":776,"label":"图像_A","dir":3},{"name":"image_b","type":"IMAGE","link":434,"label":"图像_B","dir":3}],"outputs":[],"properties":{"comparer_mode":"Slide"},"widgets_values":[[{"name":"A","selected":true,"url":"/api/view?filename=rgthree.compare._temp_fzfpn_00009_.png&type=temp&subfolder=&rand=0.7508117419365674"},{"name":"B","selected":true,"url":"/api/view?filename=rgthree.compare._temp_fzfpn_00010_.png&type=temp&subfolder=&rand=0.35222694995273396"}]]},{"id":191,"type":"ImageToMask","pos":[-460,930],"size":{"0":370,"1":60},"flags":{},"order":27,"mode":0,"inputs":[{"name":"image","type":"IMAGE","link":750,"label":"图像"}],"outputs":[{"name":"MASK","type":"MASK","links":[779],"slot_index":0,"shape":3,"label":"遮罩"}],"properties":{"Node name for S&R":"ImageToMask"},"widgets_values":["red"]},{"id":208,"type":"LayerMask: PersonMaskUltra V2","pos":[-1640,610],"size":{"0":315,"1":414},"flags":{},"order":12,"mode":0,"inputs":[{"name":"images","type":"IMAGE","link":477,"label":"图像"}],"outputs":[{"name":"image","type":"IMAGE","links":[],"slot_index":0,"shape":3,"label":"图像"},{"name":"mask","type":"MASK","links":[489],"slot_index":1,"shape":3,"label":"遮罩"}],"properties":{"Node name for S&R":"LayerMask: PersonMaskUltra V2"},"widgets_values":[true,true,false,false,false,false,0.3,"VITMatte",1,6,0.01,0.99,true,"cuda",2]},{"id":210,"type":"MaskToImage","pos":[-1270,830],"size":{"0":300,"1":30},"flags":{},"order":20,"mode":0,"inputs":[{"name":"mask","type":"MASK","link":488,"label":"遮罩"}],"outputs":[{"name":"IMAGE","type":"IMAGE","links":[483,748],"slot_index":0,"shape":3,"label":"图像"}],"properties":{"Node name for S&R":"MaskToImage"}},{"id":211,"type":"LayerMask: PersonMaskUltra V2","pos":[-1650,1100],"size":{"0":315,"1":414},"flags":{},"order":13,"mode":0,"inputs":[{"name":"images","type":"IMAGE","link":481,"label":"图像"}],"outputs":[{"name":"image","type":"IMAGE","links":[],"slot_index":0,"shape":3,"label":"图像"},{"name":"mask","type":"MASK","links":[490],"slot_index":1,"shape":3,"label":"遮罩"}],"properties":{"Node name for S&R":"LayerMask: PersonMaskUltra V2"},"widgets_values":[false,true,false,false,false,false,0.3,"VITMatte",1,6,0.01,0.99,true,"cuda",2]},{"id":213,"type":"PreviewImage","pos":[-930,630],"size":{"0":210,"1":250},"flags":{},"order":23,"mode":0,"inputs":[{"name":"images","type":"IMAGE","link":483,"label":"图像"}],"properties":{"Node name for S&R":"PreviewImage"}},{"id":214,"type":"PreviewImage","pos":[-910,1120],"size":{"0":210,"1":250},"flags":{},"order":24,"mode":0,"inputs":[{"name":"images","type":"IMAGE","link":492,"label":"图像"}],"properties":{"Node name for S&R":"PreviewImage"}},{"id":218,"type":"MaskToImage","pos":[-1270,1320],"size":{"0":310,"1":30},"flags":{},"order":21,"mode":0,"inputs":[{"name":"mask","type":"MASK","link":491,"label":"遮罩"}],"outputs":[{"name":"IMAGE","type":"IMAGE","links":[492,749],"slot_index":0,"shape":3,"label":"图像"}],"properties":{"Node name for S&R":"MaskToImage"}},{"id":220,"type":"LayerMask: PersonMaskUltra V2","pos":[-1640,1580],"size":{"0":315,"1":414},"flags":{},"order":14,"mode":0,"inputs":[{"name":"images","type":"IMAGE","link":501,"label":"图像"}],"outputs":[{"name":"image","type":"IMAGE","links":[],"slot_index":0,"shape":3,"label":"图像"},{"name":"mask","type":"MASK","links":[500],"slot_index":1,"shape":3,"label":"遮罩"}],"properties":{"Node name for S&R":"LayerMask: PersonMaskUltra V2"},"widgets_values":[true,true,true,true,true,false,0.4,"VITMatte",6,6,0.01,0.99,true,"cuda",2]},{"id":221,"type":"MaskFix+","pos":[-1260,1590],"size":{"0":315,"1":154},"flags":{},"order":19,"mode":0,"inputs":[{"name":"mask","type":"MASK","link":500,"label":"mask"}],"outputs":[{"name":"MASK","type":"MASK","links":[499],"slot_index":0,"shape":3,"label":"MASK"}],"properties":{"Node name for S&R":"MaskFix+"},"widgets_values":[0,0,0,0,0]},{"id":222,"type":"MaskToImage","pos":[-1250,1800],"size":{"0":310,"1":30},"flags":{},"order":22,"mode":0,"inputs":[{"name":"mask","type":"MASK","link":499,"label":"遮罩"}],"outputs":[{"name":"IMAGE","type":"IMAGE","links":[502,747],"slot_index":0,"shape":3,"label":"图像"}],"properties":{"Node name for S&R":"MaskToImage"}},{"id":223,"type":"PreviewImage","pos":[-910,1590],"size":{"0":210,"1":250},"flags":{},"order":25,"mode":0,"inputs":[{"name":"images","type":"IMAGE","link":502,"label":"图像"}],"properties":{"Node name for S&R":"PreviewImage"}},{"id":228,"type":"MaskToImage","pos":[470,370],"size":{"0":280,"1":30},"flags":{"collapsed":true},"order":32,"mode":0,"inputs":[{"name":"mask","type":"MASK","link":739,"label":"遮罩"}],"outputs":[{"name":"IMAGE","type":"IMAGE","links":[548],"slot_index":0,"shape":3,"label":"图像"}],"properties":{"Node name for S&R":"MaskToImage"}},{"id":239,"type":"ImageCompositeMasked","pos":[650,370],"size":{"0":315,"1":146},"flags":{"collapsed":true},"order":34,"mode":0,"inputs":[{"name":"destination","type":"IMAGE","link":677,"label":"目标图像"},{"name":"source","type":"IMAGE","link":548,"label":"源图像"},{"name":"mask","type":"MASK","link":740,"label":"遮罩"}],"outputs":[{"name":"IMAGE","type":"IMAGE","links":[551],"slot_index":0,"shape":3,"label":"图像"}],"properties":{"Node name for S&R":"ImageCompositeMasked"},"widgets_values":[0,0,false]},{"id":240,"type":"PreviewImage","pos":[450,-200],"size":{"0":380,"1":510},"flags":{},"order":36,"mode":0,"inputs":[{"name":"images","type":"IMAGE","link":551,"label":"图像"}],"properties":{"Node name for S&R":"PreviewImage"}},{"id":256,"type":"Reroute","pos":[200,600],"size":[75,26],"flags":{},"order":11,"mode":0,"inputs":[{"name":"","type":"*","link":733,"widget":{"name":"value"}}],"outputs":[{"name":"","type":"STRING","links":[752],"slot_index":0}],"properties":{"showOutputText":false,"horizontal":false}},{"id":257,"type":"KSampler (Efficient)","pos":[1460,700],"size":[330,560],"flags":{},"order":35,"mode":0,"inputs":[{"name":"model","type":"MODEL","link":706,"slot_index":0,"label":"模型"},{"name":"positive","type":"CONDITIONING","link":712,"label":"正面条件"},{"name":"negative","type":"CONDITIONING","link":713,"label":"负面条件"},{"name":"latent_image","type":"LATENT","link":763,"slot_index":3,"label":"Latent"},{"name":"optional_vae","type":"VAE","link":622,"slot_index":4,"label":"VAE(可选)"},{"name":"script","type":"SCRIPT","link":null,"label":"脚本"}],"outputs":[{"name":"MODEL","type":"MODEL","links":null,"shape":3,"label":"模型"},{"name":"CONDITIONING+","type":"CONDITIONING","links":null,"shape":3,"label":"正面条件"},{"name":"CONDITIONING-","type":"CONDITIONING","links":null,"shape":3,"label":"负面条件"},{"name":"LATENT","type":"LATENT","links":null,"shape":3,"label":"Latent"},{"name":"VAE","type":"VAE","links":null,"shape":3,"label":"VAE"},{"name":"IMAGE","type":"IMAGE","links":[777],"slot_index":5,"shape":3,"label":"图像"}],"properties":{"Node name for S&R":"KSampler (Efficient)"},"widgets_values":[479266423903107,null,25,8,"dpmpp_2m_sde","karras",0.8,"auto","true"],"color":"#443322","bgcolor":"#665533","shape":1},{"id":258,"type":"Reroute","pos":[200,730],"size":[75,26],"flags":{},"order":30,"mode":0,"inputs":[{"name":"","type":"*","link":773}],"outputs":[{"name":"","type":"MASK","links":[735,739,740],"slot_index":0}],"properties":{"showOutputText":false,"horizontal":false}},{"id":259,"type":"Efficient Loader","pos":[420,700],"size":{"0":460,"1":580},"flags":{},"order":16,"mode":0,"inputs":[{"name":"lora_stack","type":"LORA_STACK","link":null,"label":"LoRA堆"},{"name":"cnet_stack","type":"CONTROL_NET_STACK","link":null,"slot_index":1,"label":"ControlNet堆"},{"name":"positive","type":"STRING","link":752,"widget":{"name":"positive"},"label":"正面条件"},{"name":"negative","type":"STRING","link":782,"widget":{"name":"negative"},"label":"负面条件"}],"outputs":[{"name":"MODEL","type":"MODEL","links":[705],"slot_index":0,"shape":3,"label":"模型"},{"name":"CONDITIONING+","type":"CONDITIONING","links":[707],"slot_index":1,"shape":3,"label":"正面条件"},{"name":"CONDITIONING-","type":"CONDITIONING","links":[708],"slot_index":2,"shape":3,"label":"负面条件"},{"name":"LATENT","type":"LATENT","links":null,"shape":3,"label":"Latent"},{"name":"VAE","type":"VAE","links":[622,709],"slot_index":4,"shape":3,"label":"VAE"},{"name":"CLIP","type":"CLIP","links":[],"slot_index":5,"shape":3,"label":"CLIP"},{"name":"DEPENDENCIES","type":"DEPENDENCIES","links":null,"shape":3,"label":"依赖"}],"properties":{"Node name for S&R":"Efficient Loader"},"widgets_values":["sdxl/realvisxlV40_v40Bakedvae.safetensors","Baked VAE",-1,"None",1,1,"more hair","embedding:negativeXL_D.safetensors, NSFW, worst quality, low quality, illustration, 3d, 2d, cartoon, painting, cartoons, sketch, open mouth, long neck, watermark, text, extra fingers, inverted nipple, busty, large breasts, ugly, disgusting","none","comfy++",512,512,1,true,true],"color":"#332233","bgcolor":"#553355","shape":1},{"id":263,"type":"Reroute","pos":[200,660],"size":[75,26],"flags":{},"order":29,"mode":0,"inputs":[{"name":"","type":"*","link":772}],"outputs":[{"name":"","type":"IMAGE","links":[677,710],"slot_index":0}],"properties":{"showOutputText":false,"horizontal":false}},{"id":282,"type":"INPAINT_LoadFooocusInpaint","pos":[1010,1050],"size":{"0":315,"1":82},"flags":{},"order":0,"mode":0,"outputs":[{"name":"INPAINT_PATCH","type":"INPAINT_PATCH","links":[704],"slot_index":0,"shape":3,"label":"局部重绘组件"}],"properties":{"Node name for S&R":"INPAINT_LoadFooocusInpaint"},"widgets_values":["fooocus/fooocus_inpaint_head.pth","fooocus/inpaint_v26.fooocus.patch"]},{"id":283,"type":"INPAINT_ApplyFooocusInpaint","pos":[1060,920],"size":{"0":210,"1":66},"flags":{},"order":33,"mode":0,"inputs":[{"name":"model","type":"MODEL","link":705,"label":"模型"},{"name":"patch","type":"INPAINT_PATCH","link":704,"label":"局部重绘组件"},{"name":"latent","type":"LATENT","link":714,"label":"Latent"}],"outputs":[{"name":"MODEL","type":"MODEL","links":[706],"slot_index":0,"shape":3,"label":"模型"}],"properties":{"Node name for S&R":"INPAINT_ApplyFooocusInpaint"}},{"id":285,"type":"INPAINT_VAEEncodeInpaintConditioning","pos":[1020,750],"size":{"0":292.20001220703125,"1":106},"flags":{},"order":31,"mode":0,"inputs":[{"name":"positive","type":"CONDITIONING","link":707,"label":"正面条件"},{"name":"negative","type":"CONDITIONING","link":708,"label":"负面条件"},{"name":"vae","type":"VAE","link":709,"label":"VAE"},{"name":"pixels","type":"IMAGE","link":710,"label":"图像"},{"name":"mask","type":"MASK","link":735,"label":"遮罩"}],"outputs":[{"name":"positive","type":"CONDITIONING","links":[712],"slot_index":0,"shape":3,"label":"正面条件"},{"name":"negative","type":"CONDITIONING","links":[713],"slot_index":1,"shape":3,"label":"负面条件"},{"name":"latent_inpaint","type":"LATENT","links":[714],"slot_index":2,"shape":3,"label":"局部重绘Latent"},{"name":"latent_samples","type":"LATENT","links":[763],"slot_index":3,"shape":3,"label":"采样Latent"}],"properties":{"Node name for S&R":"INPAINT_VAEEncodeInpaintConditioning"}},{"id":292,"type":"Primitive string multiline [Crystools]","pos":[-670,-280],"size":{"0":400,"1":110},"flags":{},"order":1,"mode":0,"outputs":[{"name":"string","type":"STRING","links":[723],"slot_index":0,"shape":3,"label":"字符串"}],"properties":{"Node name for S&R":"Primitive string multiline [Crystools]"},"widgets_values":["",true]},{"id":294,"type":"GetHairInpaintMask","pos":[-470,640],"size":{"0":380,"1":210},"flags":{},"order":26,"mode":0,"inputs":[{"name":"person_image","type":"IMAGE","link":746,"label":"person_image"},{"name":"body_mask","type":"IMAGE","link":747,"label":"body_mask"},{"name":"head_mask","type":"IMAGE","link":748,"label":"head_mask"},{"name":"hair_mask","type":"IMAGE","link":749,"label":"hair_mask"},{"name":"hair_type","type":"COMBO","link":753,"widget":{"name":"hair_type"},"label":"hair_type"},{"name":"hair_subtype","type":"COMBO","link":754,"widget":{"name":"hair_subtype"},"label":"hair_subtype"}],"outputs":[{"name":"hair_inpaint_mask","type":"IMAGE","links":[750],"slot_index":0,"shape":3,"label":"hair_inpaint_mask"}],"properties":{"Node name for S&R":"GetHairInpaintMask"},"widgets_values":["ori_hair","bangs","",50,""]},{"id":309,"type":"JoinStrings","pos":[-270,470],"size":{"0":315,"1":106},"flags":{"collapsed":true},"order":8,"mode":0,"inputs":[{"name":"string1","type":"STRING","link":783,"widget":{"name":"string1"},"label":"字符串1"},{"name":"string2","type":"STRING","link":784,"widget":{"name":"string2"},"label":"字符串2"}],"outputs":[{"name":"STRING","type":"STRING","links":[782],"slot_index":0,"shape":3,"label":"字符串"}],"properties":{"Node name for S&R":"JoinStrings"},"widgets_values":["","",","]},{"id":288,"type":"PortraitMasterBaseCharacter","pos":[-60,-290],"size":{"0":315,"1":778},"flags":{},"order":7,"mode":0,"inputs":[{"name":"text_in","type":"STRING","link":723,"widget":{"name":"text_in"},"label":"文本输入"},{"name":"seed","type":"INT","link":null,"widget":{"name":"seed"},"label":"随机种"}],"outputs":[{"name":"text_out","type":"STRING","links":[721,733],"slot_index":0,"shape":3,"label":"文本"}],"properties":{"Node name for S&R":"PortraitMasterBaseCharacter"},"widgets_values":["-",0.64,"-",0,0,0,"-","-","-",0.5,"-",1,"-","-","-","-","-",1,"-",1,0,"Lemonade braids","-","-",0,"-","-",true,"",714,"randomize"]},{"id":308,"type":"Primitive string multiline [Crystools]","pos":[-760,350],"size":{"0":450,"1":120},"flags":{"collapsed":false},"order":2,"mode":0,"outputs":[{"name":"string","type":"STRING","links":[783],"slot_index":0,"shape":3,"label":"字符串"}],"properties":{"Node name for S&R":"Primitive string multiline [Crystools]"},"widgets_values":["embedding:negativeXL_D.safetensors, NSFW, worst quality, low quality, illustration, 3d, 2d, cartoon, painting, cartoons, sketch, open mouth, long neck, watermark, text, extra fingers, inverted nipple, busty, large breasts, ugly, disgusting",true]},{"id":307,"type":"Primitive string multiline [Crystools]","pos":[-770,140],"size":{"0":450,"1":120},"flags":{"collapsed":false},"order":3,"mode":0,"outputs":[{"name":"string","type":"STRING","links":[784],"slot_index":0,"shape":3,"label":"字符串"}],"properties":{"Node name for S&R":"Primitive string multiline [Crystools]"},"widgets_values":["",true]},{"id":290,"type":"Display Any (rgthree)","pos":[-1230,110],"size":{"0":430,"1":160},"flags":{},"order":10,"mode":0,"inputs":[{"name":"source","type":"*","link":721,"label":"输入","dir":3}],"properties":{"Node name for S&R":"Display Any (rgthree)"},"widgets_values":["\"(lemonade braids hair style:1.05)\""]},{"id":296,"type":"PrimitiveNode","pos":[-1240,360],"size":{"0":210,"1":110},"flags":{},"order":4,"mode":0,"outputs":[{"name":"COMBO","type":"COMBO","links":[753],"widget":{"name":"hair_type"}}],"properties":{"Run widget replace on values":false},"widgets_values":["ori_hair","fixed",""]},{"id":297,"type":"PrimitiveNode","pos":[-1010,360],"size":{"0":210,"1":110},"flags":{},"order":5,"mode":0,"outputs":[{"name":"COMBO","type":"COMBO","links":[754],"widget":{"name":"hair_subtype"}}],"properties":{"Run widget replace on values":false},"widgets_values":["bangs","fixed",""]},{"id":128,"type":"Reroute","pos":[-1780,560],"size":[75,26],"flags":{},"order":9,"mode":0,"inputs":[{"name":"","type":"*","link":441}],"outputs":[{"name":"","type":"IMAGE","links":[477,481,501,746,778,785],"slot_index":0}],"properties":{"showOutputText":false,"horizontal":false}},{"id":311,"type":"Get resolution [Crystools]","pos":[-1640,300],"size":{"0":210,"1":100},"flags":{},"order":15,"mode":0,"inputs":[{"name":"image","type":"IMAGE","link":785,"label":"图像"}],"outputs":[{"name":"width","type":"INT","links":null,"shape":3,"label":"宽度"},{"name":"height","type":"INT","links":null,"shape":3,"label":"高度"}],"properties":{"Node name for S&R":"Get resolution [Crystools]"}},{"id":312,"type":"Get resolution [Crystools]","pos":[2380,560],"size":{"0":210,"1":100},"flags":{},"order":39,"mode":0,"inputs":[{"name":"image","type":"IMAGE","link":786,"label":"图像"}],"outputs":[{"name":"width","type":"INT","links":null,"shape":3,"label":"宽度"},{"name":"height","type":"INT","links":null,"shape":3,"label":"高度"}],"properties":{"Node name for S&R":"Get resolution [Crystools]"}},{"id":6,"type":"LoadImage","pos":[920,-180],"size":{"0":430,"1":530},"flags":{},"order":6,"mode":0,"outputs":[{"name":"IMAGE","type":"IMAGE","links":[434,441],"slot_index":0,"shape":3,"label":"图像"},{"name":"MASK","type":"MASK","links":[],"slot_index":1,"shape":3,"label":"遮罩"}],"properties":{"Node name for S&R":"LoadImage"},"widgets_values":["11841724399279_.pic.jpg","image"]},{"id":306,"type":"InpaintStitch","pos":[1980,700],"size":{"0":315,"1":78},"flags":{},"order":37,"mode":0,"inputs":[{"name":"stitch","type":"STITCH","link":775,"label":"stitch"},{"name":"inpainted_image","type":"IMAGE","link":777,"label":"inpainted_image"}],"outputs":[{"name":"image","type":"IMAGE","links":[776,786,787],"slot_index":0,"shape":3,"label":"image"}],"properties":{"Node name for S&R":"InpaintStitch"},"widgets_values":["bislerp"]},{"id":313,"type":"SaveImage","pos":[2010,-180],"size":[500,570],"flags":{},"order":40,"mode":0,"inputs":[{"name":"images","type":"IMAGE","link":787,"label":"图像"}],"properties":{"Node name for S&R":"SaveImage"},"widgets_values":["ComfyUI"]},{"id":305,"type":"InpaintCrop","pos":[-470,1090],"size":[440,390],"flags":{},"order":28,"mode":0,"inputs":[{"name":"image","type":"IMAGE","link":778,"label":"image"},{"name":"mask","type":"MASK","link":779,"label":"mask"},{"name":"optional_context_mask","type":"MASK","link":null,"label":"optional_context_mask"}],"outputs":[{"name":"stitch","type":"STITCH","links":[775],"slot_index":0,"shape":3,"label":"stitch"},{"name":"cropped_image","type":"IMAGE","links":[772],"slot_index":1,"shape":3,"label":"cropped_image"},{"name":"cropped_mask","type":"MASK","links":[773],"slot_index":2,"shape":3,"label":"cropped_mask"}],"properties":{"Node name for S&R":"InpaintCrop"},"widgets_values":[20,1,true,16,false,16,"bicubic","ranged size",1024,1024,1,512,512,1024,1024,32]},{"id":216,"type":"MaskFix+","pos":[-1280,620],"size":{"0":315,"1":154},"flags":{},"order":17,"mode":0,"inputs":[{"name":"mask","type":"MASK","link":489,"label":"mask"}],"outputs":[{"name":"MASK","type":"MASK","links":[488],"slot_index":0,"shape":3,"label":"MASK"}],"properties":{"Node name for S&R":"MaskFix+"},"widgets_values":[0,20,0,0,0]},{"id":217,"type":"MaskFix+","pos":[-1280,1110],"size":{"0":315,"1":154},"flags":{},"order":18,"mode":0,"inputs":[{"name":"mask","type":"MASK","link":490,"label":"mask"}],"outputs":[{"name":"MASK","type":"MASK","links":[491],"slot_index":0,"shape":3,"label":"MASK"}],"properties":{"Node name for S&R":"MaskFix+"},"widgets_values":[5,0,0,0,0]}],"links":[[434,6,0,184,1,"IMAGE"],[441,6,0,128,0,"*"],[477,128,0,208,0,"IMAGE"],[481,128,0,211,0,"IMAGE"],[483,210,0,213,0,"IMAGE"],[488,216,0,210,0,"MASK"],[489,208,1,216,0,"MASK"],[490,211,1,217,0,"MASK"],[491,217,0,218,0,"MASK"],[492,218,0,214,0,"IMAGE"],[499,221,0,222,0,"MASK"],[500,220,1,221,0,"MASK"],[501,128,0,220,0,"IMAGE"],[502,222,0,223,0,"IMAGE"],[548,228,0,239,1,"IMAGE"],[551,239,0,240,0,"IMAGE"],[622,259,4,257,4,"VAE"],[677,263,0,239,0,"IMAGE"],[704,282,0,283,1,"INPAINT_PATCH"],[705,259,0,283,0,"MODEL"],[706,283,0,257,0,"MODEL"],[707,259,1,285,0,"CONDITIONING"],[708,259,2,285,1,"CONDITIONING"],[709,259,4,285,2,"VAE"],[710,263,0,285,3,"IMAGE"],[712,285,0,257,1,"CONDITIONING"],[713,285,1,257,2,"CONDITIONING"],[714,285,2,283,2,"LATENT"],[721,288,0,290,0,"*"],[723,292,0,288,0,"STRING"],[733,288,0,256,0,"*"],[735,258,0,285,4,"MASK"],[739,258,0,228,0,"MASK"],[740,258,0,239,2,"MASK"],[746,128,0,294,0,"IMAGE"],[747,222,0,294,1,"IMAGE"],[748,210,0,294,2,"IMAGE"],[749,218,0,294,3,"IMAGE"],[750,294,0,191,0,"IMAGE"],[752,256,0,259,2,"STRING"],[753,296,0,294,4,"COMBO"],[754,297,0,294,5,"COMBO"],[763,285,3,257,3,"LATENT"],[772,305,1,263,0,"*"],[773,305,2,258,0,"*"],[775,305,0,306,0,"STITCH"],[776,306,0,184,0,"IMAGE"],[777,257,5,306,1,"IMAGE"],[778,128,0,305,0,"IMAGE"],[779,191,0,305,1,"MASK"],[782,309,0,259,3,"STRING"],[783,308,0,309,0,"STRING"],[784,307,0,309,1,"STRING"],[785,128,0,311,0,"IMAGE"],[786,306,0,312,0,"IMAGE"],[787,306,0,313,0,"IMAGE"]],"groups":[{"title":"效果查看","bounding":[290,-330,1610,710],"color":"#3f789e","font_size":24,"locked":false},{"title":"发型模板定义","bounding":[-1290,50,1155,441],"color":"#3f789e","font_size":24,"locked":false},{"title":"头发mask区域绘制","bounding":[-1730,510,1750,1560],"color":"#3f789e","font_size":24,"locked":false},{"title":"sd1.5-brushnet","bounding":[240,530,1616,813],"color":"#3f789e","font_size":24,"locked":false}],"config":{},"extra":{"ds":{"scale":0.8140274938684267,"offset":[1784.0498465104563,-704.5228062909421]},"0246.VERSION":[0,0,4],"workspace_info":{"id":"Nw5MC_HVIfsGky8tSmxrE","saveLock":false,"cloudID":null,"coverMediaPath":null}},"version":0.4}