{"last_node_id":18,"last_link_id":11,"nodes":[{"id":7,"type":"AdvancedLivePortrait","pos":[1889,270],"size":{"0":240,"1":520},"flags":{},"order":5,"mode":0,"inputs":[{"name":"src_images","type":"IMAGE","link":null},{"name":"motion_link","type":"EDITOR_LINK","link":10,"label":"动态数据"},{"name":"driving_images","type":"IMAGE","link":null,"label":"参考图像"}],"outputs":[{"name":"images","type":"IMAGE","links":[8],"slot_index":0,"shape":3}],"properties":{"Node name for S&R":"AdvancedLivePortrait"},"widgets_values":[0,0,1.7000000000000002,true,false,true,"1 = 5:5\n0 = 3:5",true]},{"id":15,"type":"ExpressionEditor","pos":[1643,271],"size":{"0":210,"1":690},"flags":{},"order":4,"mode":0,"inputs":[{"name":"src_image","type":"IMAGE","link":11,"label":"图像"},{"name":"motion_link","type":"EDITOR_LINK","link":null},{"name":"sample_image","type":"IMAGE","link":null,"label":"参考图像"},{"name":"add_exp","type":"EXP_DATA","link":null}],"outputs":[{"name":"image","type":"IMAGE","links":null,"shape":3,"label":"图像"},{"name":"motion_link","type":"EDITOR_LINK","links":[10],"slot_index":1,"shape":3,"label":"动态数据"},{"name":"save_exp","type":"EXP_DATA","links":null,"shape":3,"label":"表情数据"}],"properties":{"Node name for S&R":"ExpressionEditor"},"widgets_values":[0,0,0,0,0,25,0,0,0,0,0,0,1,1,"OnlyExpression",1.7]},{"id":16,"type":"Note","pos":[1892,831],"size":{"0":483.8179931640625,"1":161.2032470703125},"flags":{},"order":0,"mode":0,"properties":{"text":""},"widgets_values":["Command Description\n1 = 5:5\n0 = 3:5\n\n[Motion index] = [Changing frame length] : [Length of frames waiting for next motion]\n\nfor example, first line -> 1 = 5:5\nChange over 5 frames with motion 1, and wait for the next motion for 5 frames"],"color":"#432","bgcolor":"#653"},{"id":17,"type":"Note","pos":[1629,996],"size":{"0":227.1239471435547,"1":58},"flags":{},"order":1,"mode":0,"properties":{"text":""},"widgets_values":["motion 1"],"color":"#432","bgcolor":"#653"},{"id":18,"type":"Note","pos":[1373,625],"size":{"0":210,"1":58},"flags":{},"order":2,"mode":0,"properties":{"text":""},"widgets_values":["orginal src : motion 0\n"],"color":"#432","bgcolor":"#653"},{"id":3,"type":"LoadImage","pos":[1385,278],"size":[220,310],"flags":{},"order":3,"mode":0,"outputs":[{"name":"IMAGE","type":"IMAGE","links":[11],"slot_index":0,"shape":3,"label":"图像"},{"name":"MASK","type":"MASK","links":null,"slot_index":1,"shape":3,"label":"遮罩"}],"properties":{"Node name for S&R":"LoadImage"},"widgets_values":["11.png","image"]},{"id":10,"type":"VHS_VideoCombine","pos":[2163,203],"size":[260,640],"flags":{},"order":6,"mode":0,"inputs":[{"name":"images","type":"IMAGE","link":8,"label":"图像"},{"name":"audio","type":"AUDIO","link":null,"label":"音频"},{"name":"meta_batch","type":"VHS_BatchManager","link":null,"label":"批次管理"},{"name":"vae","type":"VAE","link":null}],"outputs":[{"name":"Filenames","type":"VHS_FILENAMES","links":null,"shape":3,"label":"文件名"}],"properties":{"Node name for S&R":"VHS_VideoCombine"},"widgets_values":{"frame_rate":15,"loop_count":0,"filename_prefix":"AdvancedLivePortrait","format":"video/h264-mp4","pix_fmt":"yuv420p","crf":19,"save_metadata":true,"pingpong":false,"save_output":true,"videopreview":{"hidden":false,"paused":false,"params":{"filename":"AdvancedLivePortrait_00001.mp4","subfolder":"","type":"output","format":"video/h264-mp4","frame_rate":15}}}}],"links":[[8,7,0,10,0,"IMAGE"],[10,15,1,7,1,"EDITOR_LINK"],[11,3,0,15,0,"IMAGE"]],"groups":[],"config":{},"extra":{"ds":{"scale":0.7513148009015778,"offset":[-937.8194511675792,-190.65935310271408]},"workspace_info":{"id":"_1vzWA9BVllklAaaaRciP","saveLock":false,"cloudID":null,"coverMediaPath":null}},"version":0.4}