{"last_node_id":32,"last_link_id":38,"nodes":[{"id":26,"type":"LoadImage","pos":[574.0879504882818,354.13510488281264],"size":{"0":210,"1":314},"flags":{},"order":0,"mode":0,"outputs":[{"name":"IMAGE","type":"IMAGE","links":[30],"slot_index":0,"shape":3},{"name":"MASK","type":"MASK","links":null,"shape":3}],"properties":{"Node name for S&R":"LoadImage"},"widgets_values":["source_image.png","image"]},{"id":27,"type":"VHS_LoadVideo","pos":[1113,443],"size":[235.1999969482422,491.1999969482422],"flags":{},"order":1,"mode":0,"inputs":[{"name":"meta_batch","type":"VHS_BatchManager","link":null},{"name":"vae","type":"VAE","link":null}],"outputs":[{"name":"IMAGE","type":"IMAGE","links":[31],"slot_index":0,"shape":3},{"name":"frame_count","type":"INT","links":null,"shape":3},{"name":"audio","type":"AUDIO","links":null,"shape":3},{"name":"video_info","type":"VHS_VIDEOINFO","links":null,"shape":3}],"properties":{"Node name for S&R":"VHS_LoadVideo"},"widgets_values":{"video":"driving_video.mp4","force_rate":0,"force_size":"Disabled","custom_width":512,"custom_height":512,"frame_load_cap":0,"skip_first_frames":0,"select_every_nth":2,"choose video to upload":"image","videopreview":{"hidden":false,"paused":false,"params":{"frame_load_cap":0,"skip_first_frames":0,"force_rate":0,"filename":"driving_video.mp4","type":"input","format":"video/mp4","select_every_nth":2}}}},{"id":28,"type":"AdvancedLivePortrait","pos":[1386,353],"size":[235.1999969482422,674.0390319824219],"flags":{},"order":3,"mode":0,"inputs":[{"name":"src_images","type":"IMAGE","link":38},{"name":"motion_link","type":"EDITOR_LINK","link":null},{"name":"driving_images","type":"IMAGE","link":31}],"outputs":[{"name":"images","type":"IMAGE","links":[35],"slot_index":0,"shape":3}],"properties":{"Node name for S&R":"AdvancedLivePortrait"},"widgets_values":[0,0,1.5,true,"",false,""]},{"id":29,"type":"VHS_VideoCombine","pos":[1664,357],"size":[272.9300842285156,576.9300842285156],"flags":{},"order":4,"mode":0,"inputs":[{"name":"images","type":"IMAGE","link":35},{"name":"audio","type":"AUDIO","link":null},{"name":"meta_batch","type":"VHS_BatchManager","link":null},{"name":"vae","type":"VAE","link":null}],"outputs":[{"name":"Filenames","type":"VHS_FILENAMES","links":null,"shape":3}],"properties":{"Node name for S&R":"VHS_VideoCombine"},"widgets_values":{"frame_rate":15,"loop_count":0,"filename_prefix":"AdvancedLivePortrait","format":"video/h264-mp4","pix_fmt":"yuv420p","crf":19,"save_metadata":true,"pingpong":false,"save_output":true,"videopreview":{"hidden":false,"paused":false,"params":{"filename":"AdvancedLivePortrait_00001.mp4","subfolder":"","type":"temp","format":"video/h264-mp4","frame_rate":15}}}},{"id":30,"type":"ExpressionEditor","pos":[837.0879504882818,349.1351048828126],"size":{"0":256.8715515136719,"1":690},"flags":{},"order":2,"mode":0,"inputs":[{"name":"src_image","type":"IMAGE","link":30},{"name":"motion_link","type":"EDITOR_LINK","link":null},{"name":"sample_image","type":"IMAGE","link":null},{"name":"add_exp","type":"EXP_DATA","link":null}],"outputs":[{"name":"image","type":"IMAGE","links":[38],"slot_index":0,"shape":3},{"name":"motion_link","type":"EDITOR_LINK","links":null,"shape":3},{"name":"save_exp","type":"EXP_DATA","links":null,"shape":3}],"properties":{"Node name for S&R":"ExpressionEditor"},"widgets_values":[0,0,0,0,0,0,0,0,0,0,0,1.3,1,1,"OnlyExpression",1.7000000000000002]}],"links":[[30,26,0,30,0,"IMAGE"],[31,27,0,28,2,"IMAGE"],[35,28,0,29,0,"IMAGE"],[38,30,0,28,0,"IMAGE"]],"groups":[{"title":"Live Portrait with facial expression editing","bounding":[555,266,1427,789],"color":"#3f789e","font_size":30}],"config":{},"extra":{"ds":{"scale":0.8264462809917354,"offset":[185.1062862025528,195.77375741392547]},"workspace_info":{"id":"nKSERFJIlFPOrvEX9cNRd"}},"version":0.4}