{"last_node_id":842,"last_link_id":2029,"nodes":[{"id":197,"type":"Reroute","pos":[291.746106244295,-1598.0418153145336],"size":[82,26],"flags":{},"order":51,"mode":0,"inputs":[{"name":"","type":"*","link":1999,"label":""}],"outputs":[{"name":"IMAGE","type":"IMAGE","links":[1412],"slot_index":0,"label":"IMAGE"}],"properties":{"showOutputText":true,"horizontal":false}},{"id":774,"type":"Reroute","pos":[291.746106244295,-1518.0418153145336],"size":[82,26],"flags":{},"order":28,"mode":0,"inputs":[{"name":"","type":"*","link":2001}],"outputs":[{"name":"IMAGE","type":"IMAGE","links":[1790],"slot_index":0}],"properties":{"showOutputText":true,"horizontal":false}},{"id":201,"type":"Reroute","pos":[291.746106244295,-1328.0418153145336],"size":[75,26],"flags":{},"order":32,"mode":0,"inputs":[{"name":"","type":"*","link":1970,"label":"","widget":{"name":"value"}}],"outputs":[{"name":"INT","type":"INT","links":[1265],"slot_index":0,"label":"INT"}],"properties":{"showOutputText":true,"horizontal":false}},{"id":288,"type":"Reroute","pos":[-1780,-980],"size":[90.4,26],"flags":{},"order":12,"mode":0,"inputs":[{"name":"","type":"*","link":1006,"label":""}],"outputs":[{"name":"STRING","type":"STRING","links":[],"slot_index":0,"label":"STRING"}],"properties":{"showOutputText":true,"horizontal":false}},{"id":219,"type":"Reroute","pos":[-1530,-1620],"size":[75,26],"flags":{},"order":11,"mode":0,"inputs":[{"name":"","type":"*","link":1559,"label":"","slot_index":0}],"outputs":[{"name":"","type":"IMAGE","links":[1912],"slot_index":0,"label":""}],"properties":{"showOutputText":false,"horizontal":false}},{"id":817,"type":"Seed Generator","pos":[-981.4115396750641,-350.6184254042255],"size":{"0":315,"1":82},"flags":{},"order":0,"mode":0,"outputs":[{"name":"INT","type":"INT","links":[1947],"shape":3,"label":"INT","slot_index":0}],"properties":{"Node name for S&R":"Seed Generator"},"widgets_values":[1115689324076232,"randomize"]},{"id":556,"type":"Reroute","pos":[-1361.4115396750633,-450.6184254042256],"size":[90.4,26],"flags":{},"order":9,"mode":0,"inputs":[{"name":"","type":"*","link":1326,"widget":{"name":"value"}}],"outputs":[{"name":"STRING","type":"STRING","links":[1946],"slot_index":0}],"properties":{"showOutputText":true,"horizontal":false}},{"id":818,"type":"Reroute","pos":[-1361.4115396750633,-840.618425404225],"size":[75,26],"flags":{},"order":37,"mode":0,"inputs":[{"name":"","type":"*","link":1953}],"outputs":[{"name":"","type":"IMAGE","links":[1948]}],"properties":{"showOutputText":false,"horizontal":false}},{"id":819,"type":"Reroute","pos":[-1361.4115396750633,-780.618425404225],"size":[75,26],"flags":{},"order":34,"mode":0,"inputs":[{"name":"","type":"*","link":1957}],"outputs":[{"name":"","type":"IMAGE","links":[1949]}],"properties":{"showOutputText":false,"horizontal":false}},{"id":821,"type":"Reroute","pos":[-1361.4115396750633,-660.6184254042253],"size":[75,26],"flags":{},"order":35,"mode":0,"inputs":[{"name":"","type":"*","link":1958}],"outputs":[{"name":"","type":"IMAGE","links":[1951]}],"properties":{"showOutputText":false,"horizontal":false}},{"id":820,"type":"Reroute","pos":[-1361.4115396750633,-720.618425404225],"size":[75,26],"flags":{},"order":36,"mode":0,"inputs":[{"name":"","type":"*","link":1959}],"outputs":[{"name":"","type":"IMAGE","links":[1950]}],"properties":{"showOutputText":false,"horizontal":false}},{"id":824,"type":"Reroute","pos":[-1300,-1190],"size":[75,26],"flags":{},"order":21,"mode":0,"inputs":[{"name":"","type":"*","link":1955}],"outputs":[{"name":"","type":"IMAGE","links":[1958],"slot_index":0}],"properties":{"showOutputText":false,"horizontal":false}},{"id":825,"type":"Reroute","pos":[-1160,-1190],"size":[75,26],"flags":{},"order":23,"mode":0,"inputs":[{"name":"","type":"*","link":1956}],"outputs":[{"name":"","type":"IMAGE","links":[1959],"slot_index":0}],"properties":{"showOutputText":false,"horizontal":false}},{"id":823,"type":"Reroute","pos":[-1440,-1190],"size":[75,26],"flags":{},"order":19,"mode":0,"inputs":[{"name":"","type":"*","link":1954}],"outputs":[{"name":"","type":"IMAGE","links":[1957],"slot_index":0}],"properties":{"showOutputText":false,"horizontal":false}},{"id":239,"type":"JoinStrings","pos":[-2260,-1390],"size":{"0":315,"1":106},"flags":{},"order":7,"mode":0,"inputs":[{"name":"string1","type":"STRING","link":444,"widget":{"name":"string1"},"label":"字符串1"},{"name":"string2","type":"STRING","link":990,"widget":{"name":"string2"},"label":"字符串2"}],"outputs":[{"name":"STRING","type":"STRING","links":[1006],"shape":3,"label":"字符串","slot_index":0}],"properties":{"Node name for S&R":"JoinStrings"},"widgets_values":["","",","]},{"id":827,"type":"Reroute","pos":[30,-890],"size":[82,26],"flags":{},"order":42,"mode":0,"inputs":[{"name":"","type":"*","link":2004,"label":""}],"outputs":[{"name":"IMAGE","type":"IMAGE","links":[1986],"slot_index":0}],"properties":{"showOutputText":true,"horizontal":false}},{"id":829,"type":"Reroute","pos":[30,-440],"size":[90.4,26],"flags":{},"order":10,"mode":0,"inputs":[{"name":"","type":"*","link":2013,"widget":{"name":"value"}}],"outputs":[{"name":"STRING","type":"STRING","links":[1992]}],"properties":{"showOutputText":true,"horizontal":false}},{"id":828,"type":"Reroute","pos":[30,-490],"size":[90.4,26],"flags":{},"order":8,"mode":0,"inputs":[{"name":"","type":"*","link":2014,"label":"","widget":{"name":"value"}}],"outputs":[{"name":"STRING","type":"STRING","links":[1991]}],"properties":{"showOutputText":true,"horizontal":false}},{"id":199,"type":"Reroute","pos":[300,-1440],"size":[82,26],"flags":{},"order":25,"mode":0,"inputs":[{"name":"","type":"*","link":2000,"label":""}],"outputs":[{"name":"IMAGE","type":"IMAGE","links":[1413],"slot_index":0,"label":"IMAGE"}],"properties":{"showOutputText":true,"horizontal":false}},{"id":200,"type":"Reroute","pos":[290,-1390],"size":[82,26],"flags":{},"order":15,"mode":0,"inputs":[{"name":"","type":"*","link":2002,"label":""}],"outputs":[{"name":"IMAGE","type":"IMAGE","links":[881],"slot_index":0,"label":"IMAGE"}],"properties":{"showOutputText":true,"horizontal":false}},{"id":321,"type":"Reroute","pos":[291.746106244295,-1268.0418153145336],"size":[98.8,26],"flags":{},"order":33,"mode":0,"inputs":[{"name":"","type":"*","link":1971,"label":"","widget":{"name":"value"}}],"outputs":[{"name":"BOOLEAN","type":"BOOLEAN","links":[2003],"slot_index":0,"label":"BOOLEAN"}],"properties":{"showOutputText":true,"horizontal":false}},{"id":832,"type":"Seed Generator","pos":[420,-330],"size":{"0":315,"1":82},"flags":{},"order":1,"mode":0,"outputs":[{"name":"INT","type":"INT","links":[1993],"shape":3,"label":"INT","slot_index":0}],"properties":{"Node name for S&R":"Seed Generator"},"widgets_values":[20047502081008,"randomize"]},{"id":693,"type":"Reroute","pos":[-638.9083270624317,-872.5853290487132],"size":[75,26],"flags":{},"order":39,"mode":0,"inputs":[{"name":"","type":"*","link":1945}],"outputs":[{"name":"","type":"IMAGE","links":[1812,1826,1960,2004],"slot_index":0}],"properties":{"showOutputText":false,"horizontal":false}},{"id":683,"type":"Image Comparer (rgthree)","pos":{"0":-1680,"1":-3460,"2":0,"3":0,"4":0,"5":0,"6":0,"7":0,"8":0,"9":0},"size":{"0":800,"1":1120},"flags":{},"order":40,"mode":0,"inputs":[{"name":"image_a","type":"IMAGE","link":1812,"label":"图像_A","dir":3},{"name":"image_b","type":"IMAGE","link":1619,"label":"图像_B","dir":3}],"outputs":[],"properties":{"comparer_mode":"Slide"},"widgets_values":[["/view?filename=rgthree.compare._temp_udnga_00001_.png&type=temp&subfolder=&rand=0.6822244216932585","/view?filename=rgthree.compare._temp_udnga_00002_.png&type=temp&subfolder=&rand=0.9654622090360085"]]},{"id":822,"type":"ImageInvert","pos":[-1660,-840],"size":{"0":210,"1":26},"flags":{},"order":27,"mode":0,"inputs":[{"name":"image","type":"IMAGE","link":1983,"label":"图像"}],"outputs":[{"name":"IMAGE","type":"IMAGE","links":[1953],"shape":3,"label":"图像","slot_index":0}],"properties":{"Node name for S&R":"ImageInvert"}},{"id":833,"type":"Reroute","pos":[40,-830],"size":[75,26],"flags":{},"order":47,"mode":0,"inputs":[{"name":"","type":"*","link":2005}],"outputs":[{"name":"","type":"IMAGE","links":[2009],"slot_index":0}],"properties":{"showOutputText":false,"horizontal":false}},{"id":834,"type":"Reroute","pos":[40,-770],"size":[75,26],"flags":{},"order":17,"mode":0,"inputs":[{"name":"","type":"*","link":2008}],"outputs":[{"name":"","type":"IMAGE","links":[2010],"slot_index":0}],"properties":{"showOutputText":false,"horizontal":false}},{"id":835,"type":"Reroute","pos":[40,-710],"size":[75,26],"flags":{},"order":43,"mode":0,"inputs":[{"name":"","type":"*","link":2006}],"outputs":[{"name":"","type":"IMAGE","links":[2011],"slot_index":0}],"properties":{"showOutputText":false,"horizontal":false}},{"id":836,"type":"Reroute","pos":[40,-650],"size":[75,26],"flags":{},"order":45,"mode":0,"inputs":[{"name":"","type":"*","link":2007}],"outputs":[{"name":"","type":"IMAGE","links":[2012],"slot_index":0}],"properties":{"showOutputText":false,"horizontal":false}},{"id":811,"type":"PreviewImage","pos":[-1490,-2080],"size":{"0":210,"1":250},"flags":{},"order":14,"mode":0,"inputs":[{"name":"images","type":"IMAGE","link":1966,"label":"图像"}],"properties":{"Node name for S&R":"PreviewImage"}},{"id":391,"type":"Display Any (rgthree)","pos":[-900,-1320],"size":{"0":210,"1":76.00001525878906},"flags":{},"order":31,"mode":0,"inputs":[{"name":"source","type":"*","link":1924,"label":"输入","dir":3}],"properties":{"Node name for S&R":"Display Any (rgthree)"},"widgets_values":["7"]},{"id":812,"type":"PreviewImage","pos":[-1250,-2070],"size":{"0":210,"1":250},"flags":{},"order":18,"mode":0,"inputs":[{"name":"images","type":"IMAGE","link":2015,"label":"图像"}],"properties":{"Node name for S&R":"PreviewImage"}},{"id":813,"type":"PreviewImage","pos":[-1000,-2070],"size":{"0":210,"1":250},"flags":{},"order":20,"mode":0,"inputs":[{"name":"images","type":"IMAGE","link":2016,"label":"图像"}],"properties":{"Node name for S&R":"PreviewImage"}},{"id":830,"type":"Reroute","pos":[900,-860],"size":[75,26],"flags":{},"order":50,"mode":0,"inputs":[{"name":"","type":"*","link":1985}],"outputs":[{"name":"","type":"IMAGE","links":[1999,2026],"slot_index":0}],"properties":{"showOutputText":false,"horizontal":false}},{"id":814,"type":"PreviewImage","pos":[-730,-2070],"size":{"0":210,"1":250},"flags":{},"order":22,"mode":0,"inputs":[{"name":"images","type":"IMAGE","link":2017,"label":"图像"}],"properties":{"Node name for S&R":"PreviewImage"}},{"id":815,"type":"PreviewImage","pos":[-440,-2070],"size":{"0":210,"1":250},"flags":{},"order":24,"mode":0,"inputs":[{"name":"images","type":"IMAGE","link":2018,"label":"图像"}],"properties":{"Node name for S&R":"PreviewImage"}},{"id":816,"type":"PreviewImage","pos":[-170,-2070],"size":{"0":210,"1":250},"flags":{},"order":26,"mode":0,"inputs":[{"name":"images","type":"IMAGE","link":2019,"label":"图像"}],"properties":{"Node name for S&R":"PreviewImage"}},{"id":838,"type":"PreviewImage","pos":[110,-2070],"size":{"0":210,"1":250},"flags":{},"order":29,"mode":0,"inputs":[{"name":"images","type":"IMAGE","link":2020,"label":"图像"}],"properties":{"Node name for S&R":"PreviewImage"}},{"id":839,"type":"PreviewImage","pos":[380,-2070],"size":{"0":210,"1":250},"flags":{},"order":30,"mode":0,"inputs":[{"name":"images","type":"IMAGE","link":2021,"label":"图像"}],"properties":{"Node name for S&R":"PreviewImage"}},{"id":840,"type":"PreviewImage","pos":[680,-2070],"size":{"0":210,"1":250},"flags":{},"order":44,"mode":0,"inputs":[{"name":"images","type":"IMAGE","link":2022,"label":"图像"}],"properties":{"Node name for S&R":"PreviewImage"}},{"id":841,"type":"PreviewImage","pos":[970,-2070],"size":{"0":210,"1":250},"flags":{},"order":46,"mode":0,"inputs":[{"name":"images","type":"IMAGE","link":2023,"label":"图像"}],"properties":{"Node name for S&R":"PreviewImage"}},{"id":842,"type":"PreviewImage","pos":[1230,-2070],"size":{"0":210,"1":250},"flags":{},"order":48,"mode":0,"inputs":[{"name":"images","type":"IMAGE","link":2024,"label":"图像"}],"properties":{"Node name for S&R":"PreviewImage"}},{"id":382,"type":"Snapme ImgProcess Step3","pos":[510,-1500],"size":{"0":320,"1":254},"flags":{},"order":52,"mode":0,"inputs":[{"name":"image_res_1","type":"IMAGE","link":1412,"label":"image_res_1"},{"name":"face_mask","type":"IMAGE","link":1790,"label":"face_mask"},{"name":"control_mask_face","type":"IMAGE","link":1413,"label":"control_mask_face"},{"name":"face_image_pad","type":"IMAGE","link":881,"label":"face_image_pad"},{"name":"dilate_iter","type":"INT","link":1265,"widget":{"name":"dilate_iter"},"label":"dilate_iter"},{"name":"use_hair","type":"BOOLEAN","link":2003,"widget":{"name":"use_hair"},"label":"use_hair"}],"outputs":[{"name":"脸部回帖图","type":"IMAGE","links":[1810,2027],"shape":3,"label":"脸部回帖图","slot_index":0}],"properties":{"Node name for S&R":"Snapme ImgProcess Step3"},"widgets_values":[0,false,false,0,0,false,false]},{"id":826,"type":"Snapme ImgProcess Step2","pos":[-550,-1570],"size":{"0":330,"1":120},"flags":{},"order":41,"mode":0,"inputs":[{"name":"image_res_0","type":"IMAGE","link":1960,"label":"image_res_0"},{"name":"seg_body_mask_ori","type":"IMAGE","link":1963,"label":"seg_body_mask_ori"},{"name":"dilate_iter","type":"INT","link":1964,"widget":{"name":"dilate_iter"},"label":"dilate_iter"}],"outputs":[{"name":"depth图","type":"IMAGE","links":[2006,2022],"shape":3,"label":"depth图","slot_index":0},{"name":"canny图","type":"IMAGE","links":[2007,2023],"shape":3,"label":"canny图","slot_index":1},{"name":"人体mask取反","type":"IMAGE","links":[2005,2024],"shape":3,"label":"人体mask取反","slot_index":2}],"properties":{"Node name for S&R":"Snapme ImgProcess Step2"},"widgets_values":[0,false]},{"id":248,"type":"Reroute","pos":[-1361.4115396750633,-900.618425404225],"size":[82,26],"flags":{},"order":16,"mode":0,"inputs":[{"name":"","type":"*","link":1965,"label":""}],"outputs":[{"name":"IMAGE","type":"IMAGE","links":[2028],"slot_index":0,"label":"IMAGE"}],"properties":{"showOutputText":true,"horizontal":false}},{"id":809,"type":"Snapme ImgProcess Step1","pos":[-1300,-1570],"size":{"0":315,"1":358},"flags":{},"order":13,"mode":0,"inputs":[{"name":"images","type":"IMAGE","link":1912,"label":"images"},{"name":"prompt_cloth","type":"STRING","link":1913,"widget":{"name":"prompt_cloth"},"label":"prompt_cloth"},{"name":"prompt_background","type":"STRING","link":1914,"widget":{"name":"prompt_background"},"label":"prompt_background"}],"outputs":[{"name":"原图","type":"IMAGE","links":[1966,2002],"shape":3,"label":"原图","slot_index":0},{"name":"head_gray","type":"IMAGE","links":[1965,2008,2015],"shape":3,"label":"head_gray","slot_index":1},{"name":"pose图","type":"IMAGE","links":[1954,2016],"shape":3,"label":"pose图","slot_index":2},{"name":"canny图","type":"IMAGE","links":[1955,2017],"shape":3,"label":"canny图","slot_index":3},{"name":"depth图","type":"IMAGE","links":[1956,2018],"shape":3,"label":"depth图","slot_index":4},{"name":"头部mask1","type":"IMAGE","links":[2000,2019],"shape":3,"label":"头部mask1","slot_index":5},{"name":"头部mask2","type":"IMAGE","links":[1983,2001,2020],"shape":3,"label":"头部mask2","slot_index":6},{"name":"人体mask","type":"IMAGE","links":[1963,2021],"shape":3,"label":"人体mask","slot_index":7},{"name":"动态膨胀系数","type":"INT","links":[1924,1964,1970],"shape":3,"label":"动态膨胀系数","slot_index":8},{"name":"不保留头发","type":"BOOLEAN","links":[1971],"shape":3,"label":"不保留头发","slot_index":9}],"properties":{"Node name for S&R":"Snapme ImgProcess Step1"},"widgets_values":["","",0.2,0.2,0.9,false]},{"id":254,"type":"Reroute","pos":[-1360,-500],"size":[90.4,26],"flags":{},"order":6,"mode":0,"inputs":[{"name":"","type":"*","link":1984,"label":"","widget":{"name":"value"}}],"outputs":[{"name":"STRING","type":"STRING","links":[2029],"slot_index":0,"label":"STRING"}],"properties":{"showOutputText":true,"horizontal":false}},{"id":783,"type":"Image Comparer (rgthree)","pos":{"0":-760,"1":-3460,"2":0,"3":0,"4":0,"5":0,"6":0,"7":0,"8":0,"9":0},"size":{"0":750,"1":1100},"flags":{},"order":54,"mode":0,"inputs":[{"name":"image_a","type":"IMAGE","link":2027,"label":"图像_A","dir":3},{"name":"image_b","type":"IMAGE","link":1826,"label":"图像_B","dir":3}],"outputs":[],"properties":{"comparer_mode":"Slide"},"widgets_values":[["/view?filename=rgthree.compare._temp_praqm_00001_.png&type=temp&subfolder=&rand=0.9966561378282519","/view?filename=rgthree.compare._temp_praqm_00002_.png&type=temp&subfolder=&rand=0.6176700098799894"]]},{"id":779,"type":"Image Comparer (rgthree)","pos":{"0":120,"1":-3470,"2":0,"3":0,"4":0,"5":0,"6":0,"7":0,"8":0,"9":0},"size":{"0":750,"1":1100},"flags":{},"order":53,"mode":0,"inputs":[{"name":"image_a","type":"IMAGE","link":1810,"label":"图像_A","dir":3},{"name":"image_b","type":"IMAGE","link":2026,"label":"图像_B","dir":3}],"outputs":[],"properties":{"comparer_mode":"Slide"},"widgets_values":[["/view?filename=rgthree.compare._temp_kcnha_00001_.png&type=temp&subfolder=&rand=0.3670351788413244","/view?filename=rgthree.compare._temp_kcnha_00002_.png&type=temp&subfolder=&rand=0.4036206774077724"]]},{"id":37,"type":"String Literal","pos":[-2810,-1690],"size":{"0":391.5850524902344,"1":152.6741180419922},"flags":{},"order":2,"mode":0,"outputs":[{"name":"STRING","type":"STRING","links":[444,1913,1984],"shape":3,"label":"STRING","slot_index":0}],"properties":{"Node name for S&R":"String Literal"},"widgets_values":["\"snap_Blue-Half--neck-sweater, photo of a male,(solo)+++, knit sweater, intricate cable pattern, deep navy blue, gold zipper detail, textured fabric, soft woolen material\n\""]},{"id":238,"type":"String Literal","pos":[-2820,-1450],"size":{"0":400,"1":200},"flags":{},"order":3,"mode":0,"outputs":[{"name":"STRING","type":"STRING","links":[990,1914,2014],"shape":3,"label":"STRING","slot_index":0}],"properties":{"Node name for S&R":"String Literal"},"widgets_values":["\"solo, focuses on the people face,(snowy trees)++, (depth of field effect)++, (leisurely atmosphere)+\", \"photo of a male,(solo)+++\""]},{"id":555,"type":"String Literal","pos":[-2820,-1180],"size":{"0":400,"1":200},"flags":{},"order":4,"mode":0,"outputs":[{"name":"STRING","type":"STRING","links":[1326,2013],"shape":3,"label":"STRING","slot_index":0}],"properties":{"Node name for S&R":"String Literal"},"widgets_values":["\"embedding:negativeXL_D.safetensors\", \"NSFW\", \"(worst quality, low quality, illustration, 3d, 2d, cartoon, painting, cartoons, sketch)+, open mouth, (long neck)+, (watermark)+, (text)+, extra fingers, inverted nipple, busty, large breasts, ugly, disgusting,(beard)++\""]},{"id":680,"type":"LoadImage","pos":[-2651.7433192959816,-3453.9415704093394],"size":{"0":840,"1":1110},"flags":{},"order":5,"mode":0,"outputs":[{"name":"IMAGE","type":"IMAGE","links":[1559,1619],"shape":3,"label":"图像","slot_index":0},{"name":"MASK","type":"MASK","links":null,"shape":3,"label":"遮罩"}],"properties":{"Node name for S&R":"LoadImage"},"widgets_values":["6.png","image"]},{"id":808,"type":"LoraControlNetImg2ImgeInpaint","pos":[-990,-870],"size":{"0":320,"1":470},"flags":{},"order":38,"mode":0,"inputs":[{"name":"face_image","type":"IMAGE","link":2028,"label":"face_image"},{"name":"mask_image","type":"IMAGE","link":1948,"label":"mask_image","slot_index":1},{"name":"pose_image","type":"IMAGE","link":1949,"label":"pose_image","slot_index":2},{"name":"depth_image","type":"IMAGE","link":1950,"label":"depth_image","slot_index":3},{"name":"canny_image","type":"IMAGE","link":1951,"label":"canny_image","slot_index":4},{"name":"prompt","type":"STRING","link":2029,"widget":{"name":"prompt"},"label":"prompt"},{"name":"n_prompt","type":"STRING","link":1946,"widget":{"name":"n_prompt"},"label":"n_prompt"},{"name":"seed","type":"INT","link":1947,"widget":{"name":"seed"},"label":"seed","slot_index":7}],"outputs":[{"name":"IMAGE","type":"IMAGE","links":[1945],"shape":3,"label":"IMAGE","slot_index":0}],"properties":{"Node name for S&R":"LoraControlNetImg2ImgeInpaint"},"widgets_values":["deliver0427_rank32_e-4/Blue-Half--neck-sweater_cloth/checkpoint-100/pytorch_lora_weights.safetensors","","",40,3,0.9,467,"randomize",0.8,true,0.1,true,0.30000000000000004,true,0.30000000000000004]},{"id":831,"type":"LoraControlNetImg2ImgeInpaint","pos":[410,-850],"size":{"0":320,"1":470},"flags":{},"order":49,"mode":0,"inputs":[{"name":"face_image","type":"IMAGE","link":1986,"label":"face_image"},{"name":"mask_image","type":"IMAGE","link":2009,"label":"mask_image","slot_index":1},{"name":"pose_image","type":"IMAGE","link":2010,"label":"pose_image","slot_index":2},{"name":"depth_image","type":"IMAGE","link":2011,"label":"depth_image","slot_index":3},{"name":"canny_image","type":"IMAGE","link":2012,"label":"canny_image","slot_index":4},{"name":"prompt","type":"STRING","link":1991,"widget":{"name":"prompt"},"label":"prompt"},{"name":"n_prompt","type":"STRING","link":1992,"widget":{"name":"n_prompt"},"label":"n_prompt"},{"name":"seed","type":"INT","link":1993,"widget":{"name":"seed"},"label":"seed","slot_index":7}],"outputs":[{"name":"IMAGE","type":"IMAGE","links":[1985],"shape":3,"label":"IMAGE","slot_index":0}],"properties":{"Node name for S&R":"LoraControlNetImg2ImgeInpaint"},"widgets_values":["deliver0427_rank32_e-4/Blue-Half--neck-sweater_cloth/checkpoint-100/pytorch_lora_weights.safetensors","","",30,6,0.9,1015,"randomize",0.8,true,0.1,true,0.30000000000000004,true,0.30000000000000004]}],"links":[[444,37,0,239,0,"STRING"],[881,200,0,382,3,"IMAGE"],[990,238,0,239,1,"STRING"],[1006,239,0,288,0,"*"],[1265,201,0,382,4,"INT"],[1326,555,0,556,0,"*"],[1412,197,0,382,0,"IMAGE"],[1413,199,0,382,2,"IMAGE"],[1559,680,0,219,0,"*"],[1619,680,0,683,1,"IMAGE"],[1790,774,0,382,1,"IMAGE"],[1810,382,0,779,0,"IMAGE"],[1812,693,0,683,0,"IMAGE"],[1826,693,0,783,1,"IMAGE"],[1912,219,0,809,0,"IMAGE"],[1913,37,0,809,1,"STRING"],[1914,238,0,809,2,"STRING"],[1924,809,8,391,0,"*"],[1945,808,0,693,0,"*"],[1946,556,0,808,6,"STRING"],[1947,817,0,808,7,"INT"],[1948,818,0,808,1,"IMAGE"],[1949,819,0,808,2,"IMAGE"],[1950,820,0,808,3,"IMAGE"],[1951,821,0,808,4,"IMAGE"],[1953,822,0,818,0,"*"],[1954,809,2,823,0,"*"],[1955,809,3,824,0,"*"],[1956,809,4,825,0,"*"],[1957,823,0,819,0,"*"],[1958,824,0,821,0,"*"],[1959,825,0,820,0,"*"],[1960,693,0,826,0,"IMAGE"],[1963,809,7,826,1,"IMAGE"],[1964,809,8,826,2,"INT"],[1965,809,1,248,0,"*"],[1966,809,0,811,0,"IMAGE"],[1970,809,8,201,0,"*"],[1971,809,9,321,0,"*"],[1983,809,6,822,0,"IMAGE"],[1984,37,0,254,0,"*"],[1985,831,0,830,0,"*"],[1986,827,0,831,0,"IMAGE"],[1991,828,0,831,5,"STRING"],[1992,829,0,831,6,"STRING"],[1993,832,0,831,7,"INT"],[1999,830,0,197,0,"*"],[2000,809,5,199,0,"*"],[2001,809,6,774,0,"*"],[2002,809,0,200,0,"*"],[2003,321,0,382,5,"BOOLEAN"],[2004,693,0,827,0,"*"],[2005,826,2,833,0,"*"],[2006,826,0,835,0,"*"],[2007,826,1,836,0,"*"],[2008,809,1,834,0,"*"],[2009,833,0,831,1,"IMAGE"],[2010,834,0,831,2,"IMAGE"],[2011,835,0,831,3,"IMAGE"],[2012,836,0,831,4,"IMAGE"],[2013,555,0,829,0,"*"],[2014,238,0,828,0,"*"],[2015,809,1,812,0,"IMAGE"],[2016,809,2,813,0,"IMAGE"],[2017,809,3,814,0,"IMAGE"],[2018,809,4,815,0,"IMAGE"],[2019,809,5,816,0,"IMAGE"],[2020,809,6,838,0,"IMAGE"],[2021,809,7,839,0,"IMAGE"],[2022,826,0,840,0,"IMAGE"],[2023,826,1,841,0,"IMAGE"],[2024,826,2,842,0,"IMAGE"],[2026,830,0,779,1,"IMAGE"],[2027,382,0,783,0,"IMAGE"],[2028,248,0,808,0,"IMAGE"],[2029,254,0,808,5,"STRING"]],"groups":[{"title":"头部回帖","bounding":[330,-1672,620,525],"color":"#3f789e","font_size":24,"locked":false},{"title":"第一次生成","bounding":[-1320,-949,739,746],"color":"#3f789e","font_size":24,"locked":false},{"title":"图像预处理","bounding":[-1494,-1680,1537,546],"color":"#3f789e","font_size":24,"locked":false},{"title":"用户输入","bounding":[-2856,-1808,1126,877],"color":"#3f789e","font_size":24,"locked":false},{"title":"第二次生成","bounding":[56,-946,884,758],"color":"#3f789e","font_size":24,"locked":false}],"config":{},"extra":{"ds":{"scale":1.1671841070450044,"offset":{"0":646.3792095731534,"1":1203.0352352091431}},"workspace_info":{"id":"By5HKynuGNsB2a_gS3Nxi","saveLock":false,"cloudID":null,"coverMediaPath":null}},"version":0.4}