{"last_node_id":861,"last_link_id":2074,"nodes":[{"id":850,"type":"PreviewImage","pos":[-1700,-3420],"size":{"0":770,"1":1090},"flags":{},"order":5,"mode":0,"inputs":[{"name":"images","type":"IMAGE","link":2066,"label":"图像"}],"properties":{"Node name for S&R":"PreviewImage"}},{"id":858,"type":"PreviewImage","pos":[-810,-3400],"size":{"0":670,"1":1060},"flags":{},"order":6,"mode":0,"inputs":[{"name":"images","type":"IMAGE","link":2071,"label":"图像"}],"properties":{"Node name for S&R":"PreviewImage"}},{"id":859,"type":"PreviewImage","pos":[-50,-3390],"size":{"0":670,"1":1080},"flags":{},"order":7,"mode":0,"inputs":[{"name":"images","type":"IMAGE","link":2072,"label":"图像"}],"properties":{"Node name for S&R":"PreviewImage"}},{"id":860,"type":"PreviewImage","pos":[740,-3380],"size":{"0":710,"1":1040},"flags":{},"order":8,"mode":0,"inputs":[{"name":"images","type":"IMAGE","link":2073,"label":"图像"}],"properties":{"Node name for S&R":"PreviewImage"}},{"id":861,"type":"PreviewImage","pos":[1530,-3380],"size":{"0":780,"1":1020},"flags":{},"order":9,"mode":0,"inputs":[{"name":"images","type":"IMAGE","link":2074,"label":"图像"}],"properties":{"Node name for S&R":"PreviewImage"}},{"id":844,"type":"CR Seed","pos":[-1820,-1890],"size":{"0":315,"1":102},"flags":{},"order":0,"mode":0,"outputs":[{"name":"seed","type":"INT","links":[2053],"shape":3,"label":"随机种","slot_index":0},{"name":"show_help","type":"STRING","links":null,"shape":3}],"properties":{"Node name for S&R":"CR Seed"},"widgets_values":[346194468264285,"randomize"]},{"id":847,"type":"SnapmeDiffusersSamplerNode","pos":[-1450,-2170],"size":{"0":315,"1":570},"flags":{},"order":4,"mode":0,"inputs":[{"name":"face_images","type":"IMAGE","link":2054,"label":"face_images"},{"name":"prompt_cloth","type":"STRING","link":2055,"widget":{"name":"prompt_cloth"},"label":"prompt_cloth"},{"name":"prompt_background","type":"STRING","link":2056,"widget":{"name":"prompt_background"},"label":"prompt_background"},{"name":"seed","type":"INT","link":2053,"widget":{"name":"seed"},"label":"seed"}],"outputs":[{"name":"第一次采样","type":"IMAGE","links":[2066],"shape":3,"label":"第一次采样","slot_index":0},{"name":"第二次采样","type":"IMAGE","links":[2071],"shape":3,"label":"第二次采样","slot_index":1},{"name":"面部回帖","type":"IMAGE","links":[2072],"shape":3,"label":"面部回帖","slot_index":2},{"name":"增强修复","type":"IMAGE","links":[2073],"shape":3,"label":"增强修复","slot_index":3},{"name":"增加颗粒","type":"IMAGE","links":[2074],"shape":3,"label":"增加颗粒","slot_index":4}],"properties":{"Node name for S&R":"SnapmeDiffusersSamplerNode"},"widgets_values":["deliver0427_rank32_e-4/Blue-Half--neck-sweater_cloth/checkpoint-100/pytorch_lora_weights.safetensors",1,"","",918,"randomize",0.2,0.2,0.9,0.1,0.30000000000000004,0.30000000000000004,0.3,true,0.3,12]},{"id":238,"type":"String Literal","pos":[-2548.4551194876685,-1907.3187797273154],"size":{"0":400,"1":200},"flags":{},"order":1,"mode":0,"outputs":[{"name":"STRING","type":"STRING","links":[2056],"shape":3,"label":"STRING","slot_index":0}],"properties":{"Node name for S&R":"String Literal"},"widgets_values":["\"solo, focuses on the people face,(snowy trees)++, (depth of field effect)++, (leisurely atmosphere)+\", \"photo of a male,(solo)+++\""]},{"id":37,"type":"String Literal","pos":[-2538.4551194876685,-2147.3187797273167],"size":{"0":391.5850524902344,"1":152.6741180419922},"flags":{},"order":2,"mode":0,"outputs":[{"name":"STRING","type":"STRING","links":[2055],"shape":3,"label":"STRING","slot_index":0}],"properties":{"Node name for S&R":"String Literal"},"widgets_values":["\"snap_Blue-Half--neck-sweater, photo of a male,(solo)+++, knit sweater, intricate cable pattern, deep navy blue, gold zipper detail, textured fabric, soft woolen material\n\""]},{"id":680,"type":"LoadImage","pos":[-2651.7433192959816,-3453.9415704093394],"size":{"0":840,"1":1110},"flags":{},"order":3,"mode":0,"outputs":[{"name":"IMAGE","type":"IMAGE","links":[2054],"shape":3,"label":"图像","slot_index":0},{"name":"MASK","type":"MASK","links":null,"shape":3,"label":"遮罩"}],"properties":{"Node name for S&R":"LoadImage"},"widgets_values":["6.png","image"]}],"links":[[2053,844,0,847,3,"INT"],[2054,680,0,847,0,"IMAGE"],[2055,37,0,847,1,"STRING"],[2056,238,0,847,2,"STRING"],[2066,847,0,850,0,"IMAGE"],[2071,847,1,858,0,"IMAGE"],[2072,847,2,859,0,"IMAGE"],[2073,847,3,860,0,"IMAGE"],[2074,847,4,861,0,"IMAGE"]],"groups":[{"title":"模板输入","bounding":[-2584,-2266,524,687],"color":"#3f789e","font_size":24,"locked":false}],"config":{},"extra":{"ds":{"scale":0.3380916604057103,"offset":{"0":4520.584957119048,"1":4275.7980267969315}},"workspace_info":{"id":"cZQfGeyAjcvRSlZiULjxb","saveLock":false,"cloudID":null,"coverMediaPath":null}},"version":0.4}