{"last_node_id":19,"last_link_id":26,"nodes":[{"id":14,"type":"ArgosTranslateTextNode","pos":[-310,540],"size":{"0":300,"1":130},"flags":{},"order":0,"mode":0,"outputs":[{"name":"text","type":"STRING","links":[19],"slot_index":0,"shape":3,"label":"文本"}],"properties":{"Node name for S&R":"ArgosTranslateTextNode"},"widgets_values":["chinese","english","白色长袖T恤",true],"color":"#232","bgcolor":"#353"},{"id":16,"type":"LayerMask: SegmentAnythingUltra V2","pos":[-340,-20],"size":{"0":320,"1":340},"flags":{"collapsed":true},"order":7,"mode":0,"inputs":[{"name":"image","type":"IMAGE","link":21,"label":"图像"},{"name":"prompt","type":"STRING","link":26,"widget":{"name":"prompt"},"label":"提示词","slot_index":1}],"outputs":[{"name":"image","type":"IMAGE","links":[22,23],"shape":3,"label":"图像","slot_index":0},{"name":"mask","type":"MASK","links":[24],"shape":3,"label":"遮罩","slot_index":1}],"properties":{"Node name for S&R":"LayerMask: SegmentAnythingUltra V2"},"widgets_values":["sam_vit_h (2.56GB)","GroundingDINO_SwinT_OGC (694MB)",0.3,"VITMatte",6,6,0.15,0.99,true,"subject","cuda",2]},{"id":18,"type":"ShowText|pysssss","pos":[-330,20],"size":[210,120],"flags":{"collapsed":true},"order":5,"mode":0,"inputs":[{"name":"text","type":"STRING","link":25,"widget":{"name":"text"},"label":"文本"}],"outputs":[{"name":"STRING","type":"STRING","links":[26],"slot_index":0,"shape":6,"label":"字符串"}],"properties":{"Node name for S&R":"ShowText|pysssss"},"widgets_values":["","Black long sleeve T-shirt, pattern on T-shirt, doll, crown."]},{"id":15,"type":"ShowText|pysssss","pos":[-300,500],"size":{"0":210,"1":120},"flags":{"collapsed":true},"order":4,"mode":0,"inputs":[{"name":"text","type":"STRING","link":19,"widget":{"name":"text"},"label":"文本"}],"outputs":[{"name":"STRING","type":"STRING","links":[20],"slot_index":0,"shape":6,"label":"字符串"}],"properties":{"Node name for S&R":"ShowText|pysssss"},"widgets_values":["","White long sleeve T-shirt."]},{"id":2,"type":"LayerMask: SegmentAnythingUltra V2","pos":[-170,500],"size":{"0":320,"1":340},"flags":{"collapsed":true},"order":6,"mode":0,"inputs":[{"name":"image","type":"IMAGE","link":18,"label":"图像"},{"name":"prompt","type":"STRING","link":20,"widget":{"name":"prompt"},"label":"提示词","slot_index":1}],"outputs":[{"name":"image","type":"IMAGE","links":null,"shape":3,"label":"图像"},{"name":"mask","type":"MASK","links":[1,5],"shape":3,"label":"遮罩","slot_index":1}],"properties":{"Node name for S&R":"LayerMask: SegmentAnythingUltra V2"},"widgets_values":["sam_vit_h (2.56GB)","GroundingDINO_SwinT_OGC (694MB)",0.3,"VITMatte",6,6,0.15,0.99,true,"subject","cuda",2]},{"id":6,"type":"LayerMask: MaskPreview","pos":[10,420],"size":{"0":210,"1":250},"flags":{},"order":8,"mode":0,"inputs":[{"name":"mask","type":"MASK","link":5,"label":"遮罩"}],"properties":{"Node name for S&R":"LayerMask: MaskPreview"}},{"id":13,"type":"LayerColor: RGB","pos":[-330,-50],"size":{"0":260,"1":110},"flags":{"collapsed":true},"order":9,"mode":0,"inputs":[{"name":"image","type":"IMAGE","link":23,"label":"图像"}],"outputs":[{"name":"image","type":"IMAGE","links":[9],"shape":3,"label":"图像","slot_index":0}],"properties":{"Node name for S&R":"LayerColor: RGB"},"widgets_values":[255,255,255]},{"id":10,"type":"PreviewImage","pos":[-10,-40],"size":{"0":230,"1":320},"flags":{},"order":11,"mode":0,"inputs":[{"name":"images","type":"IMAGE","link":7,"label":"图像"}],"properties":{"Node name for S&R":"PreviewImage"}},{"id":12,"type":"LayerUtility: ImageBlendAdvance","pos":[-220,-50],"size":{"0":320,"1":340},"flags":{"collapsed":true},"order":10,"mode":0,"inputs":[{"name":"background_image","type":"IMAGE","link":9,"label":"背景图像"},{"name":"layer_image","type":"IMAGE","link":22,"label":"图像层"},{"name":"layer_mask","type":"MASK","link":24,"label":"遮罩层"}],"outputs":[{"name":"image","type":"IMAGE","links":[7,17],"shape":3,"label":"图像","slot_index":0},{"name":"mask","type":"MASK","links":[],"shape":3,"label":"遮罩","slot_index":1}],"properties":{"Node name for S&R":"LayerUtility: ImageBlendAdvance"},"widgets_values":[false,"normal",100,50,50,"None",1,1,0,"lanczos",0]},{"id":17,"type":"ArgosTranslateTextNode","pos":[-330,90],"size":{"0":300,"1":130},"flags":{},"order":1,"mode":0,"outputs":[{"name":"text","type":"STRING","links":[25],"slot_index":0,"shape":3,"label":"文本"}],"properties":{"Node name for S&R":"ArgosTranslateTextNode"},"widgets_values":["chinese","english","黑色长袖T恤，T恤上的图案，人偶，皇冠",true],"color":"#232","bgcolor":"#353"},{"id":4,"type":"LoadImage","pos":[-700,410],"size":[320,310],"flags":{},"order":2,"mode":0,"outputs":[{"name":"IMAGE","type":"IMAGE","links":[16,18],"shape":3,"label":"图像","slot_index":0},{"name":"MASK","type":"MASK","links":null,"shape":3,"label":"遮罩"}],"properties":{"Node name for S&R":"LoadImage"},"widgets_values":["pasted/image (563).png","image"]},{"id":7,"type":"SaveImage","pos":[600,-100],"size":[610,840],"flags":{},"order":13,"mode":0,"inputs":[{"name":"images","type":"IMAGE","link":6,"label":"图像"}],"properties":{"Node name for S&R":"SaveImage"},"widgets_values":["ComfyUI"]},{"id":3,"type":"CatVTONWrapper","pos":[260,210],"size":{"0":320,"1":220},"flags":{},"order":12,"mode":0,"inputs":[{"name":"image","type":"IMAGE","link":16,"label":"image","slot_index":0},{"name":"mask","type":"MASK","link":1,"label":"mask"},{"name":"refer_image","type":"IMAGE","link":17,"label":"refer_image","slot_index":2}],"outputs":[{"name":"image","type":"IMAGE","links":[6],"shape":3,"label":"image","slot_index":0}],"properties":{"Node name for S&R":"CatVTONWrapper"},"widgets_values":[25,"fp16",846850142849804,"randomize",40,2.5]},{"id":9,"type":"LoadImage","pos":[-690,-30],"size":[310,310],"flags":{},"order":3,"mode":0,"outputs":[{"name":"IMAGE","type":"IMAGE","links":[21],"shape":3,"label":"图像","slot_index":0},{"name":"MASK","type":"MASK","links":null,"shape":3,"label":"遮罩"}],"properties":{"Node name for S&R":"LoadImage"},"widgets_values":["pasted/image (565).png","image"]}],"links":[[1,2,1,3,1,"MASK"],[5,2,1,6,0,"MASK"],[6,3,0,7,0,"IMAGE"],[7,12,0,10,0,"IMAGE"],[9,13,0,12,0,"IMAGE"],[16,4,0,3,0,"IMAGE"],[17,12,0,3,2,"IMAGE"],[18,4,0,2,0,"IMAGE"],[19,14,0,15,0,"STRING"],[20,15,0,2,1,"STRING"],[21,9,0,16,0,"IMAGE"],[22,16,0,12,1,"IMAGE"],[23,16,0,13,0,"IMAGE"],[24,16,1,12,2,"MASK"],[25,17,0,18,0,"STRING"],[26,18,0,16,1,"STRING"]],"groups":[{"title":"参考图，输入中文选择要抠图的物体","bounding":[-720,-150,960,460],"color":"#3f789e","font_size":24,"locked":false},{"title":"底图，用中文选择要替换的主体","bounding":[-720,330,960,410],"color":"#3f789e","font_size":24,"locked":false},{"title":"交流VX：Call_me_wenxi","bounding":[-720,-310,541,133],"color":"#3f789e","font_size":60,"locked":false}],"config":{},"extra":{"ds":{"scale":0.5989500000000056,"offset":[1468.3777734791606,733.0797129313482]},"workspace_info":{"id":"qJpveceRuF7wnNcExKMlV"}},"version":0.4}