{"last_node_id":5,"last_link_id":4,"nodes":[{"id":3,"type":"PreviewImage","pos":{"0":290,"1":150},"size":{"0":330,"1":370},"flags":{},"order":2,"mode":0,"inputs":[{"name":"images","type":"IMAGE","link":2,"label":"图像"}],"outputs":[],"properties":{"Node name for S&R":"PreviewImage"},"widgets_values":[]},{"id":4,"type":"Image Comparer (rgthree)","pos":{"0":1120,"1":-200},"size":{"0":410,"1":680},"flags":{},"order":3,"mode":0,"inputs":[{"name":"image_a","type":"IMAGE","link":3,"label":"图像_A","dir":3},{"name":"image_b","type":"IMAGE","link":4,"label":"图像_B","dir":3}],"outputs":[],"properties":{"comparer_mode":"Slide"},"widgets_values":[[{"name":"A","selected":true,"url":"/api/view?filename=rgthree.compare._temp_kmgzt_00001_.png&type=temp&subfolder=&rand=0.693458662428065"},{"name":"B","selected":true,"url":"/api/view?filename=rgthree.compare._temp_kmgzt_00002_.png&type=temp&subfolder=&rand=0.8590815386691402"}]]},{"id":2,"type":"LoadImage","pos":{"0":300,"1":-240},"size":[320,310],"flags":{},"order":0,"mode":0,"inputs":[],"outputs":[{"name":"IMAGE","type":"IMAGE","links":[1,4],"slot_index":0,"shape":3,"label":"图像"},{"name":"MASK","type":"MASK","links":null,"shape":3,"label":"遮罩"}],"properties":{"Node name for S&R":"LoadImage"},"widgets_values":["4b34a18d-63a8-4457-8ec8-60b95b91b197.png","image"]},{"id":1,"type":"ExpressionEditor","pos":{"0":710,"1":-190},"size":{"0":320,"1":690},"flags":{},"order":1,"mode":0,"inputs":[{"name":"src_image","type":"IMAGE","link":1,"label":"图像","shape":7},{"name":"motion_link","type":"EDITOR_LINK","link":null,"shape":7,"label":"动态数据"},{"name":"sample_image","type":"IMAGE","link":null,"label":"参考图像","shape":7},{"name":"add_exp","type":"EXP_DATA","link":null,"shape":7,"label":"表情数据"}],"outputs":[{"name":"image","type":"IMAGE","links":[2,3],"slot_index":0,"shape":3,"label":"图像"},{"name":"motion_link","type":"EDITOR_LINK","links":null,"shape":3,"label":"动态数据"},{"name":"save_exp","type":"EXP_DATA","links":null,"shape":3,"label":"表情数据"}],"properties":{"Node name for S&R":"ExpressionEditor"},"widgets_values":[0,0,0,2,0,3,0,0,1,0.9,0.8,1,1,1,"All",1.7000000000000002]}],"links":[[1,2,0,1,0,"IMAGE"],[2,1,0,3,0,"IMAGE"],[3,1,0,4,0,"IMAGE"],[4,2,0,4,1,"IMAGE"]],"groups":[],"config":{},"extra":{"ds":{"scale":1.167184107045001,"offset":[-211.1013575616901,567.3103192655303]},"workspace_info":{"id":"IAae7W3Bppf1OiaInZoDP","saveLock":false,"cloudID":null,"coverMediaPath":null}},"version":0.4}