{"last_node_id":156,"last_link_id":276,"nodes":[{"id":112,"type":"CR Comic Panel Templates","pos":[-1040,900],"size":{"0":315,"1":366},"flags":{},"order":23,"mode":0,"inputs":[{"name":"images","type":"IMAGE","link":219,"label":"图像"}],"outputs":[{"name":"image","type":"IMAGE","links":[220],"shape":3,"slot_index":0,"label":"图像"},{"name":"show_help","type":"STRING","links":null,"shape":3,"label":"显示帮助"}],"properties":{"Node name for S&R":"CR Comic Panel Templates"},"widgets_values":[3072,2048,"custom","left to right",5,2,"custom","custom","custom","G23","#000000","#000000","#000000"]},{"id":111,"type":"ImageListToImageBatch","pos":[-1020,780],"size":{"0":210,"1":26},"flags":{},"order":22,"mode":0,"inputs":[{"name":"images","type":"IMAGE","link":218,"label":"图像"}],"outputs":[{"name":"IMAGE","type":"IMAGE","links":[219],"shape":3,"slot_index":0,"label":"图像"}],"properties":{"Node name for S&R":"ImageListToImageBatch"}},{"id":47,"type":"PreviewImage","pos":[-1100,1450],"size":{"0":1080,"1":750},"flags":{},"order":21,"mode":0,"inputs":[{"name":"images","type":"IMAGE","link":101,"label":"图像"}],"properties":{"Node name for S&R":"PreviewImage"}},{"id":113,"type":"SaveImage","pos":[-710,800],"size":{"0":660,"1":430},"flags":{},"order":24,"mode":0,"inputs":[{"name":"images","type":"IMAGE","link":220,"label":"图像"}],"properties":{"Node name for S&R":"SaveImage"},"widgets_values":["0811/ages"]},{"id":131,"type":"Fast Groups Bypasser (rgthree)","pos":{"0":-2970,"1":480,"2":0,"3":0,"4":0,"5":0,"6":0,"7":0,"8":0,"9":0},"size":{"0":250,"1":150},"flags":{},"order":0,"mode":0,"inputs":[],"outputs":[{"name":"OPT_CONNECTION","type":"*","links":null,"label":"可选连接"}],"properties":{"matchColors":"","matchTitle":"","showNav":true,"sort":"position","customSortAlphabet":"","toggleRestriction":"default"}},{"id":105,"type":"StringFunction|pysssss","pos":[-2640,1180],"size":{"0":310,"1":194},"flags":{"collapsed":false},"order":14,"mode":0,"inputs":[{"name":"text_c","type":"STRING","link":212,"widget":{"name":"text_c"},"label":"文本_C"},{"name":"text_a","type":"STRING","link":232,"widget":{"name":"text_a"},"label":"文本_A"}],"outputs":[{"name":"STRING","type":"STRING","links":[214],"shape":3,"slot_index":0,"label":"字符串"}],"properties":{"Node name for S&R":"StringFunction|pysssss"},"widgets_values":["replace","yes","","20",""]},{"id":106,"type":"TextSplitByDelimiter","pos":[-2950,1180],"size":{"0":250,"1":190},"flags":{"collapsed":false},"order":1,"mode":0,"outputs":[{"name":"STRING","type":"STRING","links":[212],"shape":6,"slot_index":0,"label":"字符串"}],"properties":{"Node name for S&R":"TextSplitByDelimiter"},"widgets_values":["10,40,50,60,70,80",",",0,0,10]},{"id":107,"type":"TextSplitByDelimiter","pos":[-2960,800],"size":{"0":700,"1":300},"flags":{"collapsed":false},"order":2,"mode":0,"outputs":[{"name":"STRING","type":"STRING","links":[215],"shape":6,"slot_index":0,"label":"字符串"}],"properties":{"Node name for S&R":"TextSplitByDelimiter"},"widgets_values":["Analig film,Cobblestone street, wooden stalls, people in traditional robes, sandals, cloth head coverings, lanterns hanging, horse-drawn carts, medieval buildings.\n//Narrow street, gas lamps, brick buildings, horse-drawn carriages, men in top hats and waistcoats, women in long dresses with parasols, cobblestones.\n//Busy street, vintage cars, men in suits with fedoras, women in flapper dresses with pearls, Art Deco buildings, streetcars, newspaper stands.\n//Wide street, high-rise buildings, men in business suits and ties, women in casual dresses or jeans, cars and buses, neon signs, people in casual clothes, crosswalks.\n//Narrow alley, neon signs, people in tech outfits with glowing elements, leather jackets, cybernetic implants, futuristic buildings, rain-soaked street, holographic ads, flying cars.\n//Robot suits,Vibrant street at night, neon lights illuminating the scene, people wearing edgy, neon-accented outfits with dark tones, leather jackets, glowing tattoos, high-tech accessories, sleek and towering buildings, holographic signs, flying vehicles.","//",0,0,10]},{"id":85,"type":"LoadImage","pos":[-1680,-160],"size":[320,310],"flags":{},"order":3,"mode":0,"outputs":[{"name":"IMAGE","type":"IMAGE","links":[176],"shape":3,"slot_index":0,"label":"图像"},{"name":"MASK","type":"MASK","links":null,"shape":3,"label":"遮罩"}],"properties":{"Node name for S&R":"LoadImage"},"widgets_values":["WechatIMG5808.jpg","image"],"color":"#223","bgcolor":"#335"},{"id":138,"type":"LoadImage","pos":[-840,-150],"size":[320,310],"flags":{},"order":4,"mode":0,"outputs":[{"name":"IMAGE","type":"IMAGE","links":[237],"shape":3,"slot_index":0,"label":"图像"},{"name":"MASK","type":"MASK","links":null,"shape":3,"label":"遮罩"}],"properties":{"Node name for S&R":"LoadImage"},"widgets_values":["IMG_9184.HEIC.JPG","image"],"color":"#223","bgcolor":"#335"},{"id":119,"type":"Note","pos":[-1990,160],"size":{"0":210,"1":80},"flags":{},"order":5,"mode":0,"properties":{"text":""},"widgets_values":["Pormpt the portrait photo by yourself briefly\nbasically\nin nationality/gender"],"color":"#432","bgcolor":"#653"},{"id":89,"type":"PrepImageForClipVision","pos":[-1680,210],"size":{"0":315,"1":106},"flags":{},"order":11,"mode":0,"inputs":[{"name":"image","type":"IMAGE","link":176,"label":"图像"}],"outputs":[{"name":"IMAGE","type":"IMAGE","links":[244],"shape":3,"slot_index":0,"label":"图像"}],"properties":{"Node name for S&R":"PrepImageForClipVision"},"widgets_values":["LANCZOS","top",0]},{"id":136,"type":"PrepImageForClipVision","pos":[-1270,210],"size":{"0":315,"1":106},"flags":{},"order":13,"mode":0,"inputs":[{"name":"image","type":"IMAGE","link":236,"label":"图像"}],"outputs":[{"name":"IMAGE","type":"IMAGE","links":[245],"shape":3,"slot_index":0,"label":"图像"}],"properties":{"Node name for S&R":"PrepImageForClipVision"},"widgets_values":["LANCZOS","top",0]},{"id":140,"type":"PrepImageForClipVision","pos":[-860,210],"size":{"0":315,"1":106},"flags":{},"order":12,"mode":0,"inputs":[{"name":"image","type":"IMAGE","link":237,"label":"图像"}],"outputs":[{"name":"IMAGE","type":"IMAGE","links":[246],"shape":3,"slot_index":0,"label":"图像"}],"properties":{"Node name for S&R":"PrepImageForClipVision"},"widgets_values":["LANCZOS","top",0]},{"id":137,"type":"LoadImage","pos":[-1270,-160],"size":[320,310],"flags":{},"order":6,"mode":0,"outputs":[{"name":"IMAGE","type":"IMAGE","links":[236],"shape":3,"slot_index":0,"label":"图像"},{"name":"MASK","type":"MASK","links":null,"shape":3,"label":"遮罩"}],"properties":{"Node name for S&R":"LoadImage"},"widgets_values":["IMG_9179.HEIC.JPG","image"],"color":"#223","bgcolor":"#335"},{"id":103,"type":"String Literal","pos":[-2950,1450],"size":{"0":660,"1":120},"flags":{"collapsed":false},"order":7,"mode":0,"outputs":[{"name":"STRING","type":"STRING","links":[232],"shape":3,"slot_index":0,"label":"STRING"}],"title":"PositiveBasic","properties":{"Node name for S&R":"String Literal"},"widgets_values":["A close-up photo shot of a 20-year-old Asian woman img in scene."],"color":"#232","bgcolor":"#353"},{"id":155,"type":"PhotoMakerInsightFaceLoader","pos":[-1730,1200],"size":{"0":315,"1":58},"flags":{},"order":8,"mode":0,"outputs":[{"name":"INSIGHTFACE","type":"INSIGHTFACE","links":[266],"shape":3,"label":"INSIGHTFACE"}],"properties":{"Node name for S&R":"PhotoMakerInsightFaceLoader"},"widgets_values":["CUDA"]},{"id":156,"type":"PhotoMakerLoaderPlus","pos":[-1730,1080],"size":{"0":315,"1":58},"flags":{},"order":9,"mode":0,"outputs":[{"name":"PHOTOMAKER","type":"PHOTOMAKER","links":[265],"shape":3,"slot_index":0,"label":"PHOTOMAKER"}],"properties":{"Node name for S&R":"PhotoMakerLoaderPlus"},"widgets_values":["photomaker-v2.bin"]},{"id":154,"type":"PhotoMakerEncodePlus","pos":[-1360,1040],"size":{"0":270,"1":140},"flags":{},"order":19,"mode":0,"inputs":[{"name":"clip","type":"CLIP","link":276,"label":"clip"},{"name":"photomaker","type":"PHOTOMAKER","link":265,"label":"photomaker"},{"name":"image","type":"IMAGE","link":275,"label":"image"},{"name":"insightface_opt","type":"INSIGHTFACE","link":266,"slot_index":3,"label":"insightface_opt"},{"name":"text","type":"STRING","link":267,"widget":{"name":"text"},"label":"text"}],"outputs":[{"name":"CONDITIONING","type":"CONDITIONING","links":[268],"shape":3,"slot_index":0,"label":"CONDITIONING"}],"properties":{"Node name for S&R":"PhotoMakerEncodePlus"},"widgets_values":["img","photograph of a man img"]},{"id":108,"type":"StringFunction|pysssss","pos":[-2200,790],"size":{"0":380,"1":330},"flags":{"collapsed":false},"order":16,"mode":0,"inputs":[{"name":"text_c","type":"STRING","link":215,"widget":{"name":"text_c"},"label":"文本_C"},{"name":"text_a","type":"STRING","link":214,"widget":{"name":"text_a"},"label":"文本_A"}],"outputs":[{"name":"STRING","type":"STRING","links":[271],"shape":3,"slot_index":0,"label":"字符串"}],"properties":{"Node name for S&R":"StringFunction|pysssss"},"widgets_values":["replace","yes","","scene","","A close-up photo shot of a 10-year-old Asian woman img in Analig film,Cobblestone street, wooden stalls, people in traditional robes, sandals, cloth head coverings, lanterns hanging, horse-drawn carts, medieval buildings.\n.,A close-up photo shot of a 40-year-old Asian woman img in Narrow street, gas lamps, brick buildings, horse-drawn carriages, men in top hats and waistcoats, women in long dresses with parasols, cobblestones.\n.,A close-up photo shot of a 50-year-old Asian woman img in Busy street, vintage cars, men in suits with fedoras, women in flapper dresses with pearls, Art Deco buildings, streetcars, newspaper stands.\n.,A close-up photo shot of a 60-year-old Asian woman img in Wide street, high-rise buildings, men in business suits and ties, women in casual dresses or jeans, cars and buses, neon signs, people in casual clothes, crosswalks.\n.,A close-up photo shot of a 70-year-old Asian woman img in Narrow alley, neon signs, people in tech outfits with glowing elements, leather jackets, cybernetic implants, futuristic buildings, rain-soaked street, holographic ads, flying cars.\n.,A close-up photo shot of a 80-year-old Asian woman img in Robot suits,Vibrant street at night, neon lights illuminating the scene, people wearing edgy, neon-accented outfits with dark tones, leather jackets, glowing tattoos, high-tech accessories, sleek and towering buildings, holographic signs, flying vehicles.."]},{"id":104,"type":"String Literal","pos":[-2200,1190],"size":{"0":340,"1":100},"flags":{"collapsed":false},"order":10,"mode":0,"outputs":[{"name":"STRING","type":"STRING","links":[272],"shape":3,"slot_index":0,"label":"STRING"}],"title":"Negative","properties":{"Node name for S&R":"String Literal"},"widgets_values":["(low quality, worst quality:1.4), cgi, text, signature, watermark, extra limbs, ((nipples))"],"color":"#322","bgcolor":"#533"},{"id":153,"type":"PhotoMakerStyles","pos":[-1720,910],"size":[280,100],"flags":{},"order":17,"mode":0,"inputs":[{"name":"positive","type":"STRING","link":271,"widget":{"name":"positive"},"label":"positive"},{"name":"negative","type":"STRING","link":272,"widget":{"name":"negative"},"label":"negative"}],"outputs":[{"name":"POSITIVE","type":"STRING","links":[267,273],"shape":3,"slot_index":0,"label":"POSITIVE"},{"name":"NEGATIVE","type":"STRING","links":[274],"shape":3,"slot_index":1,"label":"NEGATIVE"}],"properties":{"Node name for S&R":"PhotoMakerStyles"},"widgets_values":["Photographic (Default)","",""]},{"id":144,"type":"Image Batch","pos":[-1620,500],"size":{"0":210,"1":86},"flags":{},"order":15,"mode":0,"inputs":[{"name":"images_a","type":"IMAGE","link":244,"label":"图像_A"},{"name":"images_b","type":"IMAGE","link":245,"label":"图像_B"},{"name":"images_c","type":"IMAGE","link":246,"label":"图像_C"},{"name":"images_d","type":"IMAGE","link":null,"label":"图像_d"}],"outputs":[{"name":"image","type":"IMAGE","links":[275],"shape":3,"label":"图像","slot_index":0}],"properties":{"Node name for S&R":"Image Batch"}},{"id":45,"type":"Efficient Loader","pos":[-1720,1460],"size":{"0":270,"1":600},"flags":{},"order":18,"mode":0,"inputs":[{"name":"lora_stack","type":"LORA_STACK","link":null,"slot_index":0,"label":"LoRA堆"},{"name":"cnet_stack","type":"CONTROL_NET_STACK","link":null,"slot_index":1,"label":"ControlNet堆"},{"name":"positive","type":"STRING","link":273,"widget":{"name":"positive"},"label":"正面条件"},{"name":"negative","type":"STRING","link":274,"widget":{"name":"negative"},"label":"负面条件"}],"outputs":[{"name":"MODEL","type":"MODEL","links":[201],"shape":3,"slot_index":0,"label":"模型"},{"name":"CONDITIONING+","type":"CONDITIONING","links":[],"shape":3,"slot_index":1,"label":"正面条件"},{"name":"CONDITIONING-","type":"CONDITIONING","links":[198],"shape":3,"slot_index":2,"label":"负面条件"},{"name":"LATENT","type":"LATENT","links":[200],"shape":3,"slot_index":3,"label":"Latent"},{"name":"VAE","type":"VAE","links":[199],"shape":3,"slot_index":4,"label":"VAE"},{"name":"CLIP","type":"CLIP","links":[276],"shape":3,"slot_index":5,"label":"CLIP"},{"name":"DEPENDENCIES","type":"DEPENDENCIES","links":null,"shape":3,"label":"依赖"}],"properties":{"Node name for S&R":"Efficient Loader"},"widgets_values":["sdxl/realvisxlV40_v40LightningBakedvae.safetensors","Baked VAE",-1,"photomaker-v2.bin",1,1,"medium shot, cinematic film still, photo of mizuoto,twintails, fictional landscapes, (intense sunlight:1.4), detailed, brooding mood, detailed character expressions, light amber and red, amazing quality, wallpaper,short hair, bangs, black hair, dress, jewelry, standing, earrings, outdoors, frills, wings, sleeveless, white dress, blurry, sleeveless dress, blurry background, feathered wings, angel wings, realistic, white wings, railing","(low quality, worst quality:1.4), cgi, text, signature, watermark, extra limbs, ((nipples))","none","comfy",1024,1024,1],"color":"#332233","bgcolor":"#553355","shape":1},{"id":46,"type":"KSampler Adv. (Efficient)","pos":[-1410,1460],"size":{"0":270,"1":450},"flags":{},"order":20,"mode":0,"inputs":[{"name":"model","type":"MODEL","link":201,"label":"模型"},{"name":"positive","type":"CONDITIONING","link":268,"label":"正面条件"},{"name":"negative","type":"CONDITIONING","link":198,"label":"负面条件"},{"name":"latent_image","type":"LATENT","link":200,"label":"Latent"},{"name":"optional_vae","type":"VAE","link":199,"label":"VAE(可选)"},{"name":"script","type":"SCRIPT","link":null,"slot_index":5,"label":"脚本"}],"outputs":[{"name":"MODEL","type":"MODEL","links":[],"shape":3,"slot_index":0,"label":"模型"},{"name":"CONDITIONING+","type":"CONDITIONING","links":[],"shape":3,"slot_index":1,"label":"正面条件"},{"name":"CONDITIONING-","type":"CONDITIONING","links":[],"shape":3,"slot_index":2,"label":"负面条件"},{"name":"LATENT","type":"LATENT","links":null,"shape":3,"label":"Latent"},{"name":"VAE","type":"VAE","links":null,"shape":3,"label":"VAE"},{"name":"IMAGE","type":"IMAGE","links":[101,218],"shape":3,"slot_index":5,"label":"图像"}],"properties":{"Node name for S&R":"KSampler Adv. (Efficient)"},"widgets_values":["enable",-1,null,6,2,"dpmpp_sde","AYS SDXL",0,10000,"disable","none","true"],"color":"#443322","bgcolor":"#665533","shape":1}],"links":[[101,46,5,47,0,"IMAGE"],[176,85,0,89,0,"IMAGE"],[198,45,2,46,2,"CONDITIONING"],[199,45,4,46,4,"VAE"],[200,45,3,46,3,"LATENT"],[201,45,0,46,0,"MODEL"],[212,106,0,105,0,"STRING"],[214,105,0,108,1,"STRING"],[215,107,0,108,0,"STRING"],[218,46,5,111,0,"IMAGE"],[219,111,0,112,0,"IMAGE"],[220,112,0,113,0,"IMAGE"],[232,103,0,105,1,"STRING"],[236,137,0,136,0,"IMAGE"],[237,138,0,140,0,"IMAGE"],[244,89,0,144,0,"IMAGE"],[245,136,0,144,1,"IMAGE"],[246,140,0,144,2,"IMAGE"],[265,156,0,154,1,"PHOTOMAKER"],[266,155,0,154,3,"INSIGHTFACE"],[267,153,0,154,4,"STRING"],[268,154,0,46,1,"CONDITIONING"],[271,108,0,153,0,"STRING"],[272,104,0,153,1,"STRING"],[273,153,0,45,2,"STRING"],[274,153,1,45,3,"STRING"],[275,144,0,154,2,"IMAGE"],[276,45,5,154,0,"CLIP"]],"groups":[{"title":"StringFunctions","bounding":[-2994,707,1188,901],"color":"#3f789e","font_size":24,"locked":false},{"title":"PhotoMakerPlus","bounding":[-1740,710,660,602],"color":"#3f789e","font_size":24,"locked":false},{"title":"LoaderAndSampler","bounding":[-1740,1380,1730,834],"color":"#3f789e","font_size":24,"locked":false},{"title":"Combine","bounding":[-1050,710,1030,604],"color":"#3f789e","font_size":24,"locked":false}],"config":{},"extra":{"ds":{"scale":0.2794145953766203,"offset":[4349.181710967281,424.9050041540223]},"workspace_info":{"id":"jvSjiJYqqMclJ_Zk-0oBF"}},"version":0.4}