{"last_node_id":1201,"last_link_id":3099,"nodes":[{"id":690,"type":"Reroute","pos":[-3367.4332513524478,-1631.3762887421276],"size":[124,26],"flags":{},"order":7,"mode":0,"inputs":[{"name":"","type":"*","link":1581,"label":""}],"outputs":[{"name":"LORA_STACK","type":"LORA_STACK","links":[1617],"slot_index":0,"label":"LORA_STACK"}],"properties":{"showOutputText":true,"horizontal":false}},{"id":288,"type":"Reroute","pos":[-3357.4332513524478,-1561.3762887421276],"size":[90.4,26],"flags":{},"order":12,"mode":0,"inputs":[{"name":"","type":"*","link":2764,"label":"","widget":{"name":"value"}}],"outputs":[{"name":"STRING","type":"STRING","links":[2088],"slot_index":0,"label":"STRING"}],"properties":{"showOutputText":true,"horizontal":false}},{"id":767,"type":"SolidMask","pos":[-4330,-940],"size":{"0":320,"1":110},"flags":{},"order":38,"mode":0,"inputs":[{"name":"width","type":"INT","link":1775,"widget":{"name":"width"},"label":"宽度"},{"name":"height","type":"INT","link":1776,"widget":{"name":"height"},"label":"高度"}],"outputs":[{"name":"MASK","type":"MASK","links":[1777],"shape":3,"label":"遮罩","slot_index":0}],"properties":{"Node name for S&R":"SolidMask"},"widgets_values":[1,512,512]},{"id":772,"type":"ImageToMask","pos":[-2020,-580],"size":{"0":315,"1":58},"flags":{},"order":63,"mode":0,"inputs":[{"name":"image","type":"IMAGE","link":1906,"label":"图像"}],"outputs":[{"name":"MASK","type":"MASK","links":[1796],"shape":3,"label":"遮罩","slot_index":0}],"properties":{"Node name for S&R":"ImageToMask"},"widgets_values":["blue"]},{"id":277,"type":"Reroute","pos":[-1650,-580],"size":[75,26],"flags":{},"order":66,"mode":0,"inputs":[{"name":"","type":"*","link":1796,"label":""}],"outputs":[{"name":"MASK","type":"MASK","links":[2219],"slot_index":0,"label":"MASK"}],"properties":{"showOutputText":true,"horizontal":false}},{"id":280,"type":"Reroute","pos":[-2970,-630],"size":[82,26],"flags":{},"order":42,"mode":0,"inputs":[{"name":"","type":"*","link":2367,"label":""}],"outputs":[{"name":"IMAGE","type":"IMAGE","links":[1125],"slot_index":0,"label":"IMAGE"}],"properties":{"showOutputText":true,"horizontal":false}},{"id":884,"type":"Reroute","pos":[-2970,-540],"size":[75,26],"flags":{},"order":55,"mode":0,"inputs":[{"name":"","type":"*","link":2168,"label":""}],"outputs":[{"name":"","type":"IMAGE","links":[2169],"slot_index":0,"label":""}],"properties":{"showOutputText":false,"horizontal":false}},{"id":139,"type":"ImageToMask","pos":[-2830,-590],"size":{"0":315,"1":58},"flags":{},"order":51,"mode":0,"inputs":[{"name":"image","type":"IMAGE","link":1125,"label":"图像"}],"outputs":[{"name":"MASK","type":"MASK","links":[2375],"shape":3,"label":"遮罩","slot_index":0}],"properties":{"Node name for S&R":"ImageToMask"},"widgets_values":["red"]},{"id":939,"type":"Reroute","pos":[1630,-390],"size":[75,26],"flags":{},"order":44,"mode":0,"inputs":[{"name":"","type":"*","link":2317,"label":"","widget":{"name":"value"}}],"outputs":[{"name":"","type":"INT","links":[2430],"slot_index":0,"label":""}],"properties":{"showOutputText":false,"horizontal":false}},{"id":954,"type":"Reroute","pos":[1630,-330],"size":[75,26],"flags":{},"order":45,"mode":0,"inputs":[{"name":"","type":"*","link":2374,"slot_index":0,"widget":{"name":"value"}}],"outputs":[{"name":"","type":"BOOLEAN","links":[2509],"slot_index":0}],"properties":{"showOutputText":false,"horizontal":false}},{"id":322,"type":"Reroute","pos":[-3340,-840],"size":[75,26],"flags":{},"order":34,"mode":0,"inputs":[{"name":"","type":"*","link":2524,"label":""}],"outputs":[{"name":"","type":"IMAGE","links":[1983],"slot_index":0,"label":""}],"properties":{"showOutputText":false,"horizontal":false}},{"id":368,"type":"Reroute","pos":[-3330,-1170],"size":[82,26],"flags":{},"order":26,"mode":0,"inputs":[{"name":"","type":"*","link":3036,"label":""}],"outputs":[{"name":"IMAGE","type":"IMAGE","links":[2299,2334],"slot_index":0,"label":""}],"properties":{"showOutputText":true,"horizontal":false}},{"id":1013,"type":"Reroute","pos":[-2968.3772430174076,1037.4553258648518],"size":[75,26],"flags":{},"order":33,"mode":0,"inputs":[{"name":"","type":"*","link":3045}],"outputs":[{"name":"","type":"IMAGE","links":[2548],"slot_index":0}],"properties":{"showOutputText":false,"horizontal":false}},{"id":953,"type":"Reroute","pos":[1630,-480],"size":[75,26],"flags":{},"order":49,"mode":0,"inputs":[{"name":"","type":"*","link":2371,"label":""}],"outputs":[{"name":"","type":"IMAGE","links":[2586],"slot_index":0}],"properties":{"showOutputText":false,"horizontal":false}},{"id":936,"type":"Reroute","pos":[1630,-570],"size":[75,26],"flags":{},"order":77,"mode":0,"inputs":[{"name":"","type":"*","link":2310,"label":""}],"outputs":[{"name":"","type":"IMAGE","links":[2585],"slot_index":0,"label":""}],"properties":{"showOutputText":false,"horizontal":false}},{"id":932,"type":"Reroute","pos":[1170,-870],"size":[75,26],"flags":{},"order":40,"mode":0,"inputs":[{"name":"","type":"*","link":2299,"label":""}],"outputs":[{"name":"","type":"IMAGE","links":[2371],"slot_index":0,"label":""}],"properties":{"showOutputText":false,"horizontal":false}},{"id":937,"type":"Reroute","pos":[1630,-520],"size":[75,26],"flags":{},"order":52,"mode":0,"inputs":[{"name":"","type":"*","link":2370,"label":""}],"outputs":[{"name":"","type":"IMAGE","links":[2584],"slot_index":0,"label":""}],"properties":{"showOutputText":false,"horizontal":false}},{"id":952,"type":"Reroute","pos":[1170,-800],"size":[75,26],"flags":{},"order":43,"mode":0,"inputs":[{"name":"","type":"*","link":2368}],"outputs":[{"name":"","type":"IMAGE","links":[2370],"slot_index":0}],"properties":{"showOutputText":false,"horizontal":false}},{"id":367,"type":"Reroute","pos":[-3330,-1220],"size":[82,26],"flags":{},"order":25,"mode":0,"inputs":[{"name":"","type":"*","link":3035,"label":""}],"outputs":[{"name":"IMAGE","type":"IMAGE","links":[2319],"slot_index":0,"label":"IMAGE"}],"properties":{"showOutputText":true,"horizontal":false}},{"id":239,"type":"JoinStrings","pos":[-3817.4332513524496,-1821.3762887421278],"size":{"0":315,"1":106},"flags":{},"order":8,"mode":0,"inputs":[{"name":"string1","type":"STRING","link":444,"widget":{"name":"string1"},"label":"字符串1"},{"name":"string2","type":"STRING","link":990,"widget":{"name":"string2"},"label":"字符串2"}],"outputs":[{"name":"STRING","type":"STRING","links":[2764],"shape":3,"label":"字符串","slot_index":0}],"properties":{"Node name for S&R":"JoinStrings"},"widgets_values":["","",","]},{"id":959,"type":"Reroute","pos":[1170,-940],"size":[75,26],"flags":{},"order":21,"mode":0,"inputs":[{"name":"","type":"*","link":2907,"widget":{"name":"value"}}],"outputs":[{"name":"","type":"INT","links":[2383],"slot_index":0}],"properties":{"showOutputText":false,"horizontal":false}},{"id":556,"type":"Reroute","pos":[-1344.7567603954292,-419.58433872817494],"size":[90.4,26],"flags":{},"order":9,"mode":0,"inputs":[{"name":"","type":"*","link":1326,"label":"","widget":{"name":"value"}}],"outputs":[{"name":"STRING","type":"STRING","links":[2817],"slot_index":0,"label":"STRING"}],"properties":{"showOutputText":true,"horizontal":false}},{"id":250,"type":"Reroute","pos":[-1330,-550],"size":[75,26],"flags":{},"order":11,"mode":0,"inputs":[{"name":"","type":"*","link":1617,"slot_index":0,"label":""}],"outputs":[{"name":"","type":"LORA_STACK","links":[2818],"slot_index":0,"label":""}],"properties":{"showOutputText":false,"horizontal":false}},{"id":778,"type":"Reroute","pos":[-1340,-70],"size":[75,26],"flags":{},"order":69,"mode":0,"inputs":[{"name":"","type":"*","link":1799,"label":""}],"outputs":[{"name":"","type":"CONTROL_NET_STACK","links":[2819],"slot_index":0,"label":""}],"properties":{"showOutputText":false,"horizontal":false}},{"id":1101,"type":"Reroute","pos":[-100,-640],"size":[75,26],"flags":{},"order":72,"mode":0,"inputs":[{"name":"","type":"*","link":2834}],"outputs":[{"name":"VAE","type":"VAE","links":[2835,2836],"slot_index":0}],"properties":{"showOutputText":true,"horizontal":false}},{"id":1100,"type":"Pack SDXL Tuple","pos":[100,-510],"size":{"0":342.5999755859375,"1":166},"flags":{},"order":74,"mode":0,"inputs":[{"name":"base_model","type":"MODEL","link":3080,"label":"模型"},{"name":"base_clip","type":"CLIP","link":2841,"label":"CLIP"},{"name":"base_positive","type":"CONDITIONING","link":3083,"label":"正面条件"},{"name":"base_negative","type":"CONDITIONING","link":3084,"label":"负面条件"},{"name":"refiner_model","type":"MODEL","link":2837,"label":"模型(Refiner)"},{"name":"refiner_clip","type":"CLIP","link":2838,"label":"CLIP(Refiner)"},{"name":"refiner_positive","type":"CONDITIONING","link":2839,"label":"正面条件(Refiner)"},{"name":"refiner_negative","type":"CONDITIONING","link":2840,"label":"负面条件(Refiner)"}],"outputs":[{"name":"SDXL_TUPLE","type":"SDXL_TUPLE","links":[2829],"shape":3,"label":"SDXL元组","slot_index":0}],"properties":{"Node name for S&R":"Pack SDXL Tuple"},"shape":1},{"id":218,"type":"AIO_Preprocessor","pos":[-2808.3772430174076,777.4553258648519],"size":{"0":320,"1":80},"flags":{},"order":53,"mode":0,"inputs":[{"name":"image","type":"IMAGE","link":1902,"label":"图像"},{"name":"resolution","type":"INT","link":2543,"widget":{"name":"resolution"},"label":"分辨率"}],"outputs":[{"name":"IMAGE","type":"IMAGE","links":[429],"shape":3,"label":"图像","slot_index":0}],"properties":{"Node name for S&R":"AIO_Preprocessor"},"widgets_values":["DepthAnythingV2Preprocessor",768]},{"id":307,"type":"ImageResize+","pos":[-2418.3772430174076,447.45532586485166],"size":{"0":315,"1":218},"flags":{"collapsed":false},"order":59,"mode":0,"inputs":[{"name":"image","type":"IMAGE","link":2022,"label":"图像"},{"name":"width","type":"INT","link":579,"widget":{"name":"width"},"label":"宽度"},{"name":"height","type":"INT","link":580,"widget":{"name":"height"},"label":"高度"}],"outputs":[{"name":"IMAGE","type":"IMAGE","links":[2865],"shape":3,"label":"图像","slot_index":0},{"name":"width","type":"INT","links":null,"shape":3,"label":"宽度"},{"name":"height","type":"INT","links":null,"shape":3,"label":"高度"}],"properties":{"Node name for S&R":"ImageResize+"},"widgets_values":[768,1024,"nearest",false,"always",0]},{"id":1104,"type":"ImageToMask","pos":[-3680,490],"size":{"0":315,"1":58},"flags":{},"order":50,"mode":0,"inputs":[{"name":"image","type":"IMAGE","link":2861,"label":"图像"}],"outputs":[{"name":"MASK","type":"MASK","links":[2862],"shape":3,"label":"遮罩","slot_index":0}],"properties":{"Node name for S&R":"ImageToMask"},"widgets_values":["red"]},{"id":1106,"type":"MaskToImage","pos":[-3630,730],"size":{"0":210,"1":26},"flags":{},"order":60,"mode":0,"inputs":[{"name":"mask","type":"MASK","link":2863,"label":"遮罩"}],"outputs":[{"name":"IMAGE","type":"IMAGE","links":[2866],"shape":3,"label":"图像","slot_index":0}],"properties":{"Node name for S&R":"MaskToImage"}},{"id":1129,"type":"Reroute","pos":[70,-2290],"size":[75,26],"flags":{},"order":0,"mode":0,"inputs":[{"name":"","type":"*","link":null}],"outputs":[{"name":"","type":"*","links":[],"slot_index":0}],"properties":{"showOutputText":false,"horizontal":false}},{"id":958,"type":"Reroute","pos":[1170,-1000],"size":[75,26],"flags":{},"order":20,"mode":0,"inputs":[{"name":"","type":"*","link":2906,"widget":{"name":"value"}}],"outputs":[{"name":"","type":"INT","links":[2382],"slot_index":0}],"properties":{"showOutputText":false,"horizontal":false}},{"id":693,"type":"Reroute","pos":[1230,-620],"size":[75,26],"flags":{},"order":76,"mode":0,"inputs":[{"name":"","type":"*","link":2842,"label":""}],"outputs":[{"name":"","type":"IMAGE","links":[2310],"slot_index":0,"label":""}],"properties":{"showOutputText":false,"horizontal":false}},{"id":1132,"type":"Get resolution [Crystools]","pos":[-480,-990],"size":{"0":210,"1":100},"flags":{"collapsed":false},"order":18,"mode":0,"inputs":[{"name":"image","type":"IMAGE","link":3053,"label":"图像"}],"outputs":[{"name":"width","type":"INT","links":[2906],"shape":3,"label":"宽度","slot_index":0},{"name":"height","type":"INT","links":[2907],"shape":3,"label":"高度","slot_index":1}],"properties":{"Node name for S&R":"Get resolution [Crystools]"}},{"id":947,"type":"Reroute","pos":[-3330,-1120],"size":[82,26],"flags":{},"order":27,"mode":0,"inputs":[{"name":"","type":"*","link":3037}],"outputs":[{"name":"IMAGE","type":"IMAGE","links":[],"slot_index":0}],"properties":{"showOutputText":true,"horizontal":false}},{"id":948,"type":"Reroute","pos":[-3330,-1070],"size":[82,26],"flags":{},"order":28,"mode":0,"inputs":[{"name":"","type":"*","link":3038}],"outputs":[{"name":"IMAGE","type":"IMAGE","links":[2367,2368],"slot_index":0}],"properties":{"showOutputText":true,"horizontal":false}},{"id":949,"type":"Reroute","pos":[-3340,-870],"size":[98.8,26],"flags":{},"order":32,"mode":0,"inputs":[{"name":"","type":"*","link":3044,"widget":{"name":"value"}}],"outputs":[{"name":"BOOLEAN","type":"BOOLEAN","links":[2374],"slot_index":0}],"properties":{"showOutputText":true,"horizontal":false}},{"id":362,"type":"Reroute","pos":[-3330,-910],"size":[75,26],"flags":{},"order":31,"mode":0,"inputs":[{"name":"","type":"*","link":3042,"label":"","widget":{"name":"value"}}],"outputs":[{"name":"INT","type":"INT","links":[2317],"slot_index":0,"label":"INT"}],"properties":{"showOutputText":true,"horizontal":false}},{"id":768,"type":"MaskToImage","pos":[-3920,-910],"size":{"0":210,"1":26},"flags":{},"order":48,"mode":0,"inputs":[{"name":"mask","type":"MASK","link":1777,"label":"遮罩"}],"outputs":[{"name":"IMAGE","type":"IMAGE","links":[2168],"shape":3,"label":"图像","slot_index":0}],"properties":{"Node name for S&R":"MaskToImage"}},{"id":1149,"type":"Reroute","pos":[-3330,-960],"size":[75,26],"flags":{},"order":30,"mode":0,"inputs":[{"name":"","type":"*","link":3040}],"outputs":[{"name":"","type":"IMAGE","links":[],"slot_index":0}],"properties":{"showOutputText":false,"horizontal":false}},{"id":303,"type":"Reroute","pos":[-2968.3772430174076,747.4553258648517],"size":[75,26],"flags":{},"order":37,"mode":0,"inputs":[{"name":"","type":"*","link":1666,"label":"","widget":{"name":"value"}}],"outputs":[{"name":"INT","type":"INT","links":[580,1658],"slot_index":0,"label":"INT"}],"properties":{"showOutputText":true,"horizontal":false}},{"id":302,"type":"Reroute","pos":[-2968.3772430174076,687.4553258648517],"size":[75,26],"flags":{},"order":36,"mode":0,"inputs":[{"name":"","type":"*","link":1665,"label":"","widget":{"name":"value"}}],"outputs":[{"name":"INT","type":"INT","links":[579,1657,2542,2543],"slot_index":0,"label":"INT"}],"properties":{"showOutputText":true,"horizontal":false}},{"id":1107,"type":"Reroute","pos":[-2958.3772430174076,627.4553258648517],"size":[75,26],"flags":{},"order":62,"mode":0,"inputs":[{"name":"","type":"*","link":2866}],"outputs":[{"name":"","type":"IMAGE","links":[2867,2868],"slot_index":0}],"properties":{"showOutputText":false,"horizontal":false}},{"id":304,"type":"Reroute","pos":[-2968.3772430174076,577.4553258648517],"size":[82,26],"flags":{},"order":41,"mode":0,"inputs":[{"name":"","type":"*","link":2334,"label":""}],"outputs":[{"name":"IMAGE","type":"IMAGE","links":[2861],"slot_index":0,"label":"IMAGE"}],"properties":{"showOutputText":true,"horizontal":false}},{"id":301,"type":"Reroute","pos":[-2968.3772430174076,497.45532586485166],"size":[82,26],"flags":{},"order":46,"mode":0,"inputs":[{"name":"","type":"*","link":1983,"label":""}],"outputs":[{"name":"IMAGE","type":"IMAGE","links":[1902,2021],"slot_index":0,"label":"IMAGE"}],"properties":{"showOutputText":true,"horizontal":false}},{"id":228,"type":"ImageResize+","pos":[-2418.3772430174076,727.4553258648517],"size":{"0":315,"1":218},"flags":{"collapsed":false},"order":58,"mode":0,"inputs":[{"name":"image","type":"IMAGE","link":429,"label":"图像"},{"name":"width","type":"INT","link":1657,"widget":{"name":"width"},"label":"宽度"},{"name":"height","type":"INT","link":1658,"widget":{"name":"height"},"label":"高度"}],"outputs":[{"name":"IMAGE","type":"IMAGE","links":[1996],"shape":3,"label":"图像","slot_index":0},{"name":"width","type":"INT","links":null,"shape":3,"label":"宽度"},{"name":"height","type":"INT","links":null,"shape":3,"label":"高度"}],"properties":{"Node name for S&R":"ImageResize+"},"widgets_values":[768,1024,"nearest",false,"always",0]},{"id":1105,"type":"ImpactDilateMask","pos":[-3660,610],"size":{"0":315,"1":58},"flags":{},"order":56,"mode":0,"inputs":[{"name":"mask","type":"MASK","link":2862,"label":"遮罩"}],"outputs":[{"name":"MASK","type":"MASK","links":[2863],"shape":3,"label":"遮罩","slot_index":0}],"properties":{"Node name for S&R":"ImpactDilateMask"},"widgets_values":[5]},{"id":254,"type":"Reroute","pos":[-1347.4747667376894,-474.95752677724323],"size":[90.4,26],"flags":{},"order":16,"mode":0,"inputs":[{"name":"","type":"*","link":2088,"label":"","widget":{"name":"value"}}],"outputs":[{"name":"STRING","type":"STRING","links":[2968],"slot_index":0,"label":"STRING"}],"properties":{"showOutputText":true,"horizontal":false}},{"id":263,"type":"CR LoRA Stack","pos":[-3840,-2250],"size":{"0":394.4184265136719,"1":342},"flags":{},"order":1,"mode":0,"inputs":[{"name":"lora_stack","type":"LORA_STACK","link":null,"label":"LoRA堆"}],"outputs":[{"name":"LORA_STACK","type":"LORA_STACK","links":[1581],"shape":3,"slot_index":0,"label":"LORA_STACK"},{"name":"show_help","type":"STRING","links":null,"shape":3,"label":"show_help"}],"properties":{"Node name for S&R":"CR LoRA Stack"},"widgets_values":["On","snapmecloth/0702/webulora/Black-shirt.safetensors",1,1,"Off","None",1,1,"Off","None",1,1]},{"id":890,"type":"Reroute","pos":[-3330,-1020],"size":[82,26],"flags":{},"order":29,"mode":0,"inputs":[{"name":"","type":"*","link":3039,"label":""}],"outputs":[{"name":"IMAGE","type":"IMAGE","links":[],"slot_index":0,"label":""}],"properties":{"showOutputText":true,"horizontal":false}},{"id":223,"type":"ImageCompositedMaskedWeight","pos":[-1980,670],"size":{"0":315,"1":78},"flags":{},"order":65,"mode":0,"inputs":[{"name":"source","type":"IMAGE","link":1996,"label":"source"},{"name":"mask","type":"IMAGE","link":2868,"label":"mask"}],"outputs":[{"name":"IMAGE","type":"IMAGE","links":[2973],"shape":3,"label":"IMAGE","slot_index":0}],"properties":{"Node name for S&R":"ImageCompositedMaskedWeight"},"widgets_values":[0.1]},{"id":309,"type":"ImageCompositedMaskedWeight","pos":[-1980,470],"size":{"0":315,"1":78},"flags":{},"order":64,"mode":0,"inputs":[{"name":"source","type":"IMAGE","link":2865,"label":"source"},{"name":"mask","type":"IMAGE","link":2867,"label":"mask"}],"outputs":[{"name":"IMAGE","type":"IMAGE","links":[2975],"shape":3,"label":"IMAGE","slot_index":0}],"properties":{"Node name for S&R":"ImageCompositedMaskedWeight"},"widgets_values":[0.1]},{"id":676,"type":"MaskToImage","pos":[-2390,-430],"size":{"0":200,"1":30},"flags":{},"order":57,"mode":0,"inputs":[{"name":"mask","type":"MASK","link":2375,"label":"遮罩"}],"outputs":[{"name":"IMAGE","type":"IMAGE","links":[1905],"shape":3,"label":"图像","slot_index":0}],"properties":{"Node name for S&R":"MaskToImage"}},{"id":264,"type":"CR Multi-ControlNet Stack","pos":[-1520,460],"size":{"0":418.1999816894531,"1":454},"flags":{},"order":67,"mode":0,"inputs":[{"name":"image_1","type":"IMAGE","link":2975,"label":"图像1"},{"name":"image_2","type":"IMAGE","link":2973,"label":"图像2"},{"name":"image_3","type":"IMAGE","link":2548,"label":"图像3"},{"name":"controlnet_stack","type":"CONTROL_NET_STACK","link":null,"label":"ControlNet堆"}],"outputs":[{"name":"CONTROLNET_STACK","type":"CONTROL_NET_STACK","links":[1799],"shape":3,"label":"ControlNet堆","slot_index":0},{"name":"show_help","type":"STRING","links":null,"shape":3,"label":"show_help"}],"properties":{"Node name for S&R":"CR Multi-ControlNet Stack"},"widgets_values":["On","controlnet-union-sdxl-1.0.safetensors",0.2,0,1,"On","controlnet-union-sdxl-1.0.safetensors",0.15,0,1,"On","controlnet-union-sdxl-1.0.safetensors",0.1,0,1]},{"id":844,"type":"AIO_Preprocessor","pos":[-2818.3772430174076,457.45532586485166],"size":{"0":320,"1":80},"flags":{},"order":54,"mode":0,"inputs":[{"name":"image","type":"IMAGE","link":2021,"label":"图像"},{"name":"resolution","type":"INT","link":2542,"widget":{"name":"resolution"},"label":"分辨率"}],"outputs":[{"name":"IMAGE","type":"IMAGE","links":[2022],"shape":3,"label":"图像","slot_index":0}],"properties":{"Node name for S&R":"AIO_Preprocessor"},"widgets_values":["AnyLineArtPreprocessor_aux",768]},{"id":885,"type":"Reroute","pos":[-3340,-1270],"size":[82,26],"flags":{},"order":23,"mode":0,"inputs":[{"name":"","type":"*","link":3033,"label":""}],"outputs":[{"name":"IMAGE","type":"IMAGE","links":[2524,2589],"slot_index":0,"label":"IMAGE"}],"properties":{"showOutputText":true,"horizontal":false}},{"id":938,"type":"Reroute","pos":[1630,-430],"size":[75,26],"flags":{},"order":47,"mode":0,"inputs":[{"name":"","type":"*","link":2641,"label":""}],"outputs":[{"name":"","type":"IMAGE","links":[2316],"slot_index":0,"label":""}],"properties":{"showOutputText":false,"horizontal":false}},{"id":1027,"type":"Reroute","pos":[1170,-750],"size":[75,26],"flags":{},"order":35,"mode":0,"inputs":[{"name":"","type":"*","link":2589}],"outputs":[{"name":"","type":"IMAGE","links":[2641],"slot_index":0}],"properties":{"showOutputText":false,"horizontal":false}},{"id":876,"type":"BrushNetLoader","pos":[-200,20],"size":{"0":315,"1":82},"flags":{},"order":2,"mode":0,"outputs":[{"name":"brushnet","type":"BRMODEL","links":[2207],"shape":3,"label":"BrushNet"}],"properties":{"Node name for S&R":"BrushNetLoader"},"widgets_values":["brushnet_xl/segmentation_mask_brushnet_ckpt_v1.safetensors","float16"]},{"id":1175,"type":"AliSegBodyHeadFace","pos":[-3890,-1270],"size":{"0":315,"1":286},"flags":{},"order":22,"mode":0,"inputs":[{"name":"images","type":"IMAGE","link":3052,"label":"images"},{"name":"bodys","type":"IMAGE","link":3088,"label":"bodys"},{"name":"heads","type":"IMAGE","link":3048,"label":"heads"},{"name":"prompt_cloth","type":"STRING","link":3031,"widget":{"name":"prompt_cloth"},"label":"prompt_cloth"},{"name":"prompt_background","type":"STRING","link":3032,"widget":{"name":"prompt_background"},"label":"prompt_background"}],"outputs":[{"name":"原图","type":"IMAGE","links":[3033,3034],"shape":3,"label":"原图"},{"name":"head_gray","type":"IMAGE","links":[3035],"shape":3,"label":"head_gray"},{"name":"head_mask","type":"IMAGE","links":[3036],"shape":3,"label":"head_mask"},{"name":"hair_mask","type":"IMAGE","links":[3037],"shape":3,"label":"hair_mask"},{"name":"face_mask","type":"IMAGE","links":[3038],"shape":3,"label":"face_mask"},{"name":"人体mask","type":"IMAGE","links":[3039],"shape":3,"label":"人体mask"},{"name":"cloth_mask","type":"IMAGE","links":[3040],"shape":3,"label":"cloth_mask"},{"name":"动态膨胀系数","type":"INT","links":[3042],"shape":3,"label":"动态膨胀系数"},{"name":"头发是否过肩膀","type":"BOOLEAN","links":[3044],"shape":3,"label":"头发是否过肩膀"},{"name":"openpose","type":"IMAGE","links":[3045],"shape":3,"label":"openpose"}],"properties":{"Node name for S&R":"AliSegBodyHeadFace"},"widgets_values":["","",false]},{"id":333,"type":"Get resolution [Crystools]","pos":[-4310,-1110],"size":{"0":210,"1":100},"flags":{"collapsed":false},"order":24,"mode":0,"inputs":[{"name":"image","type":"IMAGE","link":3034,"label":"图像"}],"outputs":[{"name":"width","type":"INT","links":[1665,1775],"shape":3,"label":"宽度","slot_index":0},{"name":"height","type":"INT","links":[1666,1776],"shape":3,"label":"高度","slot_index":1}],"properties":{"Node name for S&R":"Get resolution [Crystools]"}},{"id":1096,"type":"Eff. Loader SDXL","pos":[-1150,-590],"size":{"0":430,"1":550},"flags":{},"order":70,"mode":0,"inputs":[{"name":"lora_stack","type":"LORA_STACK","link":2818,"label":"LoRA堆"},{"name":"cnet_stack","type":"CONTROL_NET_STACK","link":2819,"label":"ControlNet堆"},{"name":"positive","type":"STRING","link":2968,"widget":{"name":"positive"},"label":"正面条件"},{"name":"negative","type":"STRING","link":2817,"widget":{"name":"negative"},"label":"负面条件"}],"outputs":[{"name":"SDXL_TUPLE","type":"SDXL_TUPLE","links":[2820],"shape":3,"label":"SDXL元组","slot_index":0},{"name":"LATENT","type":"LATENT","links":null,"shape":3,"label":"Latent"},{"name":"VAE","type":"VAE","links":[2834],"shape":3,"label":"VAE","slot_index":2},{"name":"DEPENDENCIES","type":"DEPENDENCIES","links":null,"shape":3,"label":"依赖"}],"properties":{"Node name for S&R":"Eff. Loader SDXL"},"widgets_values":["sdxl/realvisxlV40_v40Bakedvae.safetensors",-2,"sdxl/sd_xl_refiner_1.0.safetensors",-1,6,3,"Baked VAE","CLIP_POSITIVE","CLIP_NEGATIVE","none","compel",1024,1024,1],"color":"#2a363b","bgcolor":"#3f5159","shape":1},{"id":248,"type":"Reroute","pos":[-1340,-630],"size":[82,26],"flags":{},"order":39,"mode":0,"inputs":[{"name":"","type":"*","link":2319,"label":""}],"outputs":[{"name":"IMAGE","type":"IMAGE","links":[2997],"slot_index":0,"label":"IMAGE"}],"properties":{"showOutputText":true,"horizontal":false}},{"id":249,"type":"Reroute","pos":[-1340,-310],"size":[75,26],"flags":{},"order":68,"mode":0,"inputs":[{"name":"","type":"*","link":2219,"label":""}],"outputs":[{"name":"MASK","type":"MASK","links":[2211],"slot_index":0,"label":"MASK"}],"properties":{"showOutputText":true,"horizontal":false}},{"id":1097,"type":"Unpack SDXL Tuple","pos":[-570,-510],"size":{"0":405.5999755859375,"1":166},"flags":{},"order":71,"mode":0,"inputs":[{"name":"sdxl_tuple","type":"SDXL_TUPLE","link":2820,"label":"SDXL元组"}],"outputs":[{"name":"BASE_MODEL","type":"MODEL","links":[3013],"shape":3,"label":"模型","slot_index":0},{"name":"BASE_CLIP","type":"CLIP","links":[2841],"shape":3,"label":"CLIP","slot_index":1},{"name":"BASE_CONDITIONING+","type":"CONDITIONING","links":[2826],"shape":3,"label":"正面条件","slot_index":2},{"name":"BASE_CONDITIONING-","type":"CONDITIONING","links":[2827],"shape":3,"label":"负面条件","slot_index":3},{"name":"REFINER_MODEL","type":"MODEL","links":[2837],"shape":3,"label":"模型(Refiner)","slot_index":4},{"name":"REFINER_CLIP","type":"CLIP","links":[2838],"shape":3,"label":"CLIP(Refiner)","slot_index":5},{"name":"REFINER_CONDITIONING+","type":"CONDITIONING","links":[2839],"shape":3,"label":"正面条件(Refiner)","slot_index":6},{"name":"REFINER_CONDITIONING-","type":"CONDITIONING","links":[2840],"shape":3,"label":"负面条件(Refiner)","slot_index":7}],"properties":{"Node name for S&R":"Unpack SDXL Tuple"},"shape":1},{"id":807,"type":"ImageBlend","pos":[-2430,-600],"size":{"0":315,"1":102},"flags":{},"order":61,"mode":0,"inputs":[{"name":"image1","type":"IMAGE","link":2169,"label":"图像1"},{"name":"image2","type":"IMAGE","link":1905,"label":"图像2"}],"outputs":[{"name":"IMAGE","type":"IMAGE","links":[1906],"shape":3,"label":"图像","slot_index":0}],"properties":{"Node name for S&R":"ImageBlend"},"widgets_values":[1,"difference"]},{"id":875,"type":"BrushNet","pos":[-190,-260],"size":{"0":315,"1":226},"flags":{},"order":73,"mode":0,"inputs":[{"name":"model","type":"MODEL","link":3013,"label":"模型"},{"name":"vae","type":"VAE","link":2835,"label":"VAE"},{"name":"image","type":"IMAGE","link":2997,"label":"图像"},{"name":"mask","type":"MASK","link":2211,"label":"遮罩"},{"name":"brushnet","type":"BRMODEL","link":2207,"label":"BrushNet","slot_index":4},{"name":"positive","type":"CONDITIONING","link":2826,"label":"正面条件"},{"name":"negative","type":"CONDITIONING","link":2827,"label":"负面条件"}],"outputs":[{"name":"model","type":"MODEL","links":[3080],"shape":3,"label":"模型","slot_index":0},{"name":"positive","type":"CONDITIONING","links":[3083],"shape":3,"label":"正面条件","slot_index":1},{"name":"negative","type":"CONDITIONING","links":[3084],"shape":3,"label":"负面条件","slot_index":2},{"name":"latent","type":"LATENT","links":[3082],"shape":3,"label":"Latent","slot_index":3}],"properties":{"Node name for S&R":"BrushNet"},"widgets_values":[0.6000000000000001,0,1000]},{"id":1134,"type":"ImageResize+","pos":[-4880,-1760],"size":{"0":315,"1":218},"flags":{"collapsed":false},"order":10,"mode":0,"inputs":[{"name":"image","type":"IMAGE","link":3099,"label":"图像"}],"outputs":[{"name":"IMAGE","type":"IMAGE","links":[3046,3051,3090],"shape":3,"label":"图像","slot_index":0},{"name":"width","type":"INT","links":null,"shape":3,"label":"宽度"},{"name":"height","type":"INT","links":null,"shape":3,"label":"高度"}],"properties":{"Node name for S&R":"ImageResize+"},"widgets_values":[768,1024,"bilinear",false,"always",0]},{"id":1177,"type":"MaskToImage","pos":[-4710,-900],"size":{"0":210,"1":26},"flags":{},"order":17,"mode":0,"inputs":[{"name":"mask","type":"MASK","link":3047,"label":"遮罩"}],"outputs":[{"name":"IMAGE","type":"IMAGE","links":[3048],"shape":3,"label":"图像","slot_index":0}],"properties":{"Node name for S&R":"MaskToImage"}},{"id":1176,"type":"APersonMaskGenerator","pos":[-5170,-910],"size":{"0":315,"1":178},"flags":{},"order":13,"mode":0,"inputs":[{"name":"images","type":"IMAGE","link":3046,"label":"images"}],"outputs":[{"name":"masks","type":"MASK","links":[3047],"shape":3,"label":"masks","slot_index":0}],"properties":{"Node name for S&R":"APersonMaskGenerator"},"widgets_values":[true,false,true,false,false,0.4]},{"id":37,"type":"String Literal","pos":[-4377.433251352455,-2261.3762887421276],"size":{"0":391.5850524902344,"1":152.6741180419922},"flags":{},"order":3,"mode":0,"outputs":[{"name":"STRING","type":"STRING","links":[444,3031],"shape":3,"label":"STRING","slot_index":0}],"properties":{"Node name for S&R":"String Literal"},"widgets_values":["cloth"]},{"id":238,"type":"String Literal","pos":[-4370,-2040],"size":{"0":400,"1":200},"flags":{},"order":4,"mode":0,"outputs":[{"name":"STRING","type":"STRING","links":[990,3032],"shape":3,"label":"STRING","slot_index":0}],"properties":{"Node name for S&R":"String Literal"},"widgets_values":["background"]},{"id":555,"type":"String Literal","pos":[-4380,-1760],"size":{"0":400,"1":200},"flags":{},"order":5,"mode":0,"outputs":[{"name":"STRING","type":"STRING","links":[1326],"shape":3,"label":"STRING","slot_index":0}],"properties":{"Node name for S&R":"String Literal"},"widgets_values":["negative"]},{"id":219,"type":"Reroute","pos":[-4440,-1300],"size":[75,26],"flags":{},"order":14,"mode":0,"inputs":[{"name":"","type":"*","link":3051,"label":"","slot_index":0}],"outputs":[{"name":"","type":"IMAGE","links":[3052,3053],"slot_index":0,"label":""}],"properties":{"showOutputText":false,"horizontal":false}},{"id":1193,"type":"APersonMaskGenerator","pos":[-5170,-1230],"size":{"0":315,"1":178},"flags":{},"order":15,"mode":0,"inputs":[{"name":"images","type":"IMAGE","link":3090,"label":"images"}],"outputs":[{"name":"masks","type":"MASK","links":[3093],"shape":3,"label":"masks","slot_index":0}],"properties":{"Node name for S&R":"APersonMaskGenerator"},"widgets_values":[true,false,true,true,true,0.4]},{"id":1191,"type":"MaskToImage","pos":[-4740,-1240],"size":{"0":210,"1":26},"flags":{},"order":19,"mode":0,"inputs":[{"name":"mask","type":"MASK","link":3093,"label":"遮罩"}],"outputs":[{"name":"IMAGE","type":"IMAGE","links":[3088],"shape":3,"label":"图像","slot_index":0}],"properties":{"Node name for S&R":"MaskToImage"}},{"id":1099,"type":"KSampler SDXL (Eff.)","pos":[690,-530],"size":{"0":330,"1":550},"flags":{},"order":75,"mode":0,"inputs":[{"name":"sdxl_tuple","type":"SDXL_TUPLE","link":2829,"label":"SDXL元组","slot_index":0},{"name":"latent_image","type":"LATENT","link":3082,"label":"Latent"},{"name":"optional_vae","type":"VAE","link":2836,"label":"VAE(可选)"},{"name":"script","type":"SCRIPT","link":null,"label":"脚本"}],"outputs":[{"name":"SDXL_TUPLE","type":"SDXL_TUPLE","links":null,"shape":3,"label":"SDXL元组"},{"name":"LATENT","type":"LATENT","links":null,"shape":3,"label":"Latent"},{"name":"VAE","type":"VAE","links":null,"shape":3,"label":"VAE"},{"name":"IMAGE","type":"IMAGE","links":[2842],"shape":3,"label":"图像","slot_index":3}],"properties":{"Node name for S&R":"KSampler SDXL (Eff.)"},"widgets_values":[956418823287244,null,35,7,"dpmpp_2m_sde_gpu","karras",0,30,"none","true (tiled)"],"color":"#223333","bgcolor":"#335555","shape":1},{"id":1199,"type":"Save Image To OSS And Display","pos":[2310,-540],"size":{"0":315,"1":82},"flags":{},"order":79,"mode":0,"inputs":[{"name":"images","type":"IMAGE","link":3098,"label":"images"}],"properties":{"Node name for S&R":"Save Image To OSS And Display"},"widgets_values":["comfyui","JPEG"]},{"id":882,"type":"Snapme ImgProcess Step3","pos":[1910,-540],"size":{"0":320,"1":260},"flags":{},"order":78,"mode":0,"inputs":[{"name":"image_res_1","type":"IMAGE","link":2585,"label":"image_res_1"},{"name":"face_mask","type":"IMAGE","link":2584,"label":"face_mask"},{"name":"control_mask_face","type":"IMAGE","link":2586,"label":"control_mask_face"},{"name":"face_image_pad","type":"IMAGE","link":2316,"label":"face_image_pad"},{"name":"dilate_iter","type":"INT","link":2430,"widget":{"name":"dilate_iter"},"label":"dilate_iter","slot_index":4},{"name":"use_hair","type":"BOOLEAN","link":2509,"widget":{"name":"use_hair"},"slot_index":5,"label":"use_hair"},{"name":"restore_width","type":"INT","link":2382,"widget":{"name":"restore_width"},"label":"restore_width"},{"name":"restore_height","type":"INT","link":2383,"widget":{"name":"restore_height"},"label":"restore_height"}],"outputs":[{"name":"脸部回帖图","type":"IMAGE","links":[3098],"shape":3,"label":"脸部回帖图","slot_index":0}],"properties":{"Node name for S&R":"Snapme ImgProcess Step3"},"widgets_values":[0,6,false,0,0,true,false]},{"id":1201,"type":"Load Image From Url","pos":[-5360,-1770],"size":{"0":400,"1":200},"flags":{},"order":6,"mode":0,"outputs":[{"name":"IMAGE","type":"IMAGE","links":[3099],"shape":3,"label":"IMAGE","slot_index":0},{"name":"MASK","type":"MASK","links":null,"shape":3,"label":"MASK"}],"properties":{"Node name for S&R":"Load Image From Url"},"widgets_values":[""]}],"links":[[429,218,0,228,0,"IMAGE"],[444,37,0,239,0,"STRING"],[579,302,0,307,1,"INT"],[580,303,0,307,2,"INT"],[990,238,0,239,1,"STRING"],[1125,280,0,139,0,"IMAGE"],[1326,555,0,556,0,"*"],[1581,263,0,690,0,"*"],[1617,690,0,250,0,"*"],[1657,302,0,228,1,"INT"],[1658,303,0,228,2,"INT"],[1665,333,0,302,0,"*"],[1666,333,1,303,0,"*"],[1775,333,0,767,0,"INT"],[1776,333,1,767,1,"INT"],[1777,767,0,768,0,"MASK"],[1796,772,0,277,0,"*"],[1799,264,0,778,0,"*"],[1902,301,0,218,0,"IMAGE"],[1905,676,0,807,1,"IMAGE"],[1906,807,0,772,0,"IMAGE"],[1983,322,0,301,0,"*"],[1996,228,0,223,0,"IMAGE"],[2021,301,0,844,0,"IMAGE"],[2022,844,0,307,0,"IMAGE"],[2088,288,0,254,0,"*"],[2168,768,0,884,0,"*"],[2169,884,0,807,0,"IMAGE"],[2207,876,0,875,4,"BRMODEL"],[2211,249,0,875,3,"MASK"],[2219,277,0,249,0,"*"],[2299,368,0,932,0,"*"],[2310,693,0,936,0,"*"],[2316,938,0,882,3,"IMAGE"],[2317,362,0,939,0,"*"],[2319,367,0,248,0,"*"],[2334,368,0,304,0,"*"],[2367,948,0,280,0,"*"],[2368,948,0,952,0,"*"],[2370,952,0,937,0,"*"],[2371,932,0,953,0,"*"],[2374,949,0,954,0,"*"],[2375,139,0,676,0,"MASK"],[2382,958,0,882,6,"INT"],[2383,959,0,882,7,"INT"],[2430,939,0,882,4,"INT"],[2509,954,0,882,5,"BOOLEAN"],[2524,885,0,322,0,"*"],[2542,302,0,844,1,"INT"],[2543,302,0,218,1,"INT"],[2548,1013,0,264,2,"IMAGE"],[2584,937,0,882,1,"IMAGE"],[2585,936,0,882,0,"IMAGE"],[2586,953,0,882,2,"IMAGE"],[2589,885,0,1027,0,"*"],[2641,1027,0,938,0,"*"],[2764,239,0,288,0,"*"],[2817,556,0,1096,3,"STRING"],[2818,250,0,1096,0,"LORA_STACK"],[2819,778,0,1096,1,"CONTROL_NET_STACK"],[2820,1096,0,1097,0,"SDXL_TUPLE"],[2826,1097,2,875,5,"CONDITIONING"],[2827,1097,3,875,6,"CONDITIONING"],[2829,1100,0,1099,0,"SDXL_TUPLE"],[2834,1096,2,1101,0,"*"],[2835,1101,0,875,1,"VAE"],[2836,1101,0,1099,2,"VAE"],[2837,1097,4,1100,4,"MODEL"],[2838,1097,5,1100,5,"CLIP"],[2839,1097,6,1100,6,"CONDITIONING"],[2840,1097,7,1100,7,"CONDITIONING"],[2841,1097,1,1100,1,"CLIP"],[2842,1099,3,693,0,"*"],[2861,304,0,1104,0,"IMAGE"],[2862,1104,0,1105,0,"MASK"],[2863,1105,0,1106,0,"MASK"],[2865,307,0,309,0,"IMAGE"],[2866,1106,0,1107,0,"*"],[2867,1107,0,309,1,"IMAGE"],[2868,1107,0,223,1,"IMAGE"],[2906,1132,0,958,0,"*"],[2907,1132,1,959,0,"*"],[2968,254,0,1096,2,"STRING"],[2973,223,0,264,1,"IMAGE"],[2975,309,0,264,0,"IMAGE"],[2997,248,0,875,2,"IMAGE"],[3013,1097,0,875,0,"MODEL"],[3031,37,0,1175,3,"STRING"],[3032,238,0,1175,4,"STRING"],[3033,1175,0,885,0,"*"],[3034,1175,0,333,0,"IMAGE"],[3035,1175,1,367,0,"*"],[3036,1175,2,368,0,"*"],[3037,1175,3,947,0,"*"],[3038,1175,4,948,0,"*"],[3039,1175,5,890,0,"*"],[3040,1175,6,1149,0,"*"],[3042,1175,7,362,0,"*"],[3044,1175,8,949,0,"*"],[3045,1175,9,1013,0,"*"],[3046,1134,0,1176,0,"IMAGE"],[3047,1176,0,1177,0,"MASK"],[3048,1177,0,1175,2,"IMAGE"],[3051,1134,0,219,0,"*"],[3052,219,0,1175,0,"IMAGE"],[3053,219,0,1132,0,"IMAGE"],[3080,875,0,1100,0,"MODEL"],[3082,875,3,1099,1,"LATENT"],[3083,875,1,1100,2,"CONDITIONING"],[3084,875,2,1100,3,"CONDITIONING"],[3088,1191,0,1175,1,"IMAGE"],[3090,1134,0,1193,0,"IMAGE"],[3093,1193,0,1191,0,"MASK"],[3098,882,0,1199,0,"IMAGE"],[3099,1201,0,1134,0,"IMAGE"]],"groups":[{"title":"服装+背景一次生成","bounding":[-1307,-686,2613,898],"color":"#3f789e","font_size":24,"locked":false},{"title":"重回区域遮罩","bounding":[-2924,-685,1311,854],"color":"#3f789e","font_size":24,"locked":false},{"title":"ControlNet","bounding":[-2928,277,1968,1223],"color":"#3f789e","font_size":24,"locked":false},{"title":"图像预处理","bounding":[-4404,-1348,1112,548],"color":"#3f789e","font_size":24,"locked":false},{"title":"用户输入","bounding":[-4434,-2390,1126,877],"color":"#3f789e","font_size":24,"locked":false}],"config":{},"extra":{"ds":{"scale":0.7247295000000055,"offset":{"0":5354.817672875754,"1":2057.408839470441}},"workspace_info":{"id":"UQfGX1jZmLRCktEqil93M"}},"version":0.4}