{"last_node_id":904,"last_link_id":2056,"nodes":[{"id":791,"type":"Reroute","pos":[-2386.2750879296327,-217.353043312492],"size":[82,26],"flags":{},"order":22,"mode":0,"inputs":[{"name":"","type":"*","link":2036}],"outputs":[{"name":"IMAGE","type":"IMAGE","links":[1753],"slot_index":0}],"properties":{"showOutputText":true,"horizontal":false}},{"id":790,"type":"Reroute","pos":[-2386.2750879296327,-267.35304331249193],"size":[82,26],"flags":{},"order":21,"mode":0,"inputs":[{"name":"","type":"*","link":2035}],"outputs":[{"name":"IMAGE","type":"IMAGE","links":[1752],"slot_index":0}],"properties":{"showOutputText":true,"horizontal":false}},{"id":845,"type":"Image Comparer (rgthree)","pos":{"0":950,"1":-1800,"2":0,"3":0,"4":0,"5":0,"6":0,"7":0,"8":0,"9":0},"size":{"0":670,"1":840},"flags":{},"order":42,"mode":0,"inputs":[{"name":"image_a","type":"IMAGE","link":1900,"label":"图像_A","dir":3},{"name":"image_b","type":"IMAGE","link":1899,"label":"图像_B","dir":3}],"outputs":[],"properties":{"comparer_mode":"Slide"},"widgets_values":[["/view?filename=rgthree.compare._temp_nmciy_00015_.png&type=temp&subfolder=&rand=0.08206098643036186","/view?filename=rgthree.compare._temp_nmciy_00016_.png&type=temp&subfolder=&rand=0.06780704581594277"]]},{"id":843,"type":"Image Comparer (rgthree)","pos":{"0":-570,"1":-1780,"2":0,"3":0,"4":0,"5":0,"6":0,"7":0,"8":0,"9":0},"size":{"0":670,"1":840},"flags":{},"order":41,"mode":0,"inputs":[{"name":"image_a","type":"IMAGE","link":2017,"label":"图像_A","dir":3},{"name":"image_b","type":"IMAGE","link":2018,"label":"图像_B","dir":3}],"outputs":[],"properties":{"comparer_mode":"Slide"},"widgets_values":[["/view?filename=rgthree.compare._temp_eiglv_00015_.png&type=temp&subfolder=&rand=0.8486204730227762","/view?filename=rgthree.compare._temp_eiglv_00016_.png&type=temp&subfolder=&rand=0.743187444006965"]]},{"id":480,"type":"Image Comparer (rgthree)","pos":{"0":180,"1":-1790,"2":0,"3":0,"4":0,"5":0,"6":0,"7":0,"8":0,"9":0},"size":{"0":670,"1":840},"flags":{},"order":39,"mode":0,"inputs":[{"name":"image_a","type":"IMAGE","link":1798,"label":"图像_A","dir":3},{"name":"image_b","type":"IMAGE","link":1748,"label":"图像_B","dir":3}],"outputs":[],"properties":{"comparer_mode":"Slide"},"widgets_values":[["/view?filename=rgthree.compare._temp_acdfu_00015_.png&type=temp&subfolder=&rand=0.8751577836840985","/view?filename=rgthree.compare._temp_acdfu_00016_.png&type=temp&subfolder=&rand=0.2660151811255378"]]},{"id":446,"type":"CR Multi-ControlNet Stack","pos":[-2139.233802393611,-372.66995411978263],"size":{"0":418.1999816894531,"1":454},"flags":{},"order":28,"mode":0,"inputs":[{"name":"image_1","type":"IMAGE","link":1752,"label":"图像1"},{"name":"image_2","type":"IMAGE","link":1753,"label":"图像2"},{"name":"image_3","type":"IMAGE","link":1882,"label":"图像3"},{"name":"controlnet_stack","type":"CONTROL_NET_STACK","link":null,"label":"ControlNet堆","slot_index":3}],"outputs":[{"name":"CONTROLNET_STACK","type":"CONTROL_NET_STACK","links":[1995],"shape":3,"label":"ControlNet堆","slot_index":0},{"name":"show_help","type":"STRING","links":null,"shape":3,"slot_index":1}],"properties":{"Node name for S&R":"CR Multi-ControlNet Stack"},"widgets_values":["On","controlnet-union-sdxl-1.0.safetensors",0.3,0,1,"On","controlnet-union-sdxl-1.0.safetensors",0.3,0,1,"On","controlnet-union-sdxl-1.0.safetensors",0.4,0,1]},{"id":880,"type":"Primitive string multiline [Crystools]","pos":[-2120,560],"size":{"0":390,"1":140},"flags":{},"order":0,"mode":0,"outputs":[{"name":"string","type":"STRING","links":[2000],"shape":3,"label":"字符串","slot_index":0}],"properties":{"Node name for S&R":"Primitive string multiline [Crystools]"},"widgets_values":["embedding:negativeXL_D.safetensors, NSFW, worst quality, normal quality, low quality, low res, blurry, text, watermark, logo, banner, extra digits, cropped, jpeg artifacts, signature, username, error, sketch, duplicate, ugly, monochrome, horror, geometry, mutation, disgusting "]},{"id":859,"type":"LoadImage","pos":[-2560,-1650],"size":[320,310],"flags":{},"order":1,"mode":0,"outputs":[{"name":"IMAGE","type":"IMAGE","links":[1946],"shape":3,"slot_index":0,"label":"图像"},{"name":"MASK","type":"MASK","links":null,"shape":3,"label":"遮罩"}],"properties":{"Node name for S&R":"LoadImage"},"widgets_values":["1c69e493-6de1-487c-b808-c56fa0d4ad19.png","image"]},{"id":861,"type":"PrepImageForClipVision","pos":[-2570,-1280],"size":{"0":315,"1":106},"flags":{},"order":14,"mode":0,"inputs":[{"name":"image","type":"IMAGE","link":1946,"slot_index":0,"label":"图像"}],"outputs":[{"name":"IMAGE","type":"IMAGE","links":[1949],"shape":3,"slot_index":0,"label":"图像"}],"properties":{"Node name for S&R":"PrepImageForClipVision"},"widgets_values":["LANCZOS","top",0]},{"id":867,"type":"PrepImageForClipVision","pos":[-1810,-1280],"size":{"0":315,"1":106},"flags":{},"order":16,"mode":0,"inputs":[{"name":"image","type":"IMAGE","link":1952,"slot_index":0,"label":"图像"}],"outputs":[{"name":"IMAGE","type":"IMAGE","links":[1954],"shape":3,"slot_index":0,"label":"图像"}],"properties":{"Node name for S&R":"PrepImageForClipVision"},"widgets_values":["LANCZOS","top",0]},{"id":619,"type":"Reroute","pos":[714.9245471001585,-462.8396547619077],"size":[75,26],"flags":{},"order":38,"mode":0,"inputs":[{"name":"","type":"*","link":1749}],"outputs":[{"name":"","type":"IMAGE","links":[1798,1895,1899,2017],"slot_index":0}],"properties":{"showOutputText":false,"horizontal":false}},{"id":862,"type":"PrepImageForClipVision","pos":[-2160,-1280],"size":{"0":315,"1":106},"flags":{},"order":15,"mode":0,"inputs":[{"name":"image","type":"IMAGE","link":1947,"slot_index":0,"label":"图像"}],"outputs":[{"name":"IMAGE","type":"IMAGE","links":[1950],"shape":3,"slot_index":0,"label":"图像"}],"properties":{"Node name for S&R":"PrepImageForClipVision"},"widgets_values":["LANCZOS","top",0]},{"id":864,"type":"ImageBatch","pos":[-2340,-1050],"size":{"0":210,"1":46},"flags":{},"order":25,"mode":0,"inputs":[{"name":"image1","type":"IMAGE","link":1949,"slot_index":0,"label":"图像1"},{"name":"image2","type":"IMAGE","link":1950,"slot_index":1,"label":"图像2"}],"outputs":[{"name":"IMAGE","type":"IMAGE","links":[1953],"shape":3,"slot_index":0,"label":"图像"}],"properties":{"Node name for S&R":"ImageBatch"}},{"id":884,"type":"Reroute","pos":[-790,-260],"size":[75,26],"flags":{},"order":26,"mode":0,"inputs":[{"name":"","type":"*","link":2041}],"outputs":[{"name":"CLIP","type":"CLIP","links":[1997,1998,2003],"slot_index":0}],"properties":{"showOutputText":true,"horizontal":false}},{"id":860,"type":"LoadImage","pos":[-2190,-1640],"size":[320,310],"flags":{},"order":2,"mode":0,"outputs":[{"name":"IMAGE","type":"IMAGE","links":[1947],"shape":3,"slot_index":0,"label":"图像"},{"name":"MASK","type":"MASK","links":null,"shape":3,"label":"遮罩"}],"properties":{"Node name for S&R":"LoadImage"},"widgets_values":["9e3b6539-ea10-4d42-b321-4040b548cb19.png","image"]},{"id":844,"type":"ReActorRestoreFace","pos":[910,-470],"size":{"0":315,"1":130},"flags":{},"order":40,"mode":0,"inputs":[{"name":"image","type":"IMAGE","link":1895,"label":"图像"}],"outputs":[{"name":"IMAGE","type":"IMAGE","links":[1900],"shape":3,"label":"图像","slot_index":0}],"properties":{"Node name for S&R":"ReActorRestoreFace"},"widgets_values":["retinaface_resnet50","GPEN-BFR-1024.onnx",1,0.5]},{"id":623,"type":"List of strings [Crystools]","pos":[-1589.233802393611,67.33004588021734],"size":{"0":320,"1":270},"flags":{},"order":24,"mode":0,"inputs":[{"name":"string_1","type":"STRING","link":1859,"widget":{"name":"string_1"},"label":"字符串_1","slot_index":0},{"name":"string_2","type":"STRING","link":1792,"widget":{"name":"string_2"},"label":"字符串_2"},{"name":"string_3","type":"STRING","link":null,"widget":{"name":"string_3"},"label":"字符串_3"}],"outputs":[{"name":"concatenated","type":"STRING","links":[1938,1999],"shape":3,"label":"字符串合并","slot_index":0},{"name":"list_string","type":"ListString","links":null,"shape":6,"label":"字符串列表"}],"properties":{"Node name for S&R":"List of strings [Crystools]"},"widgets_values":["","","","","","","","",","]},{"id":866,"type":"LoadImage","pos":[-1830,-1640],"size":[320,310],"flags":{},"order":3,"mode":0,"outputs":[{"name":"IMAGE","type":"IMAGE","links":[1952],"shape":3,"slot_index":0,"label":"图像"},{"name":"MASK","type":"MASK","links":null,"shape":3,"label":"遮罩"}],"properties":{"Node name for S&R":"LoadImage"},"widgets_values":["99b1a573-39d8-4ede-b311-936675eaee75.png","image"]},{"id":834,"type":"Reroute","pos":[-2380,-170],"size":[82,26],"flags":{},"order":23,"mode":0,"inputs":[{"name":"","type":"*","link":2037}],"outputs":[{"name":"IMAGE","type":"IMAGE","links":[1882],"slot_index":0}],"properties":{"showOutputText":true,"horizontal":false}},{"id":887,"type":"CLIPTextEncode","pos":[-590,-70],"size":{"0":250,"1":54},"flags":{},"order":31,"mode":0,"inputs":[{"name":"clip","type":"CLIP","link":1998,"label":"CLIP"},{"name":"text","type":"STRING","link":2000,"widget":{"name":"text"},"label":"文本"}],"outputs":[{"name":"CONDITIONING","type":"CONDITIONING","links":[2005],"slot_index":0,"label":"条件"}],"properties":{"Node name for S&R":"CLIPTextEncode"},"widgets_values":["sci-fi, closeup portrait photo of a man img wearing the sunglasses in Iron man suit, face, slim body, high quality, film grain"],"color":"#232","bgcolor":"#353"},{"id":886,"type":"CLIPTextEncode","pos":[-580,-190],"size":{"0":250,"1":54},"flags":{},"order":30,"mode":0,"inputs":[{"name":"clip","type":"CLIP","link":1997,"label":"CLIP"},{"name":"text","type":"STRING","link":1999,"widget":{"name":"text"},"label":"文本"}],"outputs":[{"name":"CONDITIONING","type":"CONDITIONING","links":[2012],"slot_index":0,"label":"条件"}],"properties":{"Node name for S&R":"CLIPTextEncode"},"widgets_values":["sci-fi, closeup portrait photo of a man img wearing the sunglasses in Iron man suit, face, slim body, high quality, film grain"],"color":"#232","bgcolor":"#353"},{"id":868,"type":"ImageBatch","pos":[-1930,-1050],"size":{"0":210,"1":46},"flags":{},"order":29,"mode":0,"inputs":[{"name":"image1","type":"IMAGE","link":1953,"slot_index":0,"label":"图像1"},{"name":"image2","type":"IMAGE","link":1954,"slot_index":1,"label":"图像2"}],"outputs":[{"name":"IMAGE","type":"IMAGE","links":[2018,2042],"shape":3,"slot_index":0,"label":"图像"}],"properties":{"Node name for S&R":"ImageBatch"}},{"id":854,"type":"Reroute","pos":[-760,330],"size":[75,26],"flags":{},"order":32,"mode":0,"inputs":[{"name":"","type":"*","link":2042}],"outputs":[{"name":"","type":"IMAGE","links":[2020],"slot_index":0}],"properties":{"showOutputText":false,"horizontal":false}},{"id":883,"type":"CR Apply Multi-ControlNet","pos":[-170,-290],"size":{"0":330,"1":98},"flags":{},"order":35,"mode":0,"inputs":[{"name":"base_positive","type":"CONDITIONING","link":2013,"label":"正面条件"},{"name":"base_negative","type":"CONDITIONING","link":2005,"label":"负面条件"},{"name":"controlnet_stack","type":"CONTROL_NET_STACK","link":1995,"label":"ControlNet堆"}],"outputs":[{"name":"base_pos","type":"CONDITIONING","links":[2014],"shape":3,"label":"正面条件","slot_index":0},{"name":"base_neg","type":"CONDITIONING","links":[2008],"shape":3,"label":"负面条件","slot_index":1},{"name":"show_help","type":"STRING","links":null,"shape":3}],"properties":{"Node name for S&R":"CR Apply Multi-ControlNet"},"widgets_values":["On"]},{"id":611,"type":"Reroute","pos":[-780,-400],"size":[75,26],"flags":{},"order":20,"mode":0,"inputs":[{"name":"","type":"*","link":2039,"slot_index":0}],"outputs":[{"name":"MASK","type":"MASK","links":[2052],"slot_index":0}],"properties":{"showOutputText":true,"horizontal":false}},{"id":603,"type":"Reroute","pos":[-780,-470],"size":[82,26],"flags":{},"order":19,"mode":0,"inputs":[{"name":"","type":"*","link":2038}],"outputs":[{"name":"IMAGE","type":"IMAGE","links":[1738,1747,1748],"slot_index":0}],"properties":{"showOutputText":true,"horizontal":false}},{"id":632,"type":"INPAINT_VAEEncodeInpaintConditioning","pos":[-160,-100],"size":{"0":292.20001220703125,"1":106},"flags":{},"order":36,"mode":0,"inputs":[{"name":"positive","type":"CONDITIONING","link":2014,"label":"正面条件"},{"name":"negative","type":"CONDITIONING","link":2008,"label":"负面条件"},{"name":"vae","type":"VAE","link":2009,"label":"VAE"},{"name":"pixels","type":"IMAGE","link":1738,"label":"图像"},{"name":"mask","type":"MASK","link":2052,"label":"遮罩"}],"outputs":[{"name":"positive","type":"CONDITIONING","links":[1987],"shape":3,"label":"正面条件","slot_index":0},{"name":"negative","type":"CONDITIONING","links":[1432],"shape":3,"label":"负面条件","slot_index":1},{"name":"latent_inpaint","type":"LATENT","links":[],"shape":3,"label":"局部重绘Latent","slot_index":2},{"name":"latent_samples","type":"LATENT","links":[1837],"shape":3,"label":"采样Latent","slot_index":3}],"properties":{"Node name for S&R":"INPAINT_VAEEncodeInpaintConditioning"}},{"id":875,"type":"ConditioningCombine","pos":[-570,60],"size":{"0":230,"1":50},"flags":{},"order":34,"mode":0,"inputs":[{"name":"conditioning_1","type":"CONDITIONING","link":2012,"slot_index":0,"label":"条件1"},{"name":"conditioning_2","type":"CONDITIONING","link":1991,"slot_index":1,"label":"条件2"}],"outputs":[{"name":"CONDITIONING","type":"CONDITIONING","links":[2013],"shape":3,"slot_index":0,"label":"条件"}],"properties":{"Node name for S&R":"ConditioningCombine"}},{"id":856,"type":"PhotoMakerLoaderPlus","pos":[-660,540],"size":{"0":315,"1":58},"flags":{},"order":4,"mode":0,"outputs":[{"name":"PHOTOMAKER","type":"PHOTOMAKER","links":[1934],"shape":3,"label":"PHOTOMAKER","slot_index":0}],"properties":{"Node name for S&R":"PhotoMakerLoaderPlus"},"widgets_values":["photomaker-v2.bin"],"color":"#323","bgcolor":"#535"},{"id":857,"type":"PhotoMakerInsightFaceLoader","pos":[-300,550],"size":{"0":315,"1":58},"flags":{},"order":5,"mode":0,"outputs":[{"name":"INSIGHTFACE","type":"INSIGHTFACE","links":[1936],"shape":3,"label":"INSIGHTFACE"}],"properties":{"Node name for S&R":"PhotoMakerInsightFaceLoader"},"widgets_values":["CUDA"]},{"id":893,"type":"CLIPSetLastLayer","pos":[-610,-300],"size":{"0":315,"1":58},"flags":{},"order":18,"mode":0,"inputs":[{"name":"clip","type":"CLIP","link":2040,"label":"CLIP"}],"outputs":[{"name":"CLIP","type":"CLIP","links":[2041],"shape":3,"label":"CLIP","slot_index":0}],"properties":{"Node name for S&R":"CLIPSetLastLayer"},"widgets_values":[-2]},{"id":881,"type":"CheckpointLoaderSimple","pos":[-620,-440],"size":{"0":315,"1":98},"flags":{},"order":6,"mode":0,"outputs":[{"name":"MODEL","type":"MODEL","links":[1994],"shape":3,"label":"模型","slot_index":0},{"name":"CLIP","type":"CLIP","links":[2040],"shape":3,"label":"CLIP","slot_index":1},{"name":"VAE","type":"VAE","links":[2009,2011],"shape":3,"label":"VAE","slot_index":2}],"properties":{"Node name for S&R":"CheckpointLoaderSimple"},"widgets_values":["sdxl/realvisxlV40_v40Bakedvae.safetensors"]},{"id":667,"type":"Get resolution [Crystools]","pos":[-840,-1090],"size":{"0":210,"1":100},"flags":{},"order":27,"mode":0,"inputs":[{"name":"image","type":"IMAGE","link":1747,"label":"图像"}],"outputs":[{"name":"width","type":"INT","links":null,"shape":3,"label":"宽度"},{"name":"height","type":"INT","links":null,"shape":3,"label":"高度"}],"properties":{"Node name for S&R":"Get resolution [Crystools]"}},{"id":888,"type":"LoadImage","pos":[-3469.504908649538,-1552.4354141964736],"size":{"0":410,"1":520},"flags":{},"order":7,"mode":0,"outputs":[{"name":"IMAGE","type":"IMAGE","links":[2038],"shape":3,"label":"图像","slot_index":0},{"name":"MASK","type":"MASK","links":null,"shape":3,"label":"遮罩"}],"properties":{"Node name for S&R":"LoadImage"},"widgets_values":["18_Knight_pose.jpg","image"]},{"id":892,"type":"LoadImageMask","pos":[-3969.504908649538,-1532.4354141964736],"size":{"0":370,"1":470},"flags":{},"order":8,"mode":0,"outputs":[{"name":"MASK","type":"MASK","links":[2039],"shape":3,"label":"遮罩","slot_index":0}],"properties":{"Node name for S&R":"LoadImageMask"},"widgets_values":["18_Knight_mask (1).png","red","image"]},{"id":889,"type":"LoadImage","pos":[-4480,-1540],"size":{"0":410,"1":520},"flags":{},"order":9,"mode":0,"outputs":[{"name":"IMAGE","type":"IMAGE","links":[2035],"shape":3,"label":"图像","slot_index":0},{"name":"MASK","type":"MASK","links":null,"shape":3,"label":"遮罩"}],"properties":{"Node name for S&R":"LoadImage"},"widgets_values":["18_Knight_canny.png","image"]},{"id":890,"type":"LoadImage","pos":[-4999.504908649538,-1542.4354141964736],"size":{"0":410,"1":520},"flags":{},"order":10,"mode":0,"outputs":[{"name":"IMAGE","type":"IMAGE","links":[2036],"shape":3,"label":"图像","slot_index":0},{"name":"MASK","type":"MASK","links":null,"shape":3,"label":"遮罩"}],"properties":{"Node name for S&R":"LoadImage"},"widgets_values":["18_Knight_depth (1).png","image"]},{"id":891,"type":"LoadImage","pos":[-5507.8765441517835,-1542.7403045778842],"size":{"0":410,"1":520},"flags":{},"order":11,"mode":0,"outputs":[{"name":"IMAGE","type":"IMAGE","links":[2037],"shape":3,"label":"图像","slot_index":0},{"name":"MASK","type":"MASK","links":null,"shape":3,"label":"遮罩"}],"properties":{"Node name for S&R":"LoadImage"},"widgets_values":["18_Knight_openpose.png","image"]},{"id":631,"type":"KSampler (Efficient)","pos":[280,-430],"size":[330,560],"flags":{},"order":37,"mode":0,"inputs":[{"name":"model","type":"MODEL","link":2056,"label":"模型"},{"name":"positive","type":"CONDITIONING","link":1987,"label":"正面条件","slot_index":1},{"name":"negative","type":"CONDITIONING","link":1432,"label":"负面条件"},{"name":"latent_image","type":"LATENT","link":1837,"label":"Latent"},{"name":"optional_vae","type":"VAE","link":2011,"label":"VAE(可选)"},{"name":"script","type":"SCRIPT","link":null,"label":"脚本","slot_index":5}],"outputs":[{"name":"MODEL","type":"MODEL","links":[],"shape":3,"label":"模型","slot_index":0},{"name":"CONDITIONING+","type":"CONDITIONING","links":[],"shape":3,"label":"正面条件","slot_index":1},{"name":"CONDITIONING-","type":"CONDITIONING","links":[],"shape":3,"label":"负面条件","slot_index":2},{"name":"LATENT","type":"LATENT","links":[],"shape":3,"label":"Latent","slot_index":3},{"name":"VAE","type":"VAE","links":[],"shape":3,"label":"VAE","slot_index":4},{"name":"IMAGE","type":"IMAGE","links":[1749],"shape":3,"label":"图像","slot_index":5}],"properties":{"Node name for S&R":"KSampler (Efficient)"},"widgets_values":[-1,null,25,5,"dpmpp_2m_sde","karras",0.9,"auto","true (tiled)"],"color":"#222233","bgcolor":"#333355","shape":1},{"id":882,"type":"LoraLoaderModelOnly","pos":[-160,-440],"size":{"0":310,"1":82},"flags":{},"order":17,"mode":0,"inputs":[{"name":"model","type":"MODEL","link":1994,"label":"模型"}],"outputs":[{"name":"MODEL","type":"MODEL","links":[2056],"shape":3,"slot_index":0,"label":"模型"}],"properties":{"Node name for S&R":"LoraLoaderModelOnly"},"widgets_values":["photomaker-v2.bin",1],"color":"#323","bgcolor":"#535"},{"id":624,"type":"Primitive string multiline [Crystools]","pos":[-2120,140],"size":{"0":380,"1":130},"flags":{},"order":12,"mode":0,"outputs":[{"name":"string","type":"STRING","links":[1859],"shape":3,"label":"字符串","slot_index":0}],"properties":{"Node name for S&R":"Primitive string multiline [Crystools]"},"widgets_values":["looking_at_viewer"]},{"id":625,"type":"Primitive string multiline [Crystools]","pos":[-2130,340],"size":{"0":390,"1":140},"flags":{},"order":13,"mode":0,"outputs":[{"name":"string","type":"STRING","links":[1792],"shape":3,"label":"字符串","slot_index":0}],"properties":{"Node name for S&R":"Primitive string multiline [Crystools]"},"widgets_values":["Bare skin,detailed skin texture,ultra-realistic skin details,best quality,masterpiece,photorealistic,realistic"]},{"id":855,"type":"PhotoMakerEncodePlus","pos":[-460,340],"size":{"0":240,"1":140},"flags":{},"order":33,"mode":0,"inputs":[{"name":"clip","type":"CLIP","link":2003,"label":"clip"},{"name":"photomaker","type":"PHOTOMAKER","link":1934,"slot_index":1,"label":"photomaker"},{"name":"image","type":"IMAGE","link":2020,"label":"image"},{"name":"insightface_opt","type":"INSIGHTFACE","link":1936,"slot_index":3,"label":"insightface_opt"},{"name":"text","type":"STRING","link":1938,"widget":{"name":"text"},"label":"text"}],"outputs":[{"name":"CONDITIONING","type":"CONDITIONING","links":[1991],"shape":3,"label":"CONDITIONING","slot_index":0}],"properties":{"Node name for S&R":"PhotoMakerEncodePlus"},"widgets_values":["photorealistic","photograph of a man img"],"color":"#2a363b","bgcolor":"#3f5159"}],"links":[[1432,632,1,631,2,"CONDITIONING"],[1738,603,0,632,3,"IMAGE"],[1747,603,0,667,0,"IMAGE"],[1748,603,0,480,1,"IMAGE"],[1749,631,5,619,0,"*"],[1752,790,0,446,0,"IMAGE"],[1753,791,0,446,1,"IMAGE"],[1792,625,0,623,1,"STRING"],[1798,619,0,480,0,"IMAGE"],[1837,632,3,631,3,"LATENT"],[1859,624,0,623,0,"STRING"],[1882,834,0,446,2,"IMAGE"],[1895,619,0,844,0,"IMAGE"],[1899,619,0,845,1,"IMAGE"],[1900,844,0,845,0,"IMAGE"],[1934,856,0,855,1,"PHOTOMAKER"],[1936,857,0,855,3,"INSIGHTFACE"],[1938,623,0,855,4,"STRING"],[1946,859,0,861,0,"IMAGE"],[1947,860,0,862,0,"IMAGE"],[1949,861,0,864,0,"IMAGE"],[1950,862,0,864,1,"IMAGE"],[1952,866,0,867,0,"IMAGE"],[1953,864,0,868,0,"IMAGE"],[1954,867,0,868,1,"IMAGE"],[1987,632,0,631,1,"CONDITIONING"],[1991,855,0,875,1,"CONDITIONING"],[1994,881,0,882,0,"MODEL"],[1995,446,0,883,2,"CONTROL_NET_STACK"],[1997,884,0,886,0,"CLIP"],[1998,884,0,887,0,"CLIP"],[1999,623,0,886,1,"STRING"],[2000,880,0,887,1,"STRING"],[2003,884,0,855,0,"CLIP"],[2005,887,0,883,1,"CONDITIONING"],[2008,883,1,632,1,"CONDITIONING"],[2009,881,2,632,2,"VAE"],[2011,881,2,631,4,"VAE"],[2012,886,0,875,0,"CONDITIONING"],[2013,875,0,883,0,"CONDITIONING"],[2014,883,0,632,0,"CONDITIONING"],[2017,619,0,843,0,"IMAGE"],[2018,868,0,843,1,"IMAGE"],[2020,854,0,855,2,"IMAGE"],[2035,889,0,790,0,"*"],[2036,890,0,791,0,"*"],[2037,891,0,834,0,"*"],[2038,888,0,603,0,"*"],[2039,892,0,611,0,"*"],[2040,881,1,893,0,"CLIP"],[2041,893,0,884,0,"*"],[2042,868,0,854,0,"*"],[2052,611,0,632,4,"MASK"],[2056,882,0,631,0,"MODEL"]],"groups":[{"title":"step1-inpaint","bounding":[-724,-527,1489,745],"color":"#3f789e","font_size":24,"locked":false},{"title":"输入条件","bounding":[-2350,-544,1109,1425],"color":"#3f789e","font_size":24,"locked":false},{"title":"模板预处理结果","bounding":[-5576,-1680,2805,685],"color":"#8A8","font_size":24,"locked":false},{"title":"lora写真效果图","bounding":[-977,-1967,2689,1156],"color":"#b06634","font_size":24,"locked":false},{"title":"photo-maker","bounding":[-727,262,817,391],"color":"#3f789e","font_size":24,"locked":false}],"config":{},"extra":{"ds":{"scale":1.0610764609500163,"offset":{"0":338.0634754984626,"1":619.8047973078017}},"groupNodes":{},"workspace_info":{"id":"GbFrFbq9Hi9p4M-qU0PbX","saveLock":false,"cloudID":null,"coverMediaPath":null}},"version":0.4}