{"last_node_id":887,"last_link_id":2020,"nodes":[{"id":767,"type":"ImageBlend","pos":[-4169.350294880462,293.61159670592696],"size":{"0":315,"1":102},"flags":{},"order":46,"mode":0,"inputs":[{"name":"image1","type":"IMAGE","link":1698,"label":"图像1"},{"name":"image2","type":"IMAGE","link":1699,"label":"图像2"}],"outputs":[{"name":"IMAGE","type":"IMAGE","links":[1688,1718],"shape":3,"label":"图像","slot_index":0}],"properties":{"Node name for S&R":"ImageBlend"},"widgets_values":[1,"difference"]},{"id":781,"type":"ImageCompositedMaskedWeight","pos":[-4169.350294880462,733.6115967059266],"size":{"0":315,"1":78},"flags":{},"order":51,"mode":0,"inputs":[{"name":"source","type":"IMAGE","link":1717,"label":"source"},{"name":"mask","type":"IMAGE","link":1718,"label":"mask","slot_index":1}],"outputs":[{"name":"IMAGE","type":"IMAGE","links":[1722],"shape":3,"label":"IMAGE","slot_index":0}],"properties":{"Node name for S&R":"ImageCompositedMaskedWeight"},"widgets_values":[1]},{"id":782,"type":"ImageResize+","pos":[-4359.35029488046,783.6115967059266],"size":{"0":315,"1":218},"flags":{"collapsed":true},"order":38,"mode":0,"inputs":[{"name":"image","type":"IMAGE","link":1719,"label":"图像"},{"name":"width","type":"INT","link":1720,"widget":{"name":"width"},"label":"宽度"},{"name":"height","type":"INT","link":1721,"widget":{"name":"height"},"label":"高度"}],"outputs":[{"name":"IMAGE","type":"IMAGE","links":[1717],"shape":3,"label":"图像","slot_index":0},{"name":"width","type":"INT","links":null,"shape":3,"label":"宽度"},{"name":"height","type":"INT","links":null,"shape":3,"label":"高度"}],"properties":{"Node name for S&R":"ImageResize+"},"widgets_values":[768,1024,"nearest",true,"always",0]},{"id":760,"type":"ImageResize+","pos":[-4379.35029488046,543.6115967059268],"size":{"0":315,"1":218},"flags":{"collapsed":true},"order":39,"mode":0,"inputs":[{"name":"image","type":"IMAGE","link":1690,"label":"图像"},{"name":"width","type":"INT","link":1691,"widget":{"name":"width"},"label":"宽度"},{"name":"height","type":"INT","link":1692,"widget":{"name":"height"},"label":"高度"}],"outputs":[{"name":"IMAGE","type":"IMAGE","links":[1687],"shape":3,"label":"图像","slot_index":0},{"name":"width","type":"INT","links":null,"shape":3,"label":"宽度"},{"name":"height","type":"INT","links":null,"shape":3,"label":"高度"}],"properties":{"Node name for S&R":"ImageResize+"},"widgets_values":[768,1024,"nearest",true,"always",0]},{"id":779,"type":"ImageBlend","pos":[-3779.350294880463,303.61159670592696],"size":{"0":375.8050537109375,"1":102},"flags":{},"order":47,"mode":0,"inputs":[{"name":"image1","type":"IMAGE","link":1714,"label":"图像1"},{"name":"image2","type":"IMAGE","link":1715,"label":"图像2"}],"outputs":[{"name":"IMAGE","type":"IMAGE","links":[1713,1723],"shape":3,"label":"图像","slot_index":0}],"properties":{"Node name for S&R":"ImageBlend"},"widgets_values":[1,"difference"]},{"id":771,"type":"SolidMask","pos":[-4630,-220],"size":{"0":315,"1":106},"flags":{},"order":30,"mode":0,"inputs":[{"name":"width","type":"INT","link":1742,"widget":{"name":"width"},"label":"宽度"},{"name":"height","type":"INT","link":1743,"widget":{"name":"height"},"label":"高度"}],"outputs":[{"name":"MASK","type":"MASK","links":[1705],"shape":3,"label":"遮罩","slot_index":0}],"properties":{"Node name for S&R":"SolidMask"},"widgets_values":[1,512,512]},{"id":772,"type":"MaskToImage","pos":[-4620,-50],"size":{"0":141.13909912109375,"1":26},"flags":{},"order":37,"mode":0,"inputs":[{"name":"mask","type":"MASK","link":1705,"label":"遮罩","slot_index":0}],"outputs":[{"name":"IMAGE","type":"IMAGE","links":[1694],"shape":3,"label":"图像","slot_index":0}],"properties":{"Node name for S&R":"MaskToImage"}},{"id":759,"type":"PreviewImage","pos":[-4570,-1540],"size":{"0":397.9082946777344,"1":481.5565185546875},"flags":{},"order":60,"mode":0,"inputs":[{"name":"images","type":"IMAGE","link":1689,"label":"图像"}],"properties":{"Node name for S&R":"PreviewImage"}},{"id":769,"type":"PreviewImage","pos":[-4040,-1540],"size":{"0":444.0813293457031,"1":486.7157287597656},"flags":{},"order":62,"mode":0,"inputs":[{"name":"images","type":"IMAGE","link":1701,"label":"图像"}],"properties":{"Node name for S&R":"PreviewImage"}},{"id":776,"type":"Reroute","pos":[-3349.350294880463,523.611596705927],"size":[75,26],"flags":{},"order":56,"mode":0,"inputs":[{"name":"","type":"*","link":1710}],"outputs":[{"name":"","type":"IMAGE","links":[1689,1750],"slot_index":0}],"properties":{"showOutputText":false,"horizontal":false}},{"id":775,"type":"Reroute","pos":[-3339.350294880463,753.6115967059266],"size":[75,26],"flags":{},"order":57,"mode":0,"inputs":[{"name":"","type":"*","link":1709}],"outputs":[{"name":"","type":"IMAGE","links":[1701,1751],"slot_index":0}],"properties":{"showOutputText":false,"horizontal":false}},{"id":791,"type":"Reroute","pos":[-2386.2750879296327,-217.353043312492],"size":[82,26],"flags":{},"order":63,"mode":0,"inputs":[{"name":"","type":"*","link":1751}],"outputs":[{"name":"IMAGE","type":"IMAGE","links":[1753],"slot_index":0}],"properties":{"showOutputText":true,"horizontal":false}},{"id":790,"type":"Reroute","pos":[-2386.2750879296327,-267.35304331249193],"size":[82,26],"flags":{},"order":61,"mode":0,"inputs":[{"name":"","type":"*","link":1750}],"outputs":[{"name":"IMAGE","type":"IMAGE","links":[1752],"slot_index":0}],"properties":{"showOutputText":true,"horizontal":false}},{"id":611,"type":"Reroute","pos":[-2386.2750879296327,-437.3530433124917],"size":[75,26],"flags":{},"order":58,"mode":0,"inputs":[{"name":"","type":"*","link":1731,"slot_index":0}],"outputs":[{"name":"MASK","type":"MASK","links":[1746],"slot_index":0}],"properties":{"showOutputText":true,"horizontal":false}},{"id":756,"type":"Reroute","pos":[-3350,-270],"size":[75,26],"flags":{},"order":55,"mode":0,"inputs":[{"name":"","type":"*","link":1803}],"outputs":[{"name":"MASK","type":"MASK","links":[1731,1755],"slot_index":0}],"properties":{"showOutputText":true,"horizontal":false}},{"id":761,"type":"Reroute","pos":[-4940,-420],"size":[82,26],"flags":{},"order":12,"mode":0,"inputs":[{"name":"","type":"*","link":1741}],"outputs":[{"name":"IMAGE","type":"IMAGE","links":[1684,1697],"slot_index":0}],"properties":{"showOutputText":true,"horizontal":false}},{"id":758,"type":"ImageCompositedMaskedWeight","pos":[-4166.463472840981,524.3840784050101],"size":{"0":315,"1":78},"flags":{},"order":50,"mode":0,"inputs":[{"name":"source","type":"IMAGE","link":1687,"label":"source"},{"name":"mask","type":"IMAGE","link":1688,"label":"mask"}],"outputs":[{"name":"IMAGE","type":"IMAGE","links":[1712],"shape":3,"label":"IMAGE","slot_index":0}],"properties":{"Node name for S&R":"ImageCompositedMaskedWeight"},"widgets_values":[1]},{"id":762,"type":"Reroute","pos":[-4440,-60],"size":[82,26],"flags":{},"order":44,"mode":0,"inputs":[{"name":"","type":"*","link":1694}],"outputs":[{"name":"IMAGE","type":"IMAGE","links":[1698,1714,1808],"slot_index":0}],"properties":{"showOutputText":true,"horizontal":false}},{"id":777,"type":"MaskToImage","pos":[-4120,-20],"size":{"0":140,"1":28.10196876525879},"flags":{},"order":13,"mode":0,"inputs":[{"name":"mask","type":"MASK","link":1711,"label":"遮罩"}],"outputs":[{"name":"IMAGE","type":"IMAGE","links":[1715],"shape":3,"label":"图像","slot_index":0}],"properties":{"Node name for S&R":"MaskToImage"}},{"id":667,"type":"Get resolution [Crystools]","pos":[-840,-1090],"size":{"0":210,"1":100},"flags":{},"order":29,"mode":0,"inputs":[{"name":"image","type":"IMAGE","link":1747,"label":"图像"}],"outputs":[{"name":"width","type":"INT","links":null,"shape":3,"label":"宽度"},{"name":"height","type":"INT","links":null,"shape":3,"label":"高度"}],"properties":{"Node name for S&R":"Get resolution [Crystools]"}},{"id":778,"type":"ImageCompositedMaskedWeight","pos":[-3739.350294880463,523.611596705927],"size":{"0":315,"1":78},"flags":{},"order":53,"mode":0,"inputs":[{"name":"source","type":"IMAGE","link":1712,"label":"source"},{"name":"mask","type":"IMAGE","link":1713,"label":"mask"}],"outputs":[{"name":"IMAGE","type":"IMAGE","links":[1710],"shape":3,"label":"IMAGE","slot_index":0}],"properties":{"Node name for S&R":"ImageCompositedMaskedWeight"},"widgets_values":[0]},{"id":784,"type":"ImageCompositedMaskedWeight","pos":[-3759.350294880463,743.6115967059266],"size":{"0":315,"1":78},"flags":{},"order":54,"mode":0,"inputs":[{"name":"source","type":"IMAGE","link":1722,"label":"source"},{"name":"mask","type":"IMAGE","link":1723,"label":"mask","slot_index":1}],"outputs":[{"name":"IMAGE","type":"IMAGE","links":[1709],"shape":3,"label":"IMAGE","slot_index":0}],"properties":{"Node name for S&R":"ImageCompositedMaskedWeight"},"widgets_values":[0]},{"id":757,"type":"ImageToMask","pos":[-4220,-220],"size":{"0":315,"1":58},"flags":{},"order":25,"mode":0,"inputs":[{"name":"image","type":"IMAGE","link":1871,"label":"图像"}],"outputs":[{"name":"MASK","type":"MASK","links":[1708],"shape":3,"label":"遮罩","slot_index":0}],"properties":{"Node name for S&R":"ImageToMask"},"widgets_values":["blue"]},{"id":768,"type":"AIO_Preprocessor","pos":[-4780,720],"size":{"0":320,"1":80},"flags":{},"order":31,"mode":0,"inputs":[{"name":"image","type":"IMAGE","link":1700,"label":"图像"},{"name":"resolution","type":"INT","link":1868,"widget":{"name":"resolution"},"label":"分辨率"}],"outputs":[{"name":"IMAGE","type":"IMAGE","links":[1719],"shape":3,"label":"图像","slot_index":0}],"properties":{"Node name for S&R":"AIO_Preprocessor"},"widgets_values":["DepthAnythingV2Preprocessor",768]},{"id":787,"type":"AIO_Preprocessor","pos":[-4780,500],"size":{"0":320,"1":80},"flags":{"collapsed":false},"order":32,"mode":0,"inputs":[{"name":"image","type":"IMAGE","link":1728,"label":"图像"},{"name":"resolution","type":"INT","link":1867,"widget":{"name":"resolution"},"label":"分辨率"}],"outputs":[{"name":"IMAGE","type":"IMAGE","links":[1690],"shape":3,"label":"图像","slot_index":0}],"properties":{"Node name for S&R":"AIO_Preprocessor"},"widgets_values":["AnyLineArtPreprocessor_aux",768]},{"id":785,"type":"ImageBlend","pos":[-3760,-750],"size":{"0":315,"1":102},"flags":{},"order":24,"mode":0,"inputs":[{"name":"image1","type":"IMAGE","link":1724,"label":"图像1"},{"name":"image2","type":"IMAGE","link":1870,"label":"图像2"}],"outputs":[{"name":"IMAGE","type":"IMAGE","links":[1726],"shape":3,"label":"图像","slot_index":0}],"properties":{"Node name for S&R":"ImageBlend"},"widgets_values":[1,"difference"]},{"id":754,"type":"MaskToImage","pos":[-3470,-150],"size":{"0":140,"1":26},"flags":{},"order":59,"mode":0,"inputs":[{"name":"mask","type":"MASK","link":1755,"label":"遮罩"}],"outputs":[{"name":"IMAGE","type":"IMAGE","links":[1696],"shape":3,"label":"图像","slot_index":0}],"properties":{"Node name for S&R":"MaskToImage"}},{"id":827,"type":"MaskToImage","pos":[-3460,-40],"size":{"0":140,"1":26},"flags":{},"order":42,"mode":0,"inputs":[{"name":"mask","type":"MASK","link":1863,"label":"遮罩"}],"outputs":[{"name":"IMAGE","type":"IMAGE","links":[1864],"shape":3,"label":"图像","slot_index":0}],"properties":{"Node name for S&R":"MaskToImage"}},{"id":774,"type":"GrowMaskWithBlur","pos":[-3880,-220],"size":{"0":315,"1":246},"flags":{},"order":35,"mode":0,"inputs":[{"name":"mask","type":"MASK","link":1708,"label":"遮罩"}],"outputs":[{"name":"mask","type":"MASK","links":[1863],"shape":3,"label":"遮罩","slot_index":0},{"name":"mask_inverted","type":"MASK","links":[],"shape":3,"label":"反转遮罩","slot_index":1}],"properties":{"Node name for S&R":"GrowMaskWithBlur"},"widgets_values":[0,0,true,false,0,0.5,0.5,false]},{"id":764,"type":"Reroute","pos":[-4470,-410],"size":[82,26],"flags":{},"order":14,"mode":0,"inputs":[{"name":"","type":"*","link":1875}],"outputs":[{"name":"IMAGE","type":"IMAGE","links":[1699,1870,1871],"slot_index":0}],"properties":{"showOutputText":true,"horizontal":false}},{"id":766,"type":"Reroute","pos":[-4926.46347284098,244.38407840501011],"size":[82,26],"flags":{},"order":23,"mode":0,"inputs":[{"name":"","type":"*","link":1697}],"outputs":[{"name":"IMAGE","type":"IMAGE","links":[1700,1728,1877],"slot_index":0}],"properties":{"showOutputText":true,"horizontal":false}},{"id":833,"type":"PreviewImage","pos":[-5540,-1540],"size":{"0":370,"1":460},"flags":{},"order":40,"mode":0,"inputs":[{"name":"images","type":"IMAGE","link":1879,"label":"图像"}],"properties":{"Node name for S&R":"PreviewImage"}},{"id":786,"type":"Image Comparer (rgthree)","pos":{"0":-3460,"1":-1550,"2":0,"3":0,"4":0,"5":0,"6":0,"7":0,"8":0,"9":0},"size":{"0":440,"1":480},"flags":{},"order":34,"mode":0,"inputs":[{"name":"image_a","type":"IMAGE","link":1726,"label":"图像_A","dir":3},{"name":"image_b","type":"IMAGE","link":1727,"label":"图像_B","dir":3}],"outputs":[],"properties":{"comparer_mode":"Slide"},"widgets_values":[["/view?filename=rgthree.compare._temp_jopjs_00001_.png&type=temp&subfolder=&rand=0.6974241067589337","/view?filename=rgthree.compare._temp_jopjs_00002_.png&type=temp&subfolder=&rand=0.49677101120397116"]]},{"id":755,"type":"GetImageSize+","pos":[-4950,-220],"size":{"0":140,"1":46},"flags":{},"order":22,"mode":0,"inputs":[{"name":"image","type":"IMAGE","link":1684,"label":"图像"}],"outputs":[{"name":"width","type":"INT","links":[1691,1720,1742,1867,1868,1880],"shape":3,"label":"宽度","slot_index":0},{"name":"height","type":"INT","links":[1692,1721,1743],"shape":3,"label":"高度","slot_index":1}],"properties":{"Node name for S&R":"GetImageSize+"}},{"id":834,"type":"Reroute","pos":[-2390,-170],"size":[75,26],"flags":{},"order":41,"mode":0,"inputs":[{"name":"","type":"*","link":1881}],"outputs":[{"name":"","type":"IMAGE","links":[1882],"slot_index":0}],"properties":{"showOutputText":false,"horizontal":false}},{"id":845,"type":"Image Comparer (rgthree)","pos":{"0":950,"1":-1800,"2":0,"3":0,"4":0,"5":0,"6":0,"7":0,"8":0,"9":0},"size":{"0":670,"1":840},"flags":{},"order":73,"mode":0,"inputs":[{"name":"image_a","type":"IMAGE","link":1900,"label":"图像_A","dir":3},{"name":"image_b","type":"IMAGE","link":1899,"label":"图像_B","dir":3}],"outputs":[],"properties":{"comparer_mode":"Slide"},"widgets_values":[["/view?filename=rgthree.compare._temp_ydupr_00001_.png&type=temp&subfolder=&rand=0.588365338245487","/view?filename=rgthree.compare._temp_ydupr_00002_.png&type=temp&subfolder=&rand=0.7079262399791866"]]},{"id":789,"type":"Reroute","pos":[-3380,-830],"size":[75,26],"flags":{},"order":11,"mode":0,"inputs":[{"name":"","type":"*","link":1740}],"outputs":[{"name":"","type":"IMAGE","links":[1737],"slot_index":0}],"properties":{"showOutputText":false,"horizontal":false}},{"id":843,"type":"Image Comparer (rgthree)","pos":{"0":-570,"1":-1780,"2":0,"3":0,"4":0,"5":0,"6":0,"7":0,"8":0,"9":0},"size":{"0":670,"1":840},"flags":{},"order":72,"mode":0,"inputs":[{"name":"image_a","type":"IMAGE","link":2017,"label":"图像_A","dir":3},{"name":"image_b","type":"IMAGE","link":2018,"label":"图像_B","dir":3}],"outputs":[],"properties":{"comparer_mode":"Slide"},"widgets_values":[["/view?filename=rgthree.compare._temp_nzkkp_00001_.png&type=temp&subfolder=&rand=0.13885800728612896","/view?filename=rgthree.compare._temp_nzkkp_00002_.png&type=temp&subfolder=&rand=0.6093416404424554"]]},{"id":480,"type":"Image Comparer (rgthree)","pos":{"0":180,"1":-1790,"2":0,"3":0,"4":0,"5":0,"6":0,"7":0,"8":0,"9":0},"size":{"0":670,"1":840},"flags":{},"order":70,"mode":0,"inputs":[{"name":"image_a","type":"IMAGE","link":1798,"label":"图像_A","dir":3},{"name":"image_b","type":"IMAGE","link":1748,"label":"图像_B","dir":3}],"outputs":[],"properties":{"comparer_mode":"Slide"},"widgets_values":[["/view?filename=rgthree.compare._temp_siqjz_00001_.png&type=temp&subfolder=&rand=0.8401271770512682","/view?filename=rgthree.compare._temp_siqjz_00002_.png&type=temp&subfolder=&rand=0.5647726994607762"]]},{"id":603,"type":"Reroute","pos":[-2390,-490],"size":[82,26],"flags":{},"order":21,"mode":0,"inputs":[{"name":"","type":"*","link":1737}],"outputs":[{"name":"IMAGE","type":"IMAGE","links":[1738,1747,1748],"slot_index":0}],"properties":{"showOutputText":true,"horizontal":false}},{"id":832,"type":"DWPreprocessor","pos":[-4790,880],"size":{"0":320,"1":200},"flags":{},"order":33,"mode":0,"inputs":[{"name":"image","type":"IMAGE","link":1877,"label":"图像"},{"name":"resolution","type":"INT","link":1880,"widget":{"name":"resolution"},"label":"分辨率"}],"outputs":[{"name":"IMAGE","type":"IMAGE","links":[1879,1881],"shape":3,"label":"图像","slot_index":0},{"name":"POSE_KEYPOINT","type":"POSE_KEYPOINT","links":null,"shape":3,"label":"姿态关键点"}],"properties":{"Node name for S&R":"DWPreprocessor"},"widgets_values":["enable","enable","disable",512,"yolox_l.onnx","dw-ll_ucoco_384_bs5.torchscript.pt"]},{"id":783,"type":"LoadImage","pos":[-4210,-810],"size":{"0":320,"1":310},"flags":{},"order":0,"mode":0,"outputs":[{"name":"IMAGE","type":"IMAGE","links":[1724,1727,1740,1741],"shape":3,"label":"图像","slot_index":0},{"name":"MASK","type":"MASK","links":[1711],"shape":3,"label":"遮罩","slot_index":1}],"properties":{"Node name for S&R":"LoadImage"},"widgets_values":["clipspace/clipspace-mask-1024263.8000000119.png [input]","image"]},{"id":763,"type":"LoadImage","pos":[-4670,-790],"size":{"0":320,"1":310},"flags":{},"order":1,"mode":0,"outputs":[{"name":"IMAGE","type":"IMAGE","links":[1875],"shape":3,"label":"图像","slot_index":0},{"name":"MASK","type":"MASK","links":[],"shape":3,"label":"遮罩","slot_index":1}],"properties":{"Node name for S&R":"LoadImage"},"widgets_values":["1_学士国风_mask.jpg","image"]},{"id":765,"type":"PreviewImage","pos":[-5130,-1540],"size":{"0":447.667236328125,"1":470.1690673828125},"flags":{},"order":64,"mode":0,"inputs":[{"name":"images","type":"IMAGE","link":1696,"label":"图像"}],"properties":{"Node name for S&R":"PreviewImage"}},{"id":624,"type":"Primitive string multiline [Crystools]","pos":[-2120,140],"size":{"0":380,"1":130},"flags":{},"order":2,"mode":0,"outputs":[{"name":"string","type":"STRING","links":[1859],"shape":3,"label":"字符串","slot_index":0}],"properties":{"Node name for S&R":"Primitive string multiline [Crystools]"},"widgets_values":["looking_at_viewer,closeup portrait photo "]},{"id":625,"type":"Primitive string multiline [Crystools]","pos":[-2130,340],"size":{"0":390,"1":140},"flags":{},"order":3,"mode":0,"outputs":[{"name":"string","type":"STRING","links":[1792],"shape":3,"label":"字符串","slot_index":0}],"properties":{"Node name for S&R":"Primitive string multiline [Crystools]"},"widgets_values":["Bare skin,detailed skin texture,ultra-realistic skin details,best quality,film grain,masterpiece,photorealistic,realistic"]},{"id":446,"type":"CR Multi-ControlNet Stack","pos":[-2139.233802393611,-372.66995411978263],"size":{"0":418.1999816894531,"1":454},"flags":{},"order":65,"mode":0,"inputs":[{"name":"image_1","type":"IMAGE","link":1752,"label":"图像1"},{"name":"image_2","type":"IMAGE","link":1753,"label":"图像2"},{"name":"image_3","type":"IMAGE","link":1882,"label":"图像3"},{"name":"controlnet_stack","type":"CONTROL_NET_STACK","link":null,"label":"ControlNet堆","slot_index":3}],"outputs":[{"name":"CONTROLNET_STACK","type":"CONTROL_NET_STACK","links":[1995],"shape":3,"label":"ControlNet堆","slot_index":0},{"name":"show_help","type":"STRING","links":null,"shape":3,"slot_index":1}],"properties":{"Node name for S&R":"CR Multi-ControlNet Stack"},"widgets_values":["On","controlnet-union-sdxl-1.0.safetensors",0.3,0,1,"On","controlnet-union-sdxl-1.0.safetensors",0.3,0,1,"On","controlnet-union-sdxl-1.0.safetensors",0.4,0,1]},{"id":880,"type":"Primitive string multiline [Crystools]","pos":[-2120,560],"size":{"0":390,"1":140},"flags":{},"order":4,"mode":0,"outputs":[{"name":"string","type":"STRING","links":[2000],"shape":3,"label":"字符串","slot_index":0}],"properties":{"Node name for S&R":"Primitive string multiline [Crystools]"},"widgets_values":["embedding:negativeXL_D.safetensors, NSFW, worst quality, normal quality, low quality, low res, blurry, text, watermark, logo, banner, extra digits, cropped, jpeg artifacts, signature, username, error, sketch, duplicate, ugly, monochrome, horror, geometry, mutation, disgusting "]},{"id":631,"type":"KSampler (Efficient)","pos":[280,-430],"size":[330,560],"flags":{},"order":68,"mode":0,"inputs":[{"name":"model","type":"MODEL","link":2010,"label":"模型"},{"name":"positive","type":"CONDITIONING","link":1987,"label":"正面条件","slot_index":1},{"name":"negative","type":"CONDITIONING","link":1432,"label":"负面条件"},{"name":"latent_image","type":"LATENT","link":1837,"label":"Latent"},{"name":"optional_vae","type":"VAE","link":2011,"label":"VAE(可选)"},{"name":"script","type":"SCRIPT","link":null,"label":"脚本","slot_index":5}],"outputs":[{"name":"MODEL","type":"MODEL","links":[],"shape":3,"label":"模型","slot_index":0},{"name":"CONDITIONING+","type":"CONDITIONING","links":[],"shape":3,"label":"正面条件","slot_index":1},{"name":"CONDITIONING-","type":"CONDITIONING","links":[],"shape":3,"label":"负面条件","slot_index":2},{"name":"LATENT","type":"LATENT","links":[],"shape":3,"label":"Latent","slot_index":3},{"name":"VAE","type":"VAE","links":[],"shape":3,"label":"VAE","slot_index":4},{"name":"IMAGE","type":"IMAGE","links":[1749],"shape":3,"label":"图像","slot_index":5}],"properties":{"Node name for S&R":"KSampler (Efficient)"},"widgets_values":[-1,null,25,5,"dpmpp_2m_sde","karras",0.8,"auto","true (tiled)"],"color":"#222233","bgcolor":"#333355","shape":1},{"id":859,"type":"LoadImage","pos":[-2560,-1650],"size":[320,310],"flags":{},"order":5,"mode":0,"outputs":[{"name":"IMAGE","type":"IMAGE","links":[1946],"shape":3,"slot_index":0,"label":"图像"},{"name":"MASK","type":"MASK","links":null,"shape":3,"label":"遮罩"}],"properties":{"Node name for S&R":"LoadImage"},"widgets_values":["1c69e493-6de1-487c-b808-c56fa0d4ad19.png","image"]},{"id":861,"type":"PrepImageForClipVision","pos":[-2570,-1280],"size":{"0":315,"1":106},"flags":{},"order":16,"mode":0,"inputs":[{"name":"image","type":"IMAGE","link":1946,"slot_index":0,"label":"图像"}],"outputs":[{"name":"IMAGE","type":"IMAGE","links":[1949],"shape":3,"slot_index":0,"label":"图像"}],"properties":{"Node name for S&R":"PrepImageForClipVision"},"widgets_values":["LANCZOS","top",0]},{"id":867,"type":"PrepImageForClipVision","pos":[-1810,-1280],"size":{"0":315,"1":106},"flags":{},"order":18,"mode":0,"inputs":[{"name":"image","type":"IMAGE","link":1952,"slot_index":0,"label":"图像"}],"outputs":[{"name":"IMAGE","type":"IMAGE","links":[1954],"shape":3,"slot_index":0,"label":"图像"}],"properties":{"Node name for S&R":"PrepImageForClipVision"},"widgets_values":["LANCZOS","top",0]},{"id":619,"type":"Reroute","pos":[714.9245471001585,-462.8396547619077],"size":[75,26],"flags":{},"order":69,"mode":0,"inputs":[{"name":"","type":"*","link":1749}],"outputs":[{"name":"","type":"IMAGE","links":[1798,1895,1899,2017],"slot_index":0}],"properties":{"showOutputText":false,"horizontal":false}},{"id":862,"type":"PrepImageForClipVision","pos":[-2160,-1280],"size":{"0":315,"1":106},"flags":{},"order":17,"mode":0,"inputs":[{"name":"image","type":"IMAGE","link":1947,"slot_index":0,"label":"图像"}],"outputs":[{"name":"IMAGE","type":"IMAGE","links":[1950],"shape":3,"slot_index":0,"label":"图像"}],"properties":{"Node name for S&R":"PrepImageForClipVision"},"widgets_values":["LANCZOS","top",0]},{"id":864,"type":"ImageBatch","pos":[-2340,-1050],"size":{"0":210,"1":46},"flags":{},"order":26,"mode":0,"inputs":[{"name":"image1","type":"IMAGE","link":1949,"slot_index":0,"label":"图像1"},{"name":"image2","type":"IMAGE","link":1950,"slot_index":1,"label":"图像2"}],"outputs":[{"name":"IMAGE","type":"IMAGE","links":[1953],"shape":3,"slot_index":0,"label":"图像"}],"properties":{"Node name for S&R":"ImageBatch"}},{"id":868,"type":"ImageBatch","pos":[-1930,-1050],"size":{"0":210,"1":46},"flags":{},"order":36,"mode":0,"inputs":[{"name":"image1","type":"IMAGE","link":1953,"slot_index":0,"label":"图像1"},{"name":"image2","type":"IMAGE","link":1954,"slot_index":1,"label":"图像2"}],"outputs":[{"name":"IMAGE","type":"IMAGE","links":[2018,2019],"shape":3,"slot_index":0,"label":"图像"}],"properties":{"Node name for S&R":"ImageBatch"}},{"id":854,"type":"Reroute","pos":[-760,330],"size":[75,26],"flags":{},"order":43,"mode":0,"inputs":[{"name":"","type":"*","link":2019}],"outputs":[{"name":"","type":"IMAGE","links":[2020],"slot_index":0}],"properties":{"showOutputText":false,"horizontal":false}},{"id":882,"type":"LoraLoaderModelOnly","pos":[-180,-440],"size":{"0":310,"1":82},"flags":{},"order":19,"mode":0,"inputs":[{"name":"model","type":"MODEL","link":1994,"label":"模型"}],"outputs":[{"name":"MODEL","type":"MODEL","links":[2010],"shape":3,"slot_index":0,"label":"模型"}],"properties":{"Node name for S&R":"LoraLoaderModelOnly"},"widgets_values":["photomaker-v2.bin",1],"color":"#323","bgcolor":"#535"},{"id":632,"type":"INPAINT_VAEEncodeInpaintConditioning","pos":[-160,-100],"size":{"0":292.20001220703125,"1":106},"flags":{},"order":67,"mode":0,"inputs":[{"name":"positive","type":"CONDITIONING","link":2014,"label":"正面条件"},{"name":"negative","type":"CONDITIONING","link":2008,"label":"负面条件"},{"name":"vae","type":"VAE","link":2009,"label":"VAE"},{"name":"pixels","type":"IMAGE","link":1738,"label":"图像"},{"name":"mask","type":"MASK","link":1746,"label":"遮罩"}],"outputs":[{"name":"positive","type":"CONDITIONING","links":[1987],"shape":3,"label":"正面条件","slot_index":0},{"name":"negative","type":"CONDITIONING","links":[1432],"shape":3,"label":"负面条件","slot_index":1},{"name":"latent_inpaint","type":"LATENT","links":[],"shape":3,"label":"局部重绘Latent","slot_index":2},{"name":"latent_samples","type":"LATENT","links":[1837],"shape":3,"label":"采样Latent","slot_index":3}],"properties":{"Node name for S&R":"INPAINT_VAEEncodeInpaintConditioning"}},{"id":884,"type":"Reroute","pos":[-790,-260],"size":[75,26],"flags":{},"order":20,"mode":0,"inputs":[{"name":"","type":"*","link":1996}],"outputs":[{"name":"CLIP","type":"CLIP","links":[1997,1998,2003],"slot_index":0}],"properties":{"showOutputText":true,"horizontal":false}},{"id":875,"type":"ConditioningCombine","pos":[-460,80],"size":{"0":230,"1":50},"flags":{},"order":49,"mode":0,"inputs":[{"name":"conditioning_1","type":"CONDITIONING","link":2012,"slot_index":0,"label":"条件1"},{"name":"conditioning_2","type":"CONDITIONING","link":1991,"slot_index":1,"label":"条件2"}],"outputs":[{"name":"CONDITIONING","type":"CONDITIONING","links":[2013],"shape":3,"slot_index":0,"label":"条件"}],"properties":{"Node name for S&R":"ConditioningCombine"}},{"id":883,"type":"CR Apply Multi-ControlNet","pos":[-170,-290],"size":{"0":330,"1":98},"flags":{},"order":66,"mode":0,"inputs":[{"name":"base_positive","type":"CONDITIONING","link":2013,"label":"正面条件"},{"name":"base_negative","type":"CONDITIONING","link":2005,"label":"负面条件"},{"name":"controlnet_stack","type":"CONTROL_NET_STACK","link":1995,"label":"ControlNet堆"}],"outputs":[{"name":"base_pos","type":"CONDITIONING","links":[2014],"shape":3,"label":"正面条件","slot_index":0},{"name":"base_neg","type":"CONDITIONING","links":[2008],"shape":3,"label":"负面条件","slot_index":1},{"name":"show_help","type":"STRING","links":null,"shape":3}],"properties":{"Node name for S&R":"CR Apply Multi-ControlNet"},"widgets_values":["On"]},{"id":855,"type":"PhotoMakerEncodePlus","pos":[-460,340],"size":{"0":240,"1":140},"flags":{},"order":45,"mode":0,"inputs":[{"name":"clip","type":"CLIP","link":2003,"label":"clip"},{"name":"photomaker","type":"PHOTOMAKER","link":1934,"slot_index":1,"label":"photomaker"},{"name":"image","type":"IMAGE","link":2020,"label":"image"},{"name":"insightface_opt","type":"INSIGHTFACE","link":1936,"slot_index":3,"label":"insightface_opt"},{"name":"text","type":"STRING","link":1938,"widget":{"name":"text"},"label":"text"}],"outputs":[{"name":"CONDITIONING","type":"CONDITIONING","links":[1991],"shape":3,"label":"CONDITIONING","slot_index":0}],"properties":{"Node name for S&R":"PhotoMakerEncodePlus"},"widgets_values":["photo","photograph of a man img"],"color":"#2a363b","bgcolor":"#3f5159"},{"id":856,"type":"PhotoMakerLoaderPlus","pos":[-660,550],"size":{"0":315,"1":58},"flags":{},"order":6,"mode":0,"outputs":[{"name":"PHOTOMAKER","type":"PHOTOMAKER","links":[1934],"shape":3,"label":"PHOTOMAKER","slot_index":0}],"properties":{"Node name for S&R":"PhotoMakerLoaderPlus"},"widgets_values":["photomaker-v2.bin"],"color":"#323","bgcolor":"#535"},{"id":860,"type":"LoadImage","pos":[-2190,-1640],"size":[320,310],"flags":{},"order":7,"mode":0,"outputs":[{"name":"IMAGE","type":"IMAGE","links":[1947],"shape":3,"slot_index":0,"label":"图像"},{"name":"MASK","type":"MASK","links":null,"shape":3,"label":"遮罩"}],"properties":{"Node name for S&R":"LoadImage"},"widgets_values":["9e3b6539-ea10-4d42-b321-4040b548cb19.png","image"]},{"id":866,"type":"LoadImage","pos":[-1830,-1640],"size":[320,310],"flags":{},"order":8,"mode":0,"outputs":[{"name":"IMAGE","type":"IMAGE","links":[1952],"shape":3,"slot_index":0,"label":"图像"},{"name":"MASK","type":"MASK","links":null,"shape":3,"label":"遮罩"}],"properties":{"Node name for S&R":"LoadImage"},"widgets_values":["99b1a573-39d8-4ede-b311-936675eaee75.png","image"]},{"id":844,"type":"ReActorRestoreFace","pos":[910,-470],"size":{"0":315,"1":130},"flags":{},"order":71,"mode":0,"inputs":[{"name":"image","type":"IMAGE","link":1895,"label":"图像"}],"outputs":[{"name":"IMAGE","type":"IMAGE","links":[1900],"shape":3,"label":"图像","slot_index":0}],"properties":{"Node name for S&R":"ReActorRestoreFace"},"widgets_values":["retinaface_resnet50","GPEN-BFR-1024.onnx",1,0.5]},{"id":857,"type":"PhotoMakerInsightFaceLoader","pos":[-300,550],"size":{"0":315,"1":58},"flags":{},"order":9,"mode":0,"outputs":[{"name":"INSIGHTFACE","type":"INSIGHTFACE","links":[1936],"shape":3,"label":"INSIGHTFACE"}],"properties":{"Node name for S&R":"PhotoMakerInsightFaceLoader"},"widgets_values":["CUDA"]},{"id":807,"type":"ImageToMask","pos":[-3150,-250],"size":{"0":315,"1":58},"flags":{},"order":52,"mode":0,"inputs":[{"name":"image","type":"IMAGE","link":1840,"label":"图像"}],"outputs":[{"name":"MASK","type":"MASK","links":[1803],"shape":3,"label":"遮罩","slot_index":0}],"properties":{"Node name for S&R":"ImageToMask"},"widgets_values":["red"]},{"id":803,"type":"ImageCompositedMaskedWeight","pos":[-3150,-70],"size":{"0":315,"1":78},"flags":{},"order":48,"mode":0,"inputs":[{"name":"source","type":"IMAGE","link":1808,"label":"source"},{"name":"mask","type":"IMAGE","link":1864,"label":"mask"}],"outputs":[{"name":"IMAGE","type":"IMAGE","links":[1840],"shape":3,"label":"IMAGE","slot_index":0}],"properties":{"Node name for S&R":"ImageCompositedMaskedWeight"},"widgets_values":[0.6000000000000001]},{"id":881,"type":"CheckpointLoaderSimple","pos":[-620,-440],"size":{"0":315,"1":98},"flags":{},"order":10,"mode":0,"outputs":[{"name":"MODEL","type":"MODEL","links":[1994],"shape":3,"label":"模型","slot_index":0},{"name":"CLIP","type":"CLIP","links":[1996],"shape":3,"label":"CLIP","slot_index":1},{"name":"VAE","type":"VAE","links":[2009,2011],"shape":3,"label":"VAE","slot_index":2}],"properties":{"Node name for S&R":"CheckpointLoaderSimple"},"widgets_values":["sdxl/realvisxlV40_v40Bakedvae.safetensors"]},{"id":886,"type":"CLIPTextEncode","pos":[-580,-250],"size":{"0":250,"1":54},"flags":{},"order":27,"mode":0,"inputs":[{"name":"clip","type":"CLIP","link":1997,"label":"CLIP"},{"name":"text","type":"STRING","link":1999,"widget":{"name":"text"},"label":"文本"}],"outputs":[{"name":"CONDITIONING","type":"CONDITIONING","links":[2012],"slot_index":0,"label":"条件"}],"properties":{"Node name for S&R":"CLIPTextEncode"},"widgets_values":["sci-fi, closeup portrait photo of a man img wearing the sunglasses in Iron man suit, face, slim body, high quality, film grain"],"color":"#232","bgcolor":"#353"},{"id":887,"type":"CLIPTextEncode","pos":[-570,-90],"size":{"0":250,"1":54},"flags":{},"order":28,"mode":0,"inputs":[{"name":"clip","type":"CLIP","link":1998,"label":"CLIP"},{"name":"text","type":"STRING","link":2000,"widget":{"name":"text"},"label":"文本"}],"outputs":[{"name":"CONDITIONING","type":"CONDITIONING","links":[2005],"slot_index":0,"label":"条件"}],"properties":{"Node name for S&R":"CLIPTextEncode"},"widgets_values":["sci-fi, closeup portrait photo of a man img wearing the sunglasses in Iron man suit, face, slim body, high quality, film grain"],"color":"#232","bgcolor":"#353"},{"id":623,"type":"List of strings [Crystools]","pos":[-1589.233802393611,67.33004588021734],"size":{"0":320,"1":270},"flags":{},"order":15,"mode":0,"inputs":[{"name":"string_1","type":"STRING","link":1859,"widget":{"name":"string_1"},"label":"字符串_1","slot_index":0},{"name":"string_2","type":"STRING","link":1792,"widget":{"name":"string_2"},"label":"字符串_2"},{"name":"string_3","type":"STRING","link":null,"widget":{"name":"string_3"},"label":"字符串_3"}],"outputs":[{"name":"concatenated","type":"STRING","links":[1938,1999],"shape":3,"label":"字符串合并","slot_index":0},{"name":"list_string","type":"ListString","links":null,"shape":6,"label":"字符串列表"}],"properties":{"Node name for S&R":"List of strings [Crystools]"},"widgets_values":["","","","","","","","",","]}],"links":[[1432,632,1,631,2,"CONDITIONING"],[1684,761,0,755,0,"IMAGE"],[1687,760,0,758,0,"IMAGE"],[1688,767,0,758,1,"IMAGE"],[1689,776,0,759,0,"IMAGE"],[1690,787,0,760,0,"IMAGE"],[1691,755,0,760,1,"INT"],[1692,755,1,760,2,"INT"],[1694,772,0,762,0,"*"],[1696,754,0,765,0,"IMAGE"],[1697,761,0,766,0,"*"],[1698,762,0,767,0,"IMAGE"],[1699,764,0,767,1,"IMAGE"],[1700,766,0,768,0,"IMAGE"],[1701,775,0,769,0,"IMAGE"],[1705,771,0,772,0,"MASK"],[1708,757,0,774,0,"MASK"],[1709,784,0,775,0,"*"],[1710,778,0,776,0,"*"],[1711,783,1,777,0,"MASK"],[1712,758,0,778,0,"IMAGE"],[1713,779,0,778,1,"IMAGE"],[1714,762,0,779,0,"IMAGE"],[1715,777,0,779,1,"IMAGE"],[1717,782,0,781,0,"IMAGE"],[1718,767,0,781,1,"IMAGE"],[1719,768,0,782,0,"IMAGE"],[1720,755,0,782,1,"INT"],[1721,755,1,782,2,"INT"],[1722,781,0,784,0,"IMAGE"],[1723,779,0,784,1,"IMAGE"],[1724,783,0,785,0,"IMAGE"],[1726,785,0,786,0,"IMAGE"],[1727,783,0,786,1,"IMAGE"],[1728,766,0,787,0,"IMAGE"],[1731,756,0,611,0,"*"],[1737,789,0,603,0,"*"],[1738,603,0,632,3,"IMAGE"],[1740,783,0,789,0,"*"],[1741,783,0,761,0,"*"],[1742,755,0,771,0,"INT"],[1743,755,1,771,1,"INT"],[1746,611,0,632,4,"MASK"],[1747,603,0,667,0,"IMAGE"],[1748,603,0,480,1,"IMAGE"],[1749,631,5,619,0,"*"],[1750,776,0,790,0,"*"],[1751,775,0,791,0,"*"],[1752,790,0,446,0,"IMAGE"],[1753,791,0,446,1,"IMAGE"],[1755,756,0,754,0,"MASK"],[1792,625,0,623,1,"STRING"],[1798,619,0,480,0,"IMAGE"],[1803,807,0,756,0,"*"],[1808,762,0,803,0,"IMAGE"],[1837,632,3,631,3,"LATENT"],[1840,803,0,807,0,"IMAGE"],[1859,624,0,623,0,"STRING"],[1863,774,0,827,0,"MASK"],[1864,827,0,803,1,"IMAGE"],[1867,755,0,787,1,"INT"],[1868,755,0,768,1,"INT"],[1870,764,0,785,1,"IMAGE"],[1871,764,0,757,0,"IMAGE"],[1875,763,0,764,0,"*"],[1877,766,0,832,0,"IMAGE"],[1879,832,0,833,0,"IMAGE"],[1880,755,0,832,1,"INT"],[1881,832,0,834,0,"*"],[1882,834,0,446,2,"IMAGE"],[1895,619,0,844,0,"IMAGE"],[1899,619,0,845,1,"IMAGE"],[1900,844,0,845,0,"IMAGE"],[1934,856,0,855,1,"PHOTOMAKER"],[1936,857,0,855,3,"INSIGHTFACE"],[1938,623,0,855,4,"STRING"],[1946,859,0,861,0,"IMAGE"],[1947,860,0,862,0,"IMAGE"],[1949,861,0,864,0,"IMAGE"],[1950,862,0,864,1,"IMAGE"],[1952,866,0,867,0,"IMAGE"],[1953,864,0,868,0,"IMAGE"],[1954,867,0,868,1,"IMAGE"],[1987,632,0,631,1,"CONDITIONING"],[1991,855,0,875,1,"CONDITIONING"],[1994,881,0,882,0,"MODEL"],[1995,446,0,883,2,"CONTROL_NET_STACK"],[1996,881,1,884,0,"*"],[1997,884,0,886,0,"CLIP"],[1998,884,0,887,0,"CLIP"],[1999,623,0,886,1,"STRING"],[2000,880,0,887,1,"STRING"],[2003,884,0,855,0,"CLIP"],[2005,887,0,883,1,"CONDITIONING"],[2008,883,1,632,1,"CONDITIONING"],[2009,881,2,632,2,"VAE"],[2010,882,0,631,0,"MODEL"],[2011,881,2,631,4,"VAE"],[2012,886,0,875,0,"CONDITIONING"],[2013,875,0,883,0,"CONDITIONING"],[2014,883,0,632,0,"CONDITIONING"],[2017,619,0,843,0,"IMAGE"],[2018,868,0,843,1,"IMAGE"],[2019,868,0,854,0,"*"],[2020,854,0,855,2,"IMAGE"]],"groups":[{"title":"ControlNet图像预处理","bounding":[-4994,182,1698,940],"color":"#3f789e","font_size":24,"locked":false},{"title":"mask","bounding":[-5013,-323,1693,422],"color":"#3f789e","font_size":24,"locked":false},{"title":"step1-inpaint","bounding":[-724,-527,1489,745],"color":"#3f789e","font_size":24,"locked":false},{"title":"输入条件","bounding":[-2350,-544,1109,1425],"color":"#3f789e","font_size":24,"locked":false},{"title":"模板预处理结果","bounding":[-5576,-1680,2805,685],"color":"#8A8","font_size":24,"locked":false},{"title":"模板图","bounding":[-5005,-894,1677,490],"color":"#3f789e","font_size":24,"locked":false},{"title":"lora写真效果图","bounding":[-977,-1967,2689,1156],"color":"#b06634","font_size":24,"locked":false},{"title":"photo-maker","bounding":[-727,262,817,391],"color":"#3f789e","font_size":24,"locked":false}],"config":{},"extra":{"ds":{"scale":0.3452271214393115,"offset":{"0":2514.176642672219,"1":2319.078196260196}},"groupNodes":{},"workspace_info":{"id":"rwYvQQXOZcV0IHj7vQtDP","saveLock":false,"cloudID":null,"coverMediaPath":null}},"version":0.4}