{"last_node_id":22,"last_link_id":7,"nodes":[{"id":12,"type":"Eff. Loader SDXL","pos":[515,130],"size":{"0":400,"1":402},"flags":{},"order":2,"mode":0,"inputs":[{"name":"lora_stack","type":"LORA_STACK","link":1,"label":"LoRA堆"},{"name":"cnet_stack","type":"CONTROL_NET_STACK","link":null,"label":"ControlNet堆"}],"outputs":[{"name":"SDXL_TUPLE","type":"SDXL_TUPLE","links":[3],"shape":3,"label":"SDXL元组"},{"name":"LATENT","type":"LATENT","links":[4],"shape":3,"label":"Latent"},{"name":"VAE","type":"VAE","links":[5],"shape":3,"label":"VAE"},{"name":"DEPENDENCIES","type":"DEPENDENCIES","links":null,"shape":3,"label":"依赖"}],"properties":{"Node name for S&R":"Eff. Loader SDXL"},"widgets_values":["sdxl/dreamshaperXL_v21TurboDPMSDE.safetensors",-2,"None",-2,6,2,"Baked VAE","without gender characteristics,plain gray background, clean,(focus on head and shoulders:1.2),(horizontal shoulders:1.2), black suit, ID photo, high-end photography, stylish and elegant, formal feel, headshot, front-facing","worst quality, normal quality, low quality, low res, blurry, text, watermark, logo, banner, extra digits, cropped, jpeg artifacts, signature, username, error, sketch, duplicate, ugly, monochrome, horror, geometry, mutation, disgusting ","none","comfy",768,1024,1],"color":"#443322","bgcolor":"#665533","shape":1},{"id":18,"type":"Seed Generator","pos":[100,838],"size":{"0":315,"1":82},"flags":{},"order":0,"mode":0,"outputs":[{"name":"INT","type":"INT","links":[2],"shape":3,"label":"INT"}],"properties":{"Node name for S&R":"Seed Generator"},"widgets_values":[510522211085122,"randomize"]},{"id":20,"type":"KSampler SDXL (Eff.)","pos":[1024,136],"size":{"0":325,"1":334},"flags":{},"order":3,"mode":0,"inputs":[{"name":"sdxl_tuple","type":"SDXL_TUPLE","link":3,"label":"SDXL元组"},{"name":"latent_image","type":"LATENT","link":4,"label":"Latent"},{"name":"optional_vae","type":"VAE","link":5,"label":"VAE(可选)"},{"name":"script","type":"SCRIPT","link":null,"label":"脚本"},{"name":"noise_seed","type":"INT","link":2,"widget":{"name":"noise_seed"},"label":"随机种"}],"outputs":[{"name":"SDXL_TUPLE","type":"SDXL_TUPLE","links":null,"shape":3,"label":"SDXL元组"},{"name":"LATENT","type":"LATENT","links":null,"shape":3,"label":"Latent"},{"name":"VAE","type":"VAE","links":null,"shape":3,"label":"VAE"},{"name":"IMAGE","type":"IMAGE","links":[7],"shape":3,"label":"图像","slot_index":3}],"properties":{"Node name for S&R":"KSampler SDXL (Eff.)"},"widgets_values":[341174083821702,null,7,2,"dpmpp_sde","karras",0,-1,"none","true"],"color":"#332222","bgcolor":"#553333","shape":1},{"id":22,"type":"PreviewImage","pos":[131,36],"size":{"0":210,"1":246},"flags":{},"order":4,"mode":0,"inputs":[{"name":"images","type":"IMAGE","link":7,"label":"图像"}],"properties":{"Node name for S&R":"PreviewImage"}},{"id":16,"type":"CR LoRA Stack","pos":[100,366],"size":{"0":315,"1":342},"flags":{},"order":1,"mode":0,"inputs":[{"name":"lora_stack","type":"LORA_STACK","link":null,"label":"LoRA堆"}],"outputs":[{"name":"LORA_STACK","type":"LORA_STACK","links":[1],"shape":3},{"name":"show_help","type":"STRING","links":null,"shape":3}],"properties":{"Node name for S&R":"CR LoRA Stack"},"widgets_values":["On","XL-yuyi_1.0.safetensors",1,1,"Off","None",1,1,"Off","None",1,1]}],"links":[[1,16,0,12,0,"LORA_STACK"],[2,18,0,20,4,"INT"],[3,12,0,20,0,"SDXL_TUPLE"],[4,12,1,20,1,"LATENT"],[5,12,2,20,2,"VAE"],[7,20,3,22,0,"IMAGE"]],"groups":[],"config":{},"extra":{"ds":{"scale":2.5019627910715094,"offset":{"0":-106.45977020263672,"1":-251.0117950439453}},"workspace_info":{"id":"dIYEZ5qcb7p6nF4mLMSRo","deps":{"models":{"sdxl/dreamshaperXL_v21TurboDPMSDE.safetensors":{"name":"sdxl/dreamshaperXL_v21TurboDPMSDE.safetensors","nodeType":"Eff. Loader SDXL","hash":"4496b36d48bfd7cfe4e5dbce3485db567bcefa2bef7238d290dbd45612125083","folder":"checkpoints","url":null,"inputName":"base_ckpt_name","length":1},"XL-yuyi_1.0.safetensors":{"name":"XL-yuyi_1.0.safetensors","nodeType":"CR LoRA Stack","hash":"33ef6d997027943e79bf38a3d87e5816b2d271dcf1f63b6087136fd12aa89210","folder":"loras","url":null,"inputName":"lora_name_1","length":1}},"images":{},"nodeRepos":[{"gitRepo":"jags111/efficiency-nodes-comfyui","commitHash":"a16c745a68bccae16386c6ad592bb2957e2dc7e4"},{"gitRepo":"giriss/comfy-image-saver","commitHash":"65e6903eff274a50f8b5cd768f0f96baf37baea1"},{"gitRepo":"Suzie1/ComfyUI_Comfyroll_CustomNodes","commitHash":"d78b780ae43fcf8c6b7c6505e6ffb4584281ceca"}]},"apiPrompt":{"12":{"inputs":{"base_ckpt_name":"sdxl/dreamshaperXL_v21TurboDPMSDE.safetensors","base_clip_skip":-2,"refiner_ckpt_name":"None","refiner_clip_skip":-2,"positive_ascore":6,"negative_ascore":2,"vae_name":"Baked VAE","positive":"without gender characteristics,plain gray background, clean,(focus on head and shoulders:1.2),(horizontal shoulders:1.2), black suit, ID photo, high-end photography, stylish and elegant, formal feel, headshot, front-facing","negative":"worst quality, normal quality, low quality, low res, blurry, text, watermark, logo, banner, extra digits, cropped, jpeg artifacts, signature, username, error, sketch, duplicate, ugly, monochrome, horror, geometry, mutation, disgusting ","token_normalization":"none","weight_interpretation":"comfy","empty_latent_width":768,"empty_latent_height":1024,"batch_size":1,"lora_stack":["16",0]},"class_type":"Eff. Loader SDXL","_meta":{"title":"效率加载器(SDXL)"}},"16":{"inputs":{"switch_1":"On","lora_name_1":"XL-yuyi_1.0.safetensors","model_weight_1":1,"clip_weight_1":1,"switch_2":"Off","lora_name_2":"None","model_weight_2":1,"clip_weight_2":1,"switch_3":"Off","lora_name_3":"None","model_weight_3":1,"clip_weight_3":1},"class_type":"CR LoRA Stack","_meta":{"title":"LoRA堆"}},"18":{"inputs":{"seed":510522211085122},"class_type":"Seed Generator","_meta":{"title":"Seed Generator"}},"20":{"inputs":{"noise_seed":["18",0],"steps":7,"cfg":2,"sampler_name":"dpmpp_sde","scheduler":"karras","start_at_step":0,"refine_at_step":-1,"preview_method":"none","vae_decode":"true","sdxl_tuple":["12",0],"latent_image":["12",1],"optional_vae":["12",2]},"class_type":"KSampler SDXL (Eff.)","_meta":{"title":"K采样器(SDXL效率)"}},"22":{"inputs":{"images":["20",3]},"class_type":"PreviewImage","_meta":{"title":"预览图像"}}},"saveLock":false,"cloudID":"hK-MfrbURHrZQ-E_L83m5","coverMediaPath":null}},"version":0.4}