{"last_node_id":80,"last_link_id":123,"nodes":[{"id":49,"type":"LoadImage","pos":{"0":-390,"1":190},"size":{"0":230,"1":310},"flags":{},"order":0,"mode":0,"inputs":[],"outputs":[{"name":"IMAGE","type":"IMAGE","links":[68],"slot_index":0,"shape":3,"label":"图像"},{"name":"MASK","type":"MASK","links":null,"shape":3,"label":"遮罩"}],"properties":{"Node name for S&R":"LoadImage"},"widgets_values":["5e968e06-0d54-4adf-b5c8-26d82fb9b9da.png","image"]},{"id":50,"type":"LoadImage","pos":{"0":-110,"1":190},"size":{"0":240,"1":310},"flags":{},"order":1,"mode":0,"inputs":[],"outputs":[{"name":"IMAGE","type":"IMAGE","links":[69],"slot_index":0,"shape":3,"label":"图像"},{"name":"MASK","type":"MASK","links":null,"shape":3,"label":"遮罩"}],"properties":{"Node name for S&R":"LoadImage"},"widgets_values":["6b49cef0-7c65-42e5-b62d-c91a26b5d610.png","image"]},{"id":51,"type":"LoadImage","pos":{"0":-680,"1":620},"size":{"0":250,"1":310},"flags":{},"order":2,"mode":0,"inputs":[],"outputs":[{"name":"IMAGE","type":"IMAGE","links":[70],"slot_index":0,"shape":3,"label":"图像"},{"name":"MASK","type":"MASK","links":null,"shape":3,"label":"遮罩"}],"properties":{"Node name for S&R":"LoadImage"},"widgets_values":["22dd748e-b2fe-464e-9322-ac94a501a085.png","image"]},{"id":52,"type":"LoadImage","pos":{"0":-390,"1":620},"size":{"0":230,"1":310},"flags":{},"order":3,"mode":0,"inputs":[],"outputs":[{"name":"IMAGE","type":"IMAGE","links":[71],"slot_index":0,"shape":3,"label":"图像"},{"name":"MASK","type":"MASK","links":null,"shape":3,"label":"遮罩"}],"properties":{"Node name for S&R":"LoadImage"},"widgets_values":["558c0ef9-bfa9-4433-a160-f45d799f033e.png","image"]},{"id":53,"type":"LoadImage","pos":{"0":-110,"1":620},"size":{"0":240,"1":310},"flags":{},"order":4,"mode":0,"inputs":[],"outputs":[{"name":"IMAGE","type":"IMAGE","links":[72],"slot_index":0,"shape":3,"label":"图像"},{"name":"MASK","type":"MASK","links":null,"shape":3,"label":"遮罩"}],"properties":{"Node name for S&R":"LoadImage"},"widgets_values":["877d5471-db05-4db8-a704-9b837b98c993.png","image"]},{"id":16,"type":"CR LoRA Stack","pos":{"0":-640,"1":-670},"size":{"0":315,"1":342},"flags":{},"order":5,"mode":0,"inputs":[{"name":"lora_stack","type":"LORA_STACK","link":null,"label":"LoRA堆"}],"outputs":[{"name":"LORA_STACK","type":"LORA_STACK","links":[8],"slot_index":0,"shape":3},{"name":"show_help","type":"STRING","links":null,"shape":3}],"properties":{"Node name for S&R":"CR LoRA Stack"},"widgets_values":["On","train_lora/prod_lora/20240917/20240917101752_d22ed8b6359a4a67bf304ab6b87a0508/spmf_19231_r_2024091710/spmf_19231_r_2024091710.safetensors",0.8,1,"On","sdxl/skin/DESKINXL.safetensors",1,1,"Off","None",1,1]},{"id":48,"type":"LoadImage","pos":{"0":-680,"1":190},"size":{"0":250,"1":310},"flags":{},"order":6,"mode":0,"inputs":[],"outputs":[{"name":"IMAGE","type":"IMAGE","links":[67],"slot_index":0,"shape":3,"label":"图像"},{"name":"MASK","type":"MASK","links":null,"shape":3,"label":"遮罩"}],"properties":{"Node name for S&R":"LoadImage"},"widgets_values":["5b1696b5-0b32-4b4b-945e-c256fc1cdae4.png","image"]},{"id":72,"type":"InstantIDFaceAnalysis","pos":{"0":730,"1":-150},"size":{"0":315,"1":58},"flags":{},"order":7,"mode":0,"inputs":[],"outputs":[{"name":"FACEANALYSIS","type":"FACEANALYSIS","links":[92],"shape":3,"label":"面部分析"}],"properties":{"Node name for S&R":"InstantIDFaceAnalysis"},"widgets_values":["CUDA"]},{"id":73,"type":"ControlNetLoader","pos":{"0":720,"1":-50},"size":{"0":315,"1":58},"flags":{},"order":8,"mode":0,"inputs":[],"outputs":[{"name":"CONTROL_NET","type":"CONTROL_NET","links":[93],"shape":3,"label":"ControlNet"}],"properties":{"Node name for S&R":"ControlNetLoader"},"widgets_values":["control_instant_id_sdxl.safetensors"]},{"id":60,"type":"ImageBatchMulti","pos":{"0":250,"1":190},"size":{"0":210,"1":182},"flags":{},"order":12,"mode":0,"inputs":[{"name":"image_1","type":"IMAGE","link":67,"label":"图像_1"},{"name":"image_2","type":"IMAGE","link":68,"label":"图像_2"},{"name":"image_3","type":"IMAGE","link":69,"label":"图像_3"},{"name":"image_4","type":"IMAGE","link":70,"label":"图像_4"},{"name":"image_5","type":"IMAGE","link":71,"label":"图像_5"},{"name":"image_6","type":"IMAGE","link":72,"label":"图像_6"}],"outputs":[{"name":"images","type":"IMAGE","links":[94],"slot_index":0,"shape":3,"label":"图像"}],"properties":{"Node name for S&R":"ImageBatchMulti"},"widgets_values":[6,null]},{"id":71,"type":"InstantIDModelLoader","pos":{"0":730,"1":-260},"size":{"0":315,"1":58},"flags":{},"order":9,"mode":0,"inputs":[],"outputs":[{"name":"INSTANTID","type":"INSTANTID","links":[91],"shape":3,"label":"INSTANTID"}],"properties":{"Node name for S&R":"InstantIDModelLoader"},"widgets_values":["ip-adapter_instant_id_sdxl.bin"]},{"id":70,"type":"ApplyInstantIDAdvanced","pos":{"0":730,"1":-660},"size":{"0":315,"1":338},"flags":{},"order":13,"mode":0,"inputs":[{"name":"instantid","type":"INSTANTID","link":91,"slot_index":0,"label":"InstantID"},{"name":"insightface","type":"FACEANALYSIS","link":92,"slot_index":1,"label":"InsightFace"},{"name":"control_net","type":"CONTROL_NET","link":93,"slot_index":2,"label":"ControlNet"},{"name":"image","type":"IMAGE","link":94,"label":"图像"},{"name":"model","type":"MODEL","link":102,"label":"模型"},{"name":"positive","type":"CONDITIONING","link":117,"label":"正面条件"},{"name":"negative","type":"CONDITIONING","link":96,"label":"负面条件"},{"name":"image_kps","type":"IMAGE","link":104,"label":"图像_kps"},{"name":"mask","type":"MASK","link":null,"label":"遮罩"}],"outputs":[{"name":"MODEL","type":"MODEL","links":[98],"slot_index":0,"shape":3,"label":"模型"},{"name":"positive","type":"CONDITIONING","links":[100],"slot_index":1,"shape":3,"label":"正面条件"},{"name":"negative","type":"CONDITIONING","links":[101],"slot_index":2,"shape":3,"label":"负面条件"}],"properties":{"Node name for S&R":"ApplyInstantIDAdvanced"},"widgets_values":[0.8,0.6,0,1,0.1,"average"]},{"id":23,"type":"Efficient Loader","pos":{"0":50,"1":-670},"size":{"0":430,"1":600},"flags":{},"order":11,"mode":0,"inputs":[{"name":"lora_stack","type":"LORA_STACK","link":8,"label":"LoRA堆"},{"name":"cnet_stack","type":"CONTROL_NET_STACK","link":null,"label":"ControlNet堆"}],"outputs":[{"name":"MODEL","type":"MODEL","links":[102],"slot_index":0,"shape":3,"label":"模型"},{"name":"CONDITIONING+","type":"CONDITIONING","links":[117],"slot_index":1,"shape":3,"label":"正面条件"},{"name":"CONDITIONING-","type":"CONDITIONING","links":[96],"slot_index":2,"shape":3,"label":"负面条件"},{"name":"LATENT","type":"LATENT","links":[64],"slot_index":3,"shape":3,"label":"Latent"},{"name":"VAE","type":"VAE","links":[65],"slot_index":4,"shape":3,"label":"VAE"},{"name":"CLIP","type":"CLIP","links":null,"shape":3,"label":"CLIP"},{"name":"DEPENDENCIES","type":"DEPENDENCIES","links":null,"shape":3,"label":"依赖"}],"properties":{"Node name for S&R":"Efficient Loader"},"widgets_values":["sdxl/realvisxlV50_v50LightningBakedvae.safetensors","Baked VAE",-2,"None",1,1,"spmf_19231_r_2024091710,a woman in a black suit and white shirt,plain gray background,face front,(close-up:1),studio light,studio,side light,makeup portrait,masterpiece,best quality,","(worst quality),(low quality),(normal quality),lowres,bad anatomy,((bad hands,broken hands)),(many fingers),((grayscale)) watermark,moles,nude,nsfw,nipples,","none","comfy",768,1024,1,true,true],"color":"#223333","bgcolor":"#335555","shape":1},{"id":47,"type":"KSampler (Efficient)","pos":{"0":1310,"1":-640},"size":{"0":330,"1":560},"flags":{},"order":14,"mode":0,"inputs":[{"name":"model","type":"MODEL","link":98,"label":"模型"},{"name":"positive","type":"CONDITIONING","link":100,"label":"正面条件"},{"name":"negative","type":"CONDITIONING","link":101,"label":"负面条件"},{"name":"latent_image","type":"LATENT","link":64,"label":"Latent"},{"name":"optional_vae","type":"VAE","link":65,"label":"VAE(可选)"},{"name":"script","type":"SCRIPT","link":null,"label":"脚本"}],"outputs":[{"name":"MODEL","type":"MODEL","links":null,"shape":3,"label":"模型"},{"name":"CONDITIONING+","type":"CONDITIONING","links":null,"shape":3,"label":"正面条件"},{"name":"CONDITIONING-","type":"CONDITIONING","links":null,"shape":3,"label":"负面条件"},{"name":"LATENT","type":"LATENT","links":null,"shape":3,"label":"Latent"},{"name":"VAE","type":"VAE","links":null,"shape":3,"label":"VAE"},{"name":"IMAGE","type":"IMAGE","links":[66],"slot_index":5,"shape":3,"label":"图像"}],"properties":{"Node name for S&R":"KSampler (Efficient)"},"widgets_values":[623264619643345,null,6,2,"dpmpp_sde","karras",1,"none","true"],"color":"#223333","bgcolor":"#335555","shape":1},{"id":74,"type":"LoadImage","pos":{"0":-610,"1":-260},"size":[260,330],"flags":{},"order":10,"mode":0,"inputs":[],"outputs":[{"name":"IMAGE","type":"IMAGE","links":[104],"shape":3,"label":"图像"},{"name":"MASK","type":"MASK","links":null,"shape":3,"label":"遮罩"}],"properties":{"Node name for S&R":"LoadImage"},"widgets_values":["female.jpg","image"]},{"id":46,"type":"PreviewImage","pos":{"0":1830,"1":-660},"size":{"0":390,"1":620},"flags":{},"order":15,"mode":0,"inputs":[{"name":"images","type":"IMAGE","link":66,"label":"图像"}],"outputs":[],"properties":{"Node name for S&R":"PreviewImage"}}],"links":[[8,16,0,23,0,"LORA_STACK"],[64,23,3,47,3,"LATENT"],[65,23,4,47,4,"VAE"],[66,47,5,46,0,"IMAGE"],[67,48,0,60,0,"IMAGE"],[68,49,0,60,1,"IMAGE"],[69,50,0,60,2,"IMAGE"],[70,51,0,60,3,"IMAGE"],[71,52,0,60,4,"IMAGE"],[72,53,0,60,5,"IMAGE"],[91,71,0,70,0,"INSTANTID"],[92,72,0,70,1,"FACEANALYSIS"],[93,73,0,70,2,"CONTROL_NET"],[94,60,0,70,3,"IMAGE"],[96,23,2,70,6,"CONDITIONING"],[98,70,0,47,0,"MODEL"],[100,70,1,47,1,"CONDITIONING"],[101,70,2,47,2,"CONDITIONING"],[102,23,0,70,4,"MODEL"],[104,74,0,70,7,"IMAGE"],[117,23,1,70,5,"CONDITIONING"]],"groups":[],"config":{},"extra":{"ds":{"scale":0.41772481694157604,"offset":[672.70256003203,1263.1489628292622]},"workspace_info":{"id":"1cc6u4woknOtlXv1XYLmv","deps":{"models":{"sdxl/dreamshaperXL_v21TurboDPMSDE.safetensors":{"name":"sdxl/dreamshaperXL_v21TurboDPMSDE.safetensors","nodeType":"Eff. Loader SDXL","hash":"4496b36d48bfd7cfe4e5dbce3485db567bcefa2bef7238d290dbd45612125083","folder":"checkpoints","url":null,"inputName":"base_ckpt_name","length":1},"XL-yuyi_1.0.safetensors":{"name":"XL-yuyi_1.0.safetensors","nodeType":"CR LoRA Stack","hash":"33ef6d997027943e79bf38a3d87e5816b2d271dcf1f63b6087136fd12aa89210","folder":"loras","url":null,"inputName":"lora_name_1","length":1}},"images":{},"nodeRepos":[{"gitRepo":"jags111/efficiency-nodes-comfyui","commitHash":"a16c745a68bccae16386c6ad592bb2957e2dc7e4"},{"gitRepo":"giriss/comfy-image-saver","commitHash":"65e6903eff274a50f8b5cd768f0f96baf37baea1"},{"gitRepo":"Suzie1/ComfyUI_Comfyroll_CustomNodes","commitHash":"d78b780ae43fcf8c6b7c6505e6ffb4584281ceca"}]},"apiPrompt":{"12":{"inputs":{"base_ckpt_name":"sdxl/dreamshaperXL_v21TurboDPMSDE.safetensors","base_clip_skip":-2,"refiner_ckpt_name":"None","refiner_clip_skip":-2,"positive_ascore":6,"negative_ascore":2,"vae_name":"Baked VAE","positive":"without gender characteristics,plain gray background, clean,(focus on head and shoulders:1.2),(horizontal shoulders:1.2), black suit, ID photo, high-end photography, stylish and elegant, formal feel, headshot, front-facing","negative":"worst quality, normal quality, low quality, low res, blurry, text, watermark, logo, banner, extra digits, cropped, jpeg artifacts, signature, username, error, sketch, duplicate, ugly, monochrome, horror, geometry, mutation, disgusting ","token_normalization":"none","weight_interpretation":"comfy","empty_latent_width":768,"empty_latent_height":1024,"batch_size":1,"lora_stack":["16",0]},"class_type":"Eff. Loader SDXL","_meta":{"title":"效率加载器(SDXL)"}},"16":{"inputs":{"switch_1":"On","lora_name_1":"XL-yuyi_1.0.safetensors","model_weight_1":1,"clip_weight_1":1,"switch_2":"Off","lora_name_2":"None","model_weight_2":1,"clip_weight_2":1,"switch_3":"Off","lora_name_3":"None","model_weight_3":1,"clip_weight_3":1},"class_type":"CR LoRA Stack","_meta":{"title":"LoRA堆"}},"18":{"inputs":{"seed":510522211085122},"class_type":"Seed Generator","_meta":{"title":"Seed Generator"}},"20":{"inputs":{"noise_seed":["18",0],"steps":7,"cfg":2,"sampler_name":"dpmpp_sde","scheduler":"karras","start_at_step":0,"refine_at_step":-1,"preview_method":"none","vae_decode":"true","sdxl_tuple":["12",0],"latent_image":["12",1],"optional_vae":["12",2]},"class_type":"KSampler SDXL (Eff.)","_meta":{"title":"K采样器(SDXL效率)"}},"22":{"inputs":{"images":["20",3]},"class_type":"PreviewImage","_meta":{"title":"预览图像"}}},"saveLock":false,"cloudID":null,"coverMediaPath":null}},"version":0.4}