{"last_node_id":100,"last_link_id":147,"nodes":[{"id":49,"type":"Reroute","pos":{"0":1080,"1":350},"size":[75,26],"flags":{},"order":25,"mode":0,"inputs":[{"name":"","type":"*","link":105}],"outputs":[{"name":"","type":"MODEL","links":[65],"slot_index":0}],"properties":{"showOutputText":false,"horizontal":false}},{"id":66,"type":"ControlNetApplyAdvanced","pos":{"0":3490,"1":1000},"size":{"0":340.20001220703125,"1":166},"flags":{},"order":34,"mode":0,"inputs":[{"name":"positive","type":"CONDITIONING","link":82,"label":"正面条件"},{"name":"negative","type":"CONDITIONING","link":83,"label":"负面条件"},{"name":"control_net","type":"CONTROL_NET","link":88,"label":"ControlNet"},{"name":"image","type":"IMAGE","link":89,"label":"图像"}],"outputs":[{"name":"positive","type":"CONDITIONING","links":[111,113],"slot_index":0,"shape":3,"label":"正面条件"},{"name":"negative","type":"CONDITIONING","links":[112,114],"slot_index":1,"shape":3,"label":"负面条件"}],"properties":{"Node name for S&R":"ControlNetApplyAdvanced"},"widgets_values":[1,0,1]},{"id":65,"type":"Reroute","pos":{"0":2910,"1":1050},"size":[75,26],"flags":{},"order":30,"mode":0,"inputs":[{"name":"","type":"*","link":80}],"outputs":[{"name":"","type":"CONDITIONING","links":[81],"slot_index":0}],"properties":{"showOutputText":false,"horizontal":false}},{"id":1,"type":"CheckpointLoaderSimple","pos":{"0":50,"1":1020},"size":{"0":315,"1":98},"flags":{},"order":0,"mode":0,"inputs":[],"outputs":[{"name":"MODEL","type":"MODEL","links":[125],"slot_index":0,"shape":3,"label":"模型"},{"name":"CLIP","type":"CLIP","links":[127],"slot_index":1,"shape":3,"label":"CLIP"},{"name":"VAE","type":"VAE","links":[48],"slot_index":2,"shape":3,"label":"VAE"}],"properties":{"Node name for S&R":"CheckpointLoaderSimple"},"widgets_values":["sd1.5/dreamshaper_8.safetensors"]},{"id":88,"type":"LoraLoader","pos":{"0":40,"1":850},"size":{"0":315,"1":126},"flags":{},"order":18,"mode":0,"inputs":[{"name":"model","type":"MODEL","link":125,"label":"模型"},{"name":"clip","type":"CLIP","link":127,"label":"CLIP"}],"outputs":[{"name":"MODEL","type":"MODEL","links":[126],"shape":3,"label":"模型","slot_index":0},{"name":"CLIP","type":"CLIP","links":[128],"shape":3,"label":"CLIP","slot_index":1}],"properties":{"Node name for S&R":"LoraLoader"},"widgets_values":["animate/AnimateLCM_sd15_t2v_lora.safetensors",1,1]},{"id":89,"type":"Reroute","pos":{"0":1930,"1":770},"size":[75,26],"flags":{},"order":23,"mode":0,"inputs":[{"name":"","type":"*","link":128}],"outputs":[{"name":"","type":"CLIP","links":[129,130],"slot_index":0}],"properties":{"showOutputText":false,"horizontal":false}},{"id":25,"type":"ControlNetLoader","pos":{"0":3010,"1":890},"size":{"0":315,"1":58},"flags":{},"order":1,"mode":0,"inputs":[],"outputs":[{"name":"CONTROL_NET","type":"CONTROL_NET","links":[85],"slot_index":0,"shape":3,"label":"ControlNet"}],"properties":{"Node name for S&R":"ControlNetLoader"},"widgets_values":["sd1.5/qrCodeMonster_v20.safetensors"],"color":"#323","bgcolor":"#535"},{"id":4,"type":"CLIPTextEncode","pos":{"0":1960,"1":1210},"size":{"0":400,"1":200},"flags":{},"order":26,"mode":0,"inputs":[{"name":"clip","type":"CLIP","link":130,"label":"CLIP"}],"outputs":[{"name":"CONDITIONING","type":"CONDITIONING","links":[80],"slot_index":0,"shape":3,"label":"条件"}],"properties":{"Node name for S&R":"CLIPTextEncode"},"widgets_values":["score_6, score_5, score_4, source_pony, (worst quality:1.2), (low quality:1.2), (normal quality:1.2), lowres, bad anatomy, bad hands, signature, watermarks, ugly, imperfect eyes, skewed eyes, unnatural face, unnatural body, error, extra limb, missing limbs, painting by bad-artist, 3d art, nipple ring, looking at the viewer, extra hands, extra fingers, red beauty spots",true]},{"id":13,"type":"PrimitiveNode","pos":{"0":2280,"1":880},"size":{"0":210,"1":80},"flags":{"collapsed":true},"order":2,"mode":0,"inputs":[],"outputs":[{"name":"INT","type":"INT","links":[12],"widget":{"name":"current_frame"}}],"properties":{"Run widget replace on values":false},"widgets_values":[0,"fixed"]},{"id":8,"type":"VAEDecode","pos":{"0":3690,"1":300},"size":{"0":210,"1":46},"flags":{"collapsed":false},"order":38,"mode":0,"inputs":[{"name":"samples","type":"LATENT","link":116,"label":"Latent"},{"name":"vae","type":"VAE","link":48,"label":"VAE"}],"outputs":[{"name":"IMAGE","type":"IMAGE","links":[132,140],"slot_index":0,"shape":3,"label":"图像"}],"properties":{"Node name for S&R":"VAEDecode"}},{"id":77,"type":"PerturbedAttentionGuidance","pos":{"0":60,"1":710},"size":{"0":327.5999755859375,"1":58},"flags":{},"order":22,"mode":0,"inputs":[{"name":"model","type":"MODEL","link":126,"label":"模型"}],"outputs":[{"name":"MODEL","type":"MODEL","links":[105],"slot_index":0,"shape":3,"label":"模型"}],"properties":{"Node name for S&R":"PerturbedAttentionGuidance"},"widgets_values":[3]},{"id":96,"type":"Reroute","pos":{"0":2810,"1":-570},"size":[75,26],"flags":{},"order":44,"mode":0,"inputs":[{"name":"","type":"*","link":142}],"outputs":[{"name":"","type":"IMAGE","links":[143],"slot_index":0}],"properties":{"showOutputText":false,"horizontal":false}},{"id":5,"type":"KSampler","pos":{"0":3010,"1":410},"size":{"0":315,"1":262},"flags":{},"order":35,"mode":0,"inputs":[{"name":"model","type":"MODEL","link":108,"label":"模型"},{"name":"positive","type":"CONDITIONING","link":111,"label":"正面条件"},{"name":"negative","type":"CONDITIONING","link":112,"label":"负面条件"},{"name":"latent_image","type":"LATENT","link":5,"label":"Latent"}],"outputs":[{"name":"LATENT","type":"LATENT","links":[118],"slot_index":0,"shape":3,"label":"Latent"}],"properties":{"Node name for S&R":"KSampler"},"widgets_values":[999632822627298,"randomize",11,1,"lcm","sgm_uniform",1]},{"id":27,"type":"ControlNetLoader","pos":{"0":3490,"1":900},"size":{"0":315,"1":58},"flags":{},"order":3,"mode":0,"inputs":[],"outputs":[{"name":"CONTROL_NET","type":"CONTROL_NET","links":[88],"slot_index":0,"shape":3,"label":"ControlNet"}],"properties":{"Node name for S&R":"ControlNetLoader"},"widgets_values":["sd1.5/control_v11p_sd15_openpose.safetensors"],"color":"#323","bgcolor":"#535"},{"id":18,"type":"FILM VFI","pos":{"0":4050,"1":430},"size":{"0":443.4000244140625,"1":126},"flags":{"collapsed":false},"order":40,"mode":0,"inputs":[{"name":"frames","type":"IMAGE","link":140,"label":"图像"},{"name":"optional_interpolation_states","type":"INTERPOLATION_STATES","link":null,"label":"插值规则(可选)"}],"outputs":[{"name":"IMAGE","type":"IMAGE","links":[141],"slot_index":0,"shape":3,"label":"图像"}],"properties":{"Node name for S&R":"FILM VFI"},"widgets_values":["film_net_fp32.pt",10,4]},{"id":91,"type":"easy imageSize","pos":{"0":4000,"1":-60},"size":{"0":210,"1":100},"flags":{},"order":39,"mode":0,"inputs":[{"name":"image","type":"IMAGE","link":132,"label":"图像"}],"outputs":[{"name":"width_int","type":"INT","links":[133],"shape":3,"label":"宽度","slot_index":0},{"name":"height_int","type":"INT","links":[134],"shape":3,"label":"高度","slot_index":1}],"properties":{"Node name for S&R":"easy imageSize"},"widgets_values":["Width: 448 , Height: 600"]},{"id":92,"type":"easy showAnything","pos":{"0":4250,"1":-120},"size":{"0":210,"1":80},"flags":{},"order":41,"mode":0,"inputs":[{"name":"anything","type":"*","link":133,"label":"输入任何"}],"outputs":[],"properties":{"Node name for S&R":"easy showAnything"},"widgets_values":["448"]},{"id":93,"type":"easy showAnything","pos":{"0":4250,"1":40},"size":{"0":210,"1":80},"flags":{},"order":42,"mode":0,"inputs":[{"name":"anything","type":"*","link":134,"label":"输入任何"}],"outputs":[],"properties":{"Node name for S&R":"easy showAnything"},"widgets_values":["600"]},{"id":86,"type":"easy showAnything","pos":{"0":3240,"1":1260},"size":[210,200],"flags":{},"order":19,"mode":0,"inputs":[{"name":"anything","type":"*","link":124,"label":"输入任何"}],"outputs":[],"properties":{"Node name for S&R":"easy showAnything"},"widgets_values":["{\"source_fps\": 30.0, \"source_frame_count\": 61, \"source_duration\": 2.033333333333333, \"source_width\": 1824, \"source_height\": 1024, \"loaded_fps\": 30.0, \"loaded_frame_count\": 61, \"loaded_duration\": 2.033333333333333, \"loaded_width\": 400, \"loaded_height\": 600}"]},{"id":54,"type":"CLIPVisionLoader","pos":{"0":1160,"1":560},"size":{"0":315,"1":58},"flags":{},"order":4,"mode":0,"inputs":[],"outputs":[{"name":"CLIP_VISION","type":"CLIP_VISION","links":[71],"slot_index":0,"shape":3,"label":"CLIP视觉"}],"properties":{"Node name for S&R":"CLIPVisionLoader"},"widgets_values":["CLIP-ViT-H-14-laion2B-s32B-b79K.safetensors"]},{"id":24,"type":"VHS_LoadVideo","pos":{"0":2980,"1":1230},"size":[210,430],"flags":{},"order":5,"mode":0,"inputs":[{"name":"meta_batch","type":"VHS_BatchManager","link":null,"label":"批次管理"},{"name":"vae","type":"VAE","link":null}],"outputs":[{"name":"IMAGE","type":"IMAGE","links":[86],"slot_index":0,"shape":3,"label":"图像"},{"name":"frame_count","type":"INT","links":[],"slot_index":1,"shape":3,"label":"帧计数"},{"name":"audio","type":"AUDIO","links":null,"shape":3,"label":"音频"},{"name":"video_info","type":"VHS_VIDEOINFO","links":[124],"slot_index":3,"shape":3,"label":"视频信息"}],"properties":{"Node name for S&R":"VHS_LoadVideo"},"widgets_values":{"video":"AnimateDiff_00037.mp4","force_rate":0,"force_size":"Custom","custom_width":400,"custom_height":600,"frame_load_cap":0,"skip_first_frames":0,"select_every_nth":1,"choose video to upload":"image","videopreview":{"hidden":false,"paused":false,"params":{"frame_load_cap":0,"skip_first_frames":0,"force_rate":0,"filename":"AnimateDiff_00037.mp4","type":"input","format":"video/mp4","select_every_nth":1,"force_size":"400x600"},"muted":true}},"color":"#323","bgcolor":"#535"},{"id":28,"type":"VHS_LoadVideo","pos":{"0":3500,"1":1230},"size":[210,430],"flags":{},"order":6,"mode":0,"inputs":[{"name":"meta_batch","type":"VHS_BatchManager","link":null,"label":"批次管理"},{"name":"vae","type":"VAE","link":null}],"outputs":[{"name":"IMAGE","type":"IMAGE","links":[89],"slot_index":0,"shape":3,"label":"图像"},{"name":"frame_count","type":"INT","links":[],"slot_index":1,"shape":3,"label":"帧计数"},{"name":"audio","type":"AUDIO","links":null,"shape":3,"label":"音频"},{"name":"video_info","type":"VHS_VIDEOINFO","links":[123],"slot_index":3,"shape":3,"label":"视频信息"}],"properties":{"Node name for S&R":"VHS_LoadVideo"},"widgets_values":{"video":"AnimateDiff_00035.mp4","force_rate":0,"force_size":"Custom","custom_width":400,"custom_height":600,"frame_load_cap":0,"skip_first_frames":0,"select_every_nth":1,"choose video to upload":"image","videopreview":{"hidden":false,"paused":false,"params":{"frame_load_cap":0,"skip_first_frames":0,"force_rate":0,"filename":"AnimateDiff_00035.mp4","type":"input","format":"video/mp4","select_every_nth":1,"force_size":"400x600"},"muted":true}},"color":"#323","bgcolor":"#535"},{"id":6,"type":"EmptyLatentImage","pos":{"0":2880,"1":380},"size":{"0":315,"1":106},"flags":{"collapsed":true},"order":7,"mode":0,"inputs":[],"outputs":[{"name":"LATENT","type":"LATENT","links":[5],"slot_index":0,"shape":3,"label":"Latent"}],"properties":{"Node name for S&R":"EmptyLatentImage"},"widgets_values":[448,600,32]},{"id":74,"type":"Show any to JSON [Crystools]","pos":{"0":3510,"1":-700},"size":{"0":260,"1":140},"flags":{},"order":46,"mode":0,"inputs":[{"name":"any_value","type":"*","link":97,"label":"任意值"}],"outputs":[{"name":"string","type":"STRING","links":[102],"slot_index":0,"shape":3,"label":"字符串"}],"properties":{"Node name for S&R":"Show any to JSON [Crystools]"}},{"id":67,"type":"SaveVideoToOssAndDisplay","pos":{"0":3890,"1":-680},"size":{"0":320,"1":80},"flags":{},"order":47,"mode":0,"inputs":[{"name":"input_path","type":"STRING","link":102,"widget":{"name":"input_path"},"label":"input_path"}],"outputs":[{"name":"STRING","type":"STRING","links":null,"shape":3,"label":"STRING"}],"properties":{"Node name for S&R":"SaveVideoToOssAndDisplay"},"widgets_values":["","comfyui/0910_tt_video"]},{"id":80,"type":"LatentUpscaleBy","pos":{"0":3350,"1":400},"size":{"0":315,"1":82},"flags":{"collapsed":true},"order":36,"mode":4,"inputs":[{"name":"samples","type":"LATENT","link":118,"label":"Latent"}],"outputs":[{"name":"LATENT","type":"LATENT","links":[119],"slot_index":0,"shape":3,"label":"Latent"}],"properties":{"Node name for S&R":"LatentUpscaleBy"},"widgets_values":["nearest-exact",1.5]},{"id":53,"type":"IPAdapterAdvanced","pos":{"0":1580,"1":410},"size":{"0":315,"1":278},"flags":{},"order":29,"mode":0,"inputs":[{"name":"model","type":"MODEL","link":65,"label":"模型"},{"name":"ipadapter","type":"IPADAPTER","link":66,"label":"IPAdapter"},{"name":"image","type":"IMAGE","link":121,"label":"正面图像"},{"name":"image_negative","type":"IMAGE","link":null,"label":"负面图像"},{"name":"attn_mask","type":"MASK","link":null,"label":"关注层遮罩"},{"name":"clip_vision","type":"CLIP_VISION","link":71,"label":"CLIP视觉"}],"outputs":[{"name":"MODEL","type":"MODEL","links":[115],"slot_index":0,"shape":3,"label":"模型"}],"properties":{"Node name for S&R":"IPAdapterAdvanced"},"widgets_values":[1,"linear","norm average",0,1,"V only"]},{"id":97,"type":"List of strings [Crystools]","pos":{"0":970,"1":1350},"size":{"0":315,"1":270},"flags":{},"order":8,"mode":0,"inputs":[],"outputs":[{"name":"concatenated","type":"STRING","links":[],"shape":3,"label":"字符串合并"},{"name":"list_string","type":"ListString","links":null,"shape":6,"label":"字符串列表"}],"properties":{"Node name for S&R":"List of strings [Crystools]"},"widgets_values":["breathtakingly beautiful, Gorgeous silver earrings,silver white hair, braided bun, piercing blue eyes, seductive gaze, slender and tall figure,perfect makeup,","golden hair, blue eyes, healthy and sexy figure, ((beautiful)), (sweet),(sexy),","","","","","",""," "]},{"id":3,"type":"PromptSchedule","pos":{"0":2470,"1":1000},"size":{"0":330,"1":400},"flags":{},"order":31,"mode":0,"inputs":[{"name":"clip","type":"CLIP","link":129,"label":"CLIP"},{"name":"current_frame","type":"INT","link":12,"widget":{"name":"current_frame"},"label":"当前帧"},{"name":"pre_text","type":"STRING","link":11,"widget":{"name":"pre_text"},"label":"预置文本"},{"name":"app_text","type":"STRING","link":null,"widget":{"name":"app_text"},"label":"附加文本"},{"name":"pw_a","type":"FLOAT","link":null,"widget":{"name":"pw_a"},"label":"提示词权重A(pw_a)"},{"name":"pw_b","type":"FLOAT","link":null,"widget":{"name":"pw_b"},"label":"提示词权重B(pw_b)"},{"name":"pw_c","type":"FLOAT","link":null,"widget":{"name":"pw_c"},"label":"提示词权重C(pw_c)"},{"name":"pw_d","type":"FLOAT","link":null,"widget":{"name":"pw_d"},"label":"提示词权重D(pw_d)"}],"outputs":[{"name":"POS","type":"CONDITIONING","links":[79],"slot_index":0,"shape":3},{"name":"NEG","type":"CONDITIONING","links":null,"shape":3}],"properties":{"Node name for S&R":"PromptSchedule"},"widgets_values":["\"0\" :\"smile\",\n\"16\":\"Chest shaking\",\n\"32\":\"Chest shaking\",",32,0,false,"","",0,0,0,0,true,true,true]},{"id":41,"type":"IPAdapterModelLoader","pos":{"0":1160,"1":440},"size":{"0":315,"1":58},"flags":{},"order":9,"mode":0,"inputs":[],"outputs":[{"name":"IPADAPTER","type":"IPADAPTER","links":[66],"slot_index":0,"shape":3,"label":"IPAdapter"}],"properties":{"Node name for S&R":"IPAdapterModelLoader"},"widgets_values":["models/ip-adapter-full-face_sd15.safetensors"]},{"id":7,"type":"ADE_AnimateDiffLoaderGen1","pos":{"0":2490,"1":450},"size":{"0":327.5999755859375,"1":242},"flags":{},"order":32,"mode":0,"inputs":[{"name":"model","type":"MODEL","link":115,"label":"模型"},{"name":"context_options","type":"CONTEXT_OPTIONS","link":43,"label":"上下文设置"},{"name":"motion_lora","type":"MOTION_LORA","link":null,"label":"动态LoRA"},{"name":"ad_settings","type":"AD_SETTINGS","link":null,"label":"AD设置"},{"name":"ad_keyframes","type":"AD_KEYFRAMES","link":null,"label":"AD关键帧"},{"name":"sample_settings","type":"SAMPLE_SETTINGS","link":101,"label":"采样设置"},{"name":"scale_multival","type":"MULTIVAL","link":null,"label":"缩放多值"},{"name":"effect_multival","type":"MULTIVAL","link":null,"label":"效果多值"},{"name":"per_block","type":"PER_BLOCK","link":null}],"outputs":[{"name":"MODEL","type":"MODEL","links":[108,110],"slot_index":0,"shape":3,"label":"模型"}],"properties":{"Node name for S&R":"ADE_AnimateDiffLoaderGen1"},"widgets_values":["AnimateLCM_sd15_t2v.ckpt","sqrt_linear (AnimateDiff)"]},{"id":32,"type":"ADE_LoopedUniformContextOptions","pos":{"0":2020,"1":370},"size":{"0":466.1999816894531,"1":246},"flags":{},"order":10,"mode":0,"inputs":[{"name":"prev_context","type":"CONTEXT_OPTIONS","link":null,"label":"前上下文"},{"name":"view_opts","type":"VIEW_OPTS","link":null,"label":"视图设置"}],"outputs":[{"name":"CONTEXT_OPTS","type":"CONTEXT_OPTIONS","links":[43],"shape":3,"label":"上下文设置"}],"properties":{"Node name for S&R":"ADE_LoopedUniformContextOptions"},"widgets_values":[16,1,4,false,"pyramid",false,0,1]},{"id":76,"type":"ADE_AnimateDiffSamplingSettings","pos":{"0":2160,"1":700},"size":{"0":220,"1":254},"flags":{"collapsed":true},"order":11,"mode":0,"inputs":[{"name":"noise_layers","type":"NOISE_LAYERS","link":null,"label":"噪波层"},{"name":"iteration_opts","type":"ITERATION_OPTS","link":null,"label":"迭代设置"},{"name":"custom_cfg","type":"CUSTOM_CFG","link":null,"label":"自定CFG"},{"name":"sigma_schedule","type":"SIGMA_SCHEDULE","link":null,"label":"Sigma调度"},{"name":"image_inject","type":"IMAGE_INJECT","link":null},{"name":"seed_override","type":"INT","link":null,"widget":{"name":"seed_override"},"label":"覆盖随机种"}],"outputs":[{"name":"settings","type":"SAMPLE_SETTINGS","links":[101],"shape":3,"label":"采样设置"}],"properties":{"Node name for S&R":"ADE_AnimateDiffSamplingSettings"},"widgets_values":[0,"FreeNoise","auto1111 [gpu]",0,0,false,""]},{"id":56,"type":"VHS_VideoCombine","pos":{"0":2730,"1":-700},"size":[580,760],"flags":{},"order":45,"mode":0,"inputs":[{"name":"images","type":"IMAGE","link":143,"label":"图像"},{"name":"audio","type":"AUDIO","link":null,"label":"音频"},{"name":"meta_batch","type":"VHS_BatchManager","link":null,"label":"批次管理"},{"name":"vae","type":"VAE","link":null}],"outputs":[{"name":"Filenames","type":"VHS_FILENAMES","links":[97],"slot_index":0,"shape":3,"label":"文件名"}],"properties":{"Node name for S&R":"VHS_VideoCombine"},"widgets_values":{"frame_rate":32,"loop_count":0,"filename_prefix":"AnimateDiff","format":"video/h265-mp4","pix_fmt":"yuv420p10le","crf":0,"save_metadata":true,"pingpong":false,"save_output":true,"videopreview":{"hidden":false,"paused":false,"params":{"filename":"AnimateDiff_00260.mp4","subfolder":"","type":"output","format":"video/h265-mp4","frame_rate":32},"muted":true}}},{"id":37,"type":"PrimitiveNode","pos":{"0":1040,"1":900},"size":{"0":210,"1":60},"flags":{},"order":12,"mode":0,"inputs":[],"outputs":[{"name":"STRING","type":"STRING","links":[50],"widget":{"name":"text_a"}}],"properties":{"Run widget replace on values":false},"widgets_values":["dress back"]},{"id":12,"type":"easy prompt","pos":{"0":2050,"1":950},"size":{"0":400,"1":200},"flags":{"collapsed":true},"order":28,"mode":0,"inputs":[{"name":"prompt","type":"STRING","link":147,"widget":{"name":"prompt"},"label":"prompt"}],"outputs":[{"name":"prompt","type":"STRING","links":[11],"shape":3,"label":"prompt"}],"properties":{"Node name for S&R":"easy prompt"},"widgets_values":["score_9, score_8_up, score_7_up, score_6_up, 1woman, mature woman, (score_9, score_8_up:1.1), score_7_up, Very long black hair, brown gradient hair, high hair bun, brown eyes, pale skin, big breasts, dancing","none","none",true]},{"id":83,"type":"LoadImage","pos":{"0":2110,"1":-740},"size":[560,800],"flags":{},"order":13,"mode":0,"inputs":[],"outputs":[{"name":"IMAGE","type":"IMAGE","links":[121],"slot_index":0,"shape":3,"label":"图像"},{"name":"MASK","type":"MASK","links":null,"shape":3,"label":"遮罩"}],"properties":{"Node name for S&R":"LoadImage"},"widgets_values":["1-1 (6).png","image"]},{"id":82,"type":"easy showAnything","pos":{"0":1780,"1":790},"size":[250,220],"flags":{"collapsed":false},"order":27,"mode":0,"inputs":[{"name":"anything","type":"*","link":120,"label":"输入任何"}],"outputs":[],"properties":{"Node name for S&R":"easy showAnything"},"widgets_values":["score_9, score_8_up, score_7_up, score_6_up,1female\\(golden hair, blue eyes,((beautiful)), (sweet),(sexy),(white skin),((fair skin)),Bright interior,(blue bra),,,BREAK,Cleavage in sexy  lingerie,bright day,sexy,Bright\\),safe,best quality, very aesthetic, absurdres,high resolution,HD,Depth of field, storytelling composition, realistic light and shadow,4k"]},{"id":36,"type":"Text List","pos":{"0":1270,"1":890},"size":{"0":315,"1":202},"flags":{},"order":21,"mode":0,"inputs":[{"name":"text_a","type":"STRING","link":50,"widget":{"name":"text_a"},"label":"文本_A"},{"name":"text_b","type":"STRING","link":51,"widget":{"name":"text_b"},"label":"文本_B"},{"name":"text_c","type":"STRING","link":52,"widget":{"name":"text_c"},"label":"文本_C"},{"name":"text_d","type":"STRING","link":null,"widget":{"name":"text_d"},"label":"文本_D"},{"name":"text_e","type":"STRING","link":null,"widget":{"name":"text_e"},"label":"文本_E"},{"name":"text_f","type":"STRING","link":null,"widget":{"name":"text_f"},"label":"文本_F"},{"name":"text_g","type":"STRING","link":null,"widget":{"name":"text_g"},"label":"文本_g"}],"outputs":[{"name":"LIST","type":"LIST","links":[49],"shape":3,"label":"列表"}],"properties":{"Node name for S&R":"Text List"},"widgets_values":["dress back","bra_indoor","bra_indoor","","","",""]},{"id":99,"type":"easy prompt","pos":{"0":1290,"1":1430},"size":{"0":400,"1":200},"flags":{},"order":14,"mode":0,"inputs":[],"outputs":[{"name":"prompt","type":"STRING","links":[],"shape":3,"label":"prompt","slot_index":0}],"properties":{"Node name for S&R":"easy prompt"},"widgets_values":["breathtakingly beautiful, Gorgeous silver earrings,silver white hair, braided bun, piercing blue eyes, seductive gaze, slender and tall figure,perfect makeup,","none","none",true]},{"id":85,"type":"easy showAnything","pos":{"0":3790,"1":1350},"size":[280,130],"flags":{},"order":20,"mode":0,"inputs":[{"name":"anything","type":"*","link":123,"label":"输入任何"}],"outputs":[],"properties":{"Node name for S&R":"easy showAnything"},"widgets_values":["{\"source_fps\": 30.0, \"source_frame_count\": 61, \"source_duration\": 2.033333333333333, \"source_width\": 1824, \"source_height\": 1024, \"loaded_fps\": 30.0, \"loaded_frame_count\": 61, \"loaded_duration\": 2.033333333333333, \"loaded_width\": 400, \"loaded_height\": 600}"]},{"id":98,"type":"easy prompt","pos":{"0":1280,"1":1200},"size":{"0":400,"1":200},"flags":{},"order":15,"mode":0,"inputs":[],"outputs":[{"name":"prompt","type":"STRING","links":[145],"shape":3,"label":"prompt","slot_index":0}],"properties":{"Node name for S&R":"easy prompt"},"widgets_values":["golden hair, blue eyes,((beautiful)), (sweet),(sexy),(white skin),((fair skin)),Bright interior,(blue bra)","none","none",true]},{"id":39,"type":"PrimitiveNode","pos":{"0":1040,"1":1100},"size":[210,220],"flags":{},"order":16,"mode":0,"inputs":[],"outputs":[{"name":"STRING","type":"STRING","links":[52],"widget":{"name":"text_c"}}],"properties":{"Run widget replace on values":false},"widgets_values":["bra_indoor"]},{"id":38,"type":"PrimitiveNode","pos":{"0":1040,"1":1000},"size":{"0":210,"1":60},"flags":{},"order":17,"mode":0,"inputs":[],"outputs":[{"name":"STRING","type":"STRING","links":[51],"widget":{"name":"text_b"}}],"properties":{"Run widget replace on values":false},"widgets_values":["bra_indoor"]},{"id":35,"type":"TTKeywordMap","pos":{"0":1610,"1":1040},"size":[320,130],"flags":{},"order":24,"mode":0,"inputs":[{"name":"replace_text","type":"LIST","link":49,"label":"replace_text"},{"name":"apparace","type":"STRING","link":145,"widget":{"name":"apparace"}}],"outputs":[{"name":"关键词映射","type":"STRING","links":[120,147],"slot_index":0,"shape":3,"label":"关键词映射"}],"properties":{"Node name for S&R":"TTKeywordMap"},"widgets_values":[0,0,1,"Fried Dough Twists braids, green eyes, blond hair,sexy body,"]},{"id":78,"type":"KSampler","pos":{"0":3510,"1":450},"size":{"0":315,"1":262},"flags":{},"order":37,"mode":4,"inputs":[{"name":"model","type":"MODEL","link":110,"label":"模型"},{"name":"positive","type":"CONDITIONING","link":113,"label":"正面条件"},{"name":"negative","type":"CONDITIONING","link":114,"label":"负面条件"},{"name":"latent_image","type":"LATENT","link":119,"label":"Latent"}],"outputs":[{"name":"LATENT","type":"LATENT","links":[116],"slot_index":0,"shape":3,"label":"Latent"}],"properties":{"Node name for S&R":"KSampler"},"widgets_values":[692078536120300,"randomize",11,1,"lcm","sgm_uniform",0.7000000000000001]},{"id":95,"type":"ImageCrop","pos":{"0":4540,"1":430},"size":{"0":315,"1":130},"flags":{"collapsed":false},"order":43,"mode":0,"inputs":[{"name":"image","type":"IMAGE","link":141,"label":"图像"}],"outputs":[{"name":"IMAGE","type":"IMAGE","links":[142],"shape":3,"label":"图像","slot_index":0}],"properties":{"Node name for S&R":"ImageCrop"},"widgets_values":[650,500,0,250]},{"id":64,"type":"ControlNetApplyAdvanced","pos":{"0":3000,"1":1000},"size":{"0":340.20001220703125,"1":166},"flags":{},"order":33,"mode":0,"inputs":[{"name":"positive","type":"CONDITIONING","link":79,"label":"正面条件"},{"name":"negative","type":"CONDITIONING","link":81,"label":"负面条件"},{"name":"control_net","type":"CONTROL_NET","link":85,"label":"ControlNet"},{"name":"image","type":"IMAGE","link":86,"label":"图像"}],"outputs":[{"name":"positive","type":"CONDITIONING","links":[82],"slot_index":0,"shape":3,"label":"正面条件"},{"name":"negative","type":"CONDITIONING","links":[83],"slot_index":1,"shape":3,"label":"负面条件"}],"properties":{"Node name for S&R":"ControlNetApplyAdvanced"},"widgets_values":[1,0,1]}],"links":[[5,6,0,5,3,"LATENT"],[11,12,0,3,2,"STRING"],[12,13,0,3,1,"INT"],[43,32,0,7,1,"CONTEXT_OPTIONS"],[48,1,2,8,1,"VAE"],[49,36,0,35,0,"LIST"],[50,37,0,36,0,"STRING"],[51,38,0,36,1,"STRING"],[52,39,0,36,2,"STRING"],[65,49,0,53,0,"MODEL"],[66,41,0,53,1,"IPADAPTER"],[71,54,0,53,5,"CLIP_VISION"],[79,3,0,64,0,"CONDITIONING"],[80,4,0,65,0,"*"],[81,65,0,64,1,"CONDITIONING"],[82,64,0,66,0,"CONDITIONING"],[83,64,1,66,1,"CONDITIONING"],[85,25,0,64,2,"CONTROL_NET"],[86,24,0,64,3,"IMAGE"],[88,27,0,66,2,"CONTROL_NET"],[89,28,0,66,3,"IMAGE"],[97,56,0,74,0,"*"],[101,76,0,7,5,"SAMPLE_SETTINGS"],[102,74,0,67,0,"STRING"],[105,77,0,49,0,"*"],[108,7,0,5,0,"MODEL"],[110,7,0,78,0,"MODEL"],[111,66,0,5,1,"CONDITIONING"],[112,66,1,5,2,"CONDITIONING"],[113,66,0,78,1,"CONDITIONING"],[114,66,1,78,2,"CONDITIONING"],[115,53,0,7,0,"MODEL"],[116,78,0,8,0,"LATENT"],[118,5,0,80,0,"LATENT"],[119,80,0,78,3,"LATENT"],[120,35,0,82,0,"*"],[121,83,0,53,2,"IMAGE"],[123,28,3,85,0,"*"],[124,24,3,86,0,"*"],[125,1,0,88,0,"MODEL"],[126,88,0,77,0,"MODEL"],[127,1,1,88,1,"CLIP"],[128,88,1,89,0,"*"],[129,89,0,3,0,"CLIP"],[130,89,0,4,0,"CLIP"],[132,8,0,91,0,"IMAGE"],[133,91,0,92,0,"*"],[134,91,1,93,0,"*"],[140,8,0,18,0,"IMAGE"],[141,18,0,95,0,"IMAGE"],[142,95,0,96,0,"*"],[143,96,0,56,0,"IMAGE"],[145,98,0,35,1,"STRING"],[147,35,0,12,0,"STRING"]],"groups":[{"title":"ipadapter","bounding":[1020,320,950,440],"color":"#3f789e","font_size":24,"flags":{}},{"title":"prompt","bounding":[1010,790,1810,930],"color":"#b58b2a","font_size":24,"flags":{}},{"title":"animatediff","bounding":[1980,320,850,440],"color":"#3f789e","font_size":24,"flags":{}},{"title":"controlnet","bounding":[2860,790,1150,910],"color":"#a1309b","font_size":24,"flags":{}},{"title":"video","bounding":[4020,320,828,454],"color":"#3f789e","font_size":24,"flags":{}},{"title":"sample","bounding":[2850,310,1150,460],"color":"#A88","font_size":24,"flags":{}},{"title":"models","bounding":[20,630,820,530],"color":"#3f789e","font_size":24,"flags":{}},{"title":"可删除","bounding":[3990,-190,480,324],"color":"#a1309b","font_size":24,"flags":{}}],"config":{},"extra":{"ds":{"scale":0.42409761837248483,"offset":[-1209.6111929904287,298.4973092685068]},"workspace_info":{"id":"XDmSvs0uLL2I7j3lwmTAB","saveLock":false,"cloudID":null,"coverMediaPath":null}},"version":0.4}