{"last_node_id":97,"last_link_id":151,"nodes":[{"id":13,"type":"PrimitiveNode","pos":{"0":2270,"1":800},"size":{"0":210,"1":80},"flags":{"collapsed":true},"order":0,"mode":0,"inputs":[],"outputs":[{"name":"connect to widget input","type":"*","links":[]}],"properties":{"Run widget replace on values":false},"widgets_values":[]},{"id":59,"type":"ImageScale","pos":{"0":4140,"1":560},"size":{"0":315,"1":130},"flags":{},"order":38,"mode":0,"inputs":[{"name":"image","type":"IMAGE","link":74,"label":"图像"}],"outputs":[{"name":"IMAGE","type":"IMAGE","links":[75],"slot_index":0,"shape":3,"label":"图像"}],"properties":{"Node name for S&R":"ImageScale"},"widgets_values":["nearest-exact",600,800,"disabled"]},{"id":57,"type":"easy showAnything","pos":{"0":4890,"1":190},"size":{"0":240,"1":160},"flags":{},"order":40,"mode":0,"inputs":[{"name":"anything","type":"*","link":73,"label":"输入任何"}],"outputs":[],"properties":{"Node name for S&R":"easy showAnything"},"widgets_values":["[true, [\"/home/star/ssd/ssd_1/ComfyUI/output/AnimateDiff_00160.png\", \"/home/star/ssd/ssd_1/ComfyUI/output/AnimateDiff_00160.mp4\"]]"]},{"id":49,"type":"Reroute","pos":{"0":1080,"1":350},"size":[75,26],"flags":{},"order":24,"mode":4,"inputs":[{"name":"","type":"*","link":105}],"outputs":[{"name":"","type":"MODEL","links":[65],"slot_index":0}],"properties":{"showOutputText":false,"horizontal":false}},{"id":8,"type":"VAEDecode","pos":{"0":3780,"1":330},"size":{"0":210,"1":46},"flags":{"collapsed":false},"order":36,"mode":0,"inputs":[{"name":"samples","type":"LATENT","link":116,"label":"Latent"},{"name":"vae","type":"VAE","link":48,"label":"VAE"}],"outputs":[{"name":"IMAGE","type":"IMAGE","links":[23],"slot_index":0,"shape":3,"label":"图像"}],"properties":{"Node name for S&R":"VAEDecode"}},{"id":80,"type":"LatentUpscaleBy","pos":{"0":3400,"1":550},"size":{"0":315,"1":82},"flags":{"collapsed":true},"order":34,"mode":0,"inputs":[{"name":"samples","type":"LATENT","link":118,"label":"Latent"}],"outputs":[{"name":"LATENT","type":"LATENT","links":[119],"slot_index":0,"shape":3,"label":"Latent"}],"properties":{"Node name for S&R":"LatentUpscaleBy"},"widgets_values":["nearest-exact",1.5]},{"id":67,"type":"SaveVideoToOssAndDisplay","pos":{"0":5280,"1":390},"size":{"0":320,"1":80},"flags":{},"order":42,"mode":0,"inputs":[{"name":"input_path","type":"STRING","link":102,"widget":{"name":"input_path"},"label":"input_path"}],"outputs":[{"name":"STRING","type":"STRING","links":null,"shape":3,"label":"STRING"}],"properties":{"Node name for S&R":"SaveVideoToOssAndDisplay"},"widgets_values":["","comfyui/0906_tt_video"]},{"id":24,"type":"VHS_LoadVideo","pos":{"0":2950,"1":1160},"size":[210,430],"flags":{},"order":1,"mode":4,"inputs":[{"name":"meta_batch","type":"VHS_BatchManager","link":null,"label":"批次管理"},{"name":"vae","type":"VAE","link":null}],"outputs":[{"name":"IMAGE","type":"IMAGE","links":[86],"slot_index":0,"shape":3,"label":"图像"},{"name":"frame_count","type":"INT","links":[],"slot_index":1,"shape":3,"label":"帧计数"},{"name":"audio","type":"AUDIO","links":null,"shape":3,"label":"音频"},{"name":"video_info","type":"VHS_VIDEOINFO","links":[124],"slot_index":3,"shape":3,"label":"视频信息"}],"properties":{"Node name for S&R":"VHS_LoadVideo"},"widgets_values":{"video":"AnimateDiff_00037.mp4","force_rate":0,"force_size":"Custom","custom_width":448,"custom_height":600,"frame_load_cap":0,"skip_first_frames":0,"select_every_nth":1,"choose video to upload":"image","videopreview":{"hidden":false,"paused":false,"params":{"frame_load_cap":0,"skip_first_frames":0,"force_rate":0,"filename":"AnimateDiff_00037.mp4","type":"input","format":"video/mp4","select_every_nth":1,"force_size":"448x600"},"muted":true}},"color":"#323","bgcolor":"#535"},{"id":28,"type":"VHS_LoadVideo","pos":{"0":3470,"1":1160},"size":[210,430],"flags":{},"order":2,"mode":4,"inputs":[{"name":"meta_batch","type":"VHS_BatchManager","link":null,"label":"批次管理"},{"name":"vae","type":"VAE","link":null}],"outputs":[{"name":"IMAGE","type":"IMAGE","links":[89],"slot_index":0,"shape":3,"label":"图像"},{"name":"frame_count","type":"INT","links":[],"slot_index":1,"shape":3,"label":"帧计数"},{"name":"audio","type":"AUDIO","links":null,"shape":3,"label":"音频"},{"name":"video_info","type":"VHS_VIDEOINFO","links":[123],"slot_index":3,"shape":3,"label":"视频信息"}],"properties":{"Node name for S&R":"VHS_LoadVideo"},"widgets_values":{"video":"AnimateDiff_00035.mp4","force_rate":0,"force_size":"Custom","custom_width":448,"custom_height":600,"frame_load_cap":0,"skip_first_frames":0,"select_every_nth":1,"choose video to upload":"image","videopreview":{"hidden":false,"paused":false,"params":{"frame_load_cap":0,"skip_first_frames":0,"force_rate":0,"filename":"AnimateDiff_00035.mp4","type":"input","format":"video/mp4","select_every_nth":1,"force_size":"448x600"},"muted":true}},"color":"#323","bgcolor":"#535"},{"id":85,"type":"easy showAnything","pos":{"0":3780,"1":1320},"size":{"0":210,"1":80},"flags":{},"order":17,"mode":4,"inputs":[{"name":"anything","type":"*","link":123,"label":"输入任何"}],"outputs":[],"properties":{"Node name for S&R":"easy showAnything"},"widgets_values":["{\"source_fps\": 30.0, \"source_frame_count\": 61, \"source_duration\": 2.033333333333333, \"source_width\": 1824, \"source_height\": 1024, \"loaded_fps\": 30.0, \"loaded_frame_count\": 61, \"loaded_duration\": 2.033333333333333, \"loaded_width\": 448, \"loaded_height\": 600}"]},{"id":86,"type":"easy showAnything","pos":{"0":3210,"1":1300},"size":{"0":210,"1":80},"flags":{},"order":16,"mode":4,"inputs":[{"name":"anything","type":"*","link":124,"label":"输入任何"}],"outputs":[],"properties":{"Node name for S&R":"easy showAnything"},"widgets_values":["{\"source_fps\": 30.0, \"source_frame_count\": 61, \"source_duration\": 2.033333333333333, \"source_width\": 1824, \"source_height\": 1024, \"loaded_fps\": 30.0, \"loaded_frame_count\": 61, \"loaded_duration\": 2.033333333333333, \"loaded_width\": 448, \"loaded_height\": 600}"]},{"id":66,"type":"ControlNetApplyAdvanced","pos":{"0":3460,"1":930},"size":{"0":340.20001220703125,"1":166},"flags":{},"order":32,"mode":4,"inputs":[{"name":"positive","type":"CONDITIONING","link":82,"label":"正面条件"},{"name":"negative","type":"CONDITIONING","link":83,"label":"负面条件"},{"name":"control_net","type":"CONTROL_NET","link":88,"label":"ControlNet"},{"name":"image","type":"IMAGE","link":89,"label":"图像"}],"outputs":[{"name":"positive","type":"CONDITIONING","links":[111,113],"slot_index":0,"shape":3,"label":"正面条件"},{"name":"negative","type":"CONDITIONING","links":[112,114],"slot_index":1,"shape":3,"label":"负面条件"}],"properties":{"Node name for S&R":"ControlNetApplyAdvanced"},"widgets_values":[1,0,1]},{"id":27,"type":"ControlNetLoader","pos":{"0":3480,"1":830},"size":{"0":315,"1":58},"flags":{},"order":3,"mode":4,"inputs":[],"outputs":[{"name":"CONTROL_NET","type":"CONTROL_NET","links":[88],"slot_index":0,"shape":3,"label":"ControlNet"}],"properties":{"Node name for S&R":"ControlNetLoader"},"widgets_values":["thibaud_xl_openpose_256lora.safetensors"],"color":"#323","bgcolor":"#535"},{"id":83,"type":"LoadImage","pos":{"0":4110,"1":760},"size":{"0":350,"1":360},"flags":{},"order":4,"mode":0,"inputs":[],"outputs":[{"name":"IMAGE","type":"IMAGE","links":[121],"slot_index":0,"shape":3,"label":"图像"},{"name":"MASK","type":"MASK","links":null,"shape":3,"label":"遮罩"}],"properties":{"Node name for S&R":"LoadImage"},"widgets_values":["20240903-72951c72-6a04-11ef-8339-3cecefaab72b.png","image"]},{"id":18,"type":"FILM VFI","pos":{"0":4040,"1":370},"size":{"0":443.4000244140625,"1":126},"flags":{},"order":37,"mode":0,"inputs":[{"name":"frames","type":"IMAGE","link":23,"label":"图像"},{"name":"optional_interpolation_states","type":"INTERPOLATION_STATES","link":null,"label":"插值规则(可选)"}],"outputs":[{"name":"IMAGE","type":"IMAGE","links":[74],"slot_index":0,"shape":3,"label":"图像"}],"properties":{"Node name for S&R":"FILM VFI"},"widgets_values":["film_net_fp32.pt",10,4]},{"id":74,"type":"Show any to JSON [Crystools]","pos":{"0":4900,"1":420},"size":{"0":260,"1":140},"flags":{},"order":41,"mode":0,"inputs":[{"name":"any_value","type":"*","link":97,"label":"任意值"}],"outputs":[{"name":"string","type":"STRING","links":[102],"slot_index":0,"shape":3,"label":"字符串"}],"properties":{"Node name for S&R":"Show any to JSON [Crystools]"}},{"id":41,"type":"IPAdapterModelLoader","pos":{"0":1130,"1":440},"size":{"0":315,"1":58},"flags":{},"order":5,"mode":4,"inputs":[],"outputs":[{"name":"IPADAPTER","type":"IPADAPTER","links":[66],"slot_index":0,"shape":3,"label":"IPAdapter"}],"properties":{"Node name for S&R":"IPAdapterModelLoader"},"widgets_values":["models/ip-adapter-plus-face_sd15.safetensors"]},{"id":54,"type":"CLIPVisionLoader","pos":{"0":1150,"1":550},"size":{"0":315,"1":58},"flags":{},"order":6,"mode":4,"inputs":[],"outputs":[{"name":"CLIP_VISION","type":"CLIP_VISION","links":[71],"slot_index":0,"shape":3,"label":"CLIP视觉"}],"properties":{"Node name for S&R":"CLIPVisionLoader"},"widgets_values":["CLIP-ViT-H-14-laion2B-s32B-b79K.safetensors"]},{"id":77,"type":"PerturbedAttentionGuidance","pos":{"0":530,"1":730},"size":{"0":327.5999755859375,"1":58},"flags":{},"order":21,"mode":0,"inputs":[{"name":"model","type":"MODEL","link":137,"label":"模型"}],"outputs":[{"name":"MODEL","type":"MODEL","links":[105],"slot_index":0,"shape":3,"label":"模型"}],"properties":{"Node name for S&R":"PerturbedAttentionGuidance"},"widgets_values":[2.5]},{"id":89,"type":"Reroute","pos":{"0":940,"1":770},"size":[75,26],"flags":{},"order":22,"mode":0,"inputs":[{"name":"","type":"*","link":139}],"outputs":[{"name":"","type":"CLIP","links":[128],"slot_index":0}],"properties":{"showOutputText":false,"horizontal":false}},{"id":1,"type":"CheckpointLoaderSimple","pos":{"0":460,"1":1090},"size":{"0":315,"1":98},"flags":{},"order":7,"mode":0,"inputs":[],"outputs":[{"name":"MODEL","type":"MODEL","links":[136],"slot_index":0,"shape":3,"label":"模型"},{"name":"CLIP","type":"CLIP","links":[138],"slot_index":1,"shape":3,"label":"CLIP"},{"name":"VAE","type":"VAE","links":[48],"slot_index":2,"shape":3,"label":"VAE"}],"properties":{"Node name for S&R":"CheckpointLoaderSimple"},"widgets_values":["sd1.5/dreamshaper_8.safetensors"]},{"id":92,"type":"LoraLoader","pos":{"0":550,"1":860},"size":{"0":315,"1":126},"flags":{},"order":18,"mode":0,"inputs":[{"name":"model","type":"MODEL","link":136,"label":"模型"},{"name":"clip","type":"CLIP","link":138,"label":"CLIP"}],"outputs":[{"name":"MODEL","type":"MODEL","links":[137],"shape":3,"label":"模型","slot_index":0},{"name":"CLIP","type":"CLIP","links":[139],"shape":3,"label":"CLIP","slot_index":1}],"properties":{"Node name for S&R":"LoraLoader"},"widgets_values":["animate/AnimateLCM_sd15_t2v_lora.safetensors",1,1]},{"id":53,"type":"IPAdapterAdvanced","pos":{"0":1600,"1":420},"size":{"0":315,"1":278},"flags":{},"order":27,"mode":4,"inputs":[{"name":"model","type":"MODEL","link":65,"label":"模型"},{"name":"ipadapter","type":"IPADAPTER","link":66,"label":"IPAdapter"},{"name":"image","type":"IMAGE","link":121,"label":"正面图像"},{"name":"image_negative","type":"IMAGE","link":null,"label":"负面图像"},{"name":"attn_mask","type":"MASK","link":null,"label":"关注层遮罩"},{"name":"clip_vision","type":"CLIP_VISION","link":71,"label":"CLIP视觉"}],"outputs":[{"name":"MODEL","type":"MODEL","links":[141],"slot_index":0,"shape":3,"label":"模型"}],"properties":{"Node name for S&R":"IPAdapterAdvanced"},"widgets_values":[0.5,"weak input","norm average",0.2,0.8,"V only"]},{"id":25,"type":"ControlNetLoader","pos":{"0":2980,"1":820},"size":{"0":315,"1":58},"flags":{},"order":8,"mode":4,"inputs":[],"outputs":[{"name":"CONTROL_NET","type":"CONTROL_NET","links":[85],"slot_index":0,"shape":3,"label":"ControlNet"}],"properties":{"Node name for S&R":"ControlNetLoader"},"widgets_values":["sai_xl_depth_256lora.safetensors"],"color":"#323","bgcolor":"#535"},{"id":64,"type":"ControlNetApplyAdvanced","pos":{"0":2970,"1":930},"size":{"0":340.20001220703125,"1":166},"flags":{},"order":31,"mode":4,"inputs":[{"name":"positive","type":"CONDITIONING","link":149,"label":"正面条件"},{"name":"negative","type":"CONDITIONING","link":129,"label":"负面条件"},{"name":"control_net","type":"CONTROL_NET","link":85,"label":"ControlNet"},{"name":"image","type":"IMAGE","link":86,"label":"图像"}],"outputs":[{"name":"positive","type":"CONDITIONING","links":[82],"slot_index":0,"shape":3,"label":"正面条件"},{"name":"negative","type":"CONDITIONING","links":[83],"slot_index":1,"shape":3,"label":"负面条件"}],"properties":{"Node name for S&R":"ControlNetApplyAdvanced"},"widgets_values":[0.8,0,0.8]},{"id":90,"type":"Reroute","pos":{"0":1740,"1":760},"size":[75,26],"flags":{},"order":25,"mode":4,"inputs":[{"name":"","type":"*","link":128}],"outputs":[{"name":"","type":"CLIP","links":[132,150],"slot_index":0}],"properties":{"showOutputText":false,"horizontal":false}},{"id":36,"type":"Text List","pos":{"0":1380,"1":850},"size":{"0":315,"1":202},"flags":{},"order":19,"mode":0,"inputs":[{"name":"text_a","type":"STRING","link":50,"widget":{"name":"text_a"},"label":"文本_A"},{"name":"text_b","type":"STRING","link":51,"widget":{"name":"text_b"},"label":"文本_B"},{"name":"text_c","type":"STRING","link":52,"widget":{"name":"text_c"},"label":"文本_C"},{"name":"text_d","type":"STRING","link":null,"widget":{"name":"text_d"},"label":"文本_D"},{"name":"text_e","type":"STRING","link":null,"widget":{"name":"text_e"},"label":"文本_E"},{"name":"text_f","type":"STRING","link":null,"widget":{"name":"text_f"},"label":"文本_F"},{"name":"text_g","type":"STRING","link":null,"widget":{"name":"text_g"},"label":"文本_g"}],"outputs":[{"name":"LIST","type":"LIST","links":[49],"shape":3,"label":"列表"}],"properties":{"Node name for S&R":"Text List"},"widgets_values":["ceo","bikini_bright_background","ceo","","","",""]},{"id":37,"type":"PrimitiveNode","pos":{"0":1080,"1":820},"size":{"0":210,"1":60},"flags":{},"order":9,"mode":0,"inputs":[],"outputs":[{"name":"STRING","type":"STRING","links":[50],"widget":{"name":"text_a"}}],"properties":{"Run widget replace on values":false},"widgets_values":["ceo"]},{"id":38,"type":"PrimitiveNode","pos":{"0":1060,"1":950},"size":{"0":210,"1":60},"flags":{},"order":10,"mode":0,"inputs":[],"outputs":[{"name":"STRING","type":"STRING","links":[51],"widget":{"name":"text_b"}}],"properties":{"Run widget replace on values":false},"widgets_values":["bikini_bright_background"]},{"id":39,"type":"PrimitiveNode","pos":{"0":1080,"1":1080},"size":{"0":210,"1":60},"flags":{},"order":11,"mode":0,"inputs":[],"outputs":[{"name":"STRING","type":"STRING","links":[52],"widget":{"name":"text_c"}}],"properties":{"Run widget replace on values":false},"widgets_values":["ceo"]},{"id":82,"type":"easy showAnything","pos":{"0":1770,"1":1160},"size":{"0":210,"1":180},"flags":{},"order":26,"mode":0,"inputs":[{"name":"anything","type":"*","link":120,"label":"输入任何"}],"outputs":[],"properties":{"Node name for S&R":"easy showAnything"},"widgets_values":["score_9, score_8_up, score_7_up, score_6_up,1female\\(Fried Dough Twists braids, green eyes, blond hair,sexy body,,,,BREAK,Cleavage in sexy bikini outfit,Sea blue bikini,Seaside, beach,sexy posture,Sunshine, beach, bright atmosphere\\),safe,best quality, very aesthetic, absurdres,high resolution,HD,Depth of field, storytelling composition, realistic light and shadow,4k"]},{"id":4,"type":"CLIPTextEncode","pos":{"0":2180,"1":1260},"size":{"0":400,"1":200},"flags":{},"order":28,"mode":0,"inputs":[{"name":"clip","type":"CLIP","link":132,"label":"CLIP"}],"outputs":[{"name":"CONDITIONING","type":"CONDITIONING","links":[129],"slot_index":0,"shape":3,"label":"条件"}],"properties":{"Node name for S&R":"CLIPTextEncode"},"widgets_values":["score_6, score_5, score_4, source_pony, (worst quality:1.2), (low quality:1.2), (normal quality:1.2), lowres, bad anatomy, bad hands, signature, watermarks, ugly, imperfect eyes, skewed eyes, unnatural face, unnatural body, error, extra limb, missing limbs, painting by bad-artist, 3d art, nipple ring, looking at the viewer, extra hands, extra fingers, red beauty spots",true]},{"id":96,"type":"CLIPTextEncode","pos":{"0":2210,"1":970},"size":[400,200],"flags":{},"order":29,"mode":0,"inputs":[{"name":"clip","type":"CLIP","link":150,"label":"CLIP"},{"name":"text","type":"STRING","link":148,"widget":{"name":"text"},"label":"文本"}],"outputs":[{"name":"CONDITIONING","type":"CONDITIONING","links":[149],"slot_index":0,"shape":3,"label":"条件"}],"properties":{"Node name for S&R":"CLIPTextEncode"},"widgets_values":["score_6, score_5, score_4, source_pony, (worst quality:1.2), (low quality:1.2), (normal quality:1.2), lowres, bad anatomy, bad hands, signature, watermarks, ugly, imperfect eyes, skewed eyes, unnatural face, unnatural body, error, extra limb, missing limbs, painting by bad-artist, 3d art, nipple ring, looking at the viewer, extra hands, extra fingers, red beauty spots",true]},{"id":35,"type":"TTKeywordMap","pos":{"0":1750,"1":920},"size":{"0":315,"1":130},"flags":{},"order":23,"mode":0,"inputs":[{"name":"replace_text","type":"LIST","link":49,"label":"replace_text"}],"outputs":[{"name":"关键词映射","type":"STRING","links":[120,148],"slot_index":0,"shape":3,"label":"关键词映射"}],"properties":{"Node name for S&R":"TTKeywordMap"},"widgets_values":[0,0,1,"Fried Dough Twists braids, green eyes, blond hair,sexy body,"]},{"id":76,"type":"ADE_AnimateDiffSamplingSettings","pos":{"0":2250,"1":720},"size":{"0":220,"1":254},"flags":{"collapsed":true},"order":12,"mode":4,"inputs":[{"name":"noise_layers","type":"NOISE_LAYERS","link":null,"label":"噪波层"},{"name":"iteration_opts","type":"ITERATION_OPTS","link":null,"label":"迭代设置"},{"name":"custom_cfg","type":"CUSTOM_CFG","link":null,"label":"自定CFG"},{"name":"sigma_schedule","type":"SIGMA_SCHEDULE","link":null,"label":"Sigma调度"},{"name":"image_inject","type":"IMAGE_INJECT","link":null},{"name":"seed_override","type":"INT","link":null,"widget":{"name":"seed_override"},"label":"覆盖随机种"}],"outputs":[{"name":"settings","type":"SAMPLE_SETTINGS","links":[],"shape":3,"label":"采样设置"}],"properties":{"Node name for S&R":"ADE_AnimateDiffSamplingSettings"},"widgets_values":[0,"FreeNoise","auto1111 [gpu]",0,0,false,""]},{"id":93,"type":"ADE_UseEvolvedSampling","pos":{"0":2490,"1":410},"size":{"0":352.79998779296875,"1":118},"flags":{},"order":30,"mode":0,"inputs":[{"name":"model","type":"MODEL","link":141,"label":"模型"},{"name":"m_models","type":"M_MODELS","link":144,"label":"动态模型组"},{"name":"context_options","type":"CONTEXT_OPTIONS","link":151,"label":"上下文设置"},{"name":"sample_settings","type":"SAMPLE_SETTINGS","link":null,"label":"采样设置"}],"outputs":[{"name":"MODEL","type":"MODEL","links":[142,146],"shape":3,"label":"模型","slot_index":0}],"properties":{"Node name for S&R":"ADE_UseEvolvedSampling"},"widgets_values":["sqrt_linear (AnimateDiff)"]},{"id":6,"type":"EmptyLatentImage","pos":{"0":2790,"1":270},"size":{"0":315,"1":106},"flags":{"collapsed":false},"order":13,"mode":0,"inputs":[],"outputs":[{"name":"LATENT","type":"LATENT","links":[5],"slot_index":0,"shape":3,"label":"Latent"}],"properties":{"Node name for S&R":"EmptyLatentImage"},"widgets_values":[448,600,16]},{"id":56,"type":"VHS_VideoCombine","pos":{"0":4510,"1":400},"size":[320,720],"flags":{},"order":39,"mode":0,"inputs":[{"name":"images","type":"IMAGE","link":75,"label":"图像"},{"name":"audio","type":"AUDIO","link":null,"label":"音频"},{"name":"meta_batch","type":"VHS_BatchManager","link":null,"label":"批次管理"},{"name":"vae","type":"VAE","link":null}],"outputs":[{"name":"Filenames","type":"VHS_FILENAMES","links":[73,97],"slot_index":0,"shape":3,"label":"文件名"}],"properties":{"Node name for S&R":"VHS_VideoCombine"},"widgets_values":{"frame_rate":8,"loop_count":0,"filename_prefix":"AnimateDiff","format":"video/h265-mp4","pix_fmt":"yuv420p10le","crf":0,"save_metadata":true,"pingpong":false,"save_output":true,"videopreview":{"hidden":false,"paused":false,"params":{"filename":"AnimateDiff_00160.mp4","subfolder":"","type":"output","format":"video/h265-mp4","frame_rate":8},"muted":true}}},{"id":94,"type":"ADE_ApplyAnimateDiffModel","pos":{"0":2170,"1":240},"size":{"0":210,"1":202},"flags":{},"order":20,"mode":0,"inputs":[{"name":"motion_model","type":"MOTION_MODEL_ADE","link":145,"label":"动态模型"},{"name":"motion_lora","type":"MOTION_LORA","link":null,"label":"动态LoRA"},{"name":"scale_multival","type":"MULTIVAL","link":null,"label":"缩放多值"},{"name":"effect_multival","type":"MULTIVAL","link":null,"label":"效果多值"},{"name":"ad_keyframes","type":"AD_KEYFRAMES","link":null,"label":"AD关键帧"},{"name":"prev_m_models","type":"M_MODELS","link":null,"label":"前动态模型组"},{"name":"per_block","type":"PER_BLOCK","link":null}],"outputs":[{"name":"M_MODELS","type":"M_MODELS","links":[144],"shape":3,"label":"动态模型组"}],"properties":{"Node name for S&R":"ADE_ApplyAnimateDiffModel"},"widgets_values":[0,1,""]},{"id":95,"type":"ADE_LoadAnimateDiffModel","pos":{"0":1770,"1":240},"size":{"0":315,"1":58},"flags":{},"order":14,"mode":0,"inputs":[{"name":"ad_settings","type":"AD_SETTINGS","link":null,"label":"AD设置"}],"outputs":[{"name":"MOTION_MODEL","type":"MOTION_MODEL_ADE","links":[145],"shape":3,"label":"动态模型"}],"properties":{"Node name for S&R":"ADE_LoadAnimateDiffModel"},"widgets_values":["AnimateLCM_sd15_t2v.ckpt"]},{"id":97,"type":"ADE_StandardStaticContextOptions","pos":{"0":2060,"1":490},"size":{"0":317.4000244140625,"1":198},"flags":{},"order":15,"mode":0,"inputs":[{"name":"prev_context","type":"CONTEXT_OPTIONS","link":null,"label":"前上下文"},{"name":"view_opts","type":"VIEW_OPTS","link":null,"label":"视图设置"}],"outputs":[{"name":"CONTEXT_OPTS","type":"CONTEXT_OPTIONS","links":[151],"shape":3,"label":"上下文设置"}],"properties":{"Node name for S&R":"ADE_StandardStaticContextOptions"},"widgets_values":[16,4,"pyramid",false,0,1]},{"id":78,"type":"KSampler","pos":{"0":3570,"1":440},"size":{"0":315,"1":262},"flags":{},"order":35,"mode":0,"inputs":[{"name":"model","type":"MODEL","link":146,"label":"模型"},{"name":"positive","type":"CONDITIONING","link":113,"label":"正面条件"},{"name":"negative","type":"CONDITIONING","link":114,"label":"负面条件"},{"name":"latent_image","type":"LATENT","link":119,"label":"Latent"}],"outputs":[{"name":"LATENT","type":"LATENT","links":[116],"slot_index":0,"shape":3,"label":"Latent"}],"properties":{"Node name for S&R":"KSampler"},"widgets_values":[694272315766999,"randomize",7,2,"lcm","sgm_uniform",0.7000000000000001]},{"id":5,"type":"KSampler","pos":{"0":3030,"1":460},"size":{"0":315,"1":262},"flags":{},"order":33,"mode":0,"inputs":[{"name":"model","type":"MODEL","link":142,"label":"模型"},{"name":"positive","type":"CONDITIONING","link":111,"label":"正面条件"},{"name":"negative","type":"CONDITIONING","link":112,"label":"负面条件"},{"name":"latent_image","type":"LATENT","link":5,"label":"Latent"}],"outputs":[{"name":"LATENT","type":"LATENT","links":[118],"slot_index":0,"shape":3,"label":"Latent"}],"properties":{"Node name for S&R":"KSampler"},"widgets_values":[213514239205794,"randomize",7,2,"lcm","sgm_uniform",1]}],"links":[[5,6,0,5,3,"LATENT"],[23,8,0,18,0,"IMAGE"],[48,1,2,8,1,"VAE"],[49,36,0,35,0,"LIST"],[50,37,0,36,0,"STRING"],[51,38,0,36,1,"STRING"],[52,39,0,36,2,"STRING"],[65,49,0,53,0,"MODEL"],[66,41,0,53,1,"IPADAPTER"],[71,54,0,53,5,"CLIP_VISION"],[73,56,0,57,0,"*"],[74,18,0,59,0,"IMAGE"],[75,59,0,56,0,"IMAGE"],[82,64,0,66,0,"CONDITIONING"],[83,64,1,66,1,"CONDITIONING"],[85,25,0,64,2,"CONTROL_NET"],[86,24,0,64,3,"IMAGE"],[88,27,0,66,2,"CONTROL_NET"],[89,28,0,66,3,"IMAGE"],[97,56,0,74,0,"*"],[102,74,0,67,0,"STRING"],[105,77,0,49,0,"*"],[111,66,0,5,1,"CONDITIONING"],[112,66,1,5,2,"CONDITIONING"],[113,66,0,78,1,"CONDITIONING"],[114,66,1,78,2,"CONDITIONING"],[116,78,0,8,0,"LATENT"],[118,5,0,80,0,"LATENT"],[119,80,0,78,3,"LATENT"],[120,35,0,82,0,"*"],[121,83,0,53,2,"IMAGE"],[123,28,3,85,0,"*"],[124,24,3,86,0,"*"],[128,89,0,90,0,"*"],[129,4,0,64,1,"CONDITIONING"],[132,90,0,4,0,"CLIP"],[136,1,0,92,0,"MODEL"],[137,92,0,77,0,"MODEL"],[138,1,1,92,1,"CLIP"],[139,92,1,89,0,"*"],[141,53,0,93,0,"MODEL"],[142,93,0,5,0,"MODEL"],[144,94,0,93,1,"M_MODELS"],[145,95,0,94,0,"MOTION_MODEL_ADE"],[146,93,0,78,0,"MODEL"],[148,35,0,96,1,"STRING"],[149,96,0,64,0,"CONDITIONING"],[150,90,0,96,0,"CLIP"],[151,97,0,93,2,"CONTEXT_OPTIONS"]],"groups":[{"title":"Group","bounding":[1020,320,950,440],"color":"#3f789e","font_size":24,"flags":{}},{"title":"Group","bounding":[1030,780,1810,930],"color":"#b58b2a","font_size":24,"flags":{}},{"title":"Group","bounding":[1980,320,850,440],"color":"#3f789e","font_size":24,"flags":{}},{"title":"Group","bounding":[2860,790,1150,910],"color":"#a1309b","font_size":24,"flags":{}},{"title":"Group","bounding":[4020,320,828,454],"color":"#3f789e","font_size":24,"flags":{}},{"title":"Group","bounding":[2850,320,1150,460],"color":"#A88","font_size":24,"flags":{}}],"config":{},"extra":{"ds":{"scale":1.3310000000000004,"offset":[-121.14946570139898,-852.6796360521455]},"workspace_info":{"id":"_MvUxUgSm8T22bxX6Muim"}},"version":0.4}