{"last_node_id":73,"last_link_id":95,"nodes":[{"id":32,"type":"ADE_LoopedUniformContextOptions","pos":{"0":1990,"1":390},"size":{"0":466.1999816894531,"1":246},"flags":{},"order":0,"mode":0,"inputs":[{"name":"prev_context","type":"CONTEXT_OPTIONS","link":null,"label":"前上下文"},{"name":"view_opts","type":"VIEW_OPTS","link":null,"label":"视图设置"}],"outputs":[{"name":"CONTEXT_OPTS","type":"CONTEXT_OPTIONS","links":[43],"shape":3,"label":"上下文设置"}],"properties":{"Node name for S&R":"ADE_LoopedUniformContextOptions"},"widgets_values":[16,1,4,false,"pyramid",false,0,1]},{"id":8,"type":"VAEDecode","pos":{"0":3810,"1":400},"size":{"0":210,"1":46},"flags":{"collapsed":true},"order":31,"mode":0,"inputs":[{"name":"samples","type":"LATENT","link":17,"label":"Latent"},{"name":"vae","type":"VAE","link":48,"label":"VAE"}],"outputs":[{"name":"IMAGE","type":"IMAGE","links":[23],"slot_index":0,"shape":3,"label":"图像"}],"properties":{"Node name for S&R":"VAEDecode"}},{"id":16,"type":"LatentUpscaleBy","pos":{"0":3370,"1":360},"size":{"0":315,"1":82},"flags":{"collapsed":false},"order":29,"mode":0,"inputs":[{"name":"samples","type":"LATENT","link":19,"label":"Latent"}],"outputs":[{"name":"LATENT","type":"LATENT","links":[47],"slot_index":0,"shape":3,"label":"Latent"}],"properties":{"Node name for S&R":"LatentUpscaleBy"},"widgets_values":["nearest-exact",1.5]},{"id":12,"type":"easy prompt","pos":{"0":2040,"1":850},"size":{"0":400,"1":200},"flags":{},"order":23,"mode":0,"inputs":[{"name":"prompt","type":"STRING","link":53,"widget":{"name":"prompt"},"label":"prompt"}],"outputs":[{"name":"prompt","type":"STRING","links":[11],"shape":3,"label":"prompt"}],"properties":{"Node name for S&R":"easy prompt"},"widgets_values":["score_9, score_8_up, score_7_up, score_6_up, 1woman, mature woman, (score_9, score_8_up:1.1), score_7_up, Very long black hair, brown gradient hair, high hair bun, brown eyes, pale skin, big breasts, dancing","none","none",true]},{"id":37,"type":"PrimitiveNode","pos":{"0":1050,"1":850},"size":{"0":210,"1":60},"flags":{},"order":1,"mode":0,"inputs":[],"outputs":[{"name":"STRING","type":"STRING","links":[50],"widget":{"name":"text_a"}}],"properties":{"Run widget replace on values":false},"widgets_values":["ceo"]},{"id":36,"type":"Text List","pos":{"0":1300,"1":860},"size":{"0":315,"1":202},"flags":{},"order":17,"mode":0,"inputs":[{"name":"text_a","type":"STRING","link":50,"widget":{"name":"text_a"},"label":"文本_A"},{"name":"text_b","type":"STRING","link":51,"widget":{"name":"text_b"},"label":"文本_B"},{"name":"text_c","type":"STRING","link":52,"widget":{"name":"text_c"},"label":"文本_C"},{"name":"text_d","type":"STRING","link":null,"widget":{"name":"text_d"},"label":"文本_D"},{"name":"text_e","type":"STRING","link":null,"widget":{"name":"text_e"},"label":"文本_E"},{"name":"text_f","type":"STRING","link":null,"widget":{"name":"text_f"},"label":"文本_F"},{"name":"text_g","type":"STRING","link":null,"widget":{"name":"text_g"},"label":"文本_g"}],"outputs":[{"name":"LIST","type":"LIST","links":[49],"shape":3,"label":"列表"}],"properties":{"Node name for S&R":"Text List"},"widgets_values":["ceo","business_suit_background","ceo","","","",""]},{"id":39,"type":"PrimitiveNode","pos":{"0":1050,"1":1050},"size":{"0":210,"1":60},"flags":{},"order":3,"mode":0,"inputs":[],"outputs":[{"name":"STRING","type":"STRING","links":[52],"widget":{"name":"text_c"}}],"properties":{"Run widget replace on values":false},"widgets_values":["ceo"]},{"id":48,"type":"easy showAnything","pos":{"0":1730,"1":1030},"size":{"0":240,"1":220},"flags":{},"order":24,"mode":0,"inputs":[{"name":"anything","type":"*","link":57,"label":"输入任何"}],"outputs":[],"properties":{"Node name for S&R":"easy showAnything"},"widgets_values":["score_9, score_8_up, score_7_up, score_6_up,1female\\(tan skin，long hair style，blonde hair color,blue eyes color,sexy body,in glasses,solo,,,BREAK,wear business suit,(white shirt),Cleavage,beautiful,simple dark background\\),safe,best quality, very aesthetic, absurdres,high resolution,HD,Depth of field, storytelling composition, realistic light and shadow,4k"]},{"id":1,"type":"CheckpointLoaderSimple","pos":{"0":490,"1":1090},"size":{"0":315,"1":98},"flags":{},"order":4,"mode":0,"inputs":[],"outputs":[{"name":"MODEL","type":"MODEL","links":[59],"slot_index":0,"shape":3,"label":"模型"},{"name":"CLIP","type":"CLIP","links":[1,2],"slot_index":1,"shape":3,"label":"CLIP"},{"name":"VAE","type":"VAE","links":[48],"slot_index":2,"shape":3,"label":"VAE"}],"properties":{"Node name for S&R":"CheckpointLoaderSimple"},"widgets_values":["sdxl/Dices_DreamDiffusion_XL_Lightning_v0.2.safetensors"]},{"id":49,"type":"Reroute","pos":{"0":1080,"1":350},"size":[75,26],"flags":{},"order":15,"mode":0,"inputs":[{"name":"","type":"*","link":59}],"outputs":[{"name":"","type":"MODEL","links":[65],"slot_index":0}],"properties":{"showOutputText":false,"horizontal":false}},{"id":41,"type":"IPAdapterModelLoader","pos":{"0":1130,"1":440},"size":{"0":315,"1":58},"flags":{},"order":5,"mode":0,"inputs":[],"outputs":[{"name":"IPADAPTER","type":"IPADAPTER","links":[66],"slot_index":0,"shape":3,"label":"IPAdapter"}],"properties":{"Node name for S&R":"IPAdapterModelLoader"},"widgets_values":["ip-adapter-plus-face_sdxl_vit-h.safetensors"]},{"id":54,"type":"CLIPVisionLoader","pos":{"0":1150,"1":550},"size":{"0":315,"1":58},"flags":{},"order":6,"mode":0,"inputs":[],"outputs":[{"name":"CLIP_VISION","type":"CLIP_VISION","links":[71],"slot_index":0,"shape":3,"label":"CLIP视觉"}],"properties":{"Node name for S&R":"CLIPVisionLoader"},"widgets_values":["CLIP-ViT-H-14-laion2B-s32B-b79K.safetensors"]},{"id":18,"type":"FILM VFI","pos":{"0":4050,"1":380},"size":{"0":443.4000244140625,"1":126},"flags":{},"order":32,"mode":0,"inputs":[{"name":"frames","type":"IMAGE","link":23,"label":"图像"},{"name":"optional_interpolation_states","type":"INTERPOLATION_STATES","link":null,"label":"插值规则(可选)"}],"outputs":[{"name":"IMAGE","type":"IMAGE","links":[74],"slot_index":0,"shape":3,"label":"图像"}],"properties":{"Node name for S&R":"FILM VFI"},"widgets_values":["film_net_fp32.pt",10,3]},{"id":58,"type":"Load Image From Url","pos":{"0":1120,"1":60},"size":{"0":400,"1":200},"flags":{},"order":7,"mode":0,"inputs":[],"outputs":[{"name":"IMAGE","type":"IMAGE","links":[77],"slot_index":0,"shape":3,"label":"IMAGE"},{"name":"MASK","type":"MASK","links":null,"shape":3,"label":"MASK"}],"properties":{"Node name for S&R":"Load Image From Url"},"widgets_values":["http://dlm-ai.oss-cn-hangzhou.aliyuncs.com/aigame/images/0-1.png",true]},{"id":38,"type":"PrimitiveNode","pos":{"0":1050,"1":950},"size":{"0":210,"1":60},"flags":{},"order":8,"mode":0,"inputs":[],"outputs":[{"name":"STRING","type":"STRING","links":[51],"widget":{"name":"text_b"}}],"properties":{"Run widget replace on values":false},"widgets_values":["business_suit_background"]},{"id":25,"type":"ControlNetLoader","pos":{"0":2940,"1":1120},"size":{"0":315,"1":58},"flags":{},"order":9,"mode":0,"inputs":[],"outputs":[{"name":"CONTROL_NET","type":"CONTROL_NET","links":[85],"slot_index":0,"shape":3,"label":"ControlNet"}],"properties":{"Node name for S&R":"ControlNetLoader"},"widgets_values":["sai_xl_depth_256lora.safetensors"],"color":"#323","bgcolor":"#535"},{"id":15,"type":"KSampler","pos":{"0":3650,"1":480},"size":{"0":315,"1":262},"flags":{},"order":30,"mode":0,"inputs":[{"name":"model","type":"MODEL","link":18,"label":"模型"},{"name":"positive","type":"CONDITIONING","link":90,"label":"正面条件"},{"name":"negative","type":"CONDITIONING","link":91,"label":"负面条件"},{"name":"latent_image","type":"LATENT","link":47,"label":"Latent"}],"outputs":[{"name":"LATENT","type":"LATENT","links":[17],"slot_index":0,"shape":3,"label":"Latent"}],"properties":{"Node name for S&R":"KSampler"},"widgets_values":[216831272263132,"randomize",7,2,"dpmpp_sde_gpu","karras",0.7000000000000001]},{"id":66,"type":"ControlNetApplyAdvanced","pos":{"0":3520,"1":860},"size":{"0":340.20001220703125,"1":166},"flags":{},"order":28,"mode":0,"inputs":[{"name":"positive","type":"CONDITIONING","link":82,"label":"正面条件"},{"name":"negative","type":"CONDITIONING","link":83,"label":"负面条件"},{"name":"control_net","type":"CONTROL_NET","link":88,"label":"ControlNet"},{"name":"image","type":"IMAGE","link":89,"label":"图像"}],"outputs":[{"name":"positive","type":"CONDITIONING","links":[90],"slot_index":0,"shape":3,"label":"正面条件"},{"name":"negative","type":"CONDITIONING","links":[91],"slot_index":1,"shape":3,"label":"负面条件"}],"properties":{"Node name for S&R":"ControlNetApplyAdvanced"},"widgets_values":[1,0,1]},{"id":5,"type":"KSampler","pos":{"0":3130,"1":490},"size":{"0":315,"1":262},"flags":{},"order":27,"mode":0,"inputs":[{"name":"model","type":"MODEL","link":7,"label":"模型"},{"name":"positive","type":"CONDITIONING","link":87,"label":"正面条件"},{"name":"negative","type":"CONDITIONING","link":4,"label":"负面条件"},{"name":"latent_image","type":"LATENT","link":5,"label":"Latent"}],"outputs":[{"name":"LATENT","type":"LATENT","links":[19],"slot_index":0,"shape":3,"label":"Latent"}],"properties":{"Node name for S&R":"KSampler"},"widgets_values":[544303284441003,"randomize",7,2,"dpmpp_sde_gpu","karras",0.7000000000000001]},{"id":65,"type":"Reroute","pos":{"0":2840,"1":880},"size":[75,26],"flags":{},"order":20,"mode":0,"inputs":[{"name":"","type":"*","link":80}],"outputs":[{"name":"","type":"CONDITIONING","links":[81],"slot_index":0}],"properties":{"showOutputText":false,"horizontal":false}},{"id":4,"type":"CLIPTextEncode","pos":{"0":2040,"1":1090},"size":{"0":400,"1":200},"flags":{},"order":16,"mode":0,"inputs":[{"name":"clip","type":"CLIP","link":2,"label":"CLIP"}],"outputs":[{"name":"CONDITIONING","type":"CONDITIONING","links":[4,80],"slot_index":0,"shape":3,"label":"条件"}],"properties":{"Node name for S&R":"CLIPTextEncode"},"widgets_values":["score_6, score_5, score_4, source_pony, (worst quality:1.2), (low quality:1.2), (normal quality:1.2), lowres, bad anatomy, bad hands, signature, watermarks, ugly, imperfect eyes, skewed eyes, unnatural face, unnatural body, error, extra limb, missing limbs, painting by bad-artist, 3d art, nipple ring, looking at the viewer, extra hands, extra fingers, red beauty spots",true]},{"id":7,"type":"ADE_AnimateDiffLoaderGen1","pos":{"0":2490,"1":380},"size":{"0":327.5999755859375,"1":242},"flags":{},"order":22,"mode":0,"inputs":[{"name":"model","type":"MODEL","link":92,"label":"模型"},{"name":"context_options","type":"CONTEXT_OPTIONS","link":43,"label":"上下文设置"},{"name":"motion_lora","type":"MOTION_LORA","link":null,"label":"动态LoRA"},{"name":"ad_settings","type":"AD_SETTINGS","link":null,"label":"AD设置"},{"name":"ad_keyframes","type":"AD_KEYFRAMES","link":null,"label":"AD关键帧"},{"name":"sample_settings","type":"SAMPLE_SETTINGS","link":null,"label":"采样设置"},{"name":"scale_multival","type":"MULTIVAL","link":null,"label":"缩放多值"},{"name":"effect_multival","type":"MULTIVAL","link":null,"label":"效果多值"},{"name":"per_block","type":"PER_BLOCK","link":null}],"outputs":[{"name":"MODEL","type":"MODEL","links":[7,18],"slot_index":0,"shape":3,"label":"模型"}],"properties":{"Node name for S&R":"ADE_AnimateDiffLoaderGen1"},"widgets_values":["mm_sdxl_v10_beta.ckpt","linear (AnimateDiff-SDXL)"]},{"id":59,"type":"ImageScale","pos":{"0":4140,"1":560},"size":{"0":315,"1":130},"flags":{},"order":33,"mode":0,"inputs":[{"name":"image","type":"IMAGE","link":74,"label":"图像"}],"outputs":[{"name":"IMAGE","type":"IMAGE","links":[75],"slot_index":0,"shape":3,"label":"图像"}],"properties":{"Node name for S&R":"ImageScale"},"widgets_values":["nearest-exact",600,800,"disabled"]},{"id":53,"type":"IPAdapterAdvanced","pos":{"0":1600,"1":360},"size":{"0":315,"1":278},"flags":{},"order":19,"mode":0,"inputs":[{"name":"model","type":"MODEL","link":65,"label":"模型"},{"name":"ipadapter","type":"IPADAPTER","link":66,"label":"IPAdapter"},{"name":"image","type":"IMAGE","link":77,"label":"正面图像"},{"name":"image_negative","type":"IMAGE","link":null,"label":"负面图像"},{"name":"attn_mask","type":"MASK","link":null,"label":"关注层遮罩"},{"name":"clip_vision","type":"CLIP_VISION","link":71,"label":"CLIP视觉"}],"outputs":[{"name":"MODEL","type":"MODEL","links":[92],"slot_index":0,"shape":3,"label":"模型"}],"properties":{"Node name for S&R":"IPAdapterAdvanced"},"widgets_values":[0.5,"weak input","norm average",0.2,0.8,"V only"]},{"id":64,"type":"ControlNetApplyAdvanced","pos":{"0":2930,"1":860},"size":{"0":340.20001220703125,"1":166},"flags":{},"order":26,"mode":0,"inputs":[{"name":"positive","type":"CONDITIONING","link":79,"label":"正面条件"},{"name":"negative","type":"CONDITIONING","link":81,"label":"负面条件"},{"name":"control_net","type":"CONTROL_NET","link":85,"label":"ControlNet"},{"name":"image","type":"IMAGE","link":86,"label":"图像"}],"outputs":[{"name":"positive","type":"CONDITIONING","links":[82],"slot_index":0,"shape":3,"label":"正面条件"},{"name":"negative","type":"CONDITIONING","links":[83],"slot_index":1,"shape":3,"label":"负面条件"}],"properties":{"Node name for S&R":"ControlNetApplyAdvanced"},"widgets_values":[1,0,0.8]},{"id":35,"type":"TTKeywordMap","pos":{"0":1640,"1":850},"size":{"0":315,"1":130},"flags":{},"order":21,"mode":0,"inputs":[{"name":"replace_text","type":"LIST","link":49,"label":"replace_text"}],"outputs":[{"name":"关键词映射","type":"STRING","links":[53,57],"slot_index":0,"shape":3,"label":"关键词映射"}],"properties":{"Node name for S&R":"TTKeywordMap"},"widgets_values":[0,0,1,"tan skin，long hair style，blonde hair color,blue eyes color,sexy body,in glasses,solo"]},{"id":57,"type":"easy showAnything","pos":{"0":4890,"1":190},"size":{"0":240,"1":160},"flags":{},"order":35,"mode":0,"inputs":[{"name":"anything","type":"*","link":73,"label":"输入任何"}],"outputs":[],"properties":{"Node name for S&R":"easy showAnything"},"widgets_values":["[true, [\"/home/star/ssd/ssd_1/ComfyUI/output/AnimateDiff_00072.png\", \"/home/star/ssd/ssd_1/ComfyUI/output/AnimateDiff_00072.mp4\"]]"]},{"id":67,"type":"SaveVideoToOssAndDisplay","pos":{"0":5230,"1":350},"size":{"0":320,"1":80},"flags":{},"order":18,"mode":0,"inputs":[{"name":"input_path","type":"STRING","link":94,"widget":{"name":"input_path"},"label":"input_path"}],"outputs":[{"name":"STRING","type":"STRING","links":null,"shape":3,"label":"STRING"}],"properties":{"Node name for S&R":"SaveVideoToOssAndDisplay"},"widgets_values":["","comfyui"]},{"id":69,"type":"String to Text","pos":{"0":4920,"1":550},"size":{"0":320,"1":60},"flags":{},"order":10,"mode":0,"inputs":[{"name":"string","type":"STRING","link":null,"widget":{"name":"string"},"label":"字符串"}],"outputs":[{"name":"STRING","type":"STRING","links":[94],"slot_index":0,"shape":3,"label":"字符串"}],"properties":{"Node name for S&R":"String to Text"},"widgets_values":[""]},{"id":56,"type":"VHS_VideoCombine","pos":{"0":4510,"1":400},"size":[320,720],"flags":{},"order":34,"mode":0,"inputs":[{"name":"images","type":"IMAGE","link":75,"label":"图像"},{"name":"audio","type":"AUDIO","link":null,"label":"音频"},{"name":"meta_batch","type":"VHS_BatchManager","link":null,"label":"批次管理"},{"name":"vae","type":"VAE","link":null}],"outputs":[{"name":"Filenames","type":"VHS_FILENAMES","links":[73],"slot_index":0,"shape":3,"label":"文件名"}],"properties":{"Node name for S&R":"VHS_VideoCombine"},"widgets_values":{"frame_rate":30,"loop_count":0,"filename_prefix":"AnimateDiff","format":"video/h265-mp4","pix_fmt":"yuv420p10le","crf":22,"save_metadata":true,"pingpong":false,"save_output":true,"videopreview":{"hidden":false,"paused":false,"params":{"filename":"AnimateDiff_00072.mp4","subfolder":"","type":"output","format":"video/h265-mp4","frame_rate":30},"muted":true}}},{"id":6,"type":"EmptyLatentImage","pos":{"0":2860,"1":300},"size":{"0":315,"1":106},"flags":{"collapsed":false},"order":12,"mode":0,"inputs":[],"outputs":[{"name":"LATENT","type":"LATENT","links":[5],"slot_index":0,"shape":3,"label":"Latent"}],"properties":{"Node name for S&R":"EmptyLatentImage"},"widgets_values":[448,600,30]},{"id":24,"type":"VHS_LoadVideo","pos":{"0":2980,"1":1250},"size":[210,430],"flags":{},"order":13,"mode":0,"inputs":[{"name":"meta_batch","type":"VHS_BatchManager","link":null,"label":"批次管理"},{"name":"vae","type":"VAE","link":null}],"outputs":[{"name":"IMAGE","type":"IMAGE","links":[86],"slot_index":0,"shape":3,"label":"图像"},{"name":"frame_count","type":"INT","links":[],"slot_index":1,"shape":3,"label":"帧计数"},{"name":"audio","type":"AUDIO","links":null,"shape":3,"label":"音频"},{"name":"video_info","type":"VHS_VIDEOINFO","links":null,"shape":3,"label":"视频信息"}],"properties":{"Node name for S&R":"VHS_LoadVideo"},"widgets_values":{"video":"AnimateDiff_00037.mp4","force_rate":0,"force_size":"Custom","custom_width":448,"custom_height":600,"frame_load_cap":0,"skip_first_frames":0,"select_every_nth":1,"choose video to upload":"image","videopreview":{"hidden":false,"paused":false,"params":{"frame_load_cap":0,"skip_first_frames":0,"force_rate":0,"filename":"AnimateDiff_00037.mp4","type":"input","format":"video/mp4","select_every_nth":1,"force_size":"448x600"},"muted":true}},"color":"#323","bgcolor":"#535"},{"id":28,"type":"VHS_LoadVideo","pos":{"0":3370,"1":1270},"size":[210,430],"flags":{},"order":14,"mode":0,"inputs":[{"name":"meta_batch","type":"VHS_BatchManager","link":null,"label":"批次管理"},{"name":"vae","type":"VAE","link":null}],"outputs":[{"name":"IMAGE","type":"IMAGE","links":[89],"slot_index":0,"shape":3,"label":"图像"},{"name":"frame_count","type":"INT","links":[],"slot_index":1,"shape":3,"label":"帧计数"},{"name":"audio","type":"AUDIO","links":null,"shape":3,"label":"音频"},{"name":"video_info","type":"VHS_VIDEOINFO","links":null,"shape":3,"label":"视频信息"}],"properties":{"Node name for S&R":"VHS_LoadVideo"},"widgets_values":{"video":"AnimateDiff_00035.mp4","force_rate":0,"force_size":"Custom","custom_width":448,"custom_height":600,"frame_load_cap":0,"skip_first_frames":0,"select_every_nth":1,"choose video to upload":"image","videopreview":{"hidden":false,"paused":false,"params":{"frame_load_cap":0,"skip_first_frames":0,"force_rate":0,"filename":"AnimateDiff_00035.mp4","type":"input","format":"video/mp4","select_every_nth":1,"force_size":"448x600"},"muted":true}},"color":"#323","bgcolor":"#535"},{"id":3,"type":"PromptSchedule","pos":{"0":2480,"1":830},"size":{"0":330,"1":400},"flags":{},"order":25,"mode":0,"inputs":[{"name":"clip","type":"CLIP","link":1,"label":"CLIP"},{"name":"current_frame","type":"INT","link":12,"widget":{"name":"current_frame"},"label":"当前帧"},{"name":"pre_text","type":"STRING","link":11,"widget":{"name":"pre_text"},"label":"预置文本"},{"name":"app_text","type":"STRING","link":null,"widget":{"name":"app_text"},"label":"附加文本"},{"name":"pw_a","type":"FLOAT","link":null,"widget":{"name":"pw_a"},"label":"提示词权重A(pw_a)"},{"name":"pw_b","type":"FLOAT","link":null,"widget":{"name":"pw_b"},"label":"提示词权重B(pw_b)"},{"name":"pw_c","type":"FLOAT","link":null,"widget":{"name":"pw_c"},"label":"提示词权重C(pw_c)"},{"name":"pw_d","type":"FLOAT","link":null,"widget":{"name":"pw_d"},"label":"提示词权重D(pw_d)"}],"outputs":[{"name":"POS","type":"CONDITIONING","links":[79,87],"slot_index":0,"shape":3},{"name":"NEG","type":"CONDITIONING","links":null,"shape":3}],"properties":{"Node name for S&R":"PromptSchedule"},"widgets_values":["\"0\" :\"smile\",",16,0,false,"","",0,0,0,0,true,true,true]},{"id":13,"type":"PrimitiveNode","pos":{"0":2270,"1":800},"size":{"0":210,"1":80},"flags":{"collapsed":true},"order":2,"mode":0,"inputs":[],"outputs":[{"name":"INT","type":"INT","links":[12],"widget":{"name":"current_frame"}}],"properties":{"Run widget replace on values":false},"widgets_values":[0,"fixed"]},{"id":27,"type":"ControlNetLoader","pos":{"0":3520,"1":1110},"size":{"0":315,"1":58},"flags":{},"order":11,"mode":0,"inputs":[],"outputs":[{"name":"CONTROL_NET","type":"CONTROL_NET","links":[88],"slot_index":0,"shape":3,"label":"ControlNet"}],"properties":{"Node name for S&R":"ControlNetLoader"},"widgets_values":["thibaud_xl_openpose_256lora.safetensors"],"color":"#323","bgcolor":"#535"}],"links":[[1,1,1,3,0,"CLIP"],[2,1,1,4,0,"CLIP"],[4,4,0,5,2,"CONDITIONING"],[5,6,0,5,3,"LATENT"],[7,7,0,5,0,"MODEL"],[11,12,0,3,2,"STRING"],[12,13,0,3,1,"INT"],[17,15,0,8,0,"LATENT"],[18,7,0,15,0,"MODEL"],[19,5,0,16,0,"LATENT"],[23,8,0,18,0,"IMAGE"],[43,32,0,7,1,"CONTEXT_OPTIONS"],[47,16,0,15,3,"LATENT"],[48,1,2,8,1,"VAE"],[49,36,0,35,0,"LIST"],[50,37,0,36,0,"STRING"],[51,38,0,36,1,"STRING"],[52,39,0,36,2,"STRING"],[53,35,0,12,0,"STRING"],[57,35,0,48,0,"*"],[59,1,0,49,0,"*"],[65,49,0,53,0,"MODEL"],[66,41,0,53,1,"IPADAPTER"],[71,54,0,53,5,"CLIP_VISION"],[73,56,0,57,0,"*"],[74,18,0,59,0,"IMAGE"],[75,59,0,56,0,"IMAGE"],[77,58,0,53,2,"IMAGE"],[79,3,0,64,0,"CONDITIONING"],[80,4,0,65,0,"*"],[81,65,0,64,1,"CONDITIONING"],[82,64,0,66,0,"CONDITIONING"],[83,64,1,66,1,"CONDITIONING"],[85,25,0,64,2,"CONTROL_NET"],[86,24,0,64,3,"IMAGE"],[87,3,0,5,1,"CONDITIONING"],[88,27,0,66,2,"CONTROL_NET"],[89,28,0,66,3,"IMAGE"],[90,66,0,15,1,"CONDITIONING"],[91,66,1,15,2,"CONDITIONING"],[92,53,0,7,0,"MODEL"],[94,69,0,67,0,"STRING"]],"groups":[{"title":"Group","bounding":[2850,310,1150,460],"color":"#A88","font_size":24,"flags":{}},{"title":"Group","bounding":[4020,320,828,454],"color":"#3f789e","font_size":24,"flags":{}},{"title":"Group","bounding":[2850,780,1170,934],"color":"#a1309b","font_size":24,"flags":{}},{"title":"Group","bounding":[1980,320,850,440],"color":"#3f789e","font_size":24,"flags":{}},{"title":"Group","bounding":[1030,780,1810,930],"color":"#b58b2a","font_size":24,"flags":{}},{"title":"Group","bounding":[1020,320,950,440],"color":"#3f789e","font_size":24,"flags":{}}],"config":{},"extra":{"ds":{"scale":0.9090909090909095,"offset":[-2631.167620500089,-953.1899376160817]},"workspace_info":{"id":"rcwX4Lf93K8_nxiz0HXA6","saveLock":false,"cloudID":null,"coverMediaPath":null}},"version":0.4}