{"last_node_id":298,"last_link_id":664,"nodes":[{"id":118,"type":"Reroute","pos":{"0":1150,"1":-540},"size":[75,26],"flags":{},"order":15,"mode":0,"inputs":[{"name":"","type":"*","link":37,"label":"","widget":{"name":"value"}}],"outputs":[{"name":"","type":"INT","links":[38,39],"slot_index":0,"label":""}],"properties":{"showOutputText":false,"horizontal":false}},{"id":88,"type":"LatentUpscaleBy","pos":{"0":1520,"1":-760},"size":{"0":315,"1":82},"flags":{"collapsed":true},"order":34,"mode":0,"inputs":[{"name":"samples","type":"LATENT","link":10,"label":"Latent"}],"outputs":[{"name":"LATENT","type":"LATENT","links":[15],"shape":3,"label":"Latent"}],"properties":{"Node name for S&R":"LatentUpscaleBy"},"widgets_values":["nearest-exact",2]},{"id":113,"type":"Reroute","pos":{"0":1230,"1":-250},"size":[75,26],"flags":{},"order":20,"mode":0,"inputs":[{"name":"","type":"*","link":23,"label":""}],"outputs":[{"name":"","type":"VAE","links":[24,48],"slot_index":0,"label":""}],"properties":{"showOutputText":false,"horizontal":false}},{"id":48,"type":"VAEDecode","pos":{"0":1950,"1":-220},"size":{"0":210,"1":46},"flags":{"collapsed":true},"order":38,"mode":0,"inputs":[{"name":"samples","type":"LATENT","link":3,"label":"Latent"},{"name":"vae","type":"VAE","link":24,"label":"VAE"}],"outputs":[{"name":"IMAGE","type":"IMAGE","links":[16],"shape":3,"label":"图像"}],"properties":{"Node name for S&R":"VAEDecode"},"widgets_values":[]},{"id":122,"type":"VAEDecode","pos":{"0":1400,"1":-220},"size":{"0":210,"1":46},"flags":{"collapsed":true},"order":35,"mode":0,"inputs":[{"name":"samples","type":"LATENT","link":47,"label":"Latent"},{"name":"vae","type":"VAE","link":48,"label":"VAE"}],"outputs":[{"name":"IMAGE","type":"IMAGE","links":[49],"slot_index":0,"shape":3,"label":"图像"}],"properties":{"Node name for S&R":"VAEDecode"},"widgets_values":[]},{"id":114,"type":"Reroute","pos":{"0":1160,"1":-690},"size":[75,26],"flags":{},"order":31,"mode":0,"inputs":[{"name":"","type":"*","link":60,"label":""}],"outputs":[{"name":"","type":"MODEL","links":[51],"slot_index":0,"label":""}],"properties":{"showOutputText":false,"horizontal":false}},{"id":117,"type":"Reroute","pos":{"0":1150,"1":-580},"size":[75,26],"flags":{},"order":27,"mode":0,"inputs":[{"name":"","type":"*","link":34,"label":""}],"outputs":[{"name":"","type":"CONDITIONING","links":[35,36],"slot_index":0,"label":""}],"properties":{"showOutputText":false,"horizontal":false}},{"id":116,"type":"Reroute","pos":{"0":1150,"1":-650},"size":[75,26],"flags":{},"order":28,"mode":0,"inputs":[{"name":"","type":"*","link":31,"label":""}],"outputs":[{"name":"","type":"CONDITIONING","links":[32,33],"slot_index":0,"label":""}],"properties":{"showOutputText":false,"horizontal":false}},{"id":132,"type":"Reroute","pos":{"0":630,"1":-700},"size":[75,26],"flags":{},"order":30,"mode":0,"inputs":[{"name":"","type":"*","link":637,"label":""}],"outputs":[{"name":"","type":"MODEL","links":[60],"slot_index":0,"label":""}],"properties":{"showOutputText":false,"horizontal":false}},{"id":127,"type":"PerturbedAttentionGuidance","pos":{"0":1250,"1":-760},"size":{"0":315,"1":58},"flags":{"collapsed":true},"order":32,"mode":0,"inputs":[{"name":"model","type":"MODEL","link":51,"label":"模型"}],"outputs":[{"name":"MODEL","type":"MODEL","links":[52,53],"slot_index":0,"shape":3,"label":"模型"}],"properties":{"Node name for S&R":"PerturbedAttentionGuidance"},"widgets_values":[2]},{"id":120,"type":"Reroute","pos":{"0":590,"1":-1750},"size":[75,26],"flags":{},"order":37,"mode":0,"inputs":[{"name":"","type":"*","link":49,"label":""}],"outputs":[{"name":"","type":"IMAGE","links":[42,43],"slot_index":0,"label":""}],"properties":{"showOutputText":false,"horizontal":false}},{"id":134,"type":"Reroute","pos":{"0":600,"1":-1700},"size":[75,26],"flags":{},"order":13,"mode":0,"inputs":[{"name":"","type":"*","link":65,"label":""}],"outputs":[{"name":"","type":"IMAGE","links":[],"slot_index":0,"label":""}],"properties":{"showOutputText":false,"horizontal":false}},{"id":103,"type":"PreviewImage","pos":{"0":1140,"1":-1540},"size":{"0":420,"1":630},"flags":{},"order":43,"mode":0,"inputs":[{"name":"images","type":"IMAGE","link":45,"label":"图像"}],"outputs":[],"properties":{"Node name for S&R":"PreviewImage"},"widgets_values":[]},{"id":119,"type":"Image Comparer (rgthree)","pos":{"0":1600,"1":-1540},"size":{"0":410,"1":620},"flags":{},"order":44,"mode":0,"inputs":[{"name":"image_a","type":"IMAGE","link":43,"label":"图像_A","dir":3},{"name":"image_b","type":"IMAGE","link":46,"label":"图像_B","dir":3}],"outputs":[],"properties":{"comparer_mode":"Slide"},"widgets_values":[[{"name":"A","selected":true,"url":"/api/view?filename=rgthree.compare._temp_jgvmo_00089_.png&type=temp&subfolder=&rand=0.49420520454857586"},{"name":"B","selected":true,"url":"/api/view?filename=rgthree.compare._temp_jgvmo_00090_.png&type=temp&subfolder=&rand=0.9492387074843753"}]]},{"id":87,"type":"KSampler","pos":{"0":1290,"1":-670},"size":{"0":320,"1":260},"flags":{},"order":33,"mode":0,"inputs":[{"name":"model","type":"MODEL","link":52,"label":"模型"},{"name":"positive","type":"CONDITIONING","link":32,"label":"正面条件"},{"name":"negative","type":"CONDITIONING","link":35,"label":"负面条件"},{"name":"latent_image","type":"LATENT","link":9,"label":"Latent"},{"name":"seed","type":"INT","link":38,"widget":{"name":"seed"},"label":"随机种"}],"outputs":[{"name":"LATENT","type":"LATENT","links":[10,47],"slot_index":0,"shape":3,"label":"Latent"}],"properties":{"Node name for S&R":"KSampler"},"widgets_values":[79872726220199,"randomize",10,2,"dpmpp_sde_gpu","karras",1]},{"id":274,"type":"Text List","pos":{"0":-190,"1":-710},"size":{"0":315,"1":202},"flags":{},"order":10,"mode":2,"inputs":[{"name":"text_a","type":"STRING","link":624,"widget":{"name":"text_a"},"label":"文本_A"},{"name":"text_b","type":"STRING","link":626,"widget":{"name":"text_b"},"label":"文本_B"},{"name":"text_c","type":"STRING","link":627,"widget":{"name":"text_c"},"label":"文本_C"},{"name":"text_d","type":"STRING","link":null,"widget":{"name":"text_d"},"label":"文本_D"},{"name":"text_e","type":"STRING","link":null,"widget":{"name":"text_e"},"label":"文本_E"},{"name":"text_f","type":"STRING","link":null,"widget":{"name":"text_f"},"label":"文本_F"},{"name":"text_g","type":"STRING","link":null,"widget":{"name":"text_g"},"label":"文本_g"}],"outputs":[{"name":"LIST","type":"LIST","links":[622],"shape":3,"label":"列表"}],"properties":{"Node name for S&R":"Text List"},"widgets_values":["","","","","","",""]},{"id":279,"type":"Primitive string [Crystools]","pos":{"0":-510,"1":-380},"size":{"0":315,"1":58},"flags":{},"order":0,"mode":2,"inputs":[],"outputs":[{"name":"string","type":"STRING","links":[627],"shape":3,"label":"字符串"}],"properties":{"Node name for S&R":"Primitive string [Crystools]"},"widgets_values":["mac_clothes"]},{"id":278,"type":"Primitive string [Crystools]","pos":{"0":-530,"1":-540},"size":{"0":315,"1":58},"flags":{},"order":1,"mode":2,"inputs":[],"outputs":[{"name":"string","type":"STRING","links":[626],"shape":3,"label":"字符串"}],"properties":{"Node name for S&R":"Primitive string [Crystools]"},"widgets_values":[""]},{"id":276,"type":"Primitive string [Crystools]","pos":{"0":-540,"1":-650},"size":{"0":315,"1":58},"flags":{},"order":2,"mode":2,"inputs":[],"outputs":[{"name":"string","type":"STRING","links":[624],"shape":3,"label":"字符串"}],"properties":{"Node name for S&R":"Primitive string [Crystools]"},"widgets_values":["back"]},{"id":5,"type":"CLIPTextEncode","pos":{"0":790,"1":-650},"size":{"0":400,"1":200},"flags":{"collapsed":true},"order":24,"mode":0,"inputs":[{"name":"clip","type":"CLIP","link":30,"label":"CLIP"}],"outputs":[{"name":"CONDITIONING","type":"CONDITIONING","links":[34],"slot_index":0,"shape":3,"label":"条件"}],"properties":{"Node name for S&R":"CLIPTextEncode"},"widgets_values":["score_4, score_3, score_2, score_1, source_pony, source_furry, source_cartoon,lowres, bad,(bad leg), Excess legs, excess hands, naked,\nerror, fewer, extra, missing, worst quality, jpeg artifacts, bad quality, watermark, signature, extra digits, artistic error, username, abstract, artist logo, artist name, signature, bad fingers, bad hand,embedding:Morenegative_Stable_Yogi-neg, ",true]},{"id":86,"type":"EmptyLatentImage","pos":{"0":710,"1":-610},"size":{"0":315,"1":106},"flags":{},"order":3,"mode":0,"inputs":[],"outputs":[{"name":"LATENT","type":"LATENT","links":[9],"slot_index":0,"shape":3,"label":"Latent"}],"properties":{"Node name for S&R":"EmptyLatentImage"},"widgets_values":[520,672,1]},{"id":112,"type":"Reroute","pos":{"0":580,"1":-240},"size":[75,26],"flags":{},"order":12,"mode":0,"inputs":[{"name":"","type":"*","link":84,"label":""}],"outputs":[{"name":"","type":"VAE","links":[23],"slot_index":0,"label":""}],"properties":{"showOutputText":false,"horizontal":false}},{"id":130,"type":"IPAdapterModelLoader","pos":{"0":-730,"1":-1480},"size":{"0":315,"1":58},"flags":{},"order":4,"mode":0,"inputs":[],"outputs":[{"name":"IPADAPTER","type":"IPADAPTER","links":[],"slot_index":0,"shape":3,"label":"IPAdapter"}],"properties":{"Node name for S&R":"IPAdapterModelLoader"},"widgets_values":["ip-adapter-plus-face_sdxl_vit-h.safetensors"]},{"id":129,"type":"IPAdapterAdvanced","pos":{"0":120,"1":-1440},"size":{"0":315,"1":278},"flags":{},"order":26,"mode":0,"inputs":[{"name":"model","type":"MODEL","link":638,"label":"模型"},{"name":"ipadapter","type":"IPADAPTER","link":635,"label":"IPAdapter"},{"name":"image","type":"IMAGE","link":55,"label":"正面图像"},{"name":"image_negative","type":"IMAGE","link":null,"label":"负面图像"},{"name":"attn_mask","type":"MASK","link":null,"label":"关注层遮罩"},{"name":"clip_vision","type":"CLIP_VISION","link":61,"label":"CLIP视觉"}],"outputs":[{"name":"MODEL","type":"MODEL","links":[636],"slot_index":0,"shape":3,"label":"模型"}],"properties":{"Node name for S&R":"IPAdapterAdvanced"},"widgets_values":[0.5,"weak input","norm average",0.2,0.8,"V only"]},{"id":133,"type":"CLIPVisionLoader","pos":{"0":120,"1":-1100},"size":{"0":315,"1":58},"flags":{},"order":5,"mode":0,"inputs":[],"outputs":[{"name":"CLIP_VISION","type":"CLIP_VISION","links":[61],"shape":3,"label":"CLIP视觉"}],"properties":{"Node name for S&R":"CLIPVisionLoader"},"widgets_values":["CLIP-ViT-H-14-laion2B-s32B-b79K.safetensors"]},{"id":283,"type":"Reroute","pos":{"0":-390,"1":-1260},"size":[75,26],"flags":{},"order":18,"mode":0,"inputs":[{"name":"","type":"*","link":644}],"outputs":[{"name":"","type":"MODEL","links":[639],"slot_index":0}],"properties":{"showOutputText":false,"horizontal":false}},{"id":284,"type":"IPAdapterUnifiedLoaderFaceID","pos":{"0":-320,"1":-1440},"size":{"0":390.5999755859375,"1":126},"flags":{},"order":23,"mode":0,"inputs":[{"name":"model","type":"MODEL","link":639,"label":"模型"},{"name":"ipadapter","type":"IPADAPTER","link":null,"label":"IPAdapter"}],"outputs":[{"name":"MODEL","type":"MODEL","links":[638],"slot_index":0,"shape":3,"label":"模型"},{"name":"ipadapter","type":"IPADAPTER","links":[635],"shape":3,"label":"IPAdapter"}],"properties":{"Node name for S&R":"IPAdapterUnifiedLoaderFaceID"},"widgets_values":["FACEID PLUS V2",1,"CPU"]},{"id":109,"type":"PreviewImage","pos":{"0":650,"1":-1540},"size":{"0":450,"1":630},"flags":{},"order":39,"mode":0,"inputs":[{"name":"images","type":"IMAGE","link":42,"label":"图像"}],"outputs":[],"properties":{"Node name for S&R":"PreviewImage"},"widgets_values":[]},{"id":115,"type":"Reroute","pos":{"0":-550,"1":-1010},"size":[75,26],"flags":{},"order":19,"mode":0,"inputs":[{"name":"","type":"*","link":645,"label":""}],"outputs":[{"name":"","type":"CLIP","links":[30,579],"slot_index":0,"label":""}],"properties":{"showOutputText":false,"horizontal":false}},{"id":1,"type":"CheckpointLoader|pysssss","pos":{"0":-1140,"1":-720},"size":{"0":370,"1":170},"flags":{},"order":6,"mode":0,"inputs":[],"outputs":[{"name":"MODEL","type":"MODEL","links":[642],"slot_index":0,"shape":3,"label":"模型"},{"name":"CLIP","type":"CLIP","links":[643],"slot_index":1,"shape":3,"label":"CLIP"},{"name":"VAE","type":"VAE","links":[84],"slot_index":2,"shape":3,"label":"VAE"},{"name":"STRING","type":"STRING","links":null,"shape":3,"label":"STRING"}],"properties":{"Node name for S&R":"CheckpointLoader|pysssss"},"widgets_values":[{"content":"sdxl/Dices_DreamDiffusion_XL_Lightning_v0.2.safetensors","image":null},"[none]"]},{"id":282,"type":"LoraLoader","pos":{"0":-1120,"1":-880},"size":{"0":315,"1":126},"flags":{},"order":11,"mode":0,"inputs":[{"name":"model","type":"MODEL","link":642,"label":"模型"},{"name":"clip","type":"CLIP","link":643,"label":"CLIP"}],"outputs":[{"name":"MODEL","type":"MODEL","links":[644],"slot_index":0,"shape":3,"label":"模型"},{"name":"CLIP","type":"CLIP","links":[645],"slot_index":1,"shape":3,"label":"CLIP"}],"properties":{"Node name for S&R":"LoraLoader"},"widgets_values":["sdxl/skin/skin_linhe.safetensors",0.8,1]},{"id":98,"type":"ImageScale","pos":{"0":2030,"1":-730},"size":{"0":315,"1":130},"flags":{},"order":40,"mode":0,"inputs":[{"name":"image","type":"IMAGE","link":16,"label":"图像"}],"outputs":[{"name":"IMAGE","type":"IMAGE","links":[50,648],"slot_index":0,"shape":3,"label":"图像"}],"properties":{"Node name for S&R":"ImageScale"},"widgets_values":["nearest-exact",1024,1366,"center"]},{"id":131,"type":"LoadImage","pos":{"0":-270,"1":-1240},"size":{"0":320,"1":310},"flags":{},"order":7,"mode":0,"inputs":[],"outputs":[{"name":"IMAGE","type":"IMAGE","links":[55,65,649],"slot_index":0,"shape":3,"label":"图像"},{"name":"MASK","type":"MASK","links":null,"shape":3,"label":"遮罩"}],"properties":{"Node name for S&R":"LoadImage"},"widgets_values":["0-1.png","image"]},{"id":288,"type":"Reroute","pos":{"0":590,"1":-180},"size":[75,26],"flags":{},"order":14,"mode":0,"inputs":[{"name":"","type":"*","link":649}],"outputs":[{"name":"","type":"IMAGE","links":[650],"slot_index":0}],"properties":{"showOutputText":false,"horizontal":false}},{"id":289,"type":"Reroute","pos":{"0":2010,"1":-200},"size":[75,26],"flags":{},"order":21,"mode":0,"inputs":[{"name":"","type":"*","link":650}],"outputs":[{"name":"","type":"IMAGE","links":[651],"slot_index":0}],"properties":{"showOutputText":false,"horizontal":false}},{"id":121,"type":"Reroute","pos":{"0":600,"1":-1650},"size":[75,26],"flags":{},"order":41,"mode":0,"inputs":[{"name":"","type":"*","link":50,"label":""}],"outputs":[{"name":"","type":"IMAGE","links":[45,46,653],"slot_index":0,"label":""}],"properties":{"showOutputText":false,"horizontal":false}},{"id":135,"type":"Image Comparer (rgthree)","pos":{"0":2070,"1":-1550},"size":{"0":410,"1":620},"flags":{},"order":45,"mode":0,"inputs":[{"name":"image_a","type":"IMAGE","link":653,"label":"图像_A","dir":3},{"name":"image_b","type":"IMAGE","link":652,"label":"图像_B","dir":3}],"outputs":[],"properties":{"comparer_mode":"Slide"},"widgets_values":[[{"name":"A","selected":true,"url":"/api/view?filename=rgthree.compare._temp_mifgp_00089_.png&type=temp&subfolder=&rand=0.7577298781054227"},{"name":"B","selected":true,"url":"/api/view?filename=rgthree.compare._temp_mifgp_00090_.png&type=temp&subfolder=&rand=0.9880988472728405"}]]},{"id":285,"type":"Reroute","pos":{"0":440,"1":-980},"size":[75,26],"flags":{},"order":29,"mode":0,"inputs":[{"name":"","type":"*","link":636}],"outputs":[{"name":"","type":"MODEL","links":[637],"slot_index":0}],"properties":{"showOutputText":false,"horizontal":false}},{"id":273,"type":"TTKeywordMap","pos":{"0":210,"1":-690},"size":{"0":315,"1":130},"flags":{},"order":17,"mode":2,"inputs":[{"name":"replace_text","type":"LIST","link":622,"label":"replace_text"}],"outputs":[{"name":"关键词映射","type":"STRING","links":[655],"slot_index":0,"shape":3,"label":"关键词映射"}],"properties":{"Node name for S&R":"TTKeywordMap"},"widgets_values":[0,0,0,"flowing raven brown hair, sexy, deep brown eyes, red lipstick, big chest"]},{"id":95,"type":"Seed Generator","pos":{"0":680,"1":-450},"size":{"0":315,"1":82},"flags":{},"order":8,"mode":0,"inputs":[],"outputs":[{"name":"INT","type":"INT","links":[37],"slot_index":0,"shape":3,"label":"INT"}],"properties":{"Node name for S&R":"Seed Generator"},"widgets_values":[402651265794396,"randomize"]},{"id":291,"type":"easy showAnything","pos":{"0":390,"1":-490},"size":{"0":370,"1":210},"flags":{"collapsed":true},"order":22,"mode":0,"inputs":[{"name":"anything","type":"*","link":655,"label":"输入任何"}],"outputs":[{"name":"output","type":"*","links":null,"slot_index":0,"shape":3}],"properties":{"Node name for S&R":"easy showAnything"},"widgets_values":[]},{"id":293,"type":"Save Image To OSS And Display","pos":{"0":2840,"1":-900},"size":{"0":315,"1":106},"flags":{},"order":46,"mode":4,"inputs":[{"name":"images","type":"IMAGE","link":658,"label":"images"}],"outputs":[],"properties":{"Node name for S&R":"Save Image To OSS And Display"},"widgets_values":["comfyui/clothes_change/1011胶衣背景调整","PNG",5]},{"id":287,"type":"ReActorFaceSwap","pos":{"0":2460,"1":-750},"size":{"0":315,"1":382},"flags":{},"order":42,"mode":0,"inputs":[{"name":"input_image","type":"IMAGE","link":648,"label":"目标图像"},{"name":"source_image","type":"IMAGE","link":651,"label":"源图像"},{"name":"face_model","type":"FACE_MODEL","link":null,"label":"面部模型"},{"name":"face_boost","type":"FACE_BOOST","link":null,"label":"面部增强"}],"outputs":[{"name":"IMAGE","type":"IMAGE","links":[652,658],"slot_index":0,"shape":3,"label":"图像"},{"name":"FACE_MODEL","type":"FACE_MODEL","links":null,"shape":3,"label":"面部模型"}],"properties":{"Node name for S&R":"ReActorFaceSwap"},"widgets_values":[true,"inswapper_128.onnx","retinaface_resnet50","GPEN-BFR-2048.onnx",1,0.5,"no","no","0","0",1,1]},{"id":298,"type":"Reroute","pos":{"0":620,"1":-650},"size":[75,26],"flags":{},"order":16,"mode":0,"inputs":[{"name":"","type":"*","link":663,"widget":{"name":"value"}}],"outputs":[{"name":"","type":"STRING","links":[664],"slot_index":0}],"properties":{"showOutputText":false,"horizontal":false}},{"id":89,"type":"KSampler","pos":{"0":1640,"1":-690},"size":{"0":315,"1":262},"flags":{},"order":36,"mode":0,"inputs":[{"name":"model","type":"MODEL","link":53,"label":"模型"},{"name":"positive","type":"CONDITIONING","link":33,"label":"正面条件"},{"name":"negative","type":"CONDITIONING","link":36,"label":"负面条件"},{"name":"latent_image","type":"LATENT","link":15,"label":"Latent"},{"name":"seed","type":"INT","link":39,"widget":{"name":"seed"},"label":"随机种"}],"outputs":[{"name":"LATENT","type":"LATENT","links":[3],"shape":3,"label":"Latent"}],"properties":{"Node name for S&R":"KSampler"},"widgets_values":[242098514525304,"randomize",7,2,"dpmpp_sde_gpu","karras",0.6]},{"id":4,"type":"CLIPTextEncode","pos":{"0":780,"1":-710},"size":{"0":400,"1":200},"flags":{"collapsed":true},"order":25,"mode":0,"inputs":[{"name":"clip","type":"CLIP","link":579,"label":"CLIP"},{"name":"text","type":"STRING","link":664,"widget":{"name":"text"},"label":"文本"}],"outputs":[{"name":"CONDITIONING","type":"CONDITIONING","links":[31],"slot_index":0,"shape":3,"label":"条件"}],"properties":{"Node name for S&R":"CLIPTextEncode"},"widgets_values":["score_9, score_8_up, score_7_up, score_6_up,1female\\(solo,long flowing brown hair,green eyes, gold-rimmed glasses,Big chest,plump,)),wet,beautiful,every movement is languid and alluring,underwear,\\),safe,best quality, very aesthetic, absurdres, grainy,high resolution,HD,grainy",true]},{"id":286,"type":"easy prompt","pos":{"0":2680,"1":-1600},"size":{"0":400,"1":200},"flags":{},"order":9,"mode":0,"inputs":[],"outputs":[{"name":"prompt","type":"STRING","links":[663],"slot_index":0,"shape":3,"label":"prompt"}],"properties":{"Node name for S&R":"easy prompt"},"widgets_values":["score_9, score_8_up, score_7_up, score_6_up,1female\\(flowing raven brown hair, sexy, deep brown eyes, red lipstick, big chest,wear glasses,BREAK,Catgirl,cat_clothes,alluring_posture,(full body),(furry pointed ears),(long furry tail), furry patterned bra,(tail),show off the sexy posture of the tail,(Cat themed plush clothes),mischievous yet seductive expression,radiating an aura of feline mystique and animal magnetism,surrounded by soft pastel drapes and flickering candlelight, soft,pink\\),safe,best quality, very aesthetic, absurdres,high resolution,HD,Depth of field, storytelling composition, realistic light and shadow,4k","none","none",true]}],"links":[[3,89,0,48,0,"LATENT"],[9,86,0,87,3,"LATENT"],[10,87,0,88,0,"LATENT"],[15,88,0,89,3,"LATENT"],[16,48,0,98,0,"IMAGE"],[23,112,0,113,0,"*"],[24,113,0,48,1,"VAE"],[30,115,0,5,0,"CLIP"],[31,4,0,116,0,"*"],[32,116,0,87,1,"CONDITIONING"],[33,116,0,89,1,"CONDITIONING"],[34,5,0,117,0,"*"],[35,117,0,87,2,"CONDITIONING"],[36,117,0,89,2,"CONDITIONING"],[37,95,0,118,0,"*"],[38,118,0,87,4,"INT"],[39,118,0,89,4,"INT"],[42,120,0,109,0,"IMAGE"],[43,120,0,119,0,"IMAGE"],[45,121,0,103,0,"IMAGE"],[46,121,0,119,1,"IMAGE"],[47,87,0,122,0,"LATENT"],[48,113,0,122,1,"VAE"],[49,122,0,120,0,"*"],[50,98,0,121,0,"*"],[51,114,0,127,0,"MODEL"],[52,127,0,87,0,"MODEL"],[53,127,0,89,0,"MODEL"],[55,131,0,129,2,"IMAGE"],[60,132,0,114,0,"*"],[61,133,0,129,5,"CLIP_VISION"],[65,131,0,134,0,"*"],[84,1,2,112,0,"*"],[579,115,0,4,0,"CLIP"],[622,274,0,273,0,"LIST"],[624,276,0,274,0,"STRING"],[626,278,0,274,1,"STRING"],[627,279,0,274,2,"STRING"],[635,284,1,129,1,"IPADAPTER"],[636,129,0,285,0,"*"],[637,285,0,132,0,"*"],[638,284,0,129,0,"MODEL"],[639,283,0,284,0,"MODEL"],[642,1,0,282,0,"MODEL"],[643,1,1,282,1,"CLIP"],[644,282,0,283,0,"*"],[645,282,1,115,0,"*"],[648,98,0,287,0,"IMAGE"],[649,131,0,288,0,"*"],[650,288,0,289,0,"*"],[651,289,0,287,1,"IMAGE"],[652,287,0,135,1,"IMAGE"],[653,121,0,135,0,"IMAGE"],[655,273,0,291,0,"*"],[658,287,0,293,0,"IMAGE"],[663,286,0,298,0,"*"],[664,298,0,4,1,"STRING"]],"groups":[{"title":"prompt","bounding":[-550,-780,1070,450],"color":"#b58b2a","font_size":24,"flags":{}},{"title":"Group","bounding":[-1180,-920,460,410],"color":"#3f789e","font_size":24,"flags":{}},{"title":"ipadapter","bounding":[-360,-1530,835,612],"color":"#8AA","font_size":24,"flags":{}},{"title":"Group","bounding":[620,-1590,1870,690],"color":"#3f789e","font_size":24,"flags":{}},{"title":"加载","bounding":[560,-770,480,410],"color":"#b58b2a","font_size":24,"flags":{}},{"title":"缩放","bounding":[2010,-800,810,430],"color":"#3f789e","font_size":24,"flags":{}},{"title":"采样","bounding":[1140,-790,845,406],"color":"#b06634","font_size":24,"flags":{}},{"title":"Group","bounding":[200,-720,140,80],"color":"#3f789e","font_size":24,"flags":{}}],"config":{},"extra":{"ds":{"scale":0.7972024500000066,"offset":[-1450.6836865524933,1795.2480353664535]},"workspace_info":{"id":"GkyFABlv_0DIBAq8GrvnS","saveLock":false,"cloudID":null,"coverMediaPath":null}},"version":0.4}