{"last_node_id":454,"last_link_id":881,"nodes":[{"id":118,"type":"Reroute","pos":{"0":1190,"1":-590},"size":[75,26],"flags":{},"order":10,"mode":0,"inputs":[{"name":"","type":"*","link":37,"label":"","widget":{"name":"value"}}],"outputs":[{"name":"","type":"INT","links":[38,39],"slot_index":0,"label":""}],"properties":{"showOutputText":false,"horizontal":false}},{"id":113,"type":"Reroute","pos":{"0":1230,"1":-250},"size":[75,26],"flags":{},"order":18,"mode":0,"inputs":[{"name":"","type":"*","link":23,"label":""}],"outputs":[{"name":"","type":"VAE","links":[24,48],"slot_index":0,"label":""}],"properties":{"showOutputText":false,"horizontal":false}},{"id":48,"type":"VAEDecode","pos":{"0":1950,"1":-220},"size":{"0":210,"1":46},"flags":{"collapsed":true},"order":33,"mode":0,"inputs":[{"name":"samples","type":"LATENT","link":3,"label":"Latent"},{"name":"vae","type":"VAE","link":24,"label":"VAE"}],"outputs":[{"name":"IMAGE","type":"IMAGE","links":[16],"shape":3,"label":"图像"}],"properties":{"Node name for S&R":"VAEDecode"},"widgets_values":[]},{"id":122,"type":"VAEDecode","pos":{"0":1400,"1":-220},"size":{"0":210,"1":46},"flags":{"collapsed":true},"order":30,"mode":0,"inputs":[{"name":"samples","type":"LATENT","link":47,"label":"Latent"},{"name":"vae","type":"VAE","link":48,"label":"VAE"}],"outputs":[{"name":"IMAGE","type":"IMAGE","links":[49],"slot_index":0,"shape":3,"label":"图像"}],"properties":{"Node name for S&R":"VAEDecode"},"widgets_values":[]},{"id":117,"type":"Reroute","pos":{"0":1190,"1":-630},"size":[75,26],"flags":{},"order":24,"mode":0,"inputs":[{"name":"","type":"*","link":34,"label":""}],"outputs":[{"name":"","type":"CONDITIONING","links":[35,36],"slot_index":0,"label":""}],"properties":{"showOutputText":false,"horizontal":false}},{"id":116,"type":"Reroute","pos":{"0":1190,"1":-700},"size":[75,26],"flags":{},"order":25,"mode":0,"inputs":[{"name":"","type":"*","link":31,"label":""}],"outputs":[{"name":"","type":"CONDITIONING","links":[32,33],"slot_index":0,"label":""}],"properties":{"showOutputText":false,"horizontal":false}},{"id":120,"type":"Reroute","pos":{"0":590,"1":-1750},"size":[75,26],"flags":{},"order":32,"mode":0,"inputs":[{"name":"","type":"*","link":49,"label":""}],"outputs":[{"name":"","type":"IMAGE","links":[42,43],"slot_index":0,"label":""}],"properties":{"showOutputText":false,"horizontal":false}},{"id":134,"type":"Reroute","pos":{"0":600,"1":-1700},"size":[75,26],"flags":{},"order":14,"mode":0,"inputs":[{"name":"","type":"*","link":65,"label":""}],"outputs":[{"name":"","type":"IMAGE","links":[],"slot_index":0,"label":""}],"properties":{"showOutputText":false,"horizontal":false}},{"id":112,"type":"Reroute","pos":{"0":580,"1":-240},"size":[75,26],"flags":{},"order":13,"mode":0,"inputs":[{"name":"","type":"*","link":84,"label":""}],"outputs":[{"name":"","type":"VAE","links":[23],"slot_index":0,"label":""}],"properties":{"showOutputText":false,"horizontal":false}},{"id":129,"type":"IPAdapterAdvanced","pos":{"0":120,"1":-1440},"size":{"0":315,"1":278},"flags":{},"order":20,"mode":0,"inputs":[{"name":"model","type":"MODEL","link":668,"label":"模型"},{"name":"ipadapter","type":"IPADAPTER","link":669,"label":"IPAdapter"},{"name":"image","type":"IMAGE","link":55,"label":"正面图像"},{"name":"image_negative","type":"IMAGE","link":null,"label":"负面图像","shape":7},{"name":"attn_mask","type":"MASK","link":null,"label":"关注层遮罩","shape":7},{"name":"clip_vision","type":"CLIP_VISION","link":61,"label":"CLIP视觉","shape":7}],"outputs":[{"name":"MODEL","type":"MODEL","links":[636],"slot_index":0,"shape":3,"label":"模型"}],"properties":{"Node name for S&R":"IPAdapterAdvanced"},"widgets_values":[0.5,"weak input","norm average",0.2,0.8,"V only"]},{"id":133,"type":"CLIPVisionLoader","pos":{"0":120,"1":-1100},"size":{"0":315,"1":58},"flags":{},"order":0,"mode":0,"inputs":[],"outputs":[{"name":"CLIP_VISION","type":"CLIP_VISION","links":[61],"shape":3,"label":"CLIP视觉"}],"properties":{"Node name for S&R":"CLIPVisionLoader"},"widgets_values":["CLIP-ViT-H-14-laion2B-s32B-b79K.safetensors"]},{"id":283,"type":"Reroute","pos":{"0":-390,"1":-1260},"size":[75,26],"flags":{},"order":16,"mode":0,"inputs":[{"name":"","type":"*","link":644,"label":""}],"outputs":[{"name":"","type":"MODEL","links":[668],"slot_index":0,"label":""}],"properties":{"showOutputText":false,"horizontal":false}},{"id":115,"type":"Reroute","pos":{"0":-550,"1":-1010},"size":[75,26],"flags":{},"order":17,"mode":0,"inputs":[{"name":"","type":"*","link":645,"label":""}],"outputs":[{"name":"","type":"CLIP","links":[30,579],"slot_index":0,"label":""}],"properties":{"showOutputText":false,"horizontal":false}},{"id":285,"type":"Reroute","pos":{"0":440,"1":-980},"size":[75,26],"flags":{},"order":23,"mode":0,"inputs":[{"name":"","type":"*","link":636,"label":""}],"outputs":[{"name":"","type":"MODEL","links":[637],"slot_index":0,"label":""}],"properties":{"showOutputText":false,"horizontal":false}},{"id":95,"type":"Seed Generator","pos":{"0":680,"1":-450},"size":{"0":315,"1":82},"flags":{},"order":1,"mode":0,"inputs":[],"outputs":[{"name":"INT","type":"INT","links":[37],"slot_index":0,"shape":3,"label":"INT"}],"properties":{"Node name for S&R":"Seed Generator"},"widgets_values":[18876507983966,"randomize"]},{"id":5,"type":"CLIPTextEncode","pos":{"0":810,"1":-660},"size":{"0":400,"1":200},"flags":{"collapsed":true},"order":21,"mode":0,"inputs":[{"name":"clip","type":"CLIP","link":30,"label":"CLIP"}],"outputs":[{"name":"CONDITIONING","type":"CONDITIONING","links":[34],"slot_index":0,"shape":3,"label":"条件"}],"properties":{"Node name for S&R":"CLIPTextEncode"},"widgets_values":["score_4, score_3, score_2, score_1, source_pony, source_furry, source_cartoon,lowres, bad,(bad leg), Excess legs, excess hands, naked,\nerror, fewer, extra, missing, worst quality, jpeg artifacts, bad quality, watermark, signature, extra digits, artistic error, username, abstract, artist logo, artist name, signature, bad fingers, bad hand,embedding:Morenegative_Stable_Yogi-neg, ",true]},{"id":109,"type":"PreviewImage","pos":{"0":650,"1":-1540},"size":{"0":450,"1":630},"flags":{},"order":34,"mode":0,"inputs":[{"name":"images","type":"IMAGE","link":42,"label":"图像"}],"outputs":[],"properties":{"Node name for S&R":"PreviewImage"},"widgets_values":[]},{"id":132,"type":"Reroute","pos":{"0":640,"1":-710},"size":[75,26],"flags":{},"order":26,"mode":0,"inputs":[{"name":"","type":"*","link":637,"label":""}],"outputs":[{"name":"","type":"MODEL","links":[60],"slot_index":0,"label":""}],"properties":{"showOutputText":false,"horizontal":false}},{"id":291,"type":"easy showAnything","pos":{"0":130,"1":-550},"size":{"0":370,"1":210},"flags":{"collapsed":false},"order":19,"mode":0,"inputs":[{"name":"anything","type":"*","link":655,"label":"输入任何","shape":7}],"outputs":[{"name":"output","type":"*","links":null,"slot_index":0,"shape":3,"label":"output"}],"properties":{"Node name for S&R":"easy showAnything"},"widgets_values":["score_9, score_8_up, score_7_up, score_6_up,1female\\(long flowing brown hair, green eyes, gold-rimmed glasses, (Big chest), ((sexy)), plump,BREAK,,BREAK,business attire,white shirt,beside the desk,office,\\),safe,best quality, very aesthetic, absurdres,high resolution,HD,Depth of field, storytelling composition, realistic light and shadow,4k"]},{"id":282,"type":"LoraLoader","pos":{"0":-1100,"1":-890},"size":{"0":315,"1":126},"flags":{},"order":12,"mode":0,"inputs":[{"name":"model","type":"MODEL","link":642,"label":"模型"},{"name":"clip","type":"CLIP","link":643,"label":"CLIP"}],"outputs":[{"name":"MODEL","type":"MODEL","links":[644],"slot_index":0,"shape":3,"label":"模型"},{"name":"CLIP","type":"CLIP","links":[645],"slot_index":1,"shape":3,"label":"CLIP"}],"properties":{"Node name for S&R":"LoraLoader"},"widgets_values":["sdxl/realism_sdxl.safetensors",0.8,1]},{"id":86,"type":"EmptyLatentImage","pos":{"0":670,"1":-590},"size":{"0":315,"1":106},"flags":{},"order":2,"mode":0,"inputs":[],"outputs":[{"name":"LATENT","type":"LATENT","links":[9],"slot_index":0,"shape":3,"label":"Latent"}],"properties":{"Node name for S&R":"EmptyLatentImage"},"widgets_values":[520,688,1]},{"id":274,"type":"Text List","pos":{"0":-200,"1":-770},"size":{"0":315,"1":202},"flags":{},"order":11,"mode":0,"inputs":[{"name":"text_a","type":"STRING","link":624,"widget":{"name":"text_a"},"label":"文本_A"},{"name":"text_b","type":"STRING","link":850,"widget":{"name":"text_b"},"label":"文本_B"},{"name":"text_c","type":"STRING","link":627,"widget":{"name":"text_c"},"label":"文本_C"},{"name":"text_d","type":"STRING","link":null,"widget":{"name":"text_d"},"label":"文本_D"},{"name":"text_e","type":"STRING","link":null,"widget":{"name":"text_e"},"label":"文本_E"},{"name":"text_f","type":"STRING","link":null,"widget":{"name":"text_f"},"label":"文本_F"},{"name":"text_g","type":"STRING","link":null,"widget":{"name":"text_g"},"label":"文本_g"}],"outputs":[{"name":"LIST","type":"LIST","links":[849],"slot_index":0,"shape":3,"label":"列表"}],"properties":{"Node name for S&R":"Text List"},"widgets_values":["","","","","","",""]},{"id":440,"type":"Primitive string [Crystools]","pos":{"0":-550,"1":-580},"size":{"0":315,"1":58},"flags":{},"order":3,"mode":0,"inputs":[],"outputs":[{"name":"string","type":"STRING","links":[850],"slot_index":0,"shape":3,"label":"字符串"}],"properties":{"Node name for S&R":"Primitive string [Crystools]"},"widgets_values":["back"]},{"id":300,"type":"IPAdapterModelLoader","pos":{"0":-290,"1":-1410},"size":{"0":315,"1":58},"flags":{},"order":4,"mode":0,"inputs":[],"outputs":[{"name":"IPADAPTER","type":"IPADAPTER","links":[669],"slot_index":0,"label":"IPAdapter"}],"properties":{"Node name for S&R":"IPAdapterModelLoader"},"widgets_values":["ip-adapter-plus-face_sdxl_vit-h.safetensors"]},{"id":273,"type":"TTKeywordMap","pos":{"0":170,"1":-750},"size":{"0":315,"1":130},"flags":{},"order":15,"mode":0,"inputs":[{"name":"replace_text","type":"LIST","link":849,"label":"replace_text"}],"outputs":[{"name":"关键词映射","type":"STRING","links":[655,851],"slot_index":0,"shape":3,"label":"关键词映射"}],"properties":{"Node name for S&R":"TTKeywordMap"},"widgets_values":[0,0,0,"long flowing brown hair, green eyes, gold-rimmed glasses, (Big chest), ((sexy)), plump"]},{"id":279,"type":"Primitive string [Crystools]","pos":{"0":-520,"1":-440},"size":{"0":315,"1":58},"flags":{},"order":5,"mode":0,"inputs":[],"outputs":[{"name":"string","type":"STRING","links":[627],"shape":3,"label":"字符串"}],"properties":{"Node name for S&R":"Primitive string [Crystools]"},"widgets_values":["scarlett·hayes_clothes"]},{"id":4,"type":"CLIPTextEncode","pos":{"0":820,"1":-730},"size":{"0":400,"1":200},"flags":{"collapsed":true},"order":22,"mode":0,"inputs":[{"name":"clip","type":"CLIP","link":579,"label":"CLIP"},{"name":"text","type":"STRING","link":851,"widget":{"name":"text"},"label":"文本"}],"outputs":[{"name":"CONDITIONING","type":"CONDITIONING","links":[31],"slot_index":0,"shape":3,"label":"条件"}],"properties":{"Node name for S&R":"CLIPTextEncode"},"widgets_values":["score_9, score_8_up, score_7_up, score_6_up,1female\\(solo,long flowing brown hair,green eyes, gold-rimmed glasses,Big chest,plump,)),wet,beautiful,every movement is languid and alluring,underwear,\\),safe,best quality, very aesthetic, absurdres, grainy,high resolution,HD,grainy",true]},{"id":276,"type":"Primitive string [Crystools]","pos":{"0":-550,"1":-710},"size":{"0":315,"1":58},"flags":{},"order":6,"mode":0,"inputs":[],"outputs":[{"name":"string","type":"STRING","links":[624],"shape":3,"label":"字符串"}],"properties":{"Node name for S&R":"Primitive string [Crystools]"},"widgets_values":["chest"]},{"id":1,"type":"CheckpointLoader|pysssss","pos":{"0":-1130,"1":-720},"size":{"0":370,"1":170},"flags":{},"order":7,"mode":0,"inputs":[],"outputs":[{"name":"MODEL","type":"MODEL","links":[642],"slot_index":0,"shape":3,"label":"模型"},{"name":"CLIP","type":"CLIP","links":[643],"slot_index":1,"shape":3,"label":"CLIP"},{"name":"VAE","type":"VAE","links":[84],"slot_index":2,"shape":3,"label":"VAE"},{"name":"STRING","type":"STRING","links":null,"shape":3,"label":"STRING"}],"properties":{"Node name for S&R":"CheckpointLoader|pysssss"},"widgets_values":[{"content":"sdxl/Dices_DreamDiffusion_XL_Lightning_v0.2.safetensors","image":null},"[none]"]},{"id":89,"type":"KSampler","pos":{"0":1670,"1":-730},"size":{"0":315,"1":262},"flags":{},"order":31,"mode":0,"inputs":[{"name":"model","type":"MODEL","link":876,"label":"模型"},{"name":"positive","type":"CONDITIONING","link":33,"label":"正面条件"},{"name":"negative","type":"CONDITIONING","link":36,"label":"负面条件"},{"name":"latent_image","type":"LATENT","link":15,"label":"Latent"},{"name":"seed","type":"INT","link":39,"widget":{"name":"seed"},"label":"随机种"}],"outputs":[{"name":"LATENT","type":"LATENT","links":[3],"shape":3,"label":"Latent"}],"properties":{"Node name for S&R":"KSampler"},"widgets_values":[293172004705418,"randomize",7,2,"dpmpp_sde_gpu","karras",0.6]},{"id":448,"type":"Florence2ModelLoader","pos":{"0":2120,"1":-560},"size":{"0":315,"1":106},"flags":{},"order":8,"mode":0,"inputs":[{"name":"lora","type":"PEFTLORA","link":null,"shape":7,"label":"LoRA"}],"outputs":[{"name":"florence2_model","type":"FL2MODEL","links":[863],"label":"Florence2"}],"properties":{"Node name for S&R":"Florence2ModelLoader"},"widgets_values":["Florence-2-large-ft","fp16","sdpa"]},{"id":446,"type":"ShowText|pysssss","pos":{"0":3020,"1":-760},"size":[370,180],"flags":{},"order":40,"mode":0,"inputs":[{"name":"text","type":"STRING","link":861,"widget":{"name":"text"},"label":"文本"}],"outputs":[{"name":"STRING","type":"STRING","links":[],"shape":6,"label":"字符串","slot_index":0}],"properties":{"Node name for S&R":"ShowText|pysssss"},"widgets_values":["","In this image we can see a woman sitting on the chair in front of the table and holding a pen in her hand. We can also see some papers on the table. In the background, we can a monitor, keyboard and some files placed in the shelves."]},{"id":87,"type":"KSampler","pos":{"0":1310,"1":-730},"size":{"0":320,"1":260},"flags":{},"order":28,"mode":0,"inputs":[{"name":"model","type":"MODEL","link":875,"label":"模型"},{"name":"positive","type":"CONDITIONING","link":32,"label":"正面条件"},{"name":"negative","type":"CONDITIONING","link":35,"label":"负面条件"},{"name":"latent_image","type":"LATENT","link":9,"label":"Latent"},{"name":"seed","type":"INT","link":38,"widget":{"name":"seed"},"label":"随机种"}],"outputs":[{"name":"LATENT","type":"LATENT","links":[10,47],"slot_index":0,"shape":3,"label":"Latent"}],"properties":{"Node name for S&R":"KSampler"},"widgets_values":[642368976414611,"randomize",7,2,"dpmpp_sde_gpu","karras",1]},{"id":88,"type":"LatentUpscaleBy","pos":{"0":1690,"1":-810},"size":{"0":315,"1":82},"flags":{"collapsed":true},"order":29,"mode":0,"inputs":[{"name":"samples","type":"LATENT","link":10,"label":"Latent"}],"outputs":[{"name":"LATENT","type":"LATENT","links":[15],"shape":3,"label":"Latent"}],"properties":{"Node name for S&R":"LatentUpscaleBy"},"widgets_values":["nearest-exact",2]},{"id":114,"type":"Reroute","pos":{"0":1200,"1":-740},"size":[75,26],"flags":{},"order":27,"mode":0,"inputs":[{"name":"","type":"*","link":60,"label":""}],"outputs":[{"name":"","type":"MODEL","links":[875,876],"slot_index":0,"label":""}],"properties":{"showOutputText":false,"horizontal":false}},{"id":441,"type":"Florence2Run","pos":{"0":2480,"1":-720},"size":{"0":400,"1":352},"flags":{},"order":37,"mode":0,"inputs":[{"name":"image","type":"IMAGE","link":852,"label":"图像"},{"name":"florence2_model","type":"FL2MODEL","link":863,"label":"Florence2"}],"outputs":[{"name":"image","type":"IMAGE","links":null,"slot_index":0,"label":"图像"},{"name":"mask","type":"MASK","links":null,"label":"遮罩"},{"name":"caption","type":"STRING","links":[861],"slot_index":2,"label":"caption"},{"name":"data","type":"JSON","links":[],"label":"json数据","slot_index":3}],"properties":{"Node name for S&R":"Florence2Run"},"widgets_values":["","detailed_caption",true,false,1024,3,true,"",1020250585489655,"randomize",true]},{"id":98,"type":"ImageScale","pos":{"0":2110,"1":-790},"size":{"0":315,"1":130},"flags":{"collapsed":false},"order":35,"mode":0,"inputs":[{"name":"image","type":"IMAGE","link":16,"label":"图像"}],"outputs":[{"name":"IMAGE","type":"IMAGE","links":[50,852],"slot_index":0,"shape":3,"label":"图像"}],"properties":{"Node name for S&R":"ImageScale"},"widgets_values":["nearest-exact",1024,1366,"center"]},{"id":121,"type":"Reroute","pos":{"0":600,"1":-1650},"size":[75,26],"flags":{},"order":36,"mode":0,"inputs":[{"name":"","type":"*","link":50,"label":""}],"outputs":[{"name":"","type":"IMAGE","links":[45,46],"slot_index":0,"label":""}],"properties":{"showOutputText":false,"horizontal":false}},{"id":103,"type":"PreviewImage","pos":{"0":1190,"1":-1510},"size":{"0":420,"1":630},"flags":{},"order":38,"mode":0,"inputs":[{"name":"images","type":"IMAGE","link":45,"label":"图像"}],"outputs":[],"properties":{"Node name for S&R":"PreviewImage"},"widgets_values":[]},{"id":119,"type":"Image Comparer (rgthree)","pos":{"0":1640,"1":-1520},"size":{"0":410,"1":620},"flags":{},"order":39,"mode":0,"inputs":[{"name":"image_a","type":"IMAGE","link":43,"label":"图像_A","dir":3},{"name":"image_b","type":"IMAGE","link":46,"label":"图像_B","dir":3}],"outputs":[],"properties":{"comparer_mode":"Slide"},"widgets_values":[[{"name":"A","selected":true,"url":"/api/view?filename=rgthree.compare._temp_plbyn_00001_.png&type=temp&subfolder=&rand=0.7221212504108565"},{"name":"B","selected":true,"url":"/api/view?filename=rgthree.compare._temp_plbyn_00002_.png&type=temp&subfolder=&rand=0.42452926303447347"}]]},{"id":131,"type":"LoadImage","pos":{"0":-270,"1":-1240},"size":{"0":320,"1":310},"flags":{},"order":9,"mode":0,"inputs":[],"outputs":[{"name":"IMAGE","type":"IMAGE","links":[55,65],"slot_index":0,"shape":3,"label":"图像"},{"name":"MASK","type":"MASK","links":null,"shape":3,"label":"遮罩"}],"properties":{"Node name for S&R":"LoadImage"},"widgets_values":["4-1 (1) (1).png","image"]}],"links":[[3,89,0,48,0,"LATENT"],[9,86,0,87,3,"LATENT"],[10,87,0,88,0,"LATENT"],[15,88,0,89,3,"LATENT"],[16,48,0,98,0,"IMAGE"],[23,112,0,113,0,"*"],[24,113,0,48,1,"VAE"],[30,115,0,5,0,"CLIP"],[31,4,0,116,0,"*"],[32,116,0,87,1,"CONDITIONING"],[33,116,0,89,1,"CONDITIONING"],[34,5,0,117,0,"*"],[35,117,0,87,2,"CONDITIONING"],[36,117,0,89,2,"CONDITIONING"],[37,95,0,118,0,"*"],[38,118,0,87,4,"INT"],[39,118,0,89,4,"INT"],[42,120,0,109,0,"IMAGE"],[43,120,0,119,0,"IMAGE"],[45,121,0,103,0,"IMAGE"],[46,121,0,119,1,"IMAGE"],[47,87,0,122,0,"LATENT"],[48,113,0,122,1,"VAE"],[49,122,0,120,0,"*"],[50,98,0,121,0,"*"],[55,131,0,129,2,"IMAGE"],[60,132,0,114,0,"*"],[61,133,0,129,5,"CLIP_VISION"],[65,131,0,134,0,"*"],[84,1,2,112,0,"*"],[579,115,0,4,0,"CLIP"],[624,276,0,274,0,"STRING"],[627,279,0,274,2,"STRING"],[636,129,0,285,0,"*"],[637,285,0,132,0,"*"],[642,1,0,282,0,"MODEL"],[643,1,1,282,1,"CLIP"],[644,282,0,283,0,"*"],[645,282,1,115,0,"*"],[655,273,0,291,0,"*"],[668,283,0,129,0,"MODEL"],[669,300,0,129,1,"IPADAPTER"],[849,274,0,273,0,"LIST"],[850,440,0,274,1,"STRING"],[851,273,0,4,1,"STRING"],[852,98,0,441,0,"IMAGE"],[861,441,2,446,0,"STRING"],[863,448,0,441,1,"FL2MODEL"],[875,114,0,87,0,"MODEL"],[876,114,0,89,0,"MODEL"]],"groups":[{"title":"prompt","bounding":[-560,-840,1070,450],"color":"#b58b2a","font_size":24,"flags":{}},{"title":"Group","bounding":[-1180,-920,460,410],"color":"#3f789e","font_size":24,"flags":{}},{"title":"ipadapter","bounding":[-360,-1530,835,612],"color":"#8AA","font_size":24,"flags":{}},{"title":"Group","bounding":[620,-1590,1460,700],"color":"#3f789e","font_size":24,"flags":{}},{"title":"加载","bounding":[560,-770,480,410],"color":"#b58b2a","font_size":24,"flags":{}},{"title":"缩放","bounding":[2050,-830,380,460],"color":"#3f789e","font_size":24,"flags":{}},{"title":"采样","bounding":[1180,-840,845,406],"color":"#b06634","font_size":24,"flags":{}},{"title":"Group","bounding":[200,-720,140,80],"color":"#3f789e","font_size":24,"flags":{}}],"config":{},"extra":{"ds":{"scale":0.4950000000000237,"offset":[87.84375543754322,1489.451719703582]},"workspace_info":{"id":"A0EVgGgGc2ErpOS5asuxp","saveLock":false,"cloudID":null,"coverMediaPath":null}},"version":0.4}