{"last_node_id":38,"last_link_id":54,"nodes":[{"id":33,"type":"Show any to JSON [Crystools]","pos":{"0":1470,"1":-780},"size":{"0":210,"1":80},"flags":{},"order":8,"mode":0,"inputs":[{"name":"any_value","type":"*","link":44,"label":"任意值","shape":7}],"outputs":[{"name":"string","type":"STRING","links":[46],"slot_index":0,"shape":3,"label":"字符串"}],"properties":{"Node name for S&R":"Show any to JSON [Crystools]"}},{"id":35,"type":"Display Any (rgthree)","pos":{"0":1450,"1":-590},"size":{"0":270,"1":120},"flags":{},"order":9,"mode":0,"inputs":[{"name":"source","type":"*","link":46,"label":"输入","dir":3}],"outputs":[],"properties":{"Node name for S&R":"Display Any (rgthree)"},"widgets_values":["\"(False, ['/home/star/ssd/ssd_1/ComfyUI/temp/faceplay-1009-01_00003.png', '/home/star/ssd/ssd_1/ComfyUI/temp/faceplay-1009-01_00003.mp4', '/home/star/ssd/ssd_1/ComfyUI/temp/faceplay-1009-01_00003-audio.mp4'])\""]},{"id":18,"type":"Display Any (rgthree)","pos":{"0":700,"1":-810},"size":{"0":310,"1":240},"flags":{},"order":3,"mode":0,"inputs":[{"name":"source","type":"*","link":18,"label":"输入","dir":3}],"outputs":[],"properties":{"Node name for S&R":"Display Any (rgthree)"},"widgets_values":["{\"source_fps\": 30.0, \"source_frame_count\": 287, \"source_duration\": 9.566666666666666, \"source_width\": 576, \"source_height\": 1024, \"loaded_fps\": 30.0, \"loaded_frame_count\": 287, \"loaded_duration\": 9.566666666666666, \"loaded_width\": 576, \"loaded_height\": 1024}"]},{"id":38,"type":"Display Any (rgthree)","pos":{"0":990,"1":-1130},"size":{"0":210,"1":76},"flags":{},"order":6,"mode":0,"inputs":[{"name":"source","type":"*","link":54,"label":"输入","dir":3}],"outputs":[],"properties":{"Node name for S&R":"Display Any (rgthree)"},"widgets_values":["30.0"]},{"id":37,"type":"VHS_VideoInfoSource","pos":{"0":730,"1":-1130},"size":{"0":172,"1":106},"flags":{},"order":4,"mode":0,"inputs":[{"name":"video_info","type":"VHS_VIDEOINFO","link":52,"label":"视频信息"}],"outputs":[{"name":"fps🟨","type":"FLOAT","links":[53,54],"slot_index":0},{"name":"frame_count🟨","type":"INT","links":null},{"name":"duration🟨","type":"FLOAT","links":null},{"name":"width🟨","type":"INT","links":null},{"name":"height🟨","type":"INT","links":null}],"properties":{"Node name for S&R":"VHS_VideoInfoSource"},"widgets_values":{}},{"id":27,"type":"LoadImage","pos":{"0":270,"1":160},"size":[320,310],"flags":{},"order":0,"mode":0,"inputs":[],"outputs":[{"name":"IMAGE","type":"IMAGE","links":[50],"slot_index":0,"shape":3,"label":"图像"},{"name":"MASK","type":"MASK","links":null,"shape":3,"label":"遮罩"}],"properties":{"Node name for S&R":"LoadImage"},"widgets_values":["01 (4).png","image"]},{"id":10,"type":"VHS_LoadVideo","pos":{"0":240,"1":-810},"size":[340,840],"flags":{},"order":1,"mode":0,"inputs":[{"name":"meta_batch","type":"VHS_BatchManager","link":null,"label":"批次管理","shape":7},{"name":"vae","type":"VAE","link":null,"shape":7}],"outputs":[{"name":"IMAGE","type":"IMAGE","links":[27],"slot_index":0,"shape":3,"label":"图像"},{"name":"frame_count","type":"INT","links":[],"slot_index":1,"shape":3,"label":"帧计数"},{"name":"audio","type":"AUDIO","links":[49],"slot_index":2,"shape":3,"label":"音频"},{"name":"video_info","type":"VHS_VIDEOINFO","links":[18,52],"slot_index":3,"shape":3,"label":"视频信息"}],"properties":{"Node name for S&R":"VHS_LoadVideo"},"widgets_values":{"video":"面部模糊.mp4","force_rate":0,"force_size":"Disabled","custom_width":512,"custom_height":512,"frame_load_cap":0,"skip_first_frames":0,"select_every_nth":1,"choose video to upload":"image","videopreview":{"hidden":false,"paused":false,"params":{"frame_load_cap":0,"skip_first_frames":0,"force_rate":0,"filename":"面部模糊.mp4","type":"input","format":"video/mp4","select_every_nth":1},"muted":true}}},{"id":12,"type":"ReActorBuildFaceModel","pos":{"0":680,"1":-30},"size":{"0":350,"1":174},"flags":{},"order":2,"mode":0,"inputs":[{"name":"images","type":"IMAGE","link":50,"label":"图像","shape":7},{"name":"face_models","type":"FACE_MODEL","link":null,"shape":7}],"outputs":[{"name":"FACE_MODEL","type":"FACE_MODEL","links":[11],"slot_index":0,"shape":3}],"properties":{"Node name for S&R":"ReActorBuildFaceModel"},"widgets_values":[false,false,"default","Mean",1]},{"id":15,"type":"VHS_VideoCombine","pos":{"0":1110,"1":-800},"size":[310,860],"flags":{},"order":7,"mode":0,"inputs":[{"name":"images","type":"IMAGE","link":42,"label":"图像"},{"name":"audio","type":"AUDIO","link":49,"label":"音频","shape":7},{"name":"meta_batch","type":"VHS_BatchManager","link":null,"label":"批次管理","shape":7},{"name":"vae","type":"VAE","link":null,"shape":7},{"name":"frame_rate","type":"FLOAT","link":53,"widget":{"name":"frame_rate"},"label":"帧率"}],"outputs":[{"name":"Filenames","type":"VHS_FILENAMES","links":[44],"slot_index":0,"shape":3,"label":"文件名"}],"properties":{"Node name for S&R":"VHS_VideoCombine"},"widgets_values":{"frame_rate":15,"loop_count":0,"filename_prefix":"faceplay-1009-01","format":"video/nvenc_h264-mp4","pix_fmt":"yuv420p","bitrate":10,"megabit":true,"save_metadata":true,"pingpong":false,"save_output":false,"videopreview":{"hidden":false,"paused":false,"params":{"filename":"faceplay-1009-01_00003-audio.mp4","subfolder":"","type":"temp","format":"video/nvenc_h264-mp4","frame_rate":30},"muted":true}}},{"id":14,"type":"ReActorFaceSwap","pos":{"0":700,"1":-510},"size":{"0":315,"1":430},"flags":{},"order":5,"mode":0,"inputs":[{"name":"input_image","type":"IMAGE","link":27,"label":"目标图像"},{"name":"source_image","type":"IMAGE","link":null,"label":"源图像","shape":7},{"name":"face_model","type":"FACE_MODEL","link":11,"label":"面部模型","shape":7},{"name":"face_boost","type":"FACE_BOOST","link":null,"label":"面部增强","shape":7}],"outputs":[{"name":"IMAGE","type":"IMAGE","links":[42],"slot_index":0,"shape":3,"label":"图像"},{"name":"FACE_MODEL","type":"FACE_MODEL","links":null,"shape":3,"label":"面部模型"}],"properties":{"Node name for S&R":"ReActorFaceSwap"},"widgets_values":[true,"inswapper_128.onnx","retinaface_resnet50","GFPGANv1.4.pth",1,0.5,"no","no","0","0",1,4,false,4]}],"links":[[11,12,0,14,2,"FACE_MODEL"],[18,10,3,18,0,"*"],[27,10,0,14,0,"IMAGE"],[42,14,0,15,0,"IMAGE"],[44,15,0,33,0,"*"],[46,33,0,35,0,"*"],[49,10,2,15,1,"AUDIO"],[50,27,0,12,0,"IMAGE"],[52,10,3,37,0,"VHS_VIDEOINFO"],[53,37,0,15,4,"FLOAT"],[54,37,0,38,0,"*"]],"groups":[],"config":{},"extra":{"ds":{"scale":1.283902517749502,"offset":[-402.8447545131284,718.9910885231103]},"workspace_info":{"id":"aiVxTbEYD6lrl84xU_P_M","saveLock":false,"cloudID":null,"coverMediaPath":null}},"version":0.4}