{"last_node_id":47,"last_link_id":61,"nodes":[{"id":44,"type":"SaveAudioToOss","pos":{"0":750,"1":-230},"size":{"0":315,"1":58},"flags":{},"order":4,"mode":0,"inputs":[{"name":"audio","type":"AUDIO","link":57,"label":"audio"}],"outputs":[{"name":"JSON","type":"JSON","links":null,"label":"JSON"}],"properties":{"Node name for S&R":"SaveAudioToOss"},"widgets_values":["snapme/video"]},{"id":18,"type":"Display Any (rgthree)","pos":{"0":750,"1":-470},"size":{"0":320,"1":190},"flags":{},"order":5,"mode":0,"inputs":[{"name":"source","type":"*","link":18,"label":"输入","dir":3}],"outputs":[],"properties":{"Node name for S&R":"Display Any (rgthree)"},"widgets_values":["{\"source_fps\": 30.0, \"source_frame_count\": 200, \"source_duration\": 6.666666666666667, \"source_width\": 2160, \"source_height\": 3840, \"loaded_fps\": 30.0, \"loaded_frame_count\": 200, \"loaded_duration\": 6.666666666666667, \"loaded_width\": 2160, \"loaded_height\": 3840}"]},{"id":46,"type":"Get resolution [Crystools]","pos":{"0":570,"1":-1020},"size":{"0":210,"1":100},"flags":{},"order":3,"mode":0,"inputs":[{"name":"image","type":"IMAGE","link":60,"label":"图像"}],"outputs":[{"name":"width","type":"INT","links":null,"label":"宽度"},{"name":"height","type":"INT","links":null,"label":"高度"}],"properties":{"Node name for S&R":"Get resolution [Crystools]"}},{"id":47,"type":"Get resolution [Crystools]","pos":{"0":990,"1":-1010},"size":{"0":210,"1":100},"flags":{},"order":7,"mode":0,"inputs":[{"name":"image","type":"IMAGE","link":61,"label":"图像"}],"outputs":[{"name":"width","type":"INT","links":null,"label":"宽度"},{"name":"height","type":"INT","links":null,"label":"高度"}],"properties":{"Node name for S&R":"Get resolution [Crystools]"}},{"id":10,"type":"VHS_LoadVideo","pos":{"0":270,"1":-800},"size":[340,840],"flags":{},"order":1,"mode":0,"inputs":[{"name":"meta_batch","type":"VHS_BatchManager","link":null,"label":"批次管理","shape":7},{"name":"vae","type":"VAE","link":null,"shape":7}],"outputs":[{"name":"IMAGE","type":"IMAGE","links":[58,60],"slot_index":0,"shape":3,"label":"图像"},{"name":"frame_count","type":"INT","links":[],"slot_index":1,"shape":3,"label":"帧计数"},{"name":"audio","type":"AUDIO","links":[57],"slot_index":2,"shape":3,"label":"音频"},{"name":"video_info","type":"VHS_VIDEOINFO","links":[18],"slot_index":3,"shape":3,"label":"视频信息"}],"properties":{"Node name for S&R":"VHS_LoadVideo"},"widgets_values":{"video":"Summer (2).mp4","force_rate":0,"force_size":"Disabled","custom_width":512,"custom_height":512,"frame_load_cap":0,"skip_first_frames":0,"select_every_nth":1,"choose video to upload":"image","videopreview":{"hidden":false,"paused":false,"params":{"frame_load_cap":0,"skip_first_frames":0,"force_rate":0,"filename":"Summer (2).mp4","type":"input","format":"video/mp4","select_every_nth":1},"muted":true}}},{"id":37,"type":"ZipImageAndSaveToOss","pos":{"0":1140,"1":-780},"size":{"0":315,"1":106},"flags":{},"order":6,"mode":0,"inputs":[{"name":"images","type":"IMAGE","link":59,"label":"images"}],"outputs":[{"name":"JSON","type":"JSON","links":[51],"slot_index":0,"shape":3,"label":"JSON"}],"properties":{"Node name for S&R":"ZipImageAndSaveToOss"},"widgets_values":["snapme","JPEG",-1]},{"id":45,"type":"ImageResizeKJ","pos":{"0":750,"1":-810},"size":[315,266],"flags":{},"order":2,"mode":0,"inputs":[{"name":"image","type":"IMAGE","link":58,"label":"图像"},{"name":"get_image_size","type":"IMAGE","link":null,"shape":7,"label":"参考图像"},{"name":"width_input","type":"INT","link":null,"widget":{"name":"width_input"},"shape":7},{"name":"height_input","type":"INT","link":null,"widget":{"name":"height_input"},"shape":7}],"outputs":[{"name":"IMAGE","type":"IMAGE","links":[59,61],"label":"图像","slot_index":0},{"name":"width","type":"INT","links":null,"label":"宽度"},{"name":"height","type":"INT","links":null,"label":"高度"}],"properties":{"Node name for S&R":"ImageResizeKJ"},"widgets_values":[768,1440,"nearest-exact",true,2,0,0,"disabled"]},{"id":38,"type":"Display Any (rgthree)","pos":{"0":1620,"1":-810},"size":{"0":530,"1":240},"flags":{},"order":8,"mode":0,"inputs":[{"name":"source","type":"*","link":51,"label":"输入","dir":3}],"outputs":[],"properties":{"Node name for S&R":"Display Any (rgthree)"},"widgets_values":["{\"zipFileOssPath\": \"video_frames/snapme/20241022_11a46fe4-9038-11ef-8efe-3cecefbbea27.zip\", \"zipFileLocalPath\": \"/home/star/ssd/ssd_1/ComfyUI/output/video_frames/snapme/20241022_11a46fe4-9038-11ef-8efe-3cecefbbea27.zip\"}"]},{"id":39,"type":"Note","pos":{"0":1140,"1":-570},"size":{"0":450,"1":160},"flags":{},"order":0,"mode":0,"inputs":[],"outputs":[],"properties":{},"widgets_values":["通过该工作流提取视频换脸模板需要的素材信息：\n1、视频帧：取视频帧拆分上传到oss的地址中【zipFileOssPath】\n2、视频FPS：取视频信息中【source_fps】"],"color":"#432","bgcolor":"#653"}],"links":[[18,10,3,18,0,"*"],[51,37,0,38,0,"*"],[57,10,2,44,0,"AUDIO"],[58,10,0,45,0,"IMAGE"],[59,45,0,37,0,"IMAGE"],[60,10,0,46,0,"IMAGE"],[61,45,0,47,0,"IMAGE"]],"groups":[],"config":{},"extra":{"ds":{"scale":0.9646149645000006,"offset":[-404.5067724442965,1040.2778377572793]},"workspace_info":{"id":"0QhE5m2Gs3VOUDH2ieg1f","saveLock":false,"cloudID":null,"coverMediaPath":null}},"version":0.4}