{"last_node_id":810,"last_link_id":1817,"nodes":[{"id":623,"type":"List of strings [Crystools]","pos":[-1340,-60],"size":{"0":320,"1":270},"flags":{},"order":12,"mode":0,"inputs":[{"name":"string_1","type":"STRING","link":1525,"widget":{"name":"string_1"},"label":"字符串_1","slot_index":0},{"name":"string_2","type":"STRING","link":1780,"widget":{"name":"string_2"},"label":"字符串_2"},{"name":"string_3","type":"STRING","link":1781,"widget":{"name":"string_3"},"label":"字符串_3"}],"outputs":[{"name":"concatenated","type":"STRING","links":[1215],"shape":3,"label":"字符串合并","slot_index":0},{"name":"list_string","type":"ListString","links":null,"shape":6,"label":"字符串列表"}],"properties":{"Node name for S&R":"List of strings [Crystools]"},"widgets_values":["","","","","","","","",","]},{"id":699,"type":"SAMLoader","pos":[680,820],"size":{"0":315,"1":82},"flags":{},"order":0,"mode":0,"outputs":[{"name":"SAM_MODEL","type":"SAM_MODEL","links":[1508],"shape":3,"label":"SAM模型"}],"properties":{"Node name for S&R":"SAMLoader"},"widgets_values":["sam_vit_h_4b8939.pth","Prefer GPU"]},{"id":698,"type":"UltralyticsDetectorProvider","pos":[670,620],"size":{"0":315,"1":78},"flags":{},"order":1,"mode":0,"outputs":[{"name":"BBOX_DETECTOR","type":"BBOX_DETECTOR","links":[1513],"shape":3,"label":"BBox检测","slot_index":0},{"name":"SEGM_DETECTOR","type":"SEGM_DETECTOR","links":null,"shape":3,"label":"SEGM检测"}],"properties":{"Node name for S&R":"UltralyticsDetectorProvider"},"widgets_values":["bbox/face_yolov8m.pt"]},{"id":446,"type":"CR Multi-ControlNet Stack","pos":[-1840,-500],"size":{"0":418.1999816894531,"1":454},"flags":{},"order":17,"mode":0,"inputs":[{"name":"image_1","type":"IMAGE","link":1752,"label":"图像1"},{"name":"image_2","type":"IMAGE","link":1753,"label":"图像2"},{"name":"image_3","type":"IMAGE","link":null,"label":"图像3"},{"name":"controlnet_stack","type":"CONTROL_NET_STACK","link":null,"label":"ControlNet堆"}],"outputs":[{"name":"CONTROLNET_STACK","type":"CONTROL_NET_STACK","links":[636,1664],"shape":3,"label":"ControlNet堆","slot_index":0},{"name":"show_help","type":"STRING","links":null,"shape":3,"slot_index":1}],"properties":{"Node name for S&R":"CR Multi-ControlNet Stack"},"widgets_values":["On","controlnet-union-sdxl-1.0.safetensors",0.3,0,1,"On","controlnet-union-sdxl-1.0.safetensors",0.3,0,1,"On","ttplanetSDXLControlnet_v20Fp16.safetensors",1,0,1]},{"id":632,"type":"INPAINT_VAEEncodeInpaintConditioning","pos":[-210,-270],"size":{"0":292.20001220703125,"1":106},"flags":{},"order":22,"mode":0,"inputs":[{"name":"positive","type":"CONDITIONING","link":1230,"label":"正面条件"},{"name":"negative","type":"CONDITIONING","link":1229,"label":"负面条件"},{"name":"vae","type":"VAE","link":1228,"label":"VAE"},{"name":"pixels","type":"IMAGE","link":1804,"label":"图像"},{"name":"mask","type":"MASK","link":1805,"label":"遮罩"}],"outputs":[{"name":"positive","type":"CONDITIONING","links":[1431],"shape":3,"label":"正面条件","slot_index":0},{"name":"negative","type":"CONDITIONING","links":[1432],"shape":3,"label":"负面条件","slot_index":1},{"name":"latent_inpaint","type":"LATENT","links":[],"shape":3,"label":"局部重绘Latent","slot_index":2},{"name":"latent_samples","type":"LATENT","links":[1617],"shape":3,"label":"采样Latent","slot_index":3}],"properties":{"Node name for S&R":"INPAINT_VAEEncodeInpaintConditioning"}},{"id":619,"type":"Reroute","pos":[620,-560],"size":[75,26],"flags":{},"order":25,"mode":0,"inputs":[{"name":"","type":"*","link":1749}],"outputs":[{"name":"","type":"IMAGE","links":[1243,1654],"slot_index":0}],"properties":{"showOutputText":false,"horizontal":false}},{"id":791,"type":"Reroute","pos":[-2090,-450],"size":[82,26],"flags":{},"order":14,"mode":0,"inputs":[{"name":"","type":"*","link":1807}],"outputs":[{"name":"IMAGE","type":"IMAGE","links":[1753],"slot_index":0}],"properties":{"showOutputText":true,"horizontal":false}},{"id":790,"type":"Reroute","pos":[-2090,-500],"size":[82,26],"flags":{},"order":15,"mode":0,"inputs":[{"name":"","type":"*","link":1806}],"outputs":[{"name":"IMAGE","type":"IMAGE","links":[1752],"slot_index":0}],"properties":{"showOutputText":true,"horizontal":false}},{"id":796,"type":"Reroute","pos":[1650,-640],"size":[75,26],"flags":{},"order":32,"mode":0,"inputs":[{"name":"","type":"*","link":1778}],"outputs":[{"name":"","type":"IMAGE","links":[],"slot_index":0}],"properties":{"showOutputText":false,"horizontal":false}},{"id":795,"type":"Reroute","pos":[1010,-200],"size":[75,26],"flags":{},"order":29,"mode":0,"inputs":[{"name":"","type":"*","link":1768,"slot_index":0}],"outputs":[{"name":"","type":"IMAGE","links":[1758]}],"properties":{"showOutputText":false,"horizontal":false}},{"id":799,"type":"Reroute","pos":[1720,300],"size":[75,26],"flags":{},"order":28,"mode":0,"inputs":[{"name":"","type":"*","link":1767}],"outputs":[{"name":"","type":"IMAGE","links":[1768],"slot_index":0}],"properties":{"showOutputText":false,"horizontal":false}},{"id":798,"type":"UpscaleModelLoader","pos":[1210,-420],"size":{"0":315,"1":58},"flags":{},"order":2,"mode":0,"outputs":[{"name":"UPSCALE_MODEL","type":"UPSCALE_MODEL","links":[1766],"shape":3,"label":"放大模型"}],"properties":{"Node name for S&R":"UpscaleModelLoader"},"widgets_values":["4x-UltraSharp.pth"]},{"id":635,"type":"Get resolution [Crystools]","pos":[1250,-300],"size":{"0":210,"1":100},"flags":{},"order":26,"mode":0,"inputs":[{"name":"image","type":"IMAGE","link":1243,"label":"图像"}],"outputs":[{"name":"width","type":"INT","links":[1775],"shape":3,"label":"宽度","slot_index":0},{"name":"height","type":"INT","links":[1776],"shape":3,"label":"高度","slot_index":1}],"properties":{"Node name for S&R":"Get resolution [Crystools]"}},{"id":794,"type":"ImageUpscaleWithModel","pos":[1240,-540],"size":{"0":241.79998779296875,"1":46},"flags":{},"order":30,"mode":0,"inputs":[{"name":"upscale_model","type":"UPSCALE_MODEL","link":1766,"label":"放大模型","slot_index":0},{"name":"image","type":"IMAGE","link":1758,"label":"图像","slot_index":1}],"outputs":[{"name":"IMAGE","type":"IMAGE","links":[1777],"shape":3,"label":"图像","slot_index":0}],"properties":{"Node name for S&R":"ImageUpscaleWithModel"}},{"id":625,"type":"Primitive string multiline [Crystools]","pos":[-1840,230],"size":{"0":380,"1":140},"flags":{},"order":3,"mode":0,"outputs":[{"name":"string","type":"STRING","links":[1780],"shape":3,"label":"字符串","slot_index":0}],"properties":{"Node name for S&R":"Primitive string multiline [Crystools]"},"widgets_values":["(naked:1.2),(without cloth:1.2),detailed skin texture,ultra-realistic skin details"]},{"id":802,"type":"Save Image To OSS And Display","pos":[2470,-520],"size":{"0":315,"1":58},"flags":{},"order":33,"mode":0,"inputs":[{"name":"images","type":"IMAGE","link":1798,"label":"images"}],"properties":{"Node name for S&R":"Save Image To OSS And Display"},"widgets_values":["comfyui"]},{"id":807,"type":"ImageToMask","pos":[-2490,-1080],"size":{"0":315,"1":58},"flags":{},"order":16,"mode":0,"inputs":[{"name":"image","type":"IMAGE","link":1800,"label":"图像"}],"outputs":[{"name":"MASK","type":"MASK","links":[1801],"shape":3,"label":"遮罩","slot_index":0}],"properties":{"Node name for S&R":"ImageToMask"},"widgets_values":["red"]},{"id":603,"type":"Reroute","pos":[-2100,-710],"size":[82,26],"flags":{},"order":13,"mode":0,"inputs":[{"name":"","type":"*","link":1803}],"outputs":[{"name":"IMAGE","type":"IMAGE","links":[1804],"slot_index":0}],"properties":{"showOutputText":true,"horizontal":false}},{"id":611,"type":"Reroute","pos":[-2090,-650],"size":[75,26],"flags":{},"order":18,"mode":0,"inputs":[{"name":"","type":"*","link":1801,"slot_index":0}],"outputs":[{"name":"MASK","type":"MASK","links":[1805],"slot_index":0}],"properties":{"showOutputText":true,"horizontal":false}},{"id":624,"type":"Primitive string multiline [Crystools]","pos":[-1840,20],"size":{"0":380,"1":130},"flags":{},"order":4,"mode":0,"outputs":[{"name":"string","type":"STRING","links":[1525,1808],"shape":3,"label":"字符串","slot_index":0}],"properties":{"Node name for S&R":"Primitive string multiline [Crystools]"},"widgets_values":["a female"]},{"id":350,"type":"Efficient Loader","pos":[-690,-470],"size":[370,470],"flags":{},"order":19,"mode":0,"inputs":[{"name":"lora_stack","type":"LORA_STACK","link":1118,"label":"LoRA堆","slot_index":0},{"name":"cnet_stack","type":"CONTROL_NET_STACK","link":636,"label":"ControlNet堆","slot_index":1},{"name":"positive","type":"STRING","link":1215,"widget":{"name":"positive"},"label":"正面条件"},{"name":"negative","type":"STRING","link":1809,"widget":{"name":"negative"},"label":"负面条件"}],"outputs":[{"name":"MODEL","type":"MODEL","links":[1615],"shape":3,"label":"模型","slot_index":0},{"name":"CONDITIONING+","type":"CONDITIONING","links":[1230],"shape":3,"label":"正面条件","slot_index":1},{"name":"CONDITIONING-","type":"CONDITIONING","links":[1229],"shape":3,"label":"负面条件","slot_index":2},{"name":"LATENT","type":"LATENT","links":[],"shape":3,"label":"Latent","slot_index":3},{"name":"VAE","type":"VAE","links":[1228,1239],"shape":3,"label":"VAE","slot_index":4},{"name":"CLIP","type":"CLIP","links":[],"shape":3,"label":"CLIP","slot_index":5},{"name":"DEPENDENCIES","type":"DEPENDENCIES","links":[],"shape":3,"label":"依赖","slot_index":6}],"properties":{"Node name for S&R":"Efficient Loader"},"widgets_values":["sdxl/realvis40_lighting_inpaint.safetensors","Baked VAE",-2,"None",1.3,1,"a female,vividly,skin_texture,Vivid,light and shadow of details, beautiful face,headshot,,best quality,highres,bright,Ultra clear details","embedding:negativeXL_D.safetensors, NSFW, worst quality, normal quality, low quality, low res, blurry, text, watermark, logo, banner, extra digits, cropped, jpeg artifacts, signature, username, error, sketch, duplicate, ugly, monochrome, horror, geometry, mutation, disgusting ","mean","comfy",512,512,1],"color":"#332233","bgcolor":"#553355","shape":1},{"id":809,"type":"Primitive string multiline [Crystools]","pos":[-1340,270],"size":{"0":380,"1":180},"flags":{},"order":5,"mode":0,"outputs":[{"name":"string","type":"STRING","links":[1809,1810],"shape":3,"label":"字符串","slot_index":0}],"properties":{"Node name for S&R":"Primitive string multiline [Crystools]"},"widgets_values":["embedding:negativeXL_D.safetensors, NSFW, worst quality, normal quality, low quality, low res, blurry, text, watermark, logo, banner, extra digits, cropped, jpeg artifacts, signature, username, error, sketch, duplicate, ugly, monochrome, horror, geometry, mutation, disgusting "]},{"id":626,"type":"Primitive string multiline [Crystools]","pos":[-1840,410],"size":{"0":380,"1":180},"flags":{},"order":6,"mode":0,"outputs":[{"name":"string","type":"STRING","links":[1781],"shape":3,"label":"字符串","slot_index":0}],"properties":{"Node name for S&R":"Primitive string multiline [Crystools]"},"widgets_values":["best quality,masterpiece,photorealistic,realistic,\n"]},{"id":805,"type":"Load Image From Url","pos":[-2080,-1360],"size":{"0":400,"1":200},"flags":{},"order":7,"mode":0,"outputs":[{"name":"IMAGE","type":"IMAGE","links":[1803],"shape":3,"label":"IMAGE","slot_index":0},{"name":"MASK","type":"MASK","links":[],"shape":3,"label":"MASK","slot_index":1}],"properties":{"Node name for S&R":"Load Image From Url"},"widgets_values":["https://snapme-zh.oss-cn-hangzhou.aliyuncs.com/snapme/ai_photo/Beautiful_Prof_Photos/4_Elite/4_Elite_pose.jpg"]},{"id":803,"type":"Load Image From Url","pos":[-3520,-1350],"size":{"0":400,"1":200},"flags":{},"order":8,"mode":0,"outputs":[{"name":"IMAGE","type":"IMAGE","links":[1807],"shape":3,"label":"IMAGE","slot_index":0},{"name":"MASK","type":"MASK","links":null,"shape":3,"label":"MASK"}],"properties":{"Node name for S&R":"Load Image From Url"},"widgets_values":["https://snapme-zh.oss-cn-hangzhou.aliyuncs.com/snapme/ai_photo/Beautiful_Prof_Photos/4_Elite/4_Elite_depth.png"]},{"id":804,"type":"Load Image From Url","pos":[-3050,-1360],"size":{"0":400,"1":200},"flags":{},"order":9,"mode":0,"outputs":[{"name":"IMAGE","type":"IMAGE","links":[1806],"shape":3,"label":"IMAGE","slot_index":0},{"name":"MASK","type":"MASK","links":null,"shape":3,"label":"MASK"}],"properties":{"Node name for S&R":"Load Image From Url"},"widgets_values":["https://snapme-zh.oss-cn-hangzhou.aliyuncs.com/snapme/ai_photo/Beautiful_Prof_Photos/4_Elite/4_Elite_canny.png"]},{"id":806,"type":"Load Image From Url","pos":[-2560,-1350],"size":{"0":400,"1":200},"flags":{},"order":10,"mode":0,"outputs":[{"name":"IMAGE","type":"IMAGE","links":[1800],"shape":3,"label":"IMAGE","slot_index":0},{"name":"MASK","type":"MASK","links":null,"shape":3,"label":"MASK"}],"properties":{"Node name for S&R":"Load Image From Url"},"widgets_values":["https://snapme-zh.oss-cn-hangzhou.aliyuncs.com/snapme/ai_photo/Beautiful_Prof_Photos/4_Elite/4_Elite_mask.png"]},{"id":800,"type":"ImageResize+","pos":[1570,-520],"size":{"0":320,"1":220},"flags":{},"order":31,"mode":0,"inputs":[{"name":"image","type":"IMAGE","link":1777,"label":"图像"},{"name":"width","type":"INT","link":1775,"widget":{"name":"width"},"label":"宽度"},{"name":"height","type":"INT","link":1776,"widget":{"name":"height"},"label":"高度"}],"outputs":[{"name":"IMAGE","type":"IMAGE","links":[1778,1798,1811],"shape":3,"label":"图像","slot_index":0},{"name":"width","type":"INT","links":null,"shape":3,"label":"宽度"},{"name":"height","type":"INT","links":null,"shape":3,"label":"高度"}],"properties":{"Node name for S&R":"ImageResize+"},"widgets_values":[512,512,"bilinear",true,"always",0]},{"id":810,"type":"PreviewImage","pos":[2490,-390],"size":[210,250],"flags":{},"order":34,"mode":0,"inputs":[{"name":"images","type":"IMAGE","link":1811,"label":"图像"}],"properties":{"Node name for S&R":"PreviewImage"}},{"id":584,"type":"CR LoRA Stack","pos":[-1330,-470],"size":{"0":315,"1":342},"flags":{},"order":11,"mode":0,"inputs":[{"name":"lora_stack","type":"LORA_STACK","link":null,"label":"LoRA堆"}],"outputs":[{"name":"LORA_STACK","type":"LORA_STACK","links":[1118,1665],"shape":3,"slot_index":0},{"name":"show_help","type":"STRING","links":null,"shape":3}],"properties":{"Node name for S&R":"CR LoRA Stack"},"widgets_values":["On","train_lora/20240713/20240713091600_be0663f38e784ffa859853530e258e27/spmf_test_4496_0713_realvis_lion/spmf_test_4496_0713_realvis_lion.safetensors",1,1,"Off","None",1,1,"Off","None",1,1]},{"id":631,"type":"KSampler (Efficient)","pos":[150,-500],"size":[330,560],"flags":{},"order":24,"mode":0,"inputs":[{"name":"model","type":"MODEL","link":1814,"label":"模型"},{"name":"positive","type":"CONDITIONING","link":1431,"label":"正面条件"},{"name":"negative","type":"CONDITIONING","link":1432,"label":"负面条件"},{"name":"latent_image","type":"LATENT","link":1617,"label":"Latent"},{"name":"optional_vae","type":"VAE","link":1239,"label":"VAE(可选)"},{"name":"script","type":"SCRIPT","link":null,"label":"脚本"}],"outputs":[{"name":"MODEL","type":"MODEL","links":[],"shape":3,"label":"模型","slot_index":0},{"name":"CONDITIONING+","type":"CONDITIONING","links":[],"shape":3,"label":"正面条件","slot_index":1},{"name":"CONDITIONING-","type":"CONDITIONING","links":[],"shape":3,"label":"负面条件","slot_index":2},{"name":"LATENT","type":"LATENT","links":[],"shape":3,"label":"Latent","slot_index":3},{"name":"VAE","type":"VAE","links":[],"shape":3,"label":"VAE","slot_index":4},{"name":"IMAGE","type":"IMAGE","links":[1749],"shape":3,"label":"图像","slot_index":5}],"properties":{"Node name for S&R":"KSampler (Efficient)"},"widgets_values":[592244893047773,null,7,1.5,"dpmpp_sde","karras",1,"auto","true"],"color":"#222233","bgcolor":"#333355","shape":1},{"id":730,"type":"PerturbedAttentionGuidance","pos":[-220,-460],"size":{"0":315,"1":58},"flags":{},"order":21,"mode":0,"inputs":[{"name":"model","type":"MODEL","link":1615,"label":"模型"}],"outputs":[{"name":"MODEL","type":"MODEL","links":[1814],"shape":3,"label":"模型","slot_index":0}],"properties":{"Node name for S&R":"PerturbedAttentionGuidance"},"widgets_values":[3]},{"id":736,"type":"PerturbedAttentionGuidance","pos":[670,360],"size":{"0":315,"1":58},"flags":{},"order":23,"mode":0,"inputs":[{"name":"model","type":"MODEL","link":1592,"label":"模型"}],"outputs":[{"name":"MODEL","type":"MODEL","links":[1817],"shape":3,"label":"模型","slot_index":0}],"properties":{"Node name for S&R":"PerturbedAttentionGuidance"},"widgets_values":[3]},{"id":697,"type":"Efficient Loader","pos":[180,390],"size":[350,530],"flags":{},"order":20,"mode":0,"inputs":[{"name":"lora_stack","type":"LORA_STACK","link":1665,"label":"LoRA堆","slot_index":0},{"name":"cnet_stack","type":"CONTROL_NET_STACK","link":1664,"label":"ControlNet堆","slot_index":1},{"name":"positive","type":"STRING","link":1808,"widget":{"name":"positive"},"label":"正面条件"},{"name":"negative","type":"STRING","link":1810,"widget":{"name":"negative"},"label":"负面条件"}],"outputs":[{"name":"MODEL","type":"MODEL","links":[1592],"shape":3,"label":"模型","slot_index":0},{"name":"CONDITIONING+","type":"CONDITIONING","links":[1599],"shape":3,"label":"正面条件","slot_index":1},{"name":"CONDITIONING-","type":"CONDITIONING","links":[1538],"shape":3,"label":"负面条件","slot_index":2},{"name":"LATENT","type":"LATENT","links":[],"shape":3,"label":"Latent","slot_index":3},{"name":"VAE","type":"VAE","links":[1539],"shape":3,"label":"VAE","slot_index":4},{"name":"CLIP","type":"CLIP","links":[1598],"shape":3,"label":"CLIP","slot_index":5},{"name":"DEPENDENCIES","type":"DEPENDENCIES","links":[],"shape":3,"label":"依赖","slot_index":6}],"properties":{"Node name for S&R":"Efficient Loader"},"widgets_values":["sdxl/realvisxlV40_v40LightningBakedvae.safetensors","Baked VAE",-2,"None",0.9,1,"spmf_4_r_2024071319,a female","embedding:negativeXL_D.safetensors, NSFW, worst quality, normal quality, low quality, low res, blurry, text, watermark, logo, banner, extra digits, cropped, jpeg artifacts, signature, username, error, sketch, duplicate, ugly, monochrome, horror, geometry, mutation, disgusting ","mean","comfy",512,512,1],"color":"#332233","bgcolor":"#553355","shape":1},{"id":696,"type":"FaceDetailer","pos":[1160,360],"size":{"0":519,"1":900},"flags":{},"order":27,"mode":0,"inputs":[{"name":"image","type":"IMAGE","link":1654,"label":"图像","slot_index":0},{"name":"model","type":"MODEL","link":1817,"label":"模型"},{"name":"clip","type":"CLIP","link":1598,"label":"CLIP"},{"name":"vae","type":"VAE","link":1539,"label":"VAE"},{"name":"positive","type":"CONDITIONING","link":1599,"label":"正面条件"},{"name":"negative","type":"CONDITIONING","link":1538,"label":"负面条件"},{"name":"bbox_detector","type":"BBOX_DETECTOR","link":1513,"label":"BBox检测"},{"name":"sam_model_opt","type":"SAM_MODEL","link":1508,"label":"SAM模型","slot_index":7},{"name":"segm_detector_opt","type":"SEGM_DETECTOR","link":null,"label":"Segm检测","slot_index":8},{"name":"detailer_hook","type":"DETAILER_HOOK","link":null,"label":"细化约束","slot_index":9},{"name":"scheduler_func_opt","type":"SCHEDULER_FUNC","link":null,"slot_index":10}],"outputs":[{"name":"image","type":"IMAGE","links":[1767],"shape":3,"label":"图像","slot_index":0},{"name":"cropped_refined","type":"IMAGE","links":[],"shape":6,"label":"细化图像","slot_index":1},{"name":"cropped_enhanced_alpha","type":"IMAGE","links":[],"shape":6,"label":"细化部分","slot_index":2},{"name":"mask","type":"MASK","links":[],"shape":3,"label":"遮罩","slot_index":3},{"name":"detailer_pipe","type":"DETAILER_PIPE","links":[],"shape":3,"label":"细化节点束","slot_index":4},{"name":"cnet_images","type":"IMAGE","links":null,"shape":6,"label":"ControlNet图像","slot_index":5}],"properties":{"Node name for S&R":"FaceDetailer"},"widgets_values":[512,true,1024,331345916051163,"randomize",7,2,"dpmpp_sde","karras",0.5,5,true,true,0.4,10,3,"center-1",0,0.93,0,0.7000000000000001,"Small",10,"",1,false,20]}],"links":[[636,446,0,350,1,"CONTROL_NET_STACK"],[1118,584,0,350,0,"LORA_STACK"],[1215,623,0,350,2,"STRING"],[1228,350,4,632,2,"VAE"],[1229,350,2,632,1,"CONDITIONING"],[1230,350,1,632,0,"CONDITIONING"],[1239,350,4,631,4,"VAE"],[1243,619,0,635,0,"IMAGE"],[1431,632,0,631,1,"CONDITIONING"],[1432,632,1,631,2,"CONDITIONING"],[1508,699,0,696,7,"SAM_MODEL"],[1513,698,0,696,6,"BBOX_DETECTOR"],[1525,624,0,623,0,"STRING"],[1538,697,2,696,5,"CONDITIONING"],[1539,697,4,696,3,"VAE"],[1592,697,0,736,0,"MODEL"],[1598,697,5,696,2,"CLIP"],[1599,697,1,696,4,"CONDITIONING"],[1615,350,0,730,0,"MODEL"],[1617,632,3,631,3,"LATENT"],[1654,619,0,696,0,"IMAGE"],[1664,446,0,697,1,"CONTROL_NET_STACK"],[1665,584,0,697,0,"LORA_STACK"],[1749,631,5,619,0,"*"],[1752,790,0,446,0,"IMAGE"],[1753,791,0,446,1,"IMAGE"],[1758,795,0,794,1,"IMAGE"],[1766,798,0,794,0,"UPSCALE_MODEL"],[1767,696,0,799,0,"*"],[1768,799,0,795,0,"*"],[1775,635,0,800,1,"INT"],[1776,635,1,800,2,"INT"],[1777,794,0,800,0,"IMAGE"],[1778,800,0,796,0,"*"],[1780,625,0,623,1,"STRING"],[1781,626,0,623,2,"STRING"],[1798,800,0,802,0,"IMAGE"],[1800,806,0,807,0,"IMAGE"],[1801,807,0,611,0,"*"],[1803,805,0,603,0,"*"],[1804,603,0,632,3,"IMAGE"],[1805,611,0,632,4,"MASK"],[1806,804,0,790,0,"*"],[1807,803,0,791,0,"*"],[1808,624,0,697,2,"STRING"],[1809,809,0,350,3,"STRING"],[1810,809,0,697,3,"STRING"],[1811,800,0,810,0,"IMAGE"],[1814,730,0,631,0,"MODEL"],[1817,736,0,696,1,"MODEL"]],"groups":[{"title":"step1-inpaint","bounding":[-818,-625,1489,745],"color":"#3f789e","font_size":24,"locked":false},{"title":"step2-面部修复","bounding":[-21,257,1798,1044],"color":"#3f789e","font_size":24,"locked":false},{"title":"step3-upscale-grain","bounding":[1057,-630,1350,464],"color":"#3f789e","font_size":24,"locked":false},{"title":"输入条件","bounding":[-2053,-776,1109,1425],"color":"#3f789e","font_size":24,"locked":false}],"config":{},"extra":{"ds":{"scale":0.6588450000000055,"offset":{"0":-1.9903611159135166,"1":-303.27338201639265}},"groupNodes":{},"workspace_info":{"id":"0wIKffZBZVnfiNP0jZl0X","saveLock":false,"cloudID":null,"coverMediaPath":null}},"version":0.4}